# Blender 4.4.3
# www.blender.org
mtllib Map.mtl
o Cube.001
v -121.048355 6.582593 165.762619
v -121.048355 6.727732 165.803223
v -121.413170 6.727732 165.762619
v -121.413170 15.800503 165.762604
v -121.048355 15.800503 165.803223
v -121.048355 15.945642 165.762604
v -121.048355 6.582593 163.224335
v -121.413170 6.727731 163.224335
v -121.048355 6.727731 163.183731
v -121.413170 15.800502 163.224335
v -121.048355 15.945641 163.224335
v -121.048355 15.800502 163.183731
v -98.243073 6.582593 165.762619
v -97.878258 6.727732 165.762619
v -98.243073 6.727732 165.803223
v -97.878258 15.800503 165.762604
v -98.243073 15.945642 165.762604
v -98.243073 15.800503 165.803223
v -98.243073 6.727731 163.183731
v -97.878258 6.727731 163.224335
v -98.243073 6.582593 163.224335
v -98.243073 15.800502 163.183731
v -98.243073 15.945641 163.224335
v -97.878258 15.800502 163.224335
v -121.413170 8.310064 165.762619
v -121.048355 8.310064 165.803223
v -121.048355 8.600342 165.803223
v -121.413170 8.600342 165.762619
v -121.413170 10.182674 165.762619
v -121.048355 10.182674 165.803223
v -121.048355 10.472951 165.803223
v -121.413170 10.472951 165.762619
v -121.048355 10.182673 163.183731
v -121.413170 10.182673 163.224335
v -121.413170 10.472951 163.224335
v -121.048355 10.472951 163.183731
v -121.048355 8.310063 163.183731
v -121.413170 8.310063 163.224335
v -121.413170 8.600341 163.224335
v -121.048355 8.600341 163.183731
v -98.243073 10.182673 163.183731
v -98.243073 10.472951 163.183731
v -97.878258 10.472951 163.224335
v -97.878258 10.182673 163.224335
v -98.243073 8.310063 163.183731
v -98.243073 8.600341 163.183731
v -97.878258 8.600341 163.224335
v -97.878258 8.310063 163.224335
v -98.243073 10.182674 165.803223
v -97.878258 10.182674 165.762619
v -97.878258 10.472951 165.762619
v -98.243073 10.472951 165.803223
v -98.243073 8.310064 165.803223
v -97.878258 8.310064 165.762619
v -97.878258 8.600342 165.762619
v -98.243073 8.600342 165.803223
v -100.820122 6.582593 163.224335
v -101.184937 6.727731 163.183731
v -100.455307 6.727731 163.183731
v -103.397163 6.582593 163.224335
v -104.126808 6.582593 163.224335
v -104.126808 6.727731 163.183731
v -103.397163 6.727731 163.183731
v -106.339027 6.582593 163.224335
v -107.068672 6.582593 163.224335
v -107.068672 6.727731 163.183731
v -106.339027 6.727731 163.183731
v -109.280899 6.582593 163.224335
v -110.010536 6.582593 163.224335
v -110.010536 6.727731 163.183731
v -109.280899 6.727731 163.183731
v -112.222763 6.582593 163.224335
v -112.952400 6.582593 163.224335
v -112.952400 6.727731 163.183731
v -112.222763 6.727731 163.183731
v -115.164619 6.582593 163.224335
v -115.894264 6.582593 163.224335
v -115.894264 6.727731 163.183731
v -115.164619 6.727731 163.183731
v -118.836128 6.582593 163.224335
v -118.836128 6.727731 163.183731
v -118.106491 6.727731 163.183731
v -118.106491 6.582593 163.224335
v -118.814346 15.800502 163.183731
v -118.836128 15.945641 163.224335
v -118.106491 15.945641 163.224335
v -118.083321 15.800502 163.183731
v -115.894264 15.800502 163.183731
v -115.894264 15.945641 163.224335
v -115.164619 15.945641 163.224335
v -115.164619 15.800502 163.183731
v -112.952400 15.800502 163.183731
v -112.952400 15.945641 163.224335
v -112.222763 15.945641 163.224335
v -112.222763 15.800502 163.183731
v -110.010536 15.800502 163.183731
v -110.010536 15.945641 163.224335
v -109.280899 15.945641 163.224335
v -109.280899 15.800502 163.183731
v -107.068672 15.800502 163.183731
v -107.068672 15.945641 163.224335
v -106.339027 15.945641 163.224335
v -106.339027 15.800502 163.183731
v -104.126808 15.800502 163.183731
v -104.126808 15.945641 163.224335
v -103.397163 15.945641 163.224335
v -103.397163 15.800502 163.183731
v -100.477081 15.800502 163.183731
v -101.208099 15.800502 163.183731
v -101.184937 15.945641 163.224335
v -100.455307 15.945641 163.224335
v -118.836128 6.582593 165.762619
v -118.106491 6.582593 165.762619
v -118.106491 6.727732 165.803223
v -118.836128 6.727732 165.803223
v -115.894264 6.582593 165.762619
v -115.164619 6.582593 165.762619
v -115.164619 6.727732 165.803223
v -115.894264 6.727732 165.803223
v -112.952400 6.582593 165.762619
v -112.222763 6.582593 165.762619
v -112.222763 6.727732 165.803223
v -112.952400 6.727732 165.803223
v -110.010536 6.582593 165.762619
v -109.280899 6.582593 165.762619
v -109.280899 6.727732 165.803223
v -110.010536 6.727732 165.803223
v -107.068672 6.582593 165.762619
v -106.339027 6.582593 165.762619
v -106.339027 6.727732 165.803223
v -107.068672 6.727732 165.803223
v -104.126808 6.582593 165.762619
v -103.397163 6.582593 165.762619
v -103.397163 6.727732 165.803223
v -104.126808 6.727732 165.803223
v -100.455307 6.727732 165.803223
v -101.184937 6.727732 165.803223
v -100.820122 6.582593 165.762619
v -100.477081 15.800503 165.803223
v -100.455307 15.945642 165.762604
v -101.184937 15.945642 165.762604
v -101.208099 15.800503 165.803223
v -103.397163 15.800503 165.803223
v -103.397163 15.945642 165.762604
v -104.126808 15.945642 165.762604
v -104.126808 15.800503 165.803223
v -106.339027 15.800503 165.803223
v -106.339027 15.945642 165.762604
v -107.068672 15.945642 165.762604
v -107.068672 15.800503 165.803223
v -109.280899 15.800503 165.803223
v -109.280899 15.945642 165.762604
v -110.010536 15.945642 165.762604
v -110.010536 15.800503 165.803223
v -112.222763 15.800503 165.803223
v -112.222763 15.945642 165.762604
v -112.952400 15.945642 165.762604
v -112.952400 15.800503 165.803223
v -115.164619 15.800503 165.803223
v -115.164619 15.945642 165.762604
v -115.894264 15.945642 165.762604
v -115.894264 15.800503 165.803223
v -118.814346 15.800503 165.803223
v -118.083321 15.800503 165.803223
v -118.106491 15.945642 165.762604
v -118.836128 15.945642 165.762604
v -100.455307 8.310064 165.803223
v -100.455307 8.600342 165.803223
v -101.184937 8.600342 165.803223
v -101.184937 8.310064 165.803223
v -103.397163 8.310064 165.803223
v -103.397163 8.600342 165.803223
v -104.126808 8.600342 165.803223
v -104.126808 8.310064 165.803223
v -106.339027 8.310064 165.803223
v -106.339027 8.600342 165.803223
v -107.068672 8.600342 165.803223
v -107.068672 8.310064 165.803223
v -109.280899 8.310064 165.803223
v -109.280899 8.600342 165.803223
v -110.010536 8.600342 165.803223
v -110.010536 8.310064 165.803223
v -112.222763 8.310064 165.803223
v -112.222763 8.600342 165.803223
v -112.952400 8.600342 165.803223
v -112.952400 8.310064 165.803223
v -115.164619 8.310064 165.803223
v -115.164619 8.600342 165.803223
v -115.894264 8.600342 165.803223
v -115.894264 8.310064 165.803223
v -118.836128 8.310064 165.803223
v -118.106491 8.310064 165.803223
v -118.106491 8.600342 165.803223
v -118.836128 8.600342 165.803223
v -100.477081 10.472951 165.803223
v -101.208099 10.472951 165.803223
v -101.184937 10.182674 165.803223
v -100.455307 10.182674 165.803223
v -103.397163 10.182674 165.803223
v -103.397163 10.472951 165.803223
v -104.126808 10.472951 165.803223
v -104.126808 10.182674 165.803223
v -106.339027 10.182674 165.803223
v -106.339027 10.472951 165.803223
v -107.068672 10.472951 165.803223
v -107.068672 10.182674 165.803223
v -109.280899 10.182674 165.803223
v -109.280899 10.472951 165.803223
v -110.010536 10.472951 165.803223
v -110.010536 10.182674 165.803223
v -112.222763 10.182674 165.803223
v -112.222763 10.472951 165.803223
v -112.952400 10.472951 165.803223
v -112.952400 10.182674 165.803223
v -115.164619 10.182674 165.803223
v -115.164619 10.472951 165.803223
v -115.894264 10.472951 165.803223
v -115.894264 10.182674 165.803223
v -118.814346 10.472951 165.803223
v -118.836128 10.182674 165.803223
v -118.106491 10.182674 165.803223
v -118.083321 10.472951 165.803223
v -104.126808 12.200422 165.762619
v -104.126808 12.055284 165.803223
v -103.397163 12.055284 165.803223
v -103.397163 12.200422 165.762619
v -106.339027 12.200422 165.762619
v -107.068672 12.200422 165.762619
v -107.068672 12.055284 165.803223
v -106.339027 12.055284 165.803223
v -109.280899 12.200422 165.762619
v -110.010536 12.200422 165.762619
v -110.010536 12.055284 165.803223
v -109.280899 12.055284 165.803223
v -112.222763 12.200422 165.762619
v -112.952400 12.200422 165.762619
v -112.952400 12.055284 165.803223
v -112.222763 12.055284 165.803223
v -115.164619 12.200422 165.762619
v -115.894264 12.200422 165.762619
v -115.894264 12.055284 165.803223
v -115.164619 12.055284 165.803223
v -104.126808 14.073031 165.762619
v -103.397163 14.073031 165.762619
v -103.397163 14.218171 165.803223
v -104.126808 14.218171 165.803223
v -106.339027 14.073031 165.762619
v -106.339027 14.218171 165.803223
v -107.068672 14.218171 165.803223
v -107.068672 14.073031 165.762619
v -109.280899 14.218171 165.803223
v -110.010536 14.218171 165.803223
v -109.645714 14.073031 165.762619
v -112.222763 14.218171 165.803223
v -112.952400 14.218171 165.803223
v -112.587578 14.073031 165.762619
v -115.164619 14.073031 165.762619
v -115.164619 14.218171 165.803223
v -115.894264 14.218171 165.803223
v -115.894264 14.073031 165.762619
v -118.836128 8.310063 163.183731
v -118.836128 8.600341 163.183731
v -118.106491 8.600341 163.183731
v -118.106491 8.310063 163.183731
v -115.894264 8.310063 163.183731
v -115.894264 8.600341 163.183731
v -115.164619 8.600341 163.183731
v -115.164619 8.310063 163.183731
v -112.952400 8.310063 163.183731
v -112.952400 8.600341 163.183731
v -112.222763 8.600341 163.183731
v -112.222763 8.310063 163.183731
v -110.010536 8.310063 163.183731
v -110.010536 8.600341 163.183731
v -109.280899 8.600341 163.183731
v -109.280899 8.310063 163.183731
v -107.068672 8.310063 163.183731
v -107.068672 8.600341 163.183731
v -106.339027 8.600341 163.183731
v -106.339027 8.310063 163.183731
v -104.126808 8.310063 163.183731
v -104.126808 8.600341 163.183731
v -103.397163 8.600341 163.183731
v -103.397163 8.310063 163.183731
v -100.455307 8.310063 163.183731
v -101.184937 8.310063 163.183731
v -101.184937 8.600341 163.183731
v -100.455307 8.600341 163.183731
v -118.814346 10.472951 163.183731
v -118.083321 10.472951 163.183731
v -118.106491 10.182673 163.183731
v -118.836128 10.182673 163.183731
v -115.894264 10.182673 163.183731
v -115.894264 10.472951 163.183731
v -115.164619 10.472951 163.183731
v -115.164619 10.182673 163.183731
v -112.952400 10.182673 163.183731
v -112.952400 10.472951 163.183731
v -112.222763 10.472951 163.183731
v -112.222763 10.182673 163.183731
v -110.010536 10.182673 163.183731
v -110.010536 10.472951 163.183731
v -109.280899 10.472951 163.183731
v -109.280899 10.182673 163.183731
v -107.068672 10.182673 163.183731
v -107.068672 10.472951 163.183731
v -106.339027 10.472951 163.183731
v -106.339027 10.182673 163.183731
v -104.126808 10.182673 163.183731
v -104.126808 10.472951 163.183731
v -103.397163 10.472951 163.183731
v -103.397163 10.182673 163.183731
v -100.477081 10.472951 163.183731
v -100.455307 10.182673 163.183731
v -101.184937 10.182673 163.183731
v -101.208099 10.472951 163.183731
v -115.164619 12.200421 163.224335
v -115.164619 12.055284 163.183731
v -115.894264 12.055284 163.183731
v -115.894264 12.200421 163.224335
v -112.952400 12.200421 163.224335
v -112.222763 12.200421 163.224335
v -112.222763 12.055284 163.183731
v -112.952400 12.055284 163.183731
v -110.010536 12.200421 163.224335
v -109.280899 12.200421 163.224335
v -109.280899 12.055284 163.183731
v -110.010536 12.055284 163.183731
v -107.068672 12.200421 163.224335
v -106.339027 12.200421 163.224335
v -106.339027 12.055284 163.183731
v -107.068672 12.055284 163.183731
v -104.126808 12.200421 163.224335
v -103.397163 12.200421 163.224335
v -103.397163 12.055284 163.183731
v -104.126808 12.055284 163.183731
v -115.164619 14.073031 163.224335
v -115.894264 14.073031 163.224335
v -115.894264 14.218170 163.183731
v -115.164619 14.218170 163.183731
v -112.952400 14.218170 163.183731
v -112.222763 14.218170 163.183731
v -112.587578 14.073031 163.224335
v -110.010536 14.218170 163.183731
v -109.280899 14.218170 163.183731
v -109.645714 14.073031 163.224335
v -107.068672 14.073031 163.224335
v -107.068672 14.218170 163.183731
v -106.339027 14.218170 163.183731
v -106.339027 14.073031 163.224335
v -104.126808 14.073031 163.224335
v -104.126808 14.218170 163.183731
v -103.397163 14.218170 163.183731
v -103.397163 14.073031 163.224335
v -120.794388 12.252879 165.803223
v -121.048355 12.699889 165.803223
v -121.413170 12.230210 165.762619
v -121.413170 11.939934 165.762619
v -121.048355 11.952373 165.803223
v -120.897758 12.170634 165.803223
v -120.614410 12.460911 165.803223
v -121.344055 12.350035 165.803223
v -120.614410 13.812544 165.803223
v -120.843727 14.059832 165.803223
v -121.344055 13.923419 165.803223
v -120.794388 14.020575 165.803223
v -121.048355 14.321082 165.803223
v -121.413170 14.333520 165.762619
v -121.413170 14.043242 165.762619
v -121.048355 13.573565 165.803223
v -120.897758 14.102820 163.183731
v -120.758415 13.812544 163.183731
v -121.344055 13.923419 163.183731
v -120.794388 14.020574 163.183731
v -120.904358 13.573565 163.183731
v -121.413170 14.043242 163.224335
v -121.413170 14.333520 163.224335
v -121.048355 14.321081 163.183731
v -120.758415 12.460910 163.183731
v -120.897758 12.170633 163.183731
v -121.344055 12.350034 163.183731
v -120.794388 12.252879 163.183731
v -121.048355 11.952372 163.183731
v -121.413170 11.939933 163.224335
v -121.413170 12.230210 163.224335
v -120.904358 12.699889 163.183731
v -98.393669 14.102820 163.183731
v -97.916908 13.923419 163.183731
v -98.646545 13.812544 163.183731
v -98.497040 14.020574 163.183731
v -98.243073 14.321081 163.183731
v -97.878258 14.333520 163.224335
v -97.878258 14.043242 163.224335
v -98.243073 13.573565 163.183731
v -98.393669 12.170633 163.183731
v -98.646545 12.460910 163.183731
v -97.916908 12.350034 163.183731
v -97.878258 12.230210 163.224335
v -97.878258 11.939933 163.224335
v -98.243073 11.952372 163.183731
v -98.497040 12.252879 163.183731
v -98.243073 12.699889 163.183731
v -98.449272 14.058583 165.803223
v -98.646545 13.812544 165.803223
v -97.916908 13.923419 165.803223
v -98.478561 14.035275 165.803223
v -98.243073 13.573565 165.803223
v -97.878258 14.043242 165.762619
v -97.878258 14.333520 165.762619
v -98.243073 14.321082 165.803223
v -98.646545 12.460911 165.803223
v -98.449272 12.214871 165.803223
v -97.916908 12.350035 165.803223
v -98.478561 12.238179 165.803223
v -98.243073 11.952373 165.803223
v -97.878258 11.939934 165.762619
v -97.878258 12.230210 165.762619
v -98.243073 12.699889 165.803223
v -100.788147 12.460911 165.774506
v -101.028534 12.216641 165.803223
v -100.165359 12.460911 165.803223
v -100.562149 12.460911 165.799652
v -100.820122 12.460910 165.730347
v -101.078087 12.213143 165.749939
v -100.789200 12.217231 165.829529
v -100.852097 12.303051 165.724777
v -101.474884 12.200422 165.762619
v -101.453110 12.055284 165.803223
v -100.719833 12.040773 165.803223
v -100.551178 12.311593 165.803223
v -119.494141 12.299288 165.803223
v -118.571594 12.040773 165.803223
v -117.838326 12.055284 165.803223
v -117.816544 12.200422 165.762619
v -118.439331 12.303051 165.724777
v -119.030327 12.435544 165.766144
v -118.213341 12.213143 165.749939
v -118.471306 12.460910 165.730347
v -118.729279 12.460911 165.799652
v -118.518646 12.231977 165.823105
v -118.847374 12.170634 165.803223
v -118.006966 12.231977 165.766144
v -118.503281 12.460911 165.774506
v -119.126068 12.460911 165.803223
v -100.852097 13.970403 165.724777
v -100.551178 13.961861 165.803223
v -100.719833 14.232681 165.803223
v -101.453110 14.218171 165.803223
v -101.474884 14.073031 165.762619
v -101.078087 14.060311 165.749939
v -100.820122 13.812544 165.730347
v -100.562149 13.812544 165.799652
v -100.789200 14.056224 165.829529
v -100.788147 13.812544 165.774506
v -100.165359 13.812544 165.803223
v -101.028534 14.056813 165.803223
v -118.503281 13.812544 165.774506
v -118.256371 14.058112 165.803223
v -119.126068 13.812544 165.803223
v -118.729279 13.812544 165.799652
v -118.471306 13.812544 165.730347
v -118.220131 14.057609 165.798904
v -118.571594 14.232681 165.803223
v -118.499565 13.998507 165.796936
v -117.816544 14.073031 165.762619
v -117.838326 14.218171 165.803223
v -118.847374 12.170633 163.183731
v -119.126068 12.460910 163.183731
v -118.503281 12.460910 163.212448
v -118.006966 12.231977 163.220795
v -118.729279 12.460910 163.187286
v -118.471306 12.460910 163.256607
v -118.213341 12.213143 163.237015
v -118.518646 12.231977 163.163849
v -119.494141 12.299287 163.183731
v -119.030327 12.435543 163.220795
v -118.439331 12.303050 163.262177
v -117.816544 12.200421 163.224335
v -117.838326 12.055284 163.183731
v -118.571594 12.040772 163.183731
v -99.797287 12.299287 163.183731
v -100.719833 12.040772 163.183731
v -101.453110 12.055284 163.183731
v -101.474884 12.200421 163.224335
v -100.852097 12.303050 163.262177
v -100.261101 12.435543 163.220795
v -101.078087 12.213143 163.237015
v -100.820122 12.460910 163.256607
v -100.562149 12.460910 163.187286
v -100.772781 12.231977 163.163849
v -100.444061 12.170633 163.183731
v -101.284470 12.231977 163.220795
v -100.788147 12.460910 163.212448
v -100.165359 12.460910 163.183731
v -119.494141 13.974167 163.183731
v -118.571594 14.232680 163.183731
v -117.838326 14.218170 163.183731
v -117.816544 14.073031 163.224335
v -118.439331 13.970403 163.262177
v -119.030327 13.837911 163.220795
v -118.219872 14.057712 163.237747
v -118.471306 13.812544 163.256607
v -118.729279 13.812544 163.187286
v -118.518646 14.041476 163.163849
v -118.847374 14.102820 163.183731
v -118.006966 14.041476 163.220795
v -118.503281 13.812544 163.212448
v -119.126068 13.812544 163.183731
v -100.444061 14.102820 163.183731
v -100.165359 13.812544 163.183731
v -100.788147 13.812544 163.212448
v -101.284470 14.041476 163.220795
v -100.562149 13.812544 163.187286
v -100.820122 13.812544 163.256607
v -101.078087 14.060309 163.237015
v -100.772781 14.041476 163.163849
v -99.797287 13.974167 163.183731
v -100.261101 13.837911 163.220795
v -100.852097 13.970403 163.262177
v -101.474884 14.073031 163.224335
v -101.453110 14.218170 163.183731
v -100.719833 14.232680 163.183731
v -118.836128 16.056290 163.224335
v -118.550285 16.170008 163.256149
v -118.392334 16.170008 163.256149
v -118.106491 16.056290 163.224335
v -115.894264 16.056290 163.224335
v -115.608421 16.170008 163.256149
v -115.450470 16.170008 163.256149
v -115.164619 16.056290 163.224335
v -112.952400 16.056290 163.224335
v -112.666550 16.170008 163.256149
v -112.508606 16.170008 163.256149
v -112.222763 16.056290 163.224335
v -110.010536 16.056290 163.224335
v -109.724686 16.170008 163.256149
v -109.566742 16.170008 163.256149
v -109.280899 16.056290 163.224335
v -107.068672 16.056290 163.224335
v -106.782822 16.170008 163.256149
v -106.624878 16.170008 163.256149
v -106.339027 16.056290 163.224335
v -104.126808 16.056290 163.224335
v -103.840958 16.170008 163.256149
v -103.683006 16.170008 163.256149
v -103.397163 16.056290 163.224335
v -101.184937 16.056290 163.224335
v -100.899094 16.170008 163.256149
v -100.741150 16.170008 163.256149
v -100.455307 16.056290 163.224335
v -100.455307 16.056292 165.762604
v -100.741150 16.170012 165.730804
v -100.899094 16.170012 165.730804
v -101.184937 16.056292 165.762604
v -103.397163 16.056292 165.762604
v -103.683006 16.170012 165.730804
v -103.840958 16.170012 165.730804
v -104.126808 16.056292 165.762604
v -106.339027 16.056292 165.762604
v -106.624878 16.170012 165.730804
v -106.782822 16.170012 165.730804
v -107.068672 16.056292 165.762604
v -109.280899 16.056292 165.762604
v -109.566742 16.170012 165.730804
v -109.724686 16.170012 165.730804
v -110.010536 16.056292 165.762604
v -112.222763 16.056292 165.762604
v -112.508606 16.170012 165.730804
v -112.666550 16.170012 165.730804
v -112.952400 16.056292 165.762604
v -115.164619 16.056292 165.762604
v -115.450470 16.170012 165.730804
v -115.608421 16.170012 165.730804
v -115.894264 16.056292 165.762604
v -118.106491 16.056292 165.762604
v -118.392334 16.170012 165.730804
v -118.550285 16.170012 165.730804
v -118.836128 16.056292 165.762604
v -97.940636 16.054005 163.246521
v -97.833771 15.912311 163.224335
v -98.023605 16.087011 163.246521
v -98.198593 16.057446 163.224335
v -98.023605 16.087015 165.740433
v -98.198593 16.057451 165.762604
v -97.940636 16.054007 165.740433
v -97.833771 15.912311 165.762604
v -121.240616 16.029793 163.245911
v -121.070389 16.001034 163.224335
v -121.331261 15.993731 163.245911
v -121.435211 15.855895 163.224335
v -121.331261 15.993731 165.741028
v -121.435211 15.855896 165.762604
v -121.070389 16.001036 165.762604
v -121.240616 16.029795 165.741028
vn 1.0000 -0.0000 -0.0000
vn -0.0000 -0.0000 -1.0000
vn -0.0000 1.0000 -0.0000
vn -0.0000 0.0010 1.0000
vn -0.0000 -0.0000 1.0000
vn 0.0010 -0.0096 1.0000
vn -1.0000 -0.0000 -0.0000
vn -0.0010 0.0653 -0.9979
vn -0.0000 -1.0000 -0.0000
vn 0.0967 0.4861 0.8685
vn -0.0967 -0.4860 0.8686
vn 0.1106 -0.0000 -0.9939
vn -0.3696 -0.9292 -0.0000
vn 0.3697 0.9292 -0.0000
vn -0.2819 0.9594 -0.0086
vn -0.1107 -0.0000 0.9939
vn 0.1107 -0.0000 0.9939
vn -0.0967 -0.4860 -0.8686
vn -0.0001 -0.0000 1.0000
vn -0.0967 0.4860 0.8686
vn -0.0967 0.4860 -0.8686
vn 0.0967 -0.4860 -0.8686
vn 0.3696 -0.9292 -0.0000
vn -0.1106 -0.0000 -0.9939
vn 0.0967 0.4860 -0.8686
vn -0.0968 0.4863 -0.8684
vn -0.1066 -0.2679 0.9575
vn -0.1066 0.2680 0.9575
vn -0.1066 -0.2679 -0.9575
vn -0.1065 0.2679 -0.9575
vn 0.1066 -0.2679 0.9575
vn 0.1066 0.2680 0.9575
vn 0.1066 -0.2679 -0.9575
vn 0.1065 0.2679 -0.9575
vn -0.1106 -0.0000 0.9939
vn 0.1106 -0.0000 0.9939
vn -0.0000 -0.2694 -0.9630
vn -0.0000 0.2694 -0.9630
vn -0.0000 -0.2694 0.9630
vn -0.0000 0.2695 0.9630
vn -0.0000 0.2692 0.9631
vn -0.0000 0.2694 0.9630
vn -0.0739 -0.0000 0.9973
vn -0.0744 -0.0103 -0.9972
vn -0.0751 -0.0088 -0.9971
vn -0.0786 -0.0019 -0.9969
vn -0.0744 0.0103 -0.9972
vn -0.0786 0.0019 -0.9969
vn -0.0751 0.0088 -0.9971
vn 0.0739 -0.0000 -0.9973
vn 0.0757 -0.0000 0.9971
vn -0.0454 0.1607 0.9860
vn -0.2497 0.3377 0.9075
vn -0.0499 0.2574 0.9650
vn 0.0394 0.2206 0.9746
vn 0.2423 0.3209 0.9156
vn 0.0429 0.0479 0.9979
vn -0.0499 -0.2574 0.9650
vn -0.2496 -0.3377 0.9075
vn -0.0454 -0.1607 0.9860
vn 0.0454 -0.1610 0.9859
vn 0.2287 -0.4725 0.8511
vn 0.0289 -0.1156 0.9929
vn 0.0428 0.0479 -0.9979
vn 0.2423 0.3209 -0.9156
vn 0.0394 0.2206 -0.9746
vn -0.0394 0.2206 -0.9746
vn -0.2423 0.3209 -0.9156
vn -0.0428 0.0479 -0.9979
vn 0.0394 -0.2206 -0.9746
vn 0.2448 -0.3202 -0.9152
vn 0.0428 -0.0479 -0.9979
vn -0.0428 -0.0479 -0.9979
vn -0.2423 -0.3209 -0.9156
vn -0.0394 -0.2206 -0.9746
vn -0.3697 -0.9292 -0.0000
vn -0.3697 0.9292 -0.0000
vn 0.3697 -0.9292 -0.0000
vn -0.0000 0.2690 0.9631
vn 0.1075 -0.2194 -0.9697
vn 0.1998 -0.6957 -0.6900
vn -0.0319 -0.1601 -0.9866
vn -0.2058 -0.7067 -0.6769
vn -0.1084 -0.1995 -0.9739
vn 0.1998 0.6957 -0.6899
vn 0.1075 0.2194 -0.9697
vn -0.1070 0.2202 -0.9696
vn -0.0319 -0.1600 0.9866
vn -0.1084 -0.1995 0.9739
vn -0.2059 -0.7067 0.6769
vn 0.0318 -0.1600 0.9866
vn 0.2058 -0.7067 0.6769
vn 0.1084 -0.1995 0.9739
vn -0.0318 0.1600 0.9866
vn -0.2058 0.7067 0.6769
vn -0.1084 0.1995 0.9739
vn 0.0319 0.1600 0.9866
vn 0.1084 0.1995 0.9739
vn 0.2059 0.7067 0.6769
vn 0.0011 -0.0111 0.9999
vn 0.2595 -0.0000 -0.9657
vn 0.0461 -0.0000 -0.9989
vn -0.0461 -0.0000 -0.9989
vn -0.2595 -0.0000 -0.9657
vn -0.2594 -0.0000 0.9658
vn -0.0461 -0.0000 0.9989
vn 0.0461 -0.0000 0.9989
vn 0.2594 -0.0000 0.9658
vn -0.1626 0.9867 -0.0000
vn -0.6927 0.7212 -0.0000
vn 0.6927 0.7212 -0.0000
vn 0.1626 0.9867 -0.0000
vn 0.6982 -0.7159 -0.0000
vn 0.1348 -0.9908 0.0071
vn -0.1626 -0.9867 -0.0000
vn -0.6927 -0.7212 -0.0000
vn 0.9292 -0.3697 -0.0000
vn -0.0000 0.2696 0.9630
vn -0.0000 0.2693 0.9631
vn -0.3696 0.9292 -0.0000
vn -0.9292 -0.3697 -0.0000
vn -0.9292 0.3696 -0.0000
vn -0.1666 0.9860 -0.0000
vn 0.7984 0.6021 -0.0000
vn 0.0864 0.2173 0.9723
vn 0.0866 0.2175 -0.9722
vn 0.3696 0.9292 -0.0000
vn 0.9292 0.3697 -0.0000
vn -0.0864 0.2174 0.9722
vn 0.1666 0.9860 -0.0000
vn -0.7984 0.6021 -0.0000
vn -0.0865 0.2174 -0.9722
vn -0.0001 -0.0000 -1.0000
vt 0.378875 0.503875
vt 0.421125 0.503875
vt 0.421125 0.746125
vt 0.378875 0.746125
vt 0.478875 0.503875
vt 0.518045 0.503875
vt 0.518045 0.746125
vt 0.478875 0.746125
vt 0.525795 0.503875
vt 0.574205 0.503875
vt 0.574205 0.746125
vt 0.525795 0.746125
vt 0.378875 0.253875
vt 0.421125 0.253875
vt 0.421125 0.277375
vt 0.378875 0.277375
vt 0.628875 0.503875
vt 0.652375 0.503875
vt 0.652375 0.746125
vt 0.628875 0.746125
vt 0.579263 0.969815
vt 0.621125 0.972394
vt 0.621125 0.996125
vt 0.581623 0.996125
vt 0.847625 0.503875
vt 0.871125 0.503875
vt 0.871125 0.746125
vt 0.847625 0.746125
vt 0.478875 0.972394
vt 0.520737 0.969815
vt 0.518377 0.996125
vt 0.478875 0.996125
vt 0.531955 0.975705
vt 0.568045 0.975705
vt 0.568045 0.993045
vt 0.531955 0.993045
vt 0.581955 0.003875
vt 0.621125 0.003875
vt 0.621125 0.246125
vt 0.581955 0.246125
vt 0.378875 0.753875
vt 0.421125 0.753875
vt 0.421125 0.777375
vt 0.378875 0.777375
vt 0.478875 0.472394
vt 0.520737 0.469815
vt 0.518377 0.496125
vt 0.478875 0.496125
vt 0.581955 0.503875
vt 0.621125 0.503875
vt 0.621125 0.746125
vt 0.581955 0.746125
vt 0.428875 0.003875
vt 0.471125 0.003875
vt 0.471125 0.246125
vt 0.428875 0.246125
vt 0.579263 0.469815
vt 0.621125 0.472394
vt 0.621125 0.496125
vt 0.581623 0.496125
vt 0.428875 0.503875
vt 0.471125 0.503875
vt 0.471125 0.746125
vt 0.428875 0.746125
vt 0.428875 0.753875
vt 0.471125 0.753875
vt 0.471125 0.777375
vt 0.428875 0.777375
vt 0.524205 0.472745
vt 0.524205 0.494525
vt 0.526401 0.493427
vt 0.527640 0.479615
vt 0.378875 0.972625
vt 0.421125 0.972625
vt 0.421125 0.996125
vt 0.378875 0.996125
vt 0.428875 0.972625
vt 0.471125 0.972625
vt 0.471125 0.996125
vt 0.428875 0.996125
vt 0.478875 0.003875
vt 0.518045 0.003875
vt 0.518045 0.246125
vt 0.478875 0.246125
vt 0.573010 0.969050
vt 0.573599 0.993427
vt 0.574648 0.993951
vt 0.574602 0.966467
vt 0.428875 0.472625
vt 0.471125 0.472625
vt 0.471125 0.496125
vt 0.428875 0.496125
vt 0.378875 0.472625
vt 0.421125 0.472625
vt 0.421125 0.496125
vt 0.378875 0.496125
vt 0.524205 0.972745
vt 0.524205 0.994525
vt 0.526401 0.993427
vt 0.527640 0.979615
vt 0.478875 0.347625
vt 0.521125 0.347625
vt 0.521125 0.371125
vt 0.478875 0.371125
vt 0.478875 0.378875
vt 0.521125 0.378875
vt 0.521125 0.402375
vt 0.478875 0.402375
vt 0.478875 0.410125
vt 0.521125 0.410125
vt 0.521125 0.433625
vt 0.478875 0.433625
vt 0.478875 0.441375
vt 0.521125 0.441375
vt 0.521125 0.462026
vt 0.478875 0.464629
vt 0.578875 0.316375
vt 0.621125 0.316375
vt 0.621125 0.339875
vt 0.578875 0.339875
vt 0.478875 0.253875
vt 0.518377 0.253875
vt 0.520737 0.280185
vt 0.478875 0.277606
vt 0.428875 0.316375
vt 0.471125 0.316375
vt 0.471125 0.339875
vt 0.428875 0.339875
vt 0.428875 0.347625
vt 0.471125 0.347625
vt 0.471125 0.371125
vt 0.428875 0.371125
vt 0.428875 0.378875
vt 0.471125 0.378875
vt 0.471125 0.402375
vt 0.428875 0.402375
vt 0.428875 0.410125
vt 0.471125 0.410125
vt 0.471125 0.433625
vt 0.428875 0.433625
vt 0.428875 0.441375
vt 0.471125 0.441375
vt 0.471125 0.464875
vt 0.428875 0.464875
vt 0.478875 0.285371
vt 0.521125 0.287974
vt 0.521125 0.308625
vt 0.478875 0.308625
vt 0.581623 0.253875
vt 0.621125 0.253875
vt 0.621125 0.277606
vt 0.579263 0.280185
vt 0.816375 0.503875
vt 0.839875 0.503875
vt 0.839875 0.746125
vt 0.816375 0.746125
vt 0.160125 0.503875
vt 0.183625 0.503875
vt 0.183625 0.746125
vt 0.160125 0.746125
vt 0.191375 0.503875
vt 0.214875 0.503875
vt 0.214875 0.746125
vt 0.191375 0.746125
vt 0.222625 0.503875
vt 0.246125 0.503875
vt 0.246125 0.746125
vt 0.222625 0.746125
vt 0.253875 0.503875
vt 0.277375 0.503875
vt 0.277375 0.746125
vt 0.253875 0.746125
vt 0.285125 0.503875
vt 0.308625 0.503875
vt 0.308625 0.746125
vt 0.285125 0.746125
vt 0.316375 0.503875
vt 0.343750 0.503875
vt 0.343750 0.746125
vt 0.316375 0.746125
vt 0.575000 0.941375
vt 0.575000 0.961795
vt 0.525000 0.933625
vt 0.525000 0.910125
vt 0.575000 0.906250
vt 0.575000 0.933625
vt 0.575000 0.816375
vt 0.575000 0.839875
vt 0.525000 0.902375
vt 0.525000 0.878875
vt 0.575000 0.875000
vt 0.525000 0.871125
vt 0.525000 0.847625
vt 0.531278 0.974688
vt 0.525843 0.969253
vt 0.525842 0.963817
vt 0.478875 0.847625
vt 0.521125 0.847625
vt 0.521125 0.871125
vt 0.478875 0.871125
vt 0.478875 0.878875
vt 0.521125 0.878875
vt 0.521125 0.902375
vt 0.478875 0.902375
vt 0.478875 0.910125
vt 0.521125 0.910125
vt 0.521125 0.933625
vt 0.478875 0.933625
vt 0.478875 0.941375
vt 0.521125 0.941375
vt 0.521125 0.962026
vt 0.478875 0.964629
vt 0.572032 0.778393
vt 0.574551 0.780922
vt 0.574567 0.783464
vt 0.478875 0.753875
vt 0.518377 0.753875
vt 0.520737 0.780185
vt 0.478875 0.777606
vt 0.428875 0.816375
vt 0.471125 0.816375
vt 0.471125 0.839875
vt 0.428875 0.839875
vt 0.428875 0.847625
vt 0.471125 0.847625
vt 0.471125 0.871125
vt 0.428875 0.871125
vt 0.428875 0.878875
vt 0.471125 0.878875
vt 0.471125 0.902375
vt 0.428875 0.902375
vt 0.428875 0.910125
vt 0.471125 0.910125
vt 0.471125 0.933625
vt 0.428875 0.933625
vt 0.428875 0.941375
vt 0.471125 0.941375
vt 0.471125 0.964875
vt 0.428875 0.964875
vt 0.478875 0.785371
vt 0.521125 0.787974
vt 0.521125 0.808625
vt 0.478875 0.808625
vt 0.371125 0.503875
vt 0.371125 0.746125
vt 0.578875 0.787974
vt 0.621125 0.785371
vt 0.621125 0.808625
vt 0.578875 0.808625
vt 0.378875 0.785125
vt 0.421125 0.785125
vt 0.421125 0.808625
vt 0.378875 0.808625
vt 0.378875 0.816375
vt 0.421125 0.816375
vt 0.421125 0.839875
vt 0.378875 0.839875
vt 0.378875 0.847625
vt 0.421125 0.847625
vt 0.421125 0.871125
vt 0.378875 0.871125
vt 0.378875 0.878875
vt 0.421125 0.878875
vt 0.421125 0.902375
vt 0.378875 0.902375
vt 0.378875 0.910125
vt 0.421125 0.910125
vt 0.421125 0.933625
vt 0.378875 0.933625
vt 0.581623 0.753875
vt 0.621125 0.753875
vt 0.621125 0.777606
vt 0.579263 0.780185
vt 0.378875 0.941375
vt 0.421125 0.941375
vt 0.421125 0.964875
vt 0.378875 0.964875
vt 0.578875 0.441375
vt 0.621125 0.441375
vt 0.621125 0.464629
vt 0.578875 0.462026
vt 0.578875 0.410125
vt 0.621125 0.410125
vt 0.621125 0.433625
vt 0.578875 0.433625
vt 0.578875 0.378875
vt 0.621125 0.378875
vt 0.621125 0.402375
vt 0.578875 0.402375
vt 0.578875 0.347625
vt 0.621125 0.347625
vt 0.621125 0.371125
vt 0.578875 0.371125
vt 0.578875 0.287974
vt 0.621125 0.285371
vt 0.621125 0.308625
vt 0.578875 0.308625
vt 0.378875 0.003875
vt 0.421125 0.003875
vt 0.421125 0.246125
vt 0.378875 0.246125
vt 0.378875 0.285125
vt 0.421125 0.285125
vt 0.421125 0.308625
vt 0.378875 0.308625
vt 0.378875 0.316375
vt 0.421125 0.316375
vt 0.421125 0.339875
vt 0.378875 0.339875
vt 0.378875 0.347625
vt 0.421125 0.347625
vt 0.421125 0.371125
vt 0.378875 0.371125
vt 0.378875 0.378875
vt 0.421125 0.378875
vt 0.421125 0.402375
vt 0.378875 0.402375
vt 0.378875 0.410125
vt 0.421125 0.410125
vt 0.421125 0.433625
vt 0.378875 0.433625
vt 0.378875 0.441375
vt 0.421125 0.441375
vt 0.421125 0.464875
vt 0.378875 0.464875
vt 0.525386 0.756065
vt 0.525433 0.783464
vt 0.527968 0.778393
vt 0.526008 0.756377
vt 0.428875 0.285125
vt 0.471125 0.285125
vt 0.471125 0.308625
vt 0.428875 0.308625
vt 0.578875 0.847625
vt 0.621125 0.847625
vt 0.621125 0.871125
vt 0.578875 0.871125
vt 0.578875 0.878875
vt 0.621125 0.878875
vt 0.621125 0.902375
vt 0.578875 0.902375
vt 0.578875 0.910125
vt 0.621125 0.910125
vt 0.621125 0.933625
vt 0.578875 0.933625
vt 0.578875 0.941375
vt 0.621125 0.941375
vt 0.621125 0.964629
vt 0.578875 0.962026
vt 0.478875 0.316375
vt 0.521125 0.316375
vt 0.521125 0.339875
vt 0.478875 0.339875
vt 0.524205 0.255475
vt 0.524205 0.277255
vt 0.527640 0.270385
vt 0.526401 0.256573
vt 0.660125 0.503875
vt 0.683625 0.503875
vt 0.683625 0.746125
vt 0.660125 0.746125
vt 0.785125 0.503875
vt 0.808625 0.503875
vt 0.808625 0.746125
vt 0.785125 0.746125
vt 0.753875 0.503875
vt 0.777375 0.503875
vt 0.777375 0.746125
vt 0.753875 0.746125
vt 0.722625 0.503875
vt 0.746125 0.503875
vt 0.746125 0.746125
vt 0.722625 0.746125
vt 0.691375 0.503875
vt 0.714875 0.503875
vt 0.714875 0.746125
vt 0.691375 0.746125
vt 0.525000 0.961795
vt 0.525000 0.941375
vt 0.428875 0.785125
vt 0.471125 0.785125
vt 0.471125 0.808625
vt 0.428875 0.808625
vt 0.525000 0.839875
vt 0.525000 0.816375
vt 0.578875 0.816375
vt 0.621125 0.816375
vt 0.621125 0.839875
vt 0.578875 0.839875
vt 0.478875 0.816375
vt 0.521125 0.816375
vt 0.521125 0.839875
vt 0.478875 0.839875
vt 0.575000 0.788205
vt 0.575000 0.808625
vt 0.575000 0.847625
vt 0.525000 0.808625
vt 0.525000 0.788205
vt 0.568045 0.778510
vt 0.531955 0.778510
vt 0.531955 0.780910
vt 0.568045 0.780910
vt 0.525340 0.966010
vt 0.527740 0.968410
vt 0.572260 0.781590
vt 0.574660 0.783990
vt 0.574588 0.966082
vt 0.574591 0.966079
vt 0.572260 0.968410
vt 0.572315 0.968355
vt 0.568045 0.278510
vt 0.531955 0.278510
vt 0.531955 0.280910
vt 0.568045 0.280910
vt 0.568045 0.781250
vt 0.531955 0.781250
vt 0.574157 0.781250
vt 0.568722 0.781250
vt 0.525795 0.003875
vt 0.574205 0.003875
vt 0.574205 0.246125
vt 0.525795 0.246125
vt 0.531955 0.256955
vt 0.568045 0.256955
vt 0.568045 0.274295
vt 0.531955 0.274295
vt 0.531955 0.475705
vt 0.568045 0.475705
vt 0.568045 0.493045
vt 0.531955 0.493045
vt 0.531955 0.756955
vt 0.568045 0.756955
vt 0.568045 0.774295
vt 0.531955 0.774295
vt 0.531850 1.000795
vt 0.568150 1.000795
vt 0.561989 0.996125
vt 0.538011 0.996125
vt 0.573599 0.256573
vt 0.572360 0.270385
vt 0.575795 0.277255
vt 0.575795 0.255475
vt 0.573992 0.756377
vt 0.574614 0.756065
vt 0.561664 0.496125
vt 0.538336 0.496125
vt 0.528995 0.500795
vt 0.571005 0.500795
vt 0.525449 0.780921
vt 0.571005 0.749205
vt 0.528995 0.749205
vt 0.538336 0.753875
vt 0.561664 0.753875
vt 0.572360 0.479615
vt 0.573599 0.493427
vt 0.575795 0.494525
vt 0.575795 0.472745
vt 0.571005 0.249205
vt 0.528995 0.249205
vt 0.538336 0.253875
vt 0.561664 0.253875
vt 0.531278 0.781250
vt 0.525842 0.781250
vt 0.525843 0.781250
vt 0.568722 0.278510
vt 0.574157 0.278510
vt 0.574157 0.283945
vt 0.527740 0.781590
vt 0.525340 0.783990
vt 0.568045 0.968750
vt 0.531955 0.968750
vt 0.568045 0.969090
vt 0.531955 0.969090
vt 0.531955 0.971490
vt 0.568045 0.971490
vt 0.525842 0.283945
vt 0.525843 0.278510
vt 0.531278 0.278510
vt 0.428875 0.253875
vt 0.471125 0.253875
vt 0.471125 0.277375
vt 0.428875 0.277375
vt 0.128875 0.746125
vt 0.128875 0.750000
vt 0.125000 0.746125
vt 0.621125 1.000000
vt 0.625000 0.996125
vt 0.128875 0.503875
vt 0.125000 0.503875
vt 0.128875 0.500000
vt 0.621125 0.250000
vt 0.625000 0.253875
vt 0.375000 0.753875
vt 0.378875 0.750000
vt 0.621125 0.750000
vt 0.625000 0.753875
vt 0.378875 0.500000
vt 0.375000 0.496125
vt 0.625000 0.496125
vt 0.621125 0.500000
vt 0.421125 0.000000
vt 0.425000 0.000000
vt 0.425000 0.003875
vt 0.471125 0.000000
vt 0.475000 0.000000
vt 0.475000 0.003875
vt 0.375000 0.468750
vt 0.378875 0.468750
vt 0.312500 0.503875
vt 0.308625 0.500000
vt 0.312500 0.500000
vt 0.281250 0.503875
vt 0.277375 0.500000
vt 0.281250 0.500000
vt 0.250000 0.503875
vt 0.246125 0.500000
vt 0.250000 0.500000
vt 0.218750 0.503875
vt 0.214875 0.500000
vt 0.218750 0.500000
vt 0.187500 0.503875
vt 0.183625 0.500000
vt 0.187500 0.500000
vt 0.152375 0.503875
vt 0.152375 0.500000
vt 0.156250 0.500000
vt 0.156250 0.503875
vt 0.625000 0.277375
vt 0.624762 0.281265
vt 0.620886 0.281503
vt 0.625000 0.308625
vt 0.625000 0.312500
vt 0.621125 0.312500
vt 0.625000 0.339875
vt 0.625000 0.343750
vt 0.621125 0.343750
vt 0.625000 0.371125
vt 0.625000 0.375000
vt 0.621125 0.375000
vt 0.625000 0.402375
vt 0.625000 0.406250
vt 0.621125 0.406250
vt 0.625000 0.433625
vt 0.625000 0.437500
vt 0.621125 0.437500
vt 0.621363 0.468526
vt 0.625000 0.464875
vt 0.625000 0.468750
vt 0.152375 0.746125
vt 0.156250 0.746125
vt 0.156250 0.750000
vt 0.152375 0.750000
vt 0.187500 0.746125
vt 0.187500 0.750000
vt 0.183625 0.750000
vt 0.218750 0.746125
vt 0.218750 0.750000
vt 0.214875 0.750000
vt 0.250000 0.746125
vt 0.250000 0.750000
vt 0.246125 0.750000
vt 0.281250 0.746125
vt 0.281250 0.750000
vt 0.277375 0.750000
vt 0.312500 0.746125
vt 0.312500 0.750000
vt 0.308625 0.750000
vt 0.378875 0.781250
vt 0.375000 0.781250
vt 0.621363 0.781474
vt 0.625000 0.781250
vt 0.625000 0.785125
vt 0.621125 0.812500
vt 0.625000 0.812500
vt 0.625000 0.816375
vt 0.621125 0.843750
vt 0.625000 0.843750
vt 0.625000 0.847625
vt 0.621125 0.875000
vt 0.625000 0.875000
vt 0.625000 0.878875
vt 0.621125 0.906250
vt 0.625000 0.906250
vt 0.625000 0.910125
vt 0.621125 0.937500
vt 0.625000 0.937500
vt 0.625000 0.941375
vt 0.620886 0.968497
vt 0.624762 0.968735
vt 0.625000 0.972625
vt 0.525000 0.312500
vt 0.521125 0.312500
vt 0.525000 0.308625
vt 0.525000 0.339875
vt 0.525000 0.343750
vt 0.521125 0.343750
vt 0.525000 0.371125
vt 0.525000 0.375000
vt 0.521125 0.375000
vt 0.525000 0.402375
vt 0.525000 0.406250
vt 0.521125 0.406250
vt 0.525000 0.433625
vt 0.525000 0.437500
vt 0.521125 0.437500
vt 0.575000 0.937500
vt 0.578875 0.343750
vt 0.575000 0.343750
vt 0.578875 0.375000
vt 0.575000 0.375000
vt 0.575000 0.843750
vt 0.575000 0.812500
vt 0.521920 0.000000
vt 0.521920 0.003875
vt 0.518377 0.000000
vt 0.573599 0.000000
vt 0.578080 0.000000
vt 0.578080 0.003875
vt 0.561664 0.000000
vt 0.528080 0.278510
vt 0.528080 0.281250
vt 0.526922 0.281250
vt 0.523780 0.270731
vt 0.524248 0.275943
vt 0.524778 0.281855
vt 0.525000 0.284330
vt 0.521363 0.284106
vt 0.525000 0.465670
vt 0.520499 0.465947
vt 0.525000 0.461795
vt 0.527671 0.781250
vt 0.525000 0.781250
vt 0.528080 0.781250
vt 0.571920 0.278170
vt 0.574194 0.280444
vt 0.575000 0.281250
vt 0.571920 0.281250
vt 0.568045 0.281250
vt 0.571920 0.278510
vt 0.571920 0.781250
vt 0.575000 0.784330
vt 0.623544 0.005935
vt 0.623544 0.244065
vt 0.622581 0.244065
vt 0.622581 0.005935
vt 0.625000 0.472625
vt 0.378875 0.000000
vt 0.428875 0.000000
vt 0.375000 0.441375
vt 0.285125 0.500000
vt 0.253875 0.500000
vt 0.222625 0.500000
vt 0.191375 0.500000
vt 0.160125 0.500000
vt 0.625000 0.285125
vt 0.625000 0.316375
vt 0.625000 0.347625
vt 0.625000 0.378875
vt 0.625000 0.410125
vt 0.625000 0.441375
vt 0.160125 0.750000
vt 0.191375 0.750000
vt 0.222625 0.750000
vt 0.253875 0.750000
vt 0.285125 0.750000
vt 0.375000 0.808625
vt 0.625000 0.777375
vt 0.625000 0.808625
vt 0.625000 0.839875
vt 0.625000 0.871125
vt 0.625000 0.902375
vt 0.625000 0.933625
vt 0.625000 0.964875
vt 0.525000 0.316375
vt 0.525000 0.347625
vt 0.525000 0.378875
vt 0.525000 0.410125
vt 0.575000 0.316375
vt 0.575000 0.402375
vt 0.719589 0.506912
vt 0.719589 0.743088
vt 0.717911 0.743088
vt 0.717911 0.506912
vt 0.528080 0.471830
vt 0.573009 0.281250
vt 0.572329 0.781250
vt 0.538336 0.000000
vt 0.531955 0.281250
vt 0.478875 0.000000
vt 0.581955 1.000000
vt 0.525000 0.441375
vt 0.525000 0.288205
vt 0.575000 0.787974
vt 0.575000 0.962026
vt 0.688339 0.506912
vt 0.688339 0.743088
vt 0.686661 0.743088
vt 0.686661 0.506912
vt 0.813339 0.506912
vt 0.813339 0.743088
vt 0.811661 0.743088
vt 0.811661 0.506912
vt 0.782089 0.506912
vt 0.782089 0.743088
vt 0.780411 0.743088
vt 0.780411 0.506912
vt 0.657089 0.506912
vt 0.657089 0.743088
vt 0.655411 0.743088
vt 0.655411 0.506912
vt 0.750839 0.506912
vt 0.750839 0.743088
vt 0.749161 0.743088
vt 0.749161 0.506912
vt 0.844589 0.506912
vt 0.844589 0.743088
vt 0.842911 0.743088
vt 0.842911 0.506912
vt 0.625881 0.744008
vt 0.625881 0.505992
vt 0.624119 0.505992
vt 0.624119 0.744008
vt 0.626951 0.746125
vt 0.626951 0.503875
vt 0.624064 0.003875
vt 0.625000 0.003875
vt 0.625000 0.246125
vt 0.624064 0.246125
s 1
usemtl Militär
f 20/1/1 48/2/1 54/3/1 14/4/1
f 43/5/1 399/6/1 416/7/1 51/8/1
f 398/9/1 393/10/1 408/11/1 417/12/1
f 9/13/2 37/14/2 261/15/2 81/16/2
f 23/17/3 111/18/3 140/19/3 17/20/3
f 463/21/4 163/22/5 5/23/5 367/24/6
f 85/25/3 11/26/3 6/27/3 166/28/3
f 219/29/5 432/30/5 359/31/5 31/32/5
f 444/33/5 459/34/5 363/35/5 361/36/5
f 368/37/7 4/38/7 10/39/7 377/40/7
f 15/41/5 53/42/5 167/43/5 136/44/5
f 313/45/2 482/46/2 400/47/2 42/48/2
f 392/49/1 24/50/1 16/51/1 409/52/1
f 28/53/7 29/54/7 34/55/7 39/56/7
f 522/57/2 108/58/2 22/59/2 391/60/2
f 47/61/1 44/62/1 50/63/1 55/64/1
f 56/65/5 49/66/5 198/67/5 168/68/5
f 491/69/5 395/70/5 401/71/5 481/72/5
f 115/73/5 191/74/5 26/75/5 2/76/5
f 194/77/5 220/78/5 30/79/5 27/80/5
f 32/81/7 358/82/7 384/83/7 35/84/7
f 464/85/8 366/86/8 364/87/8 458/88/8
f 288/89/2 314/90/2 41/91/2 46/92/2
f 59/93/2 285/94/2 45/95/2 19/96/2
f 441/97/2 360/98/2 355/99/2 431/100/2
f 299/101/2 323/102/2 328/103/2 302/104/2
f 303/105/2 327/106/2 332/107/2 306/108/2
f 307/109/2 331/110/2 336/111/2 310/112/2
f 311/113/2 335/114/2 483/115/2 316/116/2
f 340/117/2 91/118/2 92/119/2 341/120/2
f 36/121/2 383/122/2 480/123/2 289/124/2
f 267/125/2 296/126/2 297/127/2 270/128/2
f 271/129/2 300/130/2 301/131/2 274/132/2
f 275/133/2 304/134/2 305/135/2 278/136/2
f 279/137/2 308/138/2 309/139/2 282/140/2
f 283/141/2 312/142/2 315/143/2 287/144/2
f 290/145/2 479/146/2 319/147/2 294/148/2
f 378/149/2 12/150/2 84/151/2 496/152/2
f 89/153/3 86/154/3 165/155/3 161/156/3
f 83/157/9 77/158/9 116/159/9 113/160/9
f 76/161/9 73/162/9 120/163/9 117/164/9
f 72/165/9 69/166/9 124/167/9 121/168/9
f 68/169/9 65/170/9 128/171/9 125/172/9
f 64/173/9 61/174/9 132/175/9 129/176/9
f 60/177/9 57/178/9 138/179/9 133/180/9
f 260/181/9 465/182/9 498/182/9 338/181/9
f 239/183/3 236/184/3 321/184/3 317/183/3
f 256/185/9 257/186/9 337/186/9 343/185/9
f 243/187/9 247/188/9 350/188/9 351/187/9
f 235/189/3 232/190/3 325/190/3 322/189/3
f 253/191/9 256/185/9 343/185/9 346/191/9
f 231/192/3 228/193/3 329/193/3 326/192/3
f 436/194/10 440/195/10 442/196/10
f 205/197/5 229/198/5 234/199/5 208/200/5
f 209/201/5 233/202/5 238/203/5 212/204/5
f 213/205/5 237/206/5 242/207/5 216/208/5
f 217/209/5 241/210/5 433/211/5 222/212/5
f 446/213/11 453/214/11 456/215/11
f 52/216/5 415/217/5 429/218/5 195/219/5
f 173/220/5 202/221/5 203/222/5 176/223/5
f 177/224/5 206/225/5 207/226/5 180/227/5
f 181/228/5 210/229/5 211/230/5 184/231/5
f 185/232/5 214/233/5 215/234/5 188/235/5
f 189/236/5 218/237/5 221/238/5 193/239/5
f 196/240/5 428/241/5 225/242/5 200/243/5
f 57/178/9 21/244/9 13/245/9 138/179/9
f 448/246/5 142/247/5 143/248/5 245/249/5
f 137/250/5 170/251/5 171/252/5 134/253/5
f 135/254/5 174/255/5 175/256/5 130/257/5
f 131/258/5 178/259/5 179/260/5 126/261/5
f 127/262/5 182/263/5 183/264/5 122/265/5
f 123/266/5 186/267/5 187/268/5 118/269/5
f 410/270/5 18/271/5 139/272/5 447/273/5
f 119/274/5 190/275/5 192/276/5 114/277/5
f 353/278/2 107/279/2 109/280/2 521/281/2
f 349/282/2 103/283/2 104/284/2 352/285/2
f 345/286/2 99/287/2 100/288/2 348/289/2
f 342/290/2 95/291/2 96/292/2 344/293/2
f 497/294/2 87/295/2 88/296/2 339/297/2
f 3/298/7 25/299/7 38/300/7 8/301/7
f 82/302/2 264/303/2 265/304/2 78/305/2
f 79/306/2 268/307/2 269/308/2 74/309/2
f 75/310/2 272/311/2 273/312/2 70/313/2
f 71/314/2 276/315/2 277/316/2 66/317/2
f 67/318/2 280/319/2 281/320/2 62/321/2
f 63/322/2 284/323/2 286/324/2 58/325/2
f 412/326/2 420/327/2 430/328/2 414/329/2
f 263/330/2 291/331/2 293/332/2 266/333/2
f 249/334/5 150/335/5 151/336/5 251/337/5
f 252/338/5 154/339/5 155/340/5 254/341/5
f 255/342/5 158/343/5 159/344/5 258/345/5
f 259/346/5 162/347/5 164/348/5 466/349/5
f 295/350/2 318/351/2 324/352/2 298/353/2
f 380/354/5 467/355/5 475/356/5 382/357/5
f 110/358/3 106/359/3 144/360/3 141/361/3
f 93/362/3 90/363/3 160/364/3 157/365/3
f 97/366/3 94/367/3 156/368/3 153/369/3
f 101/370/3 98/371/3 152/372/3 149/373/3
f 105/374/3 102/375/3 148/376/3 145/377/3
f 434/378/3 240/379/3 320/379/3 478/378/3
f 169/380/5 197/381/5 199/382/5 172/383/5
f 227/384/3 223/385/3 333/385/3 330/384/3
f 246/386/5 146/387/5 147/388/5 248/389/5
f 201/390/5 224/391/5 230/392/5 204/393/5
f 449/394/9 244/395/9 354/395/9 520/394/9
f 250/396/9 253/191/9 346/191/9 347/396/9
f 226/397/3 427/398/3 484/398/3 334/397/3
f 452/399/12 422/400/12 419/401/12 454/402/12
f 473/403/13 437/403/13 435/404/13 477/404/13
f 445/405/14 519/405/14 515/406/14 450/406/14
f 462/407/15 501/408/15 499/409/15 464/410/15
f 503/411/16 471/412/16 469/413/16 507/414/16
f 511/415/17 493/416/17 489/416/17 513/415/17
f 512/417/18 516/417/18 518/418/18
f 357/419/7 369/420/7 376/421/7 385/422/7
f 379/423/2 372/424/2 508/425/2 468/426/2
f 494/427/2 510/428/2 389/429/2 396/430/2
f 411/431/5 404/432/5 455/433/5 421/434/5
f 362/435/2 365/436/2 370/437/2 356/438/2
f 374/439/5 495/440/5 505/441/5 371/442/5
f 406/443/2 446/213/2 456/215/2 403/444/2
f 394/445/5 402/446/19 397/447/5 388/448/5
f 420/327/20 425/449/20 430/328/20
f 405/450/2 413/451/2 418/452/2 407/453/2
f 517/454/5 390/455/5 387/456/5 509/457/5
f 373/458/5 381/459/5 386/460/5 375/461/5
f 486/462/21 490/463/21 492/464/21
f 500/465/22 504/466/22 506/467/22
f 485/468/23 426/468/23 424/469/23 487/469/23
f 461/470/1 438/471/1 472/471/1 502/470/1
f 423/416/7 451/415/7 514/415/7 488/416/7
f 457/472/24 443/473/24 439/474/24 460/475/24
f 470/476/25 474/477/25 476/478/25
f 458/88/26 462/407/26 464/85/26
f 40/479/2 33/480/2 292/481/2 262/482/2
f 1/483/27 2/484/27 3/485/27
f 4/486/28 5/23/28 6/487/28
f 7/488/29 8/489/29 9/490/29
f 10/491/30 11/492/30 12/150/30
f 13/493/31 14/494/31 15/41/31
f 16/495/32 17/496/32 18/271/32
f 19/96/33 20/497/33 21/498/33
f 22/59/34 23/499/34 24/500/34
f 25/299/35 26/501/35 27/502/35 28/503/35
f 29/54/35 30/504/35 31/505/35 32/506/35
f 33/480/24 34/55/24 35/84/24 36/121/24
f 37/14/24 38/300/24 39/56/24 40/479/24
f 41/91/12 42/48/12 43/5/12 44/62/12
f 45/95/12 46/92/12 47/61/12 48/2/12
f 49/66/36 50/63/36 51/8/36 52/216/36
f 53/42/36 54/3/36 55/64/36 56/65/36
f 57/507/37 58/325/37 59/508/37
f 60/509/37 61/174/37 62/510/37 63/511/37
f 64/512/37 65/170/37 66/513/37 67/514/37
f 68/515/37 69/166/37 70/516/37 71/517/37
f 72/518/37 73/162/37 74/519/37 75/520/37
f 76/521/37 77/158/37 78/522/37 79/523/37
f 80/524/37 81/525/37 82/526/37 83/527/37
f 84/151/38 85/528/38 86/529/38 87/530/38
f 88/296/38 89/531/38 90/532/38 91/533/38
f 92/119/38 93/534/38 94/535/38 95/536/38
f 96/292/38 97/537/38 98/538/38 99/539/38
f 100/288/38 101/540/38 102/541/38 103/542/38
f 104/284/38 105/543/38 106/544/38 107/545/38
f 108/546/38 109/280/38 110/547/38 111/548/38
f 112/549/39 113/550/39 114/551/39 115/552/39
f 116/159/39 117/553/39 118/554/39 119/555/39
f 120/163/39 121/556/39 122/557/39 123/558/39
f 124/167/39 125/559/39 126/560/39 127/561/39
f 128/171/39 129/562/39 130/563/39 131/564/39
f 132/175/39 133/565/39 134/566/39 135/567/39
f 136/568/39 137/250/39 138/569/39
f 139/570/40 140/571/41 141/572/40 142/247/40
f 143/573/40 144/574/40 145/575/40 146/387/40
f 147/576/40 148/577/40 149/578/40 150/335/40
f 151/579/40 152/580/40 153/581/40 154/339/40
f 155/582/40 156/583/40 157/584/40 158/343/40
f 159/585/40 160/586/40 161/587/41 162/347/41
f 163/22/40 164/588/40 165/589/40 166/590/40
f 167/43/5 168/68/5 169/380/5 170/251/5
f 171/252/5 172/383/5 173/220/5 174/255/5
f 175/256/5 176/223/5 177/224/5 178/259/5
f 179/260/5 180/227/5 181/228/5 182/263/5
f 183/264/5 184/231/5 185/232/5 186/267/5
f 187/268/5 188/235/5 189/236/5 190/275/5
f 191/74/5 192/276/5 193/239/5 194/77/5
f 195/219/5 196/240/5 197/381/5 198/67/5
f 199/382/5 200/243/5 201/390/5 202/221/5
f 203/222/5 204/393/5 205/197/5 206/225/5
f 207/226/5 208/200/5 209/201/5 210/229/5
f 211/230/5 212/204/5 213/205/5 214/233/5
f 215/234/5 216/208/5 217/209/5 218/237/5
f 219/29/5 220/78/5 221/238/5 222/212/5
f 223/385/42 224/391/42 225/242/42 226/397/42
f 227/384/42 228/193/42 229/198/42 230/392/42
f 231/192/42 232/190/42 233/202/42 234/199/42
f 235/189/42 236/184/42 237/206/42 238/203/42
f 239/183/42 240/379/42 241/210/42 242/207/42
f 243/187/39 244/395/39 245/249/39 246/386/39
f 247/188/39 248/389/39 249/334/39 250/396/39
f 251/337/39 252/338/39 253/191/39
f 254/341/39 255/342/39 256/185/39
f 257/186/39 258/345/39 259/346/39 260/181/39
f 261/15/2 262/482/2 263/330/2 264/303/2
f 265/304/2 266/333/2 267/125/2 268/307/2
f 269/308/2 270/128/2 271/129/2 272/311/2
f 273/312/2 274/132/2 275/133/2 276/315/2
f 277/316/2 278/136/2 279/137/2 280/319/2
f 281/320/2 282/140/2 283/141/2 284/323/2
f 285/94/2 286/324/2 287/144/2 288/89/2
f 289/124/2 290/145/2 291/331/2 292/481/2
f 293/332/2 294/148/2 295/350/2 296/126/2
f 297/127/2 298/353/2 299/101/2 300/130/2
f 301/131/2 302/104/2 303/105/2 304/134/2
f 305/135/2 306/108/2 307/109/2 308/138/2
f 309/139/2 310/112/2 311/113/2 312/142/2
f 313/45/2 314/90/2 315/143/2 316/116/2
f 317/591/38 318/592/38 319/147/38 320/593/38
f 321/594/38 322/595/38 323/596/38 324/352/38
f 325/597/38 326/598/38 327/599/38 328/103/38
f 329/600/38 330/601/38 331/602/38 332/107/38
f 333/603/38 334/604/38 335/605/38 336/111/38
f 337/606/37 338/181/37 339/181/37 340/606/37
f 341/120/37 342/607/37 343/608/37
f 344/293/37 345/609/37 346/610/37
f 347/611/37 348/611/37 349/188/37 350/188/37
f 351/187/37 352/187/37 353/612/37 354/612/37
f 355/613/43 356/613/43 357/614/43 358/82/43 359/615/43
f 360/98/5 361/36/5 362/435/5
f 363/35/5 364/87/5 365/436/5
f 366/616/43 367/617/43 368/618/43 369/420/43 370/619/43
f 371/442/2 372/424/2 373/458/2
f 374/439/44 375/461/45 376/421/46 377/40/44 378/149/44
f 379/423/2 380/354/2 381/459/2
f 382/357/47 383/122/47 384/83/47 385/422/48 386/460/49
f 387/456/2 388/448/2 389/429/2
f 390/455/50 391/60/50 392/49/50 393/10/50 394/445/50
f 395/70/2 396/430/2 397/447/2
f 398/9/50 399/6/50 400/47/50 401/71/50 402/446/50
f 403/444/5 404/432/5 405/450/5
f 406/443/51 407/453/51 408/11/51 409/52/51 410/270/51
f 411/431/5 412/326/5 413/451/5
f 414/329/51 415/217/51 416/7/51 417/12/51 418/452/51
f 419/401/52 420/327/52 421/434/52
f 422/400/53 423/416/53 424/469/53 425/449/53
f 426/468/54 427/398/54 428/241/54 429/218/54 430/328/54
f 431/100/55 432/30/55 433/211/55 434/378/55 435/404/55 436/194/55
f 437/403/56 438/471/56 439/474/56 440/195/56
f 441/97/57 442/196/57 443/473/57 444/33/57
f 445/405/58 446/213/58 447/273/58 448/246/58 449/394/58
f 450/406/59 451/415/59 452/399/59 453/214/59
f 454/402/60 455/433/60 456/215/60
f 457/472/61 458/88/61 459/34/61
f 460/475/62 461/470/62 462/407/62
f 463/21/63 464/410/63 465/182/63 466/349/63
f 467/355/64 468/426/64 469/413/64 470/476/64
f 471/620/65 472/621/65 473/622/65 474/620/65
f 475/623/66 476/624/66 477/625/66 478/626/66 479/627/66 480/123/66
f 481/628/67 482/629/67 483/115/67 484/630/67 485/628/67 486/628/67
f 487/469/68 488/416/68 489/416/68 490/463/68
f 491/631/69 492/632/69 493/633/69 494/633/69
f 495/634/70 496/635/70 497/636/70 498/636/70 499/637/70 500/634/70
f 501/637/71 502/638/71 503/411/71 504/639/71
f 505/441/72 506/467/72 507/414/72 508/425/72
f 509/640/73 510/415/73 511/415/73 512/640/73
f 513/415/74 514/415/74 515/406/74 516/417/74
f 517/640/75 518/640/75 519/405/75 520/641/75 521/641/75 522/641/75
f 7/488/76 1/483/76 3/485/76 8/489/76
f 594/642/77 587/643/77 589/644/77 591/645/77
f 37/14/24 9/13/24 8/301/24 38/300/24
f 80/524/37 7/488/37 9/490/37 81/525/37
f 111/646/38 23/499/38 22/59/38 108/58/38
f 48/2/12 20/1/12 19/96/12 45/95/12
f 13/245/78 21/244/78 20/1/78 14/4/78
f 24/500/2 23/499/2 582/499/2 580/500/2
f 53/42/36 15/41/17 14/4/17 54/3/36
f 138/569/39 13/493/39 15/41/39 136/44/39
f 166/590/40 6/487/79 5/23/79 163/22/40
f 2/647/16 26/501/35 25/299/35 3/298/16
f 27/648/35 30/504/35 29/54/35 28/53/35
f 33/480/24 40/479/24 39/56/24 34/55/24
f 44/62/12 47/61/12 46/92/12 41/91/12
f 49/66/36 56/65/36 55/64/36 50/63/36
f 194/77/5 27/80/5 26/75/5 191/74/5
f 219/29/5 31/32/5 30/79/5 220/78/5
f 47/61/1 55/64/1 54/3/1 48/2/1
f 43/5/1 51/8/1 50/63/1 44/62/1
f 288/89/2 46/92/2 45/95/2 285/94/2
f 313/45/2 42/48/2 41/91/2 314/90/2
f 28/53/7 39/56/7 38/300/7 25/299/7
f 32/81/7 35/84/7 34/55/7 29/54/7
f 21/498/37 57/507/37 59/93/37 19/96/37
f 57/507/37 60/649/37 63/322/37 58/325/37
f 61/174/37 64/173/37 67/650/37 62/510/37
f 65/170/37 68/169/37 71/651/37 66/513/37
f 69/166/37 72/165/37 75/652/37 70/516/37
f 73/162/37 76/161/37 79/653/37 74/519/37
f 77/158/37 83/157/37 82/654/37 78/522/37
f 11/492/38 85/528/38 84/151/38 12/150/38
f 86/655/38 89/531/38 88/296/38 87/295/38
f 90/656/38 93/534/38 92/119/38 91/118/38
f 94/657/38 97/537/38 96/292/38 95/291/38
f 98/658/38 101/540/38 100/288/38 99/287/38
f 102/659/38 105/543/38 104/284/38 103/283/38
f 106/660/38 110/547/38 109/280/38 107/279/38
f 1/483/39 112/549/39 115/552/39 2/484/39
f 113/160/39 116/159/39 119/555/39 114/661/39
f 117/164/39 120/163/39 123/558/39 118/662/39
f 121/168/39 124/167/39 127/561/39 122/663/39
f 125/172/39 128/171/39 131/564/39 126/664/39
f 129/176/39 132/175/39 135/567/39 130/665/39
f 133/666/39 138/569/39 137/250/39 134/253/39
f 17/496/79 140/667/41 139/272/40 18/271/79
f 141/572/40 144/668/40 143/248/40 142/247/40
f 145/575/40 148/669/40 147/388/40 146/387/40
f 149/578/40 152/670/40 151/336/40 150/335/40
f 153/581/40 156/671/40 155/340/40 154/339/40
f 157/584/40 160/672/40 159/344/40 158/343/40
f 161/587/41 165/673/40 164/348/40 162/347/41
f 56/65/5 168/68/5 167/43/5 53/42/5
f 169/380/5 172/383/5 171/252/5 170/251/5
f 173/220/5 176/223/5 175/256/5 174/255/5
f 177/224/5 180/227/5 179/260/5 178/259/5
f 181/228/5 184/231/5 183/264/5 182/263/5
f 185/232/5 188/235/5 187/268/5 186/267/5
f 189/236/5 193/239/5 192/276/5 190/275/5
f 52/216/5 195/219/5 198/67/5 49/66/5
f 196/240/5 200/243/5 199/382/5 197/381/5
f 201/390/5 204/393/5 203/222/5 202/221/5
f 205/197/5 208/200/5 207/226/5 206/225/5
f 209/201/5 212/204/5 211/230/5 210/229/5
f 213/205/5 216/208/5 215/234/5 214/233/5
f 217/209/5 222/212/5 221/238/5 218/237/5
f 223/385/42 227/384/42 230/392/42 224/391/42
f 228/193/42 231/192/42 234/199/42 229/198/42
f 232/190/42 235/189/42 238/203/42 233/202/42
f 236/184/42 239/183/42 242/207/42 237/206/42
f 246/386/39 248/389/39 247/188/39 243/187/39
f 249/334/39 251/337/39 253/191/39 250/396/39
f 252/338/39 254/341/39 256/185/39 253/191/39
f 255/342/39 258/345/39 257/186/39 256/185/39
f 40/479/2 262/482/2 261/15/2 37/14/2
f 263/330/2 266/333/2 265/304/2 264/303/2
f 267/125/2 270/128/2 269/308/2 268/307/2
f 271/129/2 274/132/2 273/312/2 272/311/2
f 275/133/2 278/136/2 277/316/2 276/315/2
f 279/137/2 282/140/2 281/320/2 280/319/2
f 283/141/2 287/144/2 286/324/2 284/323/2
f 36/121/2 289/124/2 292/481/2 33/480/2
f 290/145/2 294/148/2 293/332/2 291/331/2
f 295/350/2 298/353/2 297/127/2 296/126/2
f 299/101/2 302/104/2 301/131/2 300/130/2
f 303/105/2 306/108/2 305/135/2 304/134/2
f 307/109/2 310/112/2 309/139/2 308/138/2
f 311/113/2 316/116/2 315/143/2 312/142/2
f 317/674/38 321/594/38 324/352/38 318/351/38
f 322/675/38 325/597/38 328/103/38 323/102/38
f 326/676/38 329/600/38 332/107/38 327/106/38
f 330/677/38 333/603/38 336/111/38 331/110/38
f 340/117/37 341/120/37 343/608/37 337/678/37
f 342/290/37 344/293/37 346/610/37 343/608/37
f 345/286/37 348/289/37 347/679/37 346/610/37
f 349/188/37 352/187/37 351/187/37 350/188/37
f 318/351/2 295/350/2 294/148/2 319/147/2
f 323/102/2 299/101/2 298/353/2 324/352/2
f 327/106/2 303/105/2 302/104/2 328/103/2
f 331/110/2 307/109/2 306/108/2 332/107/2
f 335/114/2 311/113/2 310/112/2 336/111/2
f 291/331/2 263/330/2 262/482/2 292/481/2
f 296/126/2 267/125/2 266/333/2 293/332/2
f 300/130/2 271/129/2 270/128/2 297/127/2
f 304/134/2 275/133/2 274/132/2 301/131/2
f 308/138/2 279/137/2 278/136/2 305/135/2
f 312/142/2 283/141/2 282/140/2 309/139/2
f 314/90/2 288/89/2 287/144/2 315/143/2
f 264/303/2 82/302/2 81/16/2 261/15/2
f 268/307/2 79/306/2 78/305/2 265/304/2
f 272/311/2 75/310/2 74/309/2 269/308/2
f 276/315/2 71/314/2 70/313/2 273/312/2
f 280/319/2 67/318/2 66/317/2 277/316/2
f 284/323/2 63/322/2 62/321/2 281/320/2
f 285/94/2 59/93/2 58/325/2 286/324/2
f 224/391/5 201/390/5 200/243/5 225/242/5
f 229/198/5 205/197/5 204/393/5 230/392/5
f 233/202/5 209/201/5 208/200/5 234/199/5
f 237/206/5 213/205/5 212/204/5 238/203/5
f 241/210/5 217/209/5 216/208/5 242/207/5
f 197/381/5 169/380/5 168/68/5 198/67/5
f 202/221/5 173/220/5 172/383/5 199/382/5
f 206/225/5 177/224/5 176/223/5 203/222/5
f 210/229/5 181/228/5 180/227/5 207/226/5
f 214/233/5 185/232/5 184/231/5 211/230/5
f 218/237/5 189/236/5 188/235/5 215/234/5
f 220/78/5 194/77/5 193/239/5 221/238/5
f 170/251/5 137/250/5 136/44/5 167/43/5
f 174/255/5 135/254/5 134/253/5 171/252/5
f 178/259/5 131/258/5 130/257/5 175/256/5
f 182/263/5 127/262/5 126/261/5 179/260/5
f 186/267/5 123/266/5 122/265/5 183/264/5
f 190/275/5 119/274/5 118/269/5 187/268/5
f 191/74/5 115/73/5 114/277/5 192/276/5
f 160/364/1 90/363/1 530/363/1 571/364/1
f 161/587/5 160/586/5 571/586/5 574/587/5
f 98/538/2 97/537/2 535/537/2 538/538/2
f 156/368/1 94/367/1 534/367/1 567/368/1
f 148/376/1 102/375/1 542/375/1 559/376/1
f 540/680/3 561/681/3 560/682/3 541/683/3
f 145/575/5 144/574/5 555/574/5 558/575/5
f 83/157/9 113/160/9 112/549/9 80/524/9
f 76/161/9 117/164/9 116/159/9 77/158/9
f 72/165/9 121/168/9 120/163/9 73/162/9
f 68/169/9 125/172/9 124/167/9 69/166/9
f 64/173/9 129/176/9 128/171/9 65/170/9
f 60/177/9 133/180/9 132/175/9 61/174/9
f 146/387/5 246/386/5 245/249/5 143/248/5
f 150/335/5 249/334/5 248/389/5 147/388/5
f 154/339/5 252/338/5 251/337/5 151/336/5
f 158/343/5 255/342/5 254/341/5 155/340/5
f 162/347/5 259/346/5 258/345/5 159/344/5
f 91/118/2 340/117/2 339/297/2 88/296/2
f 95/291/2 342/290/2 341/120/2 92/119/2
f 99/287/2 345/286/2 344/293/2 96/292/2
f 103/283/2 349/282/2 348/289/2 100/288/2
f 107/279/2 353/278/2 352/285/2 104/284/2
f 325/190/3 232/190/3 231/192/3 326/192/3
f 350/188/9 247/188/9 250/396/9 347/396/9
f 321/184/3 236/184/3 235/189/3 322/189/3
f 320/379/3 240/379/3 239/183/3 317/183/3
f 333/385/3 223/385/3 226/397/3 334/397/3
f 260/181/9 338/181/9 337/186/9 257/186/9
f 243/187/9 351/187/9 354/395/9 244/395/9
f 227/384/3 330/384/3 329/193/3 228/193/3
f 419/401/80 422/400/80 425/449/80 420/327/80
f 424/469/81 426/468/81 430/328/81 425/449/81
f 441/97/82 431/100/82 436/194/82 442/196/82
f 435/404/83 437/403/83 440/195/83 436/194/83
f 439/474/84 443/473/84 442/196/84 440/195/84
f 445/405/85 450/406/85 453/214/85 446/213/85
f 452/399/86 454/402/86 456/215/86 453/214/86
f 457/472/87 460/475/87 462/407/87 458/88/87
f 475/356/88 467/355/88 470/476/88 476/478/88
f 469/413/89 471/412/89 474/477/89 470/476/89
f 473/622/90 477/621/90 476/478/90 474/477/90
f 491/69/91 481/72/91 486/684/91 492/628/91
f 485/468/92 487/469/92 490/463/92 486/462/92
f 489/416/93 493/416/93 492/464/93 490/463/93
f 505/441/94 495/440/94 500/465/94 506/467/94
f 499/637/95 501/685/95 504/466/95 500/465/95
f 503/411/96 507/414/96 506/467/96 504/466/96
f 517/640/97 509/686/97 512/417/97 518/418/97
f 511/415/98 513/415/98 516/417/98 512/417/98
f 515/406/99 519/405/99 518/418/99 516/417/99
f 355/99/2 360/98/2 362/435/2 356/438/2
f 361/36/5 363/35/5 365/436/5 362/435/5
f 364/87/2 366/86/2 370/437/2 365/436/2
f 369/420/35 357/419/35 356/687/35 370/619/35
f 374/439/5 371/442/5 373/458/5 375/461/5
f 372/424/2 379/423/2 381/459/2 373/458/2
f 380/354/5 382/357/5 386/460/5 381/459/5
f 385/422/48 376/421/46 375/461/45 386/460/49
f 387/456/5 390/455/5 394/445/5 388/448/5
f 393/10/12 398/9/12 402/446/12 394/445/12
f 401/71/5 395/70/5 397/447/5 402/446/19
f 396/430/2 389/429/2 388/448/2 397/447/2
f 406/443/2 403/444/2 405/450/2 407/453/2
f 404/432/5 411/431/5 413/451/5 405/450/5
f 412/326/2 414/329/2 418/452/2 413/451/2
f 417/12/17 408/11/17 407/453/17 418/452/17
f 444/33/5 361/36/5 360/98/5 441/97/5
f 359/31/5 432/30/5 431/100/5 355/99/5
f 463/21/4 367/24/6 366/86/100 464/85/100
f 363/35/5 459/34/5 458/88/5 364/87/5
f 494/427/2 396/430/2 395/70/2 491/69/2
f 400/47/2 482/46/2 481/72/2 401/71/2
f 522/57/2 391/60/2 390/455/2 517/454/2
f 389/429/2 510/428/2 509/457/2 387/456/2
f 411/431/5 421/434/5 420/327/5 412/326/5
f 429/218/5 415/217/5 414/329/5 430/328/5
f 410/270/5 447/273/5 446/213/5 406/443/5
f 455/433/5 404/432/5 403/444/5 456/215/5
f 379/423/2 468/426/2 467/355/2 380/354/2
f 480/123/2 383/122/2 382/357/2 475/356/2
f 378/149/2 496/152/2 495/440/2 374/439/2
f 508/425/2 372/424/2 371/442/2 505/441/2
f 502/638/101 472/688/101 471/412/101 503/411/101
f 468/426/102 508/425/102 507/414/102 469/413/102
f 510/415/103 494/416/103 493/416/103 511/415/103
f 488/416/104 514/415/104 513/415/104 489/416/104
f 451/415/105 423/416/105 422/400/105 452/399/105
f 421/434/106 455/433/106 454/402/106 419/401/106
f 459/34/107 444/33/107 443/473/107 457/472/107
f 438/471/108 461/470/108 460/475/108 439/474/108
f 484/398/109 427/398/109 426/468/109 485/468/109
f 423/416/110 488/416/110 487/469/110 424/469/110
f 472/471/111 438/471/111 437/403/111 473/403/111
f 434/378/112 478/378/112 477/404/112 435/404/112
f 461/470/113 502/470/113 501/408/113 462/407/113
f 498/182/114 465/182/114 464/410/114 499/409/114
f 449/394/115 520/394/115 519/405/115 445/405/115
f 514/415/116 451/415/116 450/406/116 515/406/116
f 31/689/35 359/615/35 358/82/35 32/81/35
f 357/419/7 385/422/7 384/83/7 358/82/7
f 383/122/24 36/121/24 35/84/24 384/83/24
f 222/212/5 433/211/5 432/30/5 219/29/5
f 368/37/7 377/40/7 376/421/7 369/420/7
f 466/349/5 164/348/5 163/22/5 463/21/4
f 4/486/35 368/690/35 367/24/35 5/23/35
f 12/150/24 378/149/24 377/40/24 10/39/24
f 87/295/2 497/294/2 496/152/2 84/151/2
f 479/146/2 290/145/2 289/124/2 480/123/2
f 408/11/1 393/10/1 392/49/1 409/52/1
f 391/60/12 22/59/12 24/50/12 392/49/12
f 18/271/36 410/270/36 409/52/36 16/51/36
f 416/7/1 399/6/1 398/9/1 417/12/1
f 521/281/2 109/280/2 108/58/2 522/57/2
f 316/116/2 483/115/2 482/46/2 313/45/2
f 399/6/12 43/5/12 42/48/12 400/47/12
f 415/217/36 52/216/36 51/8/36 416/7/36
f 142/247/5 448/246/5 447/273/5 139/272/5
f 428/241/5 196/240/5 195/219/5 429/218/5
f 225/242/42 428/241/42 427/398/42 226/397/42
f 483/115/38 335/114/38 334/691/38 484/630/38
f 433/211/42 241/210/42 240/379/42 434/378/42
f 319/147/38 479/146/38 478/692/38 320/593/38
f 448/246/39 245/249/39 244/395/39 449/394/39
f 353/395/37 521/693/37 520/394/37 354/395/37
f 259/346/39 466/349/39 465/182/39 260/181/39
f 497/694/37 339/181/37 338/181/37 498/182/37
f 7/488/9 80/524/9 112/549/9 1/483/9
f 110/358/7 141/361/7 554/361/7 547/358/7
f 105/374/7 145/377/7 558/377/7 543/374/7
f 101/370/7 149/373/7 562/373/7 539/370/7
f 97/366/7 153/369/7 566/369/7 535/366/7
f 93/362/7 157/365/7 570/365/7 531/362/7
f 89/153/7 161/156/7 574/156/7 527/153/7
f 85/25/7 166/28/7 578/28/7 523/25/7
f 90/532/2 89/531/2 527/531/2 530/532/2
f 149/578/5 148/577/5 559/577/5 562/578/5
f 94/535/2 93/534/2 531/534/2 534/535/2
f 544/695/3 557/696/3 556/697/3 545/698/3
f 165/155/1 86/154/1 526/154/1 575/155/1
f 528/699/3 573/700/3 572/701/3 529/702/3
f 166/590/5 165/589/5 575/589/5 578/590/5
f 532/703/3 569/704/3 568/705/3 533/706/3
f 140/19/1 111/18/1 550/18/1 551/19/1
f 141/572/5 140/571/5 551/571/5 554/572/5
f 153/581/5 152/580/5 563/580/5 566/581/5
f 144/360/1 106/359/1 546/359/1 555/360/1
f 111/548/2 110/547/2 547/547/2 550/548/2
f 548/707/3 553/708/3 552/709/3 549/710/3
f 536/711/3 565/712/3 564/713/3 537/714/3
f 102/541/2 101/540/2 539/540/2 542/541/2
f 16/51/117 24/50/117 580/50/117 586/51/117
f 106/544/2 105/543/2 543/543/2 546/544/2
f 157/584/5 156/583/5 567/583/5 570/584/5
f 524/715/3 577/716/3 576/717/3 525/718/3
f 152/372/1 98/371/1 538/371/1 563/372/1
f 524/715/38 525/718/38 526/154/38 523/25/38
f 528/699/38 529/702/38 530/363/38 527/153/38
f 532/703/38 533/706/38 534/367/38 531/362/38
f 536/711/38 537/714/38 538/371/38 535/366/38
f 540/680/38 541/683/38 542/375/38 539/370/38
f 544/695/38 545/698/38 546/359/38 543/374/38
f 548/707/38 549/710/38 550/18/38 547/358/38
f 552/709/118 553/708/118 554/361/118 551/19/118
f 556/697/118 557/696/118 558/377/118 555/360/118
f 560/682/118 561/681/118 562/373/118 559/376/118
f 564/713/118 565/712/118 566/369/118 563/372/118
f 568/705/118 569/704/118 570/365/118 567/368/118
f 572/701/119 573/700/119 574/156/119 571/364/119
f 576/717/118 577/716/118 578/28/118 575/155/118
f 547/358/77 554/361/77 553/708/77 548/707/77
f 551/19/14 550/18/14 549/710/14 552/709/14
f 543/374/120 558/377/120 557/696/120 544/695/120
f 555/360/14 546/359/14 545/698/14 556/697/14
f 539/370/77 562/373/77 561/681/77 540/680/77
f 559/376/14 542/375/14 541/683/14 560/682/14
f 535/366/77 566/369/77 565/712/77 536/711/77
f 563/372/14 538/371/14 537/714/14 564/713/14
f 531/362/120 570/365/120 569/704/120 532/703/120
f 567/368/14 534/367/14 533/706/14 568/705/14
f 527/153/77 574/156/77 573/700/77 528/699/77
f 571/364/14 530/363/14 529/702/14 572/701/14
f 523/25/77 578/28/77 577/716/77 524/715/77
f 575/155/14 526/154/14 525/718/14 576/717/14
f 86/529/2 85/528/2 523/528/2 526/529/2
f 10/39/121 4/38/121 592/38/121 590/39/121
f 23/17/122 17/20/122 584/20/122 582/17/122
f 17/496/5 16/495/5 586/495/5 584/496/5
f 582/17/123 584/20/123 583/719/123 581/720/123
f 586/51/124 580/50/124 579/721/124 585/722/124
f 585/722/125 583/719/125 584/723/125 586/51/125
f 581/720/126 579/721/126 580/50/126 582/724/126
f 581/720/127 583/719/127 585/722/127 579/721/127
f 6/27/128 11/26/128 588/26/128 593/27/128
f 4/486/5 6/487/5 593/487/5 592/486/5
f 594/642/129 591/645/129 592/38/129 593/725/129
f 593/726/130 588/727/130 587/643/130 594/642/130
f 590/39/131 592/38/131 591/645/131 589/644/131
f 589/644/132 587/643/132 588/728/132 590/39/132
f 11/492/133 10/491/133 590/491/133 588/492/133
o Cube.002
v -121.048355 6.582585 54.966019
v -121.048355 6.727724 55.006622
v -121.413170 6.727724 54.966019
v -121.413170 15.800494 54.966011
v -121.048355 15.800494 55.006622
v -121.048355 15.945633 54.966011
v -121.048355 6.582585 52.427734
v -121.413170 6.727723 52.427734
v -121.048355 6.727723 52.387123
v -121.413170 15.800493 52.427727
v -121.048355 15.945632 52.427727
v -121.048355 15.800493 52.387123
v -98.243073 6.582585 54.966019
v -97.878258 6.727724 54.966019
v -98.243073 6.727724 55.006622
v -97.878258 15.800494 54.966011
v -98.243073 15.945633 54.966011
v -98.243073 15.800494 55.006622
v -98.243073 6.727723 52.387123
v -97.878258 6.727723 52.427734
v -98.243073 6.582585 52.427734
v -98.243073 15.800493 52.387123
v -98.243073 15.945632 52.427727
v -97.878258 15.800493 52.427727
v -121.413170 8.310056 54.966019
v -121.048355 8.310056 55.006622
v -121.048355 8.600333 55.006622
v -121.413170 8.600333 54.966019
v -121.413170 10.182666 54.966019
v -121.048355 10.182666 55.006622
v -121.048355 10.472942 55.006622
v -121.413170 10.472942 54.966019
v -121.048355 10.182665 52.387123
v -121.413170 10.182665 52.427727
v -121.413170 10.472942 52.427727
v -121.048355 10.472942 52.387123
v -121.048355 8.310055 52.387123
v -121.413170 8.310055 52.427727
v -121.413170 8.600332 52.427727
v -121.048355 8.600332 52.387123
v -98.243073 10.182665 52.387123
v -98.243073 10.472942 52.387123
v -97.878258 10.472942 52.427727
v -97.878258 10.182665 52.427727
v -98.243073 8.310055 52.387123
v -98.243073 8.600332 52.387123
v -97.878258 8.600332 52.427727
v -97.878258 8.310055 52.427727
v -98.243073 10.182666 55.006622
v -97.878258 10.182666 54.966019
v -97.878258 10.472942 54.966019
v -98.243073 10.472942 55.006622
v -98.243073 8.310056 55.006622
v -97.878258 8.310056 54.966019
v -97.878258 8.600333 54.966019
v -98.243073 8.600333 55.006622
v -100.820122 6.582585 52.427734
v -101.184937 6.727723 52.387123
v -100.455307 6.727723 52.387123
v -103.397163 6.582585 52.427734
v -104.126808 6.582585 52.427734
v -104.126808 6.727723 52.387123
v -103.397163 6.727723 52.387123
v -106.339027 6.582585 52.427734
v -107.068672 6.582585 52.427734
v -107.068672 6.727723 52.387123
v -106.339027 6.727723 52.387123
v -109.280899 6.582585 52.427734
v -110.010536 6.582585 52.427734
v -110.010536 6.727723 52.387123
v -109.280899 6.727723 52.387123
v -112.222763 6.582585 52.427734
v -112.952400 6.582585 52.427734
v -112.952400 6.727723 52.387123
v -112.222763 6.727723 52.387123
v -115.164619 6.582585 52.427734
v -115.894264 6.582585 52.427734
v -115.894264 6.727723 52.387123
v -115.164619 6.727723 52.387123
v -118.836128 6.582585 52.427734
v -118.836128 6.727723 52.387123
v -118.106491 6.727723 52.387123
v -118.106491 6.582585 52.427734
v -118.814346 15.800493 52.387123
v -118.836128 15.945632 52.427727
v -118.106491 15.945632 52.427727
v -118.083321 15.800493 52.387123
v -115.894264 15.800493 52.387123
v -115.894264 15.945632 52.427727
v -115.164619 15.945632 52.427727
v -115.164619 15.800493 52.387123
v -112.952400 15.800493 52.387123
v -112.952400 15.945632 52.427727
v -112.222763 15.945632 52.427727
v -112.222763 15.800493 52.387123
v -110.010536 15.800493 52.387123
v -110.010536 15.945632 52.427727
v -109.280899 15.945632 52.427727
v -109.280899 15.800493 52.387123
v -107.068672 15.800493 52.387123
v -107.068672 15.945632 52.427727
v -106.339027 15.945632 52.427727
v -106.339027 15.800493 52.387123
v -104.126808 15.800493 52.387123
v -104.126808 15.945632 52.427727
v -103.397163 15.945632 52.427727
v -103.397163 15.800493 52.387123
v -100.477081 15.800493 52.387123
v -101.208099 15.800493 52.387123
v -101.184937 15.945632 52.427727
v -100.455307 15.945632 52.427727
v -118.836128 6.582585 54.966019
v -118.106491 6.582585 54.966019
v -118.106491 6.727724 55.006622
v -118.836128 6.727724 55.006622
v -115.894264 6.582585 54.966019
v -115.164619 6.582585 54.966019
v -115.164619 6.727724 55.006622
v -115.894264 6.727724 55.006622
v -112.952400 6.582585 54.966019
v -112.222763 6.582585 54.966019
v -112.222763 6.727724 55.006622
v -112.952400 6.727724 55.006622
v -110.010536 6.582585 54.966019
v -109.280899 6.582585 54.966019
v -109.280899 6.727724 55.006622
v -110.010536 6.727724 55.006622
v -107.068672 6.582585 54.966019
v -106.339027 6.582585 54.966019
v -106.339027 6.727724 55.006622
v -107.068672 6.727724 55.006622
v -104.126808 6.582585 54.966019
v -103.397163 6.582585 54.966019
v -103.397163 6.727724 55.006622
v -104.126808 6.727724 55.006622
v -100.455307 6.727724 55.006622
v -101.184937 6.727724 55.006622
v -100.820122 6.582585 54.966019
v -100.477081 15.800494 55.006622
v -100.455307 15.945633 54.966011
v -101.184937 15.945633 54.966011
v -101.208099 15.800494 55.006622
v -103.397163 15.800494 55.006622
v -103.397163 15.945633 54.966011
v -104.126808 15.945633 54.966011
v -104.126808 15.800494 55.006622
v -106.339027 15.800494 55.006622
v -106.339027 15.945633 54.966011
v -107.068672 15.945633 54.966011
v -107.068672 15.800494 55.006622
v -109.280899 15.800494 55.006622
v -109.280899 15.945633 54.966011
v -110.010536 15.945633 54.966011
v -110.010536 15.800494 55.006622
v -112.222763 15.800494 55.006622
v -112.222763 15.945633 54.966011
v -112.952400 15.945633 54.966011
v -112.952400 15.800494 55.006622
v -115.164619 15.800494 55.006622
v -115.164619 15.945633 54.966011
v -115.894264 15.945633 54.966011
v -115.894264 15.800494 55.006622
v -118.814346 15.800494 55.006622
v -118.083321 15.800494 55.006622
v -118.106491 15.945633 54.966011
v -118.836128 15.945633 54.966011
v -100.455307 8.310056 55.006622
v -100.455307 8.600333 55.006622
v -101.184937 8.600333 55.006622
v -101.184937 8.310056 55.006622
v -103.397163 8.310056 55.006622
v -103.397163 8.600333 55.006622
v -104.126808 8.600333 55.006622
v -104.126808 8.310056 55.006622
v -106.339027 8.310056 55.006622
v -106.339027 8.600333 55.006622
v -107.068672 8.600333 55.006622
v -107.068672 8.310056 55.006622
v -109.280899 8.310056 55.006622
v -109.280899 8.600333 55.006622
v -110.010536 8.600333 55.006622
v -110.010536 8.310056 55.006622
v -112.222763 8.310056 55.006622
v -112.222763 8.600333 55.006622
v -112.952400 8.600333 55.006622
v -112.952400 8.310056 55.006622
v -115.164619 8.310056 55.006622
v -115.164619 8.600333 55.006622
v -115.894264 8.600333 55.006622
v -115.894264 8.310056 55.006622
v -118.836128 8.310056 55.006622
v -118.106491 8.310056 55.006622
v -118.106491 8.600333 55.006622
v -118.836128 8.600333 55.006622
v -100.477081 10.472942 55.006622
v -101.208099 10.472942 55.006622
v -101.184937 10.182666 55.006622
v -100.455307 10.182666 55.006622
v -103.397163 10.182666 55.006622
v -103.397163 10.472942 55.006622
v -104.126808 10.472942 55.006622
v -104.126808 10.182666 55.006622
v -106.339027 10.182666 55.006622
v -106.339027 10.472942 55.006622
v -107.068672 10.472942 55.006622
v -107.068672 10.182666 55.006622
v -109.280899 10.182666 55.006622
v -109.280899 10.472942 55.006622
v -110.010536 10.472942 55.006622
v -110.010536 10.182666 55.006622
v -112.222763 10.182666 55.006622
v -112.222763 10.472942 55.006622
v -112.952400 10.472942 55.006622
v -112.952400 10.182666 55.006622
v -115.164619 10.182666 55.006622
v -115.164619 10.472942 55.006622
v -115.894264 10.472942 55.006622
v -115.894264 10.182666 55.006622
v -118.814346 10.472942 55.006622
v -118.836128 10.182666 55.006622
v -118.106491 10.182666 55.006622
v -118.083321 10.472942 55.006622
v -104.126808 12.200414 54.966019
v -104.126808 12.055275 55.006622
v -103.397163 12.055275 55.006622
v -103.397163 12.200414 54.966019
v -106.339027 12.200414 54.966019
v -107.068672 12.200414 54.966019
v -107.068672 12.055275 55.006622
v -106.339027 12.055275 55.006622
v -109.280899 12.200414 54.966019
v -110.010536 12.200414 54.966019
v -110.010536 12.055275 55.006622
v -109.280899 12.055275 55.006622
v -112.222763 12.200414 54.966019
v -112.952400 12.200414 54.966019
v -112.952400 12.055275 55.006622
v -112.222763 12.055275 55.006622
v -115.164619 12.200414 54.966019
v -115.894264 12.200414 54.966019
v -115.894264 12.055275 55.006622
v -115.164619 12.055275 55.006622
v -104.126808 14.073023 54.966019
v -103.397163 14.073023 54.966019
v -103.397163 14.218163 55.006622
v -104.126808 14.218163 55.006622
v -106.339027 14.073023 54.966019
v -106.339027 14.218163 55.006622
v -107.068672 14.218163 55.006622
v -107.068672 14.073023 54.966019
v -109.280899 14.218163 55.006622
v -110.010536 14.218163 55.006622
v -109.645714 14.073023 54.966019
v -112.222763 14.218163 55.006622
v -112.952400 14.218163 55.006622
v -112.587578 14.073023 54.966019
v -115.164619 14.073023 54.966019
v -115.164619 14.218163 55.006622
v -115.894264 14.218163 55.006622
v -115.894264 14.073023 54.966019
v -118.836128 8.310055 52.387123
v -118.836128 8.600332 52.387123
v -118.106491 8.600332 52.387123
v -118.106491 8.310055 52.387123
v -115.894264 8.310055 52.387123
v -115.894264 8.600332 52.387123
v -115.164619 8.600332 52.387123
v -115.164619 8.310055 52.387123
v -112.952400 8.310055 52.387123
v -112.952400 8.600332 52.387123
v -112.222763 8.600332 52.387123
v -112.222763 8.310055 52.387123
v -110.010536 8.310055 52.387123
v -110.010536 8.600332 52.387123
v -109.280899 8.600332 52.387123
v -109.280899 8.310055 52.387123
v -107.068672 8.310055 52.387123
v -107.068672 8.600332 52.387123
v -106.339027 8.600332 52.387123
v -106.339027 8.310055 52.387123
v -104.126808 8.310055 52.387123
v -104.126808 8.600332 52.387123
v -103.397163 8.600332 52.387123
v -103.397163 8.310055 52.387123
v -100.455307 8.310055 52.387123
v -101.184937 8.310055 52.387123
v -101.184937 8.600332 52.387123
v -100.455307 8.600332 52.387123
v -118.814346 10.472942 52.387123
v -118.083321 10.472942 52.387123
v -118.106491 10.182665 52.387123
v -118.836128 10.182665 52.387123
v -115.894264 10.182665 52.387123
v -115.894264 10.472942 52.387123
v -115.164619 10.472942 52.387123
v -115.164619 10.182665 52.387123
v -112.952400 10.182665 52.387123
v -112.952400 10.472942 52.387123
v -112.222763 10.472942 52.387123
v -112.222763 10.182665 52.387123
v -110.010536 10.182665 52.387123
v -110.010536 10.472942 52.387123
v -109.280899 10.472942 52.387123
v -109.280899 10.182665 52.387123
v -107.068672 10.182665 52.387123
v -107.068672 10.472942 52.387123
v -106.339027 10.472942 52.387123
v -106.339027 10.182665 52.387123
v -104.126808 10.182665 52.387123
v -104.126808 10.472942 52.387123
v -103.397163 10.472942 52.387123
v -103.397163 10.182665 52.387123
v -100.477081 10.472942 52.387123
v -100.455307 10.182665 52.387123
v -101.184937 10.182665 52.387123
v -101.208099 10.472942 52.387123
v -115.164619 12.200413 52.427727
v -115.164619 12.055275 52.387123
v -115.894264 12.055275 52.387123
v -115.894264 12.200413 52.427727
v -112.952400 12.200413 52.427727
v -112.222763 12.200413 52.427727
v -112.222763 12.055275 52.387123
v -112.952400 12.055275 52.387123
v -110.010536 12.200413 52.427727
v -109.280899 12.200413 52.427727
v -109.280899 12.055275 52.387123
v -110.010536 12.055275 52.387123
v -107.068672 12.200413 52.427727
v -106.339027 12.200413 52.427727
v -106.339027 12.055275 52.387123
v -107.068672 12.055275 52.387123
v -104.126808 12.200413 52.427727
v -103.397163 12.200413 52.427727
v -103.397163 12.055275 52.387123
v -104.126808 12.055275 52.387123
v -115.164619 14.073023 52.427727
v -115.894264 14.073023 52.427727
v -115.894264 14.218162 52.387123
v -115.164619 14.218162 52.387123
v -112.952400 14.218162 52.387123
v -112.222763 14.218162 52.387123
v -112.587578 14.073023 52.427727
v -110.010536 14.218162 52.387123
v -109.280899 14.218162 52.387123
v -109.645714 14.073023 52.427727
v -107.068672 14.073023 52.427727
v -107.068672 14.218162 52.387123
v -106.339027 14.218162 52.387123
v -106.339027 14.073023 52.427727
v -104.126808 14.073023 52.427727
v -104.126808 14.218162 52.387123
v -103.397163 14.218162 52.387123
v -103.397163 14.073023 52.427727
v -120.794388 12.252871 55.006622
v -121.048355 12.699881 55.006622
v -121.413170 12.230202 54.966019
v -121.413170 11.939925 54.966019
v -121.048355 11.952364 55.006622
v -120.897758 12.170626 55.006622
v -120.614410 12.460902 55.006622
v -121.344055 12.350026 55.006622
v -120.614410 13.812535 55.006622
v -120.843727 14.059823 55.006622
v -121.344055 13.923410 55.006622
v -120.794388 14.020566 55.006622
v -121.048355 14.321074 55.006622
v -121.413170 14.333511 54.966019
v -121.413170 14.043234 54.966019
v -121.048355 13.573557 55.006622
v -120.897758 14.102812 52.387123
v -120.758415 13.812535 52.387123
v -121.344055 13.923410 52.387123
v -120.794388 14.020565 52.387123
v -120.904358 13.573556 52.387123
v -121.413170 14.043234 52.427727
v -121.413170 14.333511 52.427727
v -121.048355 14.321073 52.387123
v -120.758415 12.460901 52.387123
v -120.897758 12.170625 52.387123
v -121.344055 12.350025 52.387123
v -120.794388 12.252871 52.387123
v -121.048355 11.952363 52.387123
v -121.413170 11.939924 52.427727
v -121.413170 12.230202 52.427727
v -120.904358 12.699881 52.387123
v -98.393669 14.102812 52.387123
v -97.916908 13.923410 52.387123
v -98.646545 13.812535 52.387123
v -98.497040 14.020565 52.387123
v -98.243073 14.321073 52.387123
v -97.878258 14.333511 52.427727
v -97.878258 14.043234 52.427727
v -98.243073 13.573556 52.387123
v -98.393669 12.170625 52.387123
v -98.646545 12.460901 52.387123
v -97.916908 12.350025 52.387123
v -97.878258 12.230202 52.427727
v -97.878258 11.939924 52.427727
v -98.243073 11.952363 52.387123
v -98.497040 12.252871 52.387123
v -98.243073 12.699881 52.387123
v -98.449272 14.058575 55.006622
v -98.646545 13.812535 55.006622
v -97.916908 13.923410 55.006622
v -98.478561 14.035267 55.006622
v -98.243073 13.573557 55.006622
v -97.878258 14.043234 54.966019
v -97.878258 14.333511 54.966019
v -98.243073 14.321074 55.006622
v -98.646545 12.460902 55.006622
v -98.449272 12.214863 55.006622
v -97.916908 12.350026 55.006622
v -98.478561 12.238171 55.006622
v -98.243073 11.952364 55.006622
v -97.878258 11.939925 54.966019
v -97.878258 12.230202 54.966019
v -98.243073 12.699881 55.006622
v -100.788147 12.460902 54.977905
v -101.028534 12.216633 55.006622
v -100.165359 12.460902 55.006622
v -100.562149 12.460902 55.003059
v -100.820122 12.460901 54.933739
v -101.078087 12.213135 54.953331
v -100.789200 12.217222 55.032928
v -100.852097 12.303042 54.928177
v -101.474884 12.200414 54.966019
v -101.453110 12.055275 55.006622
v -100.719833 12.040765 55.006622
v -100.551178 12.311584 55.006622
v -119.494141 12.299279 55.006622
v -118.571594 12.040765 55.006622
v -117.838326 12.055275 55.006622
v -117.816544 12.200414 54.966019
v -118.439331 12.303042 54.928177
v -119.030327 12.435535 54.969551
v -118.213341 12.213135 54.953331
v -118.471306 12.460901 54.933739
v -118.729279 12.460902 55.003059
v -118.518646 12.231968 55.026505
v -118.847374 12.170626 55.006622
v -118.006966 12.231968 54.969551
v -118.503281 12.460902 54.977905
v -119.126068 12.460902 55.006622
v -100.852097 13.970394 54.928177
v -100.551178 13.961852 55.006622
v -100.719833 14.232673 55.006622
v -101.453110 14.218163 55.006622
v -101.474884 14.073023 54.966019
v -101.078087 14.060303 54.953331
v -100.820122 13.812535 54.933739
v -100.562149 13.812535 55.003059
v -100.789200 14.056215 55.032928
v -100.788147 13.812535 54.977905
v -100.165359 13.812535 55.006622
v -101.028534 14.056805 55.006622
v -118.503281 13.812535 54.977905
v -118.256371 14.058104 55.006622
v -119.126068 13.812535 55.006622
v -118.729279 13.812535 55.003059
v -118.471306 13.812535 54.933739
v -118.220131 14.057600 55.002304
v -118.571594 14.232673 55.006622
v -118.499565 13.998499 55.000336
v -117.816544 14.073023 54.966019
v -117.838326 14.218163 55.006622
v -118.847374 12.170625 52.387123
v -119.126068 12.460901 52.387123
v -118.503281 12.460901 52.415840
v -118.006966 12.231968 52.424194
v -118.729279 12.460901 52.390686
v -118.471306 12.460901 52.460007
v -118.213341 12.213135 52.440414
v -118.518646 12.231968 52.367241
v -119.494141 12.299278 52.387123
v -119.030327 12.435534 52.424194
v -118.439331 12.303041 52.465569
v -117.816544 12.200413 52.427727
v -117.838326 12.055275 52.387123
v -118.571594 12.040764 52.387123
v -99.797287 12.299278 52.387123
v -100.719833 12.040764 52.387123
v -101.453110 12.055275 52.387123
v -101.474884 12.200413 52.427727
v -100.852097 12.303041 52.465569
v -100.261101 12.435534 52.424194
v -101.078087 12.213135 52.440414
v -100.820122 12.460901 52.460007
v -100.562149 12.460901 52.390686
v -100.772781 12.231968 52.367241
v -100.444061 12.170625 52.387123
v -101.284470 12.231968 52.424194
v -100.788147 12.460901 52.415840
v -100.165359 12.460901 52.387123
v -119.494141 13.974158 52.387123
v -118.571594 14.232672 52.387123
v -117.838326 14.218162 52.387123
v -117.816544 14.073023 52.427727
v -118.439331 13.970394 52.465569
v -119.030327 13.837902 52.424194
v -118.219872 14.057703 52.441139
v -118.471306 13.812535 52.460007
v -118.729279 13.812535 52.390686
v -118.518646 14.041468 52.367241
v -118.847374 14.102812 52.387123
v -118.006966 14.041468 52.424194
v -118.503281 13.812535 52.415840
v -119.126068 13.812535 52.387123
v -100.444061 14.102812 52.387123
v -100.165359 13.812535 52.387123
v -100.788147 13.812535 52.415840
v -101.284470 14.041468 52.424194
v -100.562149 13.812535 52.390686
v -100.820122 13.812535 52.460007
v -101.078087 14.060301 52.440414
v -100.772781 14.041468 52.367241
v -99.797287 13.974158 52.387123
v -100.261101 13.837902 52.424194
v -100.852097 13.970394 52.465569
v -101.474884 14.073023 52.427727
v -101.453110 14.218162 52.387123
v -100.719833 14.232672 52.387123
v -118.836128 16.056282 52.427727
v -118.550285 16.170000 52.459549
v -118.392334 16.170000 52.459549
v -118.106491 16.056282 52.427727
v -115.894264 16.056282 52.427727
v -115.608421 16.170000 52.459549
v -115.450470 16.170000 52.459549
v -115.164619 16.056282 52.427727
v -112.952400 16.056282 52.427727
v -112.666550 16.170000 52.459549
v -112.508606 16.170000 52.459549
v -112.222763 16.056282 52.427727
v -110.010536 16.056282 52.427727
v -109.724686 16.170000 52.459549
v -109.566742 16.170000 52.459549
v -109.280899 16.056282 52.427727
v -107.068672 16.056282 52.427727
v -106.782822 16.170000 52.459549
v -106.624878 16.170000 52.459549
v -106.339027 16.056282 52.427727
v -104.126808 16.056282 52.427727
v -103.840958 16.170000 52.459549
v -103.683006 16.170000 52.459549
v -103.397163 16.056282 52.427727
v -101.184937 16.056282 52.427727
v -100.899094 16.170000 52.459549
v -100.741150 16.170000 52.459549
v -100.455307 16.056282 52.427727
v -100.455307 16.056282 54.966011
v -100.741150 16.170002 54.934196
v -100.899094 16.170002 54.934196
v -101.184937 16.056282 54.966011
v -103.397163 16.056282 54.966011
v -103.683006 16.170002 54.934196
v -103.840958 16.170002 54.934196
v -104.126808 16.056282 54.966011
v -106.339027 16.056282 54.966011
v -106.624878 16.170002 54.934196
v -106.782822 16.170002 54.934196
v -107.068672 16.056282 54.966011
v -109.280899 16.056282 54.966011
v -109.566742 16.170002 54.934196
v -109.724686 16.170002 54.934196
v -110.010536 16.056282 54.966011
v -112.222763 16.056282 54.966011
v -112.508606 16.170002 54.934196
v -112.666550 16.170002 54.934196
v -112.952400 16.056282 54.966011
v -115.164619 16.056282 54.966011
v -115.450470 16.170002 54.934196
v -115.608421 16.170002 54.934196
v -115.894264 16.056282 54.966011
v -118.106491 16.056282 54.966011
v -118.392334 16.170002 54.934196
v -118.550285 16.170002 54.934196
v -118.836128 16.056282 54.966011
v -97.940636 16.053997 52.449913
v -97.833771 15.912302 52.427727
v -98.023605 16.087004 52.449913
v -98.198593 16.057438 52.427727
v -98.023605 16.087006 54.943832
v -98.198593 16.057442 54.966011
v -97.940636 16.053997 54.943832
v -97.833771 15.912302 54.966011
v -121.240616 16.029785 52.449310
v -121.070389 16.001026 52.427727
v -121.331261 15.993723 52.449310
v -121.435211 15.855886 52.427727
v -121.331261 15.993723 54.944435
v -121.435211 15.855887 54.966011
v -121.070389 16.001026 54.966011
v -121.240616 16.029785 54.944435
vn 1.0000 -0.0000 -0.0000
vn -0.0000 -0.0000 -1.0000
vn -0.0000 1.0000 -0.0000
vn -0.0000 0.0010 1.0000
vn -0.0000 -0.0000 1.0000
vn 0.0010 -0.0096 1.0000
vn -1.0000 -0.0000 -0.0000
vn -0.0010 0.0653 -0.9979
vn -0.0000 -1.0000 -0.0000
vn 0.0967 0.4860 0.8686
vn -0.0966 -0.4860 0.8686
vn 0.1106 -0.0000 -0.9939
vn -0.3697 -0.9292 -0.0000
vn 0.3697 0.9292 -0.0000
vn -0.2819 0.9594 -0.0086
vn -0.1106 -0.0000 0.9939
vn 0.1106 -0.0000 0.9939
vn -0.0967 -0.4860 -0.8686
vn -0.0966 0.4860 0.8686
vn -0.0967 0.4860 -0.8686
vn 0.0967 -0.4860 -0.8686
vn 0.3697 -0.9292 -0.0000
vn -0.1106 -0.0000 -0.9939
vn 0.0967 0.4860 -0.8686
vn -0.0969 0.4862 -0.8684
vn -0.1066 -0.2679 0.9575
vn -0.1066 0.2679 0.9575
vn -0.1066 -0.2679 -0.9575
vn -0.1066 0.2679 -0.9575
vn 0.1066 -0.2679 0.9575
vn 0.1066 0.2679 0.9575
vn 0.1066 -0.2679 -0.9575
vn 0.1066 0.2679 -0.9575
vn -0.0000 -0.2695 -0.9630
vn -0.0000 0.2694 -0.9630
vn -0.0000 -0.2694 0.9630
vn -0.0000 0.2695 0.9630
vn -0.0000 0.2694 0.9630
vn -0.0000 -0.2694 -0.9630
vn -0.0739 -0.0000 0.9973
vn -0.0743 -0.0103 -0.9972
vn -0.0751 -0.0088 -0.9971
vn -0.0786 -0.0019 -0.9969
vn -0.0744 0.0103 -0.9972
vn -0.0786 0.0019 -0.9969
vn -0.0751 0.0088 -0.9971
vn 0.0739 -0.0000 -0.9973
vn 0.0758 -0.0000 0.9971
vn -0.0455 0.1607 0.9860
vn -0.2497 0.3377 0.9075
vn -0.0499 0.2574 0.9650
vn 0.0394 0.2206 0.9746
vn 0.2423 0.3209 0.9156
vn 0.0429 0.0479 0.9979
vn -0.0499 -0.2574 0.9650
vn -0.2497 -0.3377 0.9075
vn -0.0455 -0.1607 0.9860
vn 0.0455 -0.1610 0.9859
vn 0.2287 -0.4725 0.8511
vn 0.0290 -0.1156 0.9929
vn 0.0429 0.0479 -0.9979
vn 0.2423 0.3209 -0.9156
vn 0.0394 0.2206 -0.9746
vn -0.0394 0.2206 -0.9746
vn -0.2423 0.3209 -0.9156
vn -0.0429 0.0479 -0.9979
vn 0.0394 -0.2206 -0.9746
vn 0.2448 -0.3202 -0.9152
vn 0.0429 -0.0479 -0.9979
vn -0.0429 -0.0479 -0.9979
vn -0.2423 -0.3209 -0.9156
vn -0.0394 -0.2206 -0.9746
vn -0.3697 0.9292 -0.0000
vn 0.1075 -0.2194 -0.9697
vn 0.1998 -0.6957 -0.6900
vn -0.0318 -0.1601 -0.9866
vn -0.2058 -0.7067 -0.6769
vn -0.1084 -0.1995 -0.9739
vn 0.1998 0.6957 -0.6900
vn 0.1075 0.2194 -0.9697
vn -0.1070 0.2202 -0.9696
vn -0.0318 -0.1600 0.9866
vn -0.1084 -0.1995 0.9739
vn -0.2058 -0.7067 0.6769
vn 0.0318 -0.1601 0.9866
vn 0.2058 -0.7067 0.6769
vn 0.1084 -0.1995 0.9739
vn -0.0318 0.1601 0.9866
vn -0.2058 0.7067 0.6769
vn -0.1084 0.1995 0.9739
vn 0.0318 0.1601 0.9866
vn 0.1084 0.1995 0.9739
vn 0.2058 0.7067 0.6769
vn 0.0011 -0.0111 0.9999
vn 0.2595 -0.0000 -0.9657
vn 0.0461 -0.0000 -0.9989
vn -0.0461 -0.0000 -0.9989
vn -0.2595 -0.0000 -0.9657
vn -0.2595 -0.0000 0.9657
vn -0.0461 -0.0000 0.9989
vn 0.0461 -0.0000 0.9989
vn 0.2595 -0.0000 0.9657
vn -0.1626 0.9867 -0.0000
vn -0.6927 0.7212 -0.0000
vn 0.6927 0.7212 -0.0000
vn 0.1626 0.9867 -0.0000
vn 0.6982 -0.7159 -0.0000
vn 0.1348 -0.9908 0.0071
vn -0.1626 -0.9867 -0.0000
vn -0.6927 -0.7212 -0.0000
vn 0.9292 -0.3697 -0.0000
vn -0.0000 0.2695 -0.9630
vn -0.3696 0.9292 -0.0000
vn 0.3696 0.9292 -0.0000
vn -0.9292 -0.3697 -0.0000
vn -0.9292 0.3696 -0.0000
vn -0.1666 0.9860 -0.0000
vn 0.7984 0.6021 -0.0000
vn 0.0865 0.2174 0.9722
vn 0.0865 0.2175 -0.9722
vn 0.9292 0.3697 -0.0000
vn -0.0865 0.2174 0.9722
vn 0.1666 0.9860 -0.0000
vn -0.7984 0.6021 -0.0000
vn -0.0865 0.2175 -0.9722
vt 0.378875 0.503875
vt 0.421125 0.503875
vt 0.421125 0.746125
vt 0.378875 0.746125
vt 0.478875 0.503875
vt 0.518045 0.503875
vt 0.518045 0.746125
vt 0.478875 0.746125
vt 0.525795 0.503875
vt 0.574205 0.503875
vt 0.574205 0.746125
vt 0.525795 0.746125
vt 0.378875 0.253875
vt 0.421125 0.253875
vt 0.421125 0.277375
vt 0.378875 0.277375
vt 0.628875 0.503875
vt 0.652375 0.503875
vt 0.652375 0.746125
vt 0.628875 0.746125
vt 0.579263 0.969815
vt 0.621125 0.972394
vt 0.621125 0.996125
vt 0.581623 0.996125
vt 0.847625 0.503875
vt 0.871125 0.503875
vt 0.871125 0.746125
vt 0.847625 0.746125
vt 0.478875 0.972394
vt 0.520737 0.969815
vt 0.518377 0.996125
vt 0.478875 0.996125
vt 0.531955 0.975705
vt 0.568045 0.975705
vt 0.568045 0.993045
vt 0.531955 0.993045
vt 0.581955 0.003875
vt 0.621125 0.003875
vt 0.621125 0.246125
vt 0.581955 0.246125
vt 0.378875 0.753875
vt 0.421125 0.753875
vt 0.421125 0.777375
vt 0.378875 0.777375
vt 0.478875 0.472394
vt 0.520737 0.469815
vt 0.518377 0.496125
vt 0.478875 0.496125
vt 0.581955 0.503875
vt 0.621125 0.503875
vt 0.621125 0.746125
vt 0.581955 0.746125
vt 0.428875 0.003875
vt 0.471125 0.003875
vt 0.471125 0.246125
vt 0.428875 0.246125
vt 0.579263 0.469815
vt 0.621125 0.472394
vt 0.621125 0.496125
vt 0.581623 0.496125
vt 0.428875 0.503875
vt 0.471125 0.503875
vt 0.471125 0.746125
vt 0.428875 0.746125
vt 0.428875 0.753875
vt 0.471125 0.753875
vt 0.471125 0.777375
vt 0.428875 0.777375
vt 0.524205 0.472745
vt 0.524205 0.494525
vt 0.526401 0.493427
vt 0.527640 0.479615
vt 0.378875 0.972625
vt 0.421125 0.972625
vt 0.421125 0.996125
vt 0.378875 0.996125
vt 0.428875 0.972625
vt 0.471125 0.972625
vt 0.471125 0.996125
vt 0.428875 0.996125
vt 0.478875 0.003875
vt 0.518045 0.003875
vt 0.518045 0.246125
vt 0.478875 0.246125
vt 0.573010 0.969050
vt 0.573599 0.993427
vt 0.574648 0.993951
vt 0.574602 0.966467
vt 0.428875 0.472625
vt 0.471125 0.472625
vt 0.471125 0.496125
vt 0.428875 0.496125
vt 0.378875 0.472625
vt 0.421125 0.472625
vt 0.421125 0.496125
vt 0.378875 0.496125
vt 0.524205 0.972745
vt 0.524205 0.994525
vt 0.526401 0.993427
vt 0.527640 0.979615
vt 0.478875 0.347625
vt 0.521125 0.347625
vt 0.521125 0.371125
vt 0.478875 0.371125
vt 0.478875 0.378875
vt 0.521125 0.378875
vt 0.521125 0.402375
vt 0.478875 0.402375
vt 0.478875 0.410125
vt 0.521125 0.410125
vt 0.521125 0.433625
vt 0.478875 0.433625
vt 0.478875 0.441375
vt 0.521125 0.441375
vt 0.521125 0.462026
vt 0.478875 0.464629
vt 0.578875 0.316375
vt 0.621125 0.316375
vt 0.621125 0.339875
vt 0.578875 0.339875
vt 0.478875 0.253875
vt 0.518377 0.253875
vt 0.520737 0.280185
vt 0.478875 0.277606
vt 0.428875 0.316375
vt 0.471125 0.316375
vt 0.471125 0.339875
vt 0.428875 0.339875
vt 0.428875 0.347625
vt 0.471125 0.347625
vt 0.471125 0.371125
vt 0.428875 0.371125
vt 0.428875 0.378875
vt 0.471125 0.378875
vt 0.471125 0.402375
vt 0.428875 0.402375
vt 0.428875 0.410125
vt 0.471125 0.410125
vt 0.471125 0.433625
vt 0.428875 0.433625
vt 0.428875 0.441375
vt 0.471125 0.441375
vt 0.471125 0.464875
vt 0.428875 0.464875
vt 0.478875 0.285371
vt 0.521125 0.287974
vt 0.521125 0.308625
vt 0.478875 0.308625
vt 0.581623 0.253875
vt 0.621125 0.253875
vt 0.621125 0.277606
vt 0.579263 0.280185
vt 0.816375 0.503875
vt 0.839875 0.503875
vt 0.839875 0.746125
vt 0.816375 0.746125
vt 0.160125 0.503875
vt 0.183625 0.503875
vt 0.183625 0.746125
vt 0.160125 0.746125
vt 0.191375 0.503875
vt 0.214875 0.503875
vt 0.214875 0.746125
vt 0.191375 0.746125
vt 0.222625 0.503875
vt 0.246125 0.503875
vt 0.246125 0.746125
vt 0.222625 0.746125
vt 0.253875 0.503875
vt 0.277375 0.503875
vt 0.277375 0.746125
vt 0.253875 0.746125
vt 0.285125 0.503875
vt 0.308625 0.503875
vt 0.308625 0.746125
vt 0.285125 0.746125
vt 0.316375 0.503875
vt 0.343750 0.503875
vt 0.343750 0.746125
vt 0.316375 0.746125
vt 0.575000 0.941375
vt 0.575000 0.961795
vt 0.525000 0.933625
vt 0.525000 0.910125
vt 0.575000 0.906250
vt 0.575000 0.933625
vt 0.575000 0.816375
vt 0.575000 0.839875
vt 0.525000 0.902375
vt 0.525000 0.878875
vt 0.575000 0.875000
vt 0.525000 0.871125
vt 0.525000 0.847625
vt 0.531278 0.974688
vt 0.525843 0.969253
vt 0.525842 0.963817
vt 0.478875 0.847625
vt 0.521125 0.847625
vt 0.521125 0.871125
vt 0.478875 0.871125
vt 0.478875 0.878875
vt 0.521125 0.878875
vt 0.521125 0.902375
vt 0.478875 0.902375
vt 0.478875 0.910125
vt 0.521125 0.910125
vt 0.521125 0.933625
vt 0.478875 0.933625
vt 0.478875 0.941375
vt 0.521125 0.941375
vt 0.521125 0.962026
vt 0.478875 0.964629
vt 0.572032 0.778393
vt 0.574551 0.780922
vt 0.574567 0.783464
vt 0.478875 0.753875
vt 0.518377 0.753875
vt 0.520737 0.780185
vt 0.478875 0.777606
vt 0.428875 0.816375
vt 0.471125 0.816375
vt 0.471125 0.839875
vt 0.428875 0.839875
vt 0.428875 0.847625
vt 0.471125 0.847625
vt 0.471125 0.871125
vt 0.428875 0.871125
vt 0.428875 0.878875
vt 0.471125 0.878875
vt 0.471125 0.902375
vt 0.428875 0.902375
vt 0.428875 0.910125
vt 0.471125 0.910125
vt 0.471125 0.933625
vt 0.428875 0.933625
vt 0.428875 0.941375
vt 0.471125 0.941375
vt 0.471125 0.964875
vt 0.428875 0.964875
vt 0.478875 0.785371
vt 0.521125 0.787974
vt 0.521125 0.808625
vt 0.478875 0.808625
vt 0.371125 0.503875
vt 0.371125 0.746125
vt 0.578875 0.787974
vt 0.621125 0.785371
vt 0.621125 0.808625
vt 0.578875 0.808625
vt 0.378875 0.785125
vt 0.421125 0.785125
vt 0.421125 0.808625
vt 0.378875 0.808625
vt 0.378875 0.816375
vt 0.421125 0.816375
vt 0.421125 0.839875
vt 0.378875 0.839875
vt 0.378875 0.847625
vt 0.421125 0.847625
vt 0.421125 0.871125
vt 0.378875 0.871125
vt 0.378875 0.878875
vt 0.421125 0.878875
vt 0.421125 0.902375
vt 0.378875 0.902375
vt 0.378875 0.910125
vt 0.421125 0.910125
vt 0.421125 0.933625
vt 0.378875 0.933625
vt 0.581623 0.753875
vt 0.621125 0.753875
vt 0.621125 0.777606
vt 0.579263 0.780185
vt 0.378875 0.941375
vt 0.421125 0.941375
vt 0.421125 0.964875
vt 0.378875 0.964875
vt 0.578875 0.441375
vt 0.621125 0.441375
vt 0.621125 0.464629
vt 0.578875 0.462026
vt 0.578875 0.410125
vt 0.621125 0.410125
vt 0.621125 0.433625
vt 0.578875 0.433625
vt 0.578875 0.378875
vt 0.621125 0.378875
vt 0.621125 0.402375
vt 0.578875 0.402375
vt 0.578875 0.347625
vt 0.621125 0.347625
vt 0.621125 0.371125
vt 0.578875 0.371125
vt 0.578875 0.287974
vt 0.621125 0.285371
vt 0.621125 0.308625
vt 0.578875 0.308625
vt 0.378875 0.003875
vt 0.421125 0.003875
vt 0.421125 0.246125
vt 0.378875 0.246125
vt 0.378875 0.285125
vt 0.421125 0.285125
vt 0.421125 0.308625
vt 0.378875 0.308625
vt 0.378875 0.316375
vt 0.421125 0.316375
vt 0.421125 0.339875
vt 0.378875 0.339875
vt 0.378875 0.347625
vt 0.421125 0.347625
vt 0.421125 0.371125
vt 0.378875 0.371125
vt 0.378875 0.378875
vt 0.421125 0.378875
vt 0.421125 0.402375
vt 0.378875 0.402375
vt 0.378875 0.410125
vt 0.421125 0.410125
vt 0.421125 0.433625
vt 0.378875 0.433625
vt 0.378875 0.441375
vt 0.421125 0.441375
vt 0.421125 0.464875
vt 0.378875 0.464875
vt 0.525386 0.756065
vt 0.525433 0.783464
vt 0.527968 0.778393
vt 0.526008 0.756377
vt 0.428875 0.285125
vt 0.471125 0.285125
vt 0.471125 0.308625
vt 0.428875 0.308625
vt 0.578875 0.847625
vt 0.621125 0.847625
vt 0.621125 0.871125
vt 0.578875 0.871125
vt 0.578875 0.878875
vt 0.621125 0.878875
vt 0.621125 0.902375
vt 0.578875 0.902375
vt 0.578875 0.910125
vt 0.621125 0.910125
vt 0.621125 0.933625
vt 0.578875 0.933625
vt 0.578875 0.941375
vt 0.621125 0.941375
vt 0.621125 0.964629
vt 0.578875 0.962026
vt 0.478875 0.316375
vt 0.521125 0.316375
vt 0.521125 0.339875
vt 0.478875 0.339875
vt 0.524205 0.255475
vt 0.524205 0.277255
vt 0.527640 0.270385
vt 0.526401 0.256573
vt 0.660125 0.503875
vt 0.683625 0.503875
vt 0.683625 0.746125
vt 0.660125 0.746125
vt 0.785125 0.503875
vt 0.808625 0.503875
vt 0.808625 0.746125
vt 0.785125 0.746125
vt 0.753875 0.503875
vt 0.777375 0.503875
vt 0.777375 0.746125
vt 0.753875 0.746125
vt 0.722625 0.503875
vt 0.746125 0.503875
vt 0.746125 0.746125
vt 0.722625 0.746125
vt 0.691375 0.503875
vt 0.714875 0.503875
vt 0.714875 0.746125
vt 0.691375 0.746125
vt 0.525000 0.961795
vt 0.525000 0.941375
vt 0.428875 0.785125
vt 0.471125 0.785125
vt 0.471125 0.808625
vt 0.428875 0.808625
vt 0.525000 0.839875
vt 0.525000 0.816375
vt 0.578875 0.816375
vt 0.621125 0.816375
vt 0.621125 0.839875
vt 0.578875 0.839875
vt 0.478875 0.816375
vt 0.521125 0.816375
vt 0.521125 0.839875
vt 0.478875 0.839875
vt 0.575000 0.788205
vt 0.575000 0.808625
vt 0.575000 0.847625
vt 0.525000 0.808625
vt 0.525000 0.788205
vt 0.568045 0.778510
vt 0.531955 0.778510
vt 0.531955 0.780910
vt 0.568045 0.780910
vt 0.525340 0.966010
vt 0.527740 0.968410
vt 0.572260 0.781590
vt 0.574660 0.783990
vt 0.574588 0.966082
vt 0.574591 0.966079
vt 0.572260 0.968410
vt 0.572315 0.968355
vt 0.568045 0.278510
vt 0.531955 0.278510
vt 0.531955 0.280910
vt 0.568045 0.280910
vt 0.568045 0.781250
vt 0.531955 0.781250
vt 0.574157 0.781250
vt 0.568722 0.781250
vt 0.525795 0.003875
vt 0.574205 0.003875
vt 0.574205 0.246125
vt 0.525795 0.246125
vt 0.531955 0.256955
vt 0.568045 0.256955
vt 0.568045 0.274295
vt 0.531955 0.274295
vt 0.531955 0.475705
vt 0.568045 0.475705
vt 0.568045 0.493045
vt 0.531955 0.493045
vt 0.531955 0.756955
vt 0.568045 0.756955
vt 0.568045 0.774295
vt 0.531955 0.774295
vt 0.531850 1.000795
vt 0.568150 1.000795
vt 0.561989 0.996125
vt 0.538011 0.996125
vt 0.573599 0.256573
vt 0.572360 0.270385
vt 0.575795 0.277255
vt 0.575795 0.255475
vt 0.573992 0.756377
vt 0.574614 0.756065
vt 0.561664 0.496125
vt 0.538336 0.496125
vt 0.528995 0.500795
vt 0.571005 0.500795
vt 0.525449 0.780921
vt 0.571005 0.749205
vt 0.528995 0.749205
vt 0.538336 0.753875
vt 0.561664 0.753875
vt 0.572360 0.479615
vt 0.573599 0.493427
vt 0.575795 0.494525
vt 0.575795 0.472745
vt 0.571005 0.249205
vt 0.528995 0.249205
vt 0.538336 0.253875
vt 0.561664 0.253875
vt 0.531278 0.781250
vt 0.525842 0.781250
vt 0.525843 0.781250
vt 0.568722 0.278510
vt 0.574157 0.278510
vt 0.574157 0.283945
vt 0.527740 0.781590
vt 0.525340 0.783990
vt 0.568045 0.968750
vt 0.531955 0.968750
vt 0.568045 0.969090
vt 0.531955 0.969090
vt 0.531955 0.971490
vt 0.568045 0.971490
vt 0.525842 0.283945
vt 0.525843 0.278510
vt 0.531278 0.278510
vt 0.428875 0.253875
vt 0.471125 0.253875
vt 0.471125 0.277375
vt 0.428875 0.277375
vt 0.128875 0.746125
vt 0.128875 0.750000
vt 0.125000 0.746125
vt 0.621125 1.000000
vt 0.625000 0.996125
vt 0.128875 0.503875
vt 0.125000 0.503875
vt 0.128875 0.500000
vt 0.621125 0.250000
vt 0.625000 0.253875
vt 0.375000 0.753875
vt 0.378875 0.750000
vt 0.621125 0.750000
vt 0.625000 0.753875
vt 0.378875 0.500000
vt 0.375000 0.496125
vt 0.625000 0.496125
vt 0.621125 0.500000
vt 0.421125 0.000000
vt 0.425000 0.000000
vt 0.425000 0.003875
vt 0.471125 0.000000
vt 0.475000 0.000000
vt 0.475000 0.003875
vt 0.375000 0.468750
vt 0.378875 0.468750
vt 0.312500 0.503875
vt 0.308625 0.500000
vt 0.312500 0.500000
vt 0.281250 0.503875
vt 0.277375 0.500000
vt 0.281250 0.500000
vt 0.250000 0.503875
vt 0.246125 0.500000
vt 0.250000 0.500000
vt 0.218750 0.503875
vt 0.214875 0.500000
vt 0.218750 0.500000
vt 0.187500 0.503875
vt 0.183625 0.500000
vt 0.187500 0.500000
vt 0.152375 0.503875
vt 0.152375 0.500000
vt 0.156250 0.500000
vt 0.156250 0.503875
vt 0.625000 0.277375
vt 0.624762 0.281265
vt 0.620886 0.281503
vt 0.625000 0.308625
vt 0.625000 0.312500
vt 0.621125 0.312500
vt 0.625000 0.339875
vt 0.625000 0.343750
vt 0.621125 0.343750
vt 0.625000 0.371125
vt 0.625000 0.375000
vt 0.621125 0.375000
vt 0.625000 0.402375
vt 0.625000 0.406250
vt 0.621125 0.406250
vt 0.625000 0.433625
vt 0.625000 0.437500
vt 0.621125 0.437500
vt 0.621363 0.468526
vt 0.625000 0.464875
vt 0.625000 0.468750
vt 0.152375 0.746125
vt 0.156250 0.746125
vt 0.156250 0.750000
vt 0.152375 0.750000
vt 0.187500 0.746125
vt 0.187500 0.750000
vt 0.183625 0.750000
vt 0.218750 0.746125
vt 0.218750 0.750000
vt 0.214875 0.750000
vt 0.250000 0.746125
vt 0.250000 0.750000
vt 0.246125 0.750000
vt 0.281250 0.746125
vt 0.281250 0.750000
vt 0.277375 0.750000
vt 0.312500 0.746125
vt 0.312500 0.750000
vt 0.308625 0.750000
vt 0.378875 0.781250
vt 0.375000 0.781250
vt 0.621363 0.781474
vt 0.625000 0.781250
vt 0.625000 0.785125
vt 0.621125 0.812500
vt 0.625000 0.812500
vt 0.625000 0.816375
vt 0.621125 0.843750
vt 0.625000 0.843750
vt 0.625000 0.847625
vt 0.621125 0.875000
vt 0.625000 0.875000
vt 0.625000 0.878875
vt 0.621125 0.906250
vt 0.625000 0.906250
vt 0.625000 0.910125
vt 0.621125 0.937500
vt 0.625000 0.937500
vt 0.625000 0.941375
vt 0.620886 0.968497
vt 0.624762 0.968735
vt 0.625000 0.972625
vt 0.525000 0.312500
vt 0.521125 0.312500
vt 0.525000 0.308625
vt 0.525000 0.339875
vt 0.525000 0.343750
vt 0.521125 0.343750
vt 0.525000 0.371125
vt 0.525000 0.375000
vt 0.521125 0.375000
vt 0.525000 0.402375
vt 0.525000 0.406250
vt 0.521125 0.406250
vt 0.525000 0.433625
vt 0.525000 0.437500
vt 0.521125 0.437500
vt 0.575000 0.937500
vt 0.578875 0.343750
vt 0.575000 0.343750
vt 0.578875 0.375000
vt 0.575000 0.375000
vt 0.575000 0.843750
vt 0.575000 0.812500
vt 0.521920 0.000000
vt 0.521920 0.003875
vt 0.518377 0.000000
vt 0.573599 0.000000
vt 0.578080 0.000000
vt 0.578080 0.003875
vt 0.561664 0.000000
vt 0.528080 0.278510
vt 0.528080 0.281250
vt 0.526922 0.281250
vt 0.523780 0.270731
vt 0.524248 0.275943
vt 0.524778 0.281855
vt 0.525000 0.284330
vt 0.521363 0.284106
vt 0.525000 0.465670
vt 0.520499 0.465947
vt 0.525000 0.461795
vt 0.527671 0.781250
vt 0.525000 0.781250
vt 0.528080 0.781250
vt 0.571920 0.278170
vt 0.574194 0.280444
vt 0.575000 0.281250
vt 0.571920 0.281250
vt 0.568045 0.281250
vt 0.571920 0.278510
vt 0.571920 0.781250
vt 0.575000 0.784330
vt 0.623544 0.005935
vt 0.623544 0.244065
vt 0.622581 0.244065
vt 0.622581 0.005935
vt 0.625000 0.472625
vt 0.378875 0.000000
vt 0.428875 0.000000
vt 0.375000 0.441375
vt 0.285125 0.500000
vt 0.253875 0.500000
vt 0.222625 0.500000
vt 0.191375 0.500000
vt 0.160125 0.500000
vt 0.625000 0.285125
vt 0.625000 0.316375
vt 0.625000 0.347625
vt 0.625000 0.378875
vt 0.625000 0.410125
vt 0.625000 0.441375
vt 0.160125 0.750000
vt 0.191375 0.750000
vt 0.222625 0.750000
vt 0.253875 0.750000
vt 0.285125 0.750000
vt 0.375000 0.808625
vt 0.625000 0.777375
vt 0.625000 0.808625
vt 0.625000 0.839875
vt 0.625000 0.871125
vt 0.625000 0.902375
vt 0.625000 0.933625
vt 0.625000 0.964875
vt 0.525000 0.316375
vt 0.525000 0.347625
vt 0.525000 0.378875
vt 0.525000 0.410125
vt 0.575000 0.316375
vt 0.575000 0.402375
vt 0.719589 0.506912
vt 0.719589 0.743088
vt 0.717911 0.743088
vt 0.717911 0.506912
vt 0.528080 0.471830
vt 0.573009 0.281250
vt 0.572329 0.781250
vt 0.538336 0.000000
vt 0.531955 0.281250
vt 0.478875 0.000000
vt 0.581955 1.000000
vt 0.525000 0.441375
vt 0.525000 0.288205
vt 0.575000 0.787974
vt 0.575000 0.962026
vt 0.688339 0.506912
vt 0.688339 0.743088
vt 0.686661 0.743088
vt 0.686661 0.506912
vt 0.813339 0.506912
vt 0.813339 0.743088
vt 0.811661 0.743088
vt 0.811661 0.506912
vt 0.782089 0.506912
vt 0.782089 0.743088
vt 0.780411 0.743088
vt 0.780411 0.506912
vt 0.657089 0.506912
vt 0.657089 0.743088
vt 0.655411 0.743088
vt 0.655411 0.506912
vt 0.750839 0.506912
vt 0.750839 0.743088
vt 0.749161 0.743088
vt 0.749161 0.506912
vt 0.844589 0.506912
vt 0.844589 0.743088
vt 0.842911 0.743088
vt 0.842911 0.506912
vt 0.625881 0.744008
vt 0.625881 0.505992
vt 0.624119 0.505992
vt 0.624119 0.744008
vt 0.626951 0.746125
vt 0.626951 0.503875
vt 0.624064 0.003875
vt 0.625000 0.003875
vt 0.625000 0.246125
vt 0.624064 0.246125
s 1
usemtl Militär
f 614/729/134 642/730/134 648/731/134 608/732/134
f 637/733/134 993/734/134 1010/735/134 645/736/134
f 992/737/134 987/738/134 1002/739/134 1011/740/134
f 603/741/135 631/742/135 855/743/135 675/744/135
f 617/745/136 705/746/136 734/747/136 611/748/136
f 1057/749/137 757/750/138 599/751/138 961/752/139
f 679/753/136 605/754/136 600/755/136 760/756/136
f 813/757/138 1026/758/138 953/759/138 625/760/138
f 1038/761/138 1053/762/138 957/763/138 955/764/138
f 962/765/140 598/766/140 604/767/140 971/768/140
f 609/769/138 647/770/138 761/771/138 730/772/138
f 907/773/135 1076/774/135 994/775/135 636/776/135
f 986/777/134 618/778/134 610/779/134 1003/780/134
f 622/781/140 623/782/140 628/783/140 633/784/140
f 1116/785/135 702/786/135 616/787/135 985/788/135
f 641/789/134 638/790/134 644/791/134 649/792/134
f 650/793/138 643/794/138 792/795/138 762/796/138
f 1085/797/138 989/798/138 995/799/138 1075/800/138
f 709/801/138 785/802/138 620/803/138 596/804/138
f 788/805/138 814/806/138 624/807/138 621/808/138
f 626/809/140 952/810/140 978/811/140 629/812/140
f 1058/813/141 960/814/141 958/815/141 1052/816/141
f 882/817/135 908/818/135 635/819/135 640/820/135
f 653/821/135 879/822/135 639/823/135 613/824/135
f 1035/825/135 954/826/135 949/827/135 1025/828/135
f 893/829/135 917/830/135 922/831/135 896/832/135
f 897/833/135 921/834/135 926/835/135 900/836/135
f 901/837/135 925/838/135 930/839/135 904/840/135
f 905/841/135 929/842/135 1077/843/135 910/844/135
f 934/845/135 685/846/135 686/847/135 935/848/135
f 630/849/135 977/850/135 1074/851/135 883/852/135
f 861/853/135 890/854/135 891/855/135 864/856/135
f 865/857/135 894/858/135 895/859/135 868/860/135
f 869/861/135 898/862/135 899/863/135 872/864/135
f 873/865/135 902/866/135 903/867/135 876/868/135
f 877/869/135 906/870/135 909/871/135 881/872/135
f 884/873/135 1073/874/135 913/875/135 888/876/135
f 972/877/135 606/878/135 678/879/135 1090/880/135
f 683/881/136 680/882/136 759/883/136 755/884/136
f 677/885/142 671/886/142 710/887/142 707/888/142
f 670/889/142 667/890/142 714/891/142 711/892/142
f 666/893/142 663/894/142 718/895/142 715/896/142
f 662/897/142 659/898/142 722/899/142 719/900/142
f 658/901/142 655/902/142 726/903/142 723/904/142
f 654/905/142 651/906/142 732/907/142 727/908/142
f 854/909/142 1059/910/142 1092/910/142 932/909/142
f 833/911/136 830/912/136 915/912/136 911/911/136
f 850/913/142 851/914/142 931/914/142 937/913/142
f 837/915/142 841/916/142 944/916/142 945/915/142
f 829/917/136 826/918/136 919/918/136 916/917/136
f 847/919/142 850/913/142 937/913/142 940/919/142
f 825/920/136 822/921/136 923/921/136 920/920/136
f 1030/922/143 1034/923/143 1036/924/143
f 799/925/138 823/926/138 828/927/138 802/928/138
f 803/929/138 827/930/138 832/931/138 806/932/138
f 807/933/138 831/934/138 836/935/138 810/936/138
f 811/937/138 835/938/138 1027/939/138 816/940/138
f 1040/941/144 1047/942/144 1050/943/144
f 646/944/138 1009/945/138 1023/946/138 789/947/138
f 767/948/138 796/949/138 797/950/138 770/951/138
f 771/952/138 800/953/138 801/954/138 774/955/138
f 775/956/138 804/957/138 805/958/138 778/959/138
f 779/960/138 808/961/138 809/962/138 782/963/138
f 783/964/138 812/965/138 815/966/138 787/967/138
f 790/968/138 1022/969/138 819/970/138 794/971/138
f 651/906/142 615/972/142 607/973/142 732/907/142
f 1042/974/138 736/975/138 737/976/138 839/977/138
f 731/978/138 764/979/138 765/980/138 728/981/138
f 729/982/138 768/983/138 769/984/138 724/985/138
f 725/986/138 772/987/138 773/988/138 720/989/138
f 721/990/138 776/991/138 777/992/138 716/993/138
f 717/994/138 780/995/138 781/996/138 712/997/138
f 1004/998/138 612/999/138 733/1000/138 1041/1001/138
f 713/1002/138 784/1003/138 786/1004/138 708/1005/138
f 947/1006/135 701/1007/135 703/1008/135 1115/1009/135
f 943/1010/135 697/1011/135 698/1012/135 946/1013/135
f 939/1014/135 693/1015/135 694/1016/135 942/1017/135
f 936/1018/135 689/1019/135 690/1020/135 938/1021/135
f 1091/1022/135 681/1023/135 682/1024/135 933/1025/135
f 597/1026/140 619/1027/140 632/1028/140 602/1029/140
f 676/1030/135 858/1031/135 859/1032/135 672/1033/135
f 673/1034/135 862/1035/135 863/1036/135 668/1037/135
f 669/1038/135 866/1039/135 867/1040/135 664/1041/135
f 665/1042/135 870/1043/135 871/1044/135 660/1045/135
f 661/1046/135 874/1047/135 875/1048/135 656/1049/135
f 657/1050/135 878/1051/135 880/1052/135 652/1053/135
f 1006/1054/135 1014/1055/135 1024/1056/135 1008/1057/135
f 857/1058/135 885/1059/135 887/1060/135 860/1061/135
f 843/1062/138 744/1063/138 745/1064/138 845/1065/138
f 846/1066/138 748/1067/138 749/1068/138 848/1069/138
f 849/1070/138 752/1071/138 753/1072/138 852/1073/138
f 853/1074/138 756/1075/138 758/1076/138 1060/1077/138
f 889/1078/135 912/1079/135 918/1080/135 892/1081/135
f 974/1082/138 1061/1083/138 1069/1084/138 976/1085/138
f 704/1086/136 700/1087/136 738/1088/136 735/1089/136
f 687/1090/136 684/1091/136 754/1092/136 751/1093/136
f 691/1094/136 688/1095/136 750/1096/136 747/1097/136
f 695/1098/136 692/1099/136 746/1100/136 743/1101/136
f 699/1102/136 696/1103/136 742/1104/136 739/1105/136
f 1028/1106/136 834/1107/136 914/1107/136 1072/1106/136
f 763/1108/138 791/1109/138 793/1110/138 766/1111/138
f 821/1112/136 817/1113/136 927/1113/136 924/1112/136
f 840/1114/138 740/1115/138 741/1116/138 842/1117/138
f 795/1118/138 818/1119/138 824/1120/138 798/1121/138
f 1043/1122/142 838/1123/142 948/1123/142 1114/1122/142
f 844/1124/142 847/919/142 940/919/142 941/1124/142
f 820/1125/136 1021/1126/136 1078/1126/136 928/1125/136
f 1046/1127/145 1016/1128/145 1013/1129/145 1048/1130/145
f 1067/1131/146 1031/1131/146 1029/1132/146 1071/1132/146
f 1039/1133/147 1113/1133/147 1109/1134/147 1044/1134/147
f 1056/1135/148 1095/1136/148 1093/1137/148 1058/1138/148
f 1097/1139/149 1065/1140/149 1063/1141/149 1101/1142/149
f 1105/1143/150 1087/1144/150 1083/1144/150 1107/1143/150
f 1106/1145/151 1110/1145/151 1112/1146/151
f 951/1147/140 963/1148/140 970/1149/140 979/1150/140
f 973/1151/135 966/1152/135 1102/1153/135 1062/1154/135
f 1088/1155/135 1104/1156/135 983/1157/135 990/1158/135
f 1005/1159/138 998/1160/138 1049/1161/138 1015/1162/138
f 956/1163/135 959/1164/135 964/1165/135 950/1166/135
f 968/1167/138 1089/1168/138 1099/1169/138 965/1170/138
f 1000/1171/135 1040/941/135 1050/943/135 997/1172/135
f 988/1173/138 996/1174/138 991/1175/138 982/1176/138
f 1014/1055/152 1019/1177/152 1024/1056/152
f 999/1178/135 1007/1179/135 1012/1180/135 1001/1181/135
f 1111/1182/138 984/1183/138 981/1184/138 1103/1185/138
f 967/1186/138 975/1187/138 980/1188/138 969/1189/138
f 1080/1190/153 1084/1191/153 1086/1192/153
f 1094/1193/154 1098/1194/154 1100/1195/154
f 1079/1196/155 1020/1196/155 1018/1197/155 1081/1197/155
f 1055/1198/134 1032/1199/134 1066/1199/134 1096/1198/134
f 1017/1144/140 1045/1143/140 1108/1143/140 1082/1144/140
f 1051/1200/156 1037/1201/156 1033/1202/156 1054/1203/156
f 1064/1204/157 1068/1205/157 1070/1206/157
f 1052/816/158 1056/1135/158 1058/813/158
f 634/1207/135 627/1208/135 886/1209/135 856/1210/135
f 595/1211/159 596/1212/159 597/1213/159
f 598/1214/160 599/751/160 600/1215/160
f 601/1216/161 602/1217/161 603/1218/161
f 604/1219/162 605/1220/162 606/878/162
f 607/1221/163 608/1222/163 609/769/163
f 610/1223/164 611/1224/164 612/999/164
f 613/824/165 614/1225/165 615/1226/165
f 616/787/166 617/1227/166 618/1228/166
f 619/1027/149 620/1229/149 621/1230/149 622/1231/149
f 623/782/149 624/1232/149 625/1233/149 626/1234/149
f 627/1208/156 628/783/156 629/812/156 630/849/156
f 631/742/156 632/1028/156 633/784/156 634/1207/156
f 635/819/145 636/776/145 637/733/145 638/790/145
f 639/823/145 640/820/145 641/789/145 642/730/145
f 643/794/150 644/791/150 645/736/150 646/944/150
f 647/770/150 648/731/150 649/792/150 650/793/150
f 651/1235/167 652/1053/167 653/1236/167
f 654/1237/167 655/902/167 656/1238/167 657/1239/167
f 658/1240/167 659/898/167 660/1241/167 661/1242/167
f 662/1243/167 663/894/167 664/1244/167 665/1245/167
f 666/1246/167 667/890/167 668/1247/167 669/1248/167
f 670/1249/167 671/886/167 672/1250/167 673/1251/167
f 674/1252/167 675/1253/167 676/1254/167 677/1255/167
f 678/879/168 679/1256/168 680/1257/168 681/1258/168
f 682/1024/168 683/1259/168 684/1260/168 685/1261/168
f 686/847/168 687/1262/168 688/1263/168 689/1264/168
f 690/1020/168 691/1265/168 692/1266/168 693/1267/168
f 694/1016/168 695/1268/168 696/1269/168 697/1270/168
f 698/1012/168 699/1271/168 700/1272/168 701/1273/168
f 702/1274/168 703/1008/168 704/1275/168 705/1276/168
f 706/1277/169 707/1278/169 708/1279/169 709/1280/169
f 710/887/169 711/1281/169 712/1282/169 713/1283/169
f 714/891/169 715/1284/169 716/1285/169 717/1286/169
f 718/895/169 719/1287/169 720/1288/169 721/1289/169
f 722/899/169 723/1290/169 724/1291/169 725/1292/169
f 726/903/169 727/1293/169 728/1294/169 729/1295/169
f 730/1296/169 731/978/169 732/1297/169
f 733/1298/170 734/1299/170 735/1300/170 736/975/170
f 737/1301/170 738/1302/170 739/1303/170 740/1115/170
f 741/1304/170 742/1305/170 743/1306/170 744/1063/170
f 745/1307/170 746/1308/170 747/1309/170 748/1067/170
f 749/1310/170 750/1311/170 751/1312/170 752/1071/170
f 753/1313/170 754/1314/170 755/1315/170 756/1075/170
f 757/750/170 758/1316/170 759/1317/170 760/1318/170
f 761/771/138 762/796/138 763/1108/138 764/979/138
f 765/980/138 766/1111/138 767/948/138 768/983/138
f 769/984/138 770/951/138 771/952/138 772/987/138
f 773/988/138 774/955/138 775/956/138 776/991/138
f 777/992/138 778/959/138 779/960/138 780/995/138
f 781/996/138 782/963/138 783/964/138 784/1003/138
f 785/802/138 786/1004/138 787/967/138 788/805/138
f 789/947/138 790/968/138 791/1109/138 792/795/138
f 793/1110/138 794/971/138 795/1118/138 796/949/138
f 797/950/138 798/1121/138 799/925/138 800/953/138
f 801/954/138 802/928/138 803/929/138 804/957/138
f 805/958/138 806/932/138 807/933/138 808/961/138
f 809/962/138 810/936/138 811/937/138 812/965/138
f 813/757/138 814/806/138 815/966/138 816/940/138
f 817/1113/171 818/1119/171 819/970/171 820/1125/171
f 821/1112/171 822/921/171 823/926/171 824/1120/171
f 825/920/171 826/918/171 827/930/171 828/927/171
f 829/917/171 830/912/171 831/934/171 832/931/171
f 833/911/171 834/1107/171 835/938/171 836/935/171
f 837/915/169 838/1123/169 839/977/169 840/1114/169
f 841/916/169 842/1117/169 843/1062/169 844/1124/169
f 845/1065/169 846/1066/169 847/919/169
f 848/1069/169 849/1070/169 850/913/169
f 851/914/169 852/1073/169 853/1074/169 854/909/169
f 855/743/135 856/1210/135 857/1058/135 858/1031/135
f 859/1032/135 860/1061/135 861/853/135 862/1035/135
f 863/1036/135 864/856/135 865/857/135 866/1039/135
f 867/1040/135 868/860/135 869/861/135 870/1043/135
f 871/1044/135 872/864/135 873/865/135 874/1047/135
f 875/1048/135 876/868/135 877/869/135 878/1051/135
f 879/822/135 880/1052/135 881/872/135 882/817/135
f 883/852/135 884/873/135 885/1059/135 886/1209/135
f 887/1060/135 888/876/135 889/1078/135 890/854/135
f 891/855/135 892/1081/135 893/829/135 894/858/135
f 895/859/135 896/832/135 897/833/135 898/862/135
f 899/863/135 900/836/135 901/837/135 902/866/135
f 903/867/135 904/840/135 905/841/135 906/870/135
f 907/773/135 908/818/135 909/871/135 910/844/135
f 911/1319/168 912/1320/168 913/875/168 914/1321/168
f 915/1322/168 916/1323/168 917/1324/168 918/1080/168
f 919/1325/168 920/1326/168 921/1327/168 922/831/168
f 923/1328/168 924/1329/168 925/1330/168 926/835/168
f 927/1331/168 928/1332/168 929/1333/168 930/839/168
f 931/1334/172 932/909/172 933/909/172 934/1334/172
f 935/848/172 936/1335/172 937/1336/172
f 938/1021/172 939/1337/172 940/1338/172
f 941/1339/172 942/1339/172 943/916/172 944/916/172
f 945/915/172 946/915/172 947/1340/172 948/1340/172
f 949/1341/173 950/1341/173 951/1342/173 952/810/173 953/1343/173
f 954/826/138 955/764/138 956/1163/138
f 957/763/138 958/815/138 959/1164/138
f 960/1344/173 961/1345/173 962/1346/173 963/1148/173 964/1347/173
f 965/1170/135 966/1152/135 967/1186/135
f 968/1167/174 969/1189/175 970/1149/176 971/768/174 972/877/174
f 973/1151/135 974/1082/135 975/1187/135
f 976/1085/177 977/850/177 978/811/177 979/1150/178 980/1188/179
f 981/1184/135 982/1176/135 983/1157/135
f 984/1183/180 985/788/180 986/777/180 987/738/180 988/1173/180
f 989/798/135 990/1158/135 991/1175/135
f 992/737/180 993/734/180 994/775/180 995/799/180 996/1174/180
f 997/1172/138 998/1160/138 999/1178/138
f 1000/1171/181 1001/1181/181 1002/739/181 1003/780/181 1004/998/181
f 1005/1159/138 1006/1054/138 1007/1179/138
f 1008/1057/181 1009/945/181 1010/735/181 1011/740/181 1012/1180/181
f 1013/1129/182 1014/1055/182 1015/1162/182
f 1016/1128/183 1017/1144/183 1018/1197/183 1019/1177/183
f 1020/1196/184 1021/1126/184 1022/969/184 1023/946/184 1024/1056/184
f 1025/828/185 1026/758/185 1027/939/185 1028/1106/185 1029/1132/185 1030/922/185
f 1031/1131/186 1032/1199/186 1033/1202/186 1034/923/186
f 1035/825/187 1036/924/187 1037/1201/187 1038/761/187
f 1039/1133/188 1040/941/188 1041/1001/188 1042/974/188 1043/1122/188
f 1044/1134/189 1045/1143/189 1046/1127/189 1047/942/189
f 1048/1130/190 1049/1161/190 1050/943/190
f 1051/1200/191 1052/816/191 1053/762/191
f 1054/1203/192 1055/1198/192 1056/1135/192
f 1057/749/193 1058/1138/193 1059/910/193 1060/1077/193
f 1061/1083/194 1062/1154/194 1063/1141/194 1064/1204/194
f 1065/1348/195 1066/1349/195 1067/1350/195 1068/1348/195
f 1069/1351/196 1070/1352/196 1071/1353/196 1072/1354/196 1073/1355/196 1074/851/196
f 1075/1356/197 1076/1357/197 1077/843/197 1078/1358/197 1079/1356/197 1080/1356/197
f 1081/1197/198 1082/1144/198 1083/1144/198 1084/1191/198
f 1085/1359/199 1086/1360/199 1087/1361/199 1088/1361/199
f 1089/1362/200 1090/1363/200 1091/1364/200 1092/1364/200 1093/1365/200 1094/1362/200
f 1095/1365/201 1096/1366/201 1097/1139/201 1098/1367/201
f 1099/1169/202 1100/1195/202 1101/1142/202 1102/1153/202
f 1103/1368/203 1104/1143/203 1105/1143/203 1106/1368/203
f 1107/1143/204 1108/1143/204 1109/1134/204 1110/1145/204
f 1111/1368/205 1112/1368/205 1113/1133/205 1114/1369/205 1115/1369/205 1116/1369/205
f 601/1216/146 595/1211/146 597/1213/146 602/1217/146
f 1188/1370/206 1181/1371/206 1183/1372/206 1185/1373/206
f 631/742/156 603/741/156 602/1029/156 632/1028/156
f 674/1252/167 601/1216/167 603/1218/167 675/1253/167
f 705/1374/168 617/1227/168 616/787/168 702/786/168
f 642/730/145 614/729/145 613/824/145 639/823/145
f 607/973/155 615/972/155 614/729/155 608/732/155
f 618/1228/135 617/1227/135 1176/1227/135 1174/1228/135
f 647/770/150 609/769/150 608/732/150 648/731/150
f 732/1297/169 607/1221/169 609/769/169 730/772/169
f 760/1318/170 600/1215/170 599/751/170 757/750/170
f 596/1375/149 620/1229/149 619/1027/149 597/1026/149
f 621/1376/149 624/1232/149 623/782/149 622/781/149
f 627/1208/156 634/1207/156 633/784/156 628/783/156
f 638/790/145 641/789/145 640/820/145 635/819/145
f 643/794/150 650/793/150 649/792/150 644/791/150
f 788/805/138 621/808/138 620/803/138 785/802/138
f 813/757/138 625/760/138 624/807/138 814/806/138
f 641/789/134 649/792/134 648/731/134 642/730/134
f 637/733/134 645/736/134 644/791/134 638/790/134
f 882/817/135 640/820/135 639/823/135 879/822/135
f 907/773/135 636/776/135 635/819/135 908/818/135
f 622/781/140 633/784/140 632/1028/140 619/1027/140
f 626/809/140 629/812/140 628/783/140 623/782/140
f 615/1226/167 651/1235/167 653/821/167 613/824/167
f 651/1235/167 654/1377/167 657/1050/167 652/1053/167
f 655/902/167 658/901/167 661/1378/167 656/1238/167
f 659/898/167 662/897/167 665/1379/167 660/1241/167
f 663/894/167 666/893/167 669/1380/167 664/1244/167
f 667/890/167 670/889/167 673/1381/167 668/1247/167
f 671/886/167 677/885/167 676/1382/167 672/1250/167
f 605/1220/168 679/1256/168 678/879/168 606/878/168
f 680/1383/168 683/1259/168 682/1024/168 681/1023/168
f 684/1384/168 687/1262/168 686/847/168 685/846/168
f 688/1385/168 691/1265/168 690/1020/168 689/1019/168
f 692/1386/168 695/1268/168 694/1016/168 693/1015/168
f 696/1387/168 699/1271/168 698/1012/168 697/1011/168
f 700/1388/168 704/1275/168 703/1008/168 701/1007/168
f 595/1211/169 706/1277/169 709/1280/169 596/1212/169
f 707/888/169 710/887/169 713/1283/169 708/1389/169
f 711/892/169 714/891/169 717/1286/169 712/1390/169
f 715/896/169 718/895/169 721/1289/169 716/1391/169
f 719/900/169 722/899/169 725/1292/169 720/1392/169
f 723/904/169 726/903/169 729/1295/169 724/1393/169
f 727/1394/169 732/1297/169 731/978/169 728/981/169
f 611/1224/170 734/1395/170 733/1000/170 612/999/170
f 735/1300/170 738/1396/170 737/976/170 736/975/170
f 739/1303/170 742/1397/170 741/1116/170 740/1115/170
f 743/1306/170 746/1398/170 745/1064/170 744/1063/170
f 747/1309/170 750/1399/170 749/1068/170 748/1067/170
f 751/1312/170 754/1400/170 753/1072/170 752/1071/170
f 755/1315/170 759/1401/170 758/1076/170 756/1075/170
f 650/793/138 762/796/138 761/771/138 647/770/138
f 763/1108/138 766/1111/138 765/980/138 764/979/138
f 767/948/138 770/951/138 769/984/138 768/983/138
f 771/952/138 774/955/138 773/988/138 772/987/138
f 775/956/138 778/959/138 777/992/138 776/991/138
f 779/960/138 782/963/138 781/996/138 780/995/138
f 783/964/138 787/967/138 786/1004/138 784/1003/138
f 646/944/138 789/947/138 792/795/138 643/794/138
f 790/968/138 794/971/138 793/1110/138 791/1109/138
f 795/1118/138 798/1121/138 797/950/138 796/949/138
f 799/925/138 802/928/138 801/954/138 800/953/138
f 803/929/138 806/932/138 805/958/138 804/957/138
f 807/933/138 810/936/138 809/962/138 808/961/138
f 811/937/138 816/940/138 815/966/138 812/965/138
f 817/1113/171 821/1112/171 824/1120/171 818/1119/171
f 822/921/171 825/920/171 828/927/171 823/926/171
f 826/918/171 829/917/171 832/931/171 827/930/171
f 830/912/171 833/911/171 836/935/171 831/934/171
f 840/1114/169 842/1117/169 841/916/169 837/915/169
f 843/1062/169 845/1065/169 847/919/169 844/1124/169
f 846/1066/169 848/1069/169 850/913/169 847/919/169
f 849/1070/169 852/1073/169 851/914/169 850/913/169
f 634/1207/135 856/1210/135 855/743/135 631/742/135
f 857/1058/135 860/1061/135 859/1032/135 858/1031/135
f 861/853/135 864/856/135 863/1036/135 862/1035/135
f 865/857/135 868/860/135 867/1040/135 866/1039/135
f 869/861/135 872/864/135 871/1044/135 870/1043/135
f 873/865/135 876/868/135 875/1048/135 874/1047/135
f 877/869/135 881/872/135 880/1052/135 878/1051/135
f 630/849/135 883/852/135 886/1209/135 627/1208/135
f 884/873/135 888/876/135 887/1060/135 885/1059/135
f 889/1078/135 892/1081/135 891/855/135 890/854/135
f 893/829/135 896/832/135 895/859/135 894/858/135
f 897/833/135 900/836/135 899/863/135 898/862/135
f 901/837/135 904/840/135 903/867/135 902/866/135
f 905/841/135 910/844/135 909/871/135 906/870/135
f 911/1402/168 915/1322/168 918/1080/168 912/1079/168
f 916/1403/168 919/1325/168 922/831/168 917/830/168
f 920/1404/168 923/1328/168 926/835/168 921/834/168
f 924/1405/168 927/1331/168 930/839/168 925/838/168
f 934/845/172 935/848/172 937/1336/172 931/1406/172
f 936/1018/172 938/1021/172 940/1338/172 937/1336/172
f 939/1014/172 942/1017/172 941/1407/172 940/1338/172
f 943/916/172 946/915/172 945/915/172 944/916/172
f 912/1079/135 889/1078/135 888/876/135 913/875/135
f 917/830/135 893/829/135 892/1081/135 918/1080/135
f 921/834/135 897/833/135 896/832/135 922/831/135
f 925/838/135 901/837/135 900/836/135 926/835/135
f 929/842/135 905/841/135 904/840/135 930/839/135
f 885/1059/135 857/1058/135 856/1210/135 886/1209/135
f 890/854/135 861/853/135 860/1061/135 887/1060/135
f 894/858/135 865/857/135 864/856/135 891/855/135
f 898/862/135 869/861/135 868/860/135 895/859/135
f 902/866/135 873/865/135 872/864/135 899/863/135
f 906/870/135 877/869/135 876/868/135 903/867/135
f 908/818/135 882/817/135 881/872/135 909/871/135
f 858/1031/135 676/1030/135 675/744/135 855/743/135
f 862/1035/135 673/1034/135 672/1033/135 859/1032/135
f 866/1039/135 669/1038/135 668/1037/135 863/1036/135
f 870/1043/135 665/1042/135 664/1041/135 867/1040/135
f 874/1047/135 661/1046/135 660/1045/135 871/1044/135
f 878/1051/135 657/1050/135 656/1049/135 875/1048/135
f 879/822/135 653/821/135 652/1053/135 880/1052/135
f 818/1119/138 795/1118/138 794/971/138 819/970/138
f 823/926/138 799/925/138 798/1121/138 824/1120/138
f 827/930/138 803/929/138 802/928/138 828/927/138
f 831/934/138 807/933/138 806/932/138 832/931/138
f 835/938/138 811/937/138 810/936/138 836/935/138
f 791/1109/138 763/1108/138 762/796/138 792/795/138
f 796/949/138 767/948/138 766/1111/138 793/1110/138
f 800/953/138 771/952/138 770/951/138 797/950/138
f 804/957/138 775/956/138 774/955/138 801/954/138
f 808/961/138 779/960/138 778/959/138 805/958/138
f 812/965/138 783/964/138 782/963/138 809/962/138
f 814/806/138 788/805/138 787/967/138 815/966/138
f 764/979/138 731/978/138 730/772/138 761/771/138
f 768/983/138 729/982/138 728/981/138 765/980/138
f 772/987/138 725/986/138 724/985/138 769/984/138
f 776/991/138 721/990/138 720/989/138 773/988/138
f 780/995/138 717/994/138 716/993/138 777/992/138
f 784/1003/138 713/1002/138 712/997/138 781/996/138
f 785/802/138 709/801/138 708/1005/138 786/1004/138
f 754/1092/134 684/1091/134 1124/1091/134 1165/1092/134
f 755/1315/138 754/1314/138 1165/1314/138 1168/1315/138
f 692/1266/135 691/1265/135 1129/1265/135 1132/1266/135
f 750/1096/134 688/1095/134 1128/1095/134 1161/1096/134
f 742/1104/134 696/1103/134 1136/1103/134 1153/1104/134
f 1134/1408/136 1155/1409/136 1154/1410/136 1135/1411/136
f 739/1303/138 738/1302/138 1149/1302/138 1152/1303/138
f 677/885/142 707/888/142 706/1277/142 674/1252/142
f 670/889/142 711/892/142 710/887/142 671/886/142
f 666/893/142 715/896/142 714/891/142 667/890/142
f 662/897/142 719/900/142 718/895/142 663/894/142
f 658/901/142 723/904/142 722/899/142 659/898/142
f 654/905/142 727/908/142 726/903/142 655/902/142
f 740/1115/138 840/1114/138 839/977/138 737/976/138
f 744/1063/138 843/1062/138 842/1117/138 741/1116/138
f 748/1067/138 846/1066/138 845/1065/138 745/1064/138
f 752/1071/138 849/1070/138 848/1069/138 749/1068/138
f 756/1075/138 853/1074/138 852/1073/138 753/1072/138
f 685/846/135 934/845/135 933/1025/135 682/1024/135
f 689/1019/135 936/1018/135 935/848/135 686/847/135
f 693/1015/135 939/1014/135 938/1021/135 690/1020/135
f 697/1011/135 943/1010/135 942/1017/135 694/1016/135
f 701/1007/135 947/1006/135 946/1013/135 698/1012/135
f 919/918/136 826/918/136 825/920/136 920/920/136
f 944/916/142 841/916/142 844/1124/142 941/1124/142
f 915/912/136 830/912/136 829/917/136 916/917/136
f 914/1107/136 834/1107/136 833/911/136 911/911/136
f 927/1113/136 817/1113/136 820/1125/136 928/1125/136
f 854/909/142 932/909/142 931/914/142 851/914/142
f 837/915/142 945/915/142 948/1123/142 838/1123/142
f 821/1112/136 924/1112/136 923/921/136 822/921/136
f 1013/1129/207 1016/1128/207 1019/1177/207 1014/1055/207
f 1018/1197/208 1020/1196/208 1024/1056/208 1019/1177/208
f 1035/825/209 1025/828/209 1030/922/209 1036/924/209
f 1029/1132/210 1031/1131/210 1034/923/210 1030/922/210
f 1033/1202/211 1037/1201/211 1036/924/211 1034/923/211
f 1039/1133/212 1044/1134/212 1047/942/212 1040/941/212
f 1046/1127/213 1048/1130/213 1050/943/213 1047/942/213
f 1051/1200/214 1054/1203/214 1056/1135/214 1052/816/214
f 1069/1084/215 1061/1083/215 1064/1204/215 1070/1206/215
f 1063/1141/216 1065/1140/216 1068/1205/216 1064/1204/216
f 1067/1350/217 1071/1349/217 1070/1206/217 1068/1205/217
f 1085/797/218 1075/800/218 1080/1412/218 1086/1356/218
f 1079/1196/219 1081/1197/219 1084/1191/219 1080/1190/219
f 1083/1144/220 1087/1144/220 1086/1192/220 1084/1191/220
f 1099/1169/221 1089/1168/221 1094/1193/221 1100/1195/221
f 1093/1365/222 1095/1413/222 1098/1194/222 1094/1193/222
f 1097/1139/223 1101/1142/223 1100/1195/223 1098/1194/223
f 1111/1368/224 1103/1414/224 1106/1145/224 1112/1146/224
f 1105/1143/225 1107/1143/225 1110/1145/225 1106/1145/225
f 1109/1134/226 1113/1133/226 1112/1146/226 1110/1145/226
f 949/827/135 954/826/135 956/1163/135 950/1166/135
f 955/764/138 957/763/138 959/1164/138 956/1163/138
f 958/815/135 960/814/135 964/1165/135 959/1164/135
f 963/1148/149 951/1147/149 950/1415/149 964/1347/149
f 968/1167/138 965/1170/138 967/1186/138 969/1189/138
f 966/1152/135 973/1151/135 975/1187/135 967/1186/135
f 974/1082/138 976/1085/138 980/1188/138 975/1187/138
f 979/1150/178 970/1149/176 969/1189/175 980/1188/179
f 981/1184/138 984/1183/138 988/1173/138 982/1176/138
f 987/738/145 992/737/145 996/1174/145 988/1173/145
f 995/799/138 989/798/138 991/1175/138 996/1174/138
f 990/1158/135 983/1157/135 982/1176/135 991/1175/135
f 1000/1171/135 997/1172/135 999/1178/135 1001/1181/135
f 998/1160/138 1005/1159/138 1007/1179/138 999/1178/138
f 1006/1054/135 1008/1057/135 1012/1180/135 1007/1179/135
f 1011/740/150 1002/739/150 1001/1181/150 1012/1180/150
f 1038/761/138 955/764/138 954/826/138 1035/825/138
f 953/759/138 1026/758/138 1025/828/138 949/827/138
f 1057/749/137 961/752/139 960/814/227 1058/813/227
f 957/763/138 1053/762/138 1052/816/138 958/815/138
f 1088/1155/135 990/1158/135 989/798/135 1085/797/135
f 994/775/135 1076/774/135 1075/800/135 995/799/135
f 1116/785/135 985/788/135 984/1183/135 1111/1182/135
f 983/1157/135 1104/1156/135 1103/1185/135 981/1184/135
f 1005/1159/138 1015/1162/138 1014/1055/138 1006/1054/138
f 1023/946/138 1009/945/138 1008/1057/138 1024/1056/138
f 1004/998/138 1041/1001/138 1040/941/138 1000/1171/138
f 1049/1161/138 998/1160/138 997/1172/138 1050/943/138
f 973/1151/135 1062/1154/135 1061/1083/135 974/1082/135
f 1074/851/135 977/850/135 976/1085/135 1069/1084/135
f 972/877/135 1090/880/135 1089/1168/135 968/1167/135
f 1102/1153/135 966/1152/135 965/1170/135 1099/1169/135
f 1096/1366/228 1066/1416/228 1065/1140/228 1097/1139/228
f 1062/1154/229 1102/1153/229 1101/1142/229 1063/1141/229
f 1104/1143/230 1088/1144/230 1087/1144/230 1105/1143/230
f 1082/1144/231 1108/1143/231 1107/1143/231 1083/1144/231
f 1045/1143/232 1017/1144/232 1016/1128/232 1046/1127/232
f 1015/1162/233 1049/1161/233 1048/1130/233 1013/1129/233
f 1053/762/234 1038/761/234 1037/1201/234 1051/1200/234
f 1032/1199/235 1055/1198/235 1054/1203/235 1033/1202/235
f 1078/1126/236 1021/1126/236 1020/1196/236 1079/1196/236
f 1017/1144/237 1082/1144/237 1081/1197/237 1018/1197/237
f 1066/1199/238 1032/1199/238 1031/1131/238 1067/1131/238
f 1028/1106/239 1072/1106/239 1071/1132/239 1029/1132/239
f 1055/1198/240 1096/1198/240 1095/1136/240 1056/1135/240
f 1092/910/241 1059/910/241 1058/1138/241 1093/1137/241
f 1043/1122/242 1114/1122/242 1113/1133/242 1039/1133/242
f 1108/1143/243 1045/1143/243 1044/1134/243 1109/1134/243
f 625/1417/149 953/1343/149 952/810/149 626/809/149
f 951/1147/140 979/1150/140 978/811/140 952/810/140
f 977/850/156 630/849/156 629/812/156 978/811/156
f 816/940/138 1027/939/138 1026/758/138 813/757/138
f 962/765/140 971/768/140 970/1149/140 963/1148/140
f 1060/1077/138 758/1076/138 757/750/138 1057/749/137
f 598/1214/149 962/1418/149 961/752/149 599/751/149
f 606/878/156 972/877/156 971/768/156 604/767/156
f 681/1023/135 1091/1022/135 1090/880/135 678/879/135
f 1073/874/135 884/873/135 883/852/135 1074/851/135
f 1002/739/134 987/738/134 986/777/134 1003/780/134
f 985/788/145 616/787/145 618/778/145 986/777/145
f 612/999/150 1004/998/150 1003/780/150 610/779/150
f 1010/735/134 993/734/134 992/737/134 1011/740/134
f 1115/1009/135 703/1008/135 702/786/135 1116/785/135
f 910/844/135 1077/843/135 1076/774/135 907/773/135
f 993/734/145 637/733/145 636/776/145 994/775/145
f 1009/945/150 646/944/150 645/736/150 1010/735/150
f 736/975/138 1042/974/138 1041/1001/138 733/1000/138
f 1022/969/138 790/968/138 789/947/138 1023/946/138
f 819/970/171 1022/969/171 1021/1126/171 820/1125/171
f 1077/843/168 929/842/168 928/1419/168 1078/1358/168
f 1027/939/171 835/938/171 834/1107/171 1028/1106/171
f 913/875/168 1073/874/168 1072/1420/168 914/1321/168
f 1042/974/169 839/977/169 838/1123/169 1043/1122/169
f 947/1123/172 1115/1421/172 1114/1122/172 948/1123/172
f 853/1074/169 1060/1077/169 1059/910/169 854/909/169
f 1091/1422/172 933/909/172 932/909/172 1092/910/172
f 601/1216/142 674/1252/142 706/1277/142 595/1211/142
f 704/1086/140 735/1089/140 1148/1089/140 1141/1086/140
f 699/1102/140 739/1105/140 1152/1105/140 1137/1102/140
f 695/1098/140 743/1101/140 1156/1101/140 1133/1098/140
f 691/1094/140 747/1097/140 1160/1097/140 1129/1094/140
f 687/1090/140 751/1093/140 1164/1093/140 1125/1090/140
f 683/881/140 755/884/140 1168/884/140 1121/881/140
f 679/753/140 760/756/140 1172/756/140 1117/753/140
f 684/1260/135 683/1259/135 1121/1259/135 1124/1260/135
f 743/1306/138 742/1305/138 1153/1305/138 1156/1306/138
f 688/1263/135 687/1262/135 1125/1262/135 1128/1263/135
f 1138/1423/136 1151/1424/136 1150/1425/136 1139/1426/136
f 759/883/134 680/882/134 1120/882/134 1169/883/134
f 1122/1427/136 1167/1428/136 1166/1429/136 1123/1430/136
f 760/1318/138 759/1317/138 1169/1317/138 1172/1318/138
f 1126/1431/136 1163/1432/136 1162/1433/136 1127/1434/136
f 734/747/134 705/746/134 1144/746/134 1145/747/134
f 735/1300/138 734/1299/138 1145/1299/138 1148/1300/138
f 747/1309/138 746/1308/138 1157/1308/138 1160/1309/138
f 738/1088/134 700/1087/134 1140/1087/134 1149/1088/134
f 705/1276/135 704/1275/135 1141/1275/135 1144/1276/135
f 1142/1435/136 1147/1436/136 1146/1437/136 1143/1438/136
f 1130/1439/136 1159/1440/136 1158/1441/136 1131/1442/136
f 696/1269/135 695/1268/135 1133/1268/135 1136/1269/135
f 610/779/244 618/778/244 1174/778/244 1180/779/244
f 700/1272/135 699/1271/135 1137/1271/135 1140/1272/135
f 751/1312/138 750/1311/138 1161/1311/138 1164/1312/138
f 1118/1443/136 1171/1444/136 1170/1445/136 1119/1446/136
f 746/1100/134 692/1099/134 1132/1099/134 1157/1100/134
f 1118/1443/245 1119/1446/245 1120/882/245 1117/753/245
f 1122/1427/245 1123/1430/245 1124/1091/245 1121/881/245
f 1126/1431/245 1127/1434/245 1128/1095/245 1125/1090/245
f 1130/1439/245 1131/1442/245 1132/1099/245 1129/1094/245
f 1134/1408/245 1135/1411/245 1136/1103/245 1133/1098/245
f 1138/1423/245 1139/1426/245 1140/1087/245 1137/1102/245
f 1142/1435/245 1143/1438/245 1144/746/245 1141/1086/245
f 1146/1437/171 1147/1436/171 1148/1089/171 1145/747/171
f 1150/1425/171 1151/1424/171 1152/1105/171 1149/1088/171
f 1154/1410/171 1155/1409/171 1156/1101/171 1153/1104/171
f 1158/1441/171 1159/1440/171 1160/1097/171 1157/1100/171
f 1162/1433/171 1163/1432/171 1164/1093/171 1161/1096/171
f 1166/1429/171 1167/1428/171 1168/884/171 1165/1092/171
f 1170/1445/171 1171/1444/171 1172/756/171 1169/883/171
f 1141/1086/206 1148/1089/206 1147/1436/206 1142/1435/206
f 1145/747/147 1144/746/147 1143/1438/147 1146/1437/147
f 1137/1102/246 1152/1105/246 1151/1424/246 1138/1423/246
f 1149/1088/247 1140/1087/247 1139/1426/247 1150/1425/247
f 1133/1098/206 1156/1101/206 1155/1409/206 1134/1408/206
f 1153/1104/147 1136/1103/147 1135/1411/147 1154/1410/147
f 1129/1094/246 1160/1097/246 1159/1440/246 1130/1439/246
f 1157/1100/147 1132/1099/147 1131/1442/147 1158/1441/147
f 1125/1090/206 1164/1093/206 1163/1432/206 1126/1431/206
f 1161/1096/147 1128/1095/147 1127/1434/147 1162/1433/147
f 1121/881/206 1168/884/206 1167/1428/206 1122/1427/206
f 1165/1092/147 1124/1091/147 1123/1430/147 1166/1429/147
f 1117/753/206 1172/756/206 1171/1444/206 1118/1443/206
f 1169/883/247 1120/882/247 1119/1446/247 1170/1445/247
f 680/1257/135 679/1256/135 1117/1256/135 1120/1257/135
f 604/767/248 598/766/248 1186/766/248 1184/767/248
f 617/745/249 611/748/249 1178/748/249 1176/745/249
f 611/1224/138 610/1223/138 1180/1223/138 1178/1224/138
f 1176/745/250 1178/748/250 1177/1447/250 1175/1448/250
f 1180/779/251 1174/778/251 1173/1449/251 1179/1450/251
f 1179/1450/252 1177/1447/252 1178/1451/252 1180/779/252
f 1175/1448/253 1173/1449/253 1174/778/253 1176/1452/253
f 1175/1448/247 1177/1447/247 1179/1450/247 1173/1449/247
f 600/755/254 605/754/254 1182/754/254 1187/755/254
f 598/1214/138 600/1215/138 1187/1215/138 1186/1214/138
f 1188/1370/255 1185/1373/255 1186/766/255 1187/1453/255
f 1187/1454/256 1182/1455/256 1181/1371/256 1188/1370/256
f 1184/767/257 1186/766/257 1185/1373/257 1183/1372/257
f 1183/1372/258 1181/1371/258 1182/1456/258 1184/767/258
f 605/1220/135 604/1219/135 1184/1219/135 1182/1220/135
o Cube.030
v -84.714096 6.318679 123.310654
v -84.714096 20.209852 123.310654
v -84.714096 6.318677 101.071198
v -84.714096 20.209850 101.071198
v -63.518513 6.318679 123.310654
v -63.518513 20.209852 123.310654
v -63.518513 6.318677 101.071198
v -63.518513 20.209850 101.071198
vn -1.0000 -0.0000 -0.0000
vn -0.0000 -0.0000 -1.0000
vn 1.0000 -0.0000 -0.0000
vn -0.0000 -0.0000 1.0000
vn -0.0000 -1.0000 -0.0000
vn -0.0000 1.0000 -0.0000
vt 0.375000 0.000000
vt 0.625000 0.000000
vt 0.625000 0.250000
vt 0.375000 0.250000
vt 0.625000 0.500000
vt 0.375000 0.500000
vt 0.625000 0.750000
vt 0.375000 0.750000
vt 0.625000 1.000000
vt 0.375000 1.000000
vt 0.125000 0.500000
vt 0.125000 0.750000
vt 0.875000 0.500000
vt 0.875000 0.750000
s 1
usemtl Militär
f 1189/1457/259 1190/1458/259 1192/1459/259 1191/1460/259
f 1191/1460/260 1192/1459/260 1196/1461/260 1195/1462/260
f 1195/1462/261 1196/1461/261 1194/1463/261 1193/1464/261
f 1193/1464/262 1194/1463/262 1190/1465/262 1189/1466/262
f 1191/1467/263 1195/1462/263 1193/1464/263 1189/1468/263
f 1196/1461/264 1192/1469/264 1190/1470/264 1194/1463/264
o Cube.032
v -151.974182 6.318719 123.656982
v -151.974182 20.209900 123.656982
v -151.974182 6.318717 101.417587
v -151.974182 20.209898 101.417587
v -130.778595 6.318719 123.656982
v -130.778595 20.209900 123.656982
v -130.778595 6.318717 101.417587
v -130.778595 20.209898 101.417587
vn -1.0000 -0.0000 -0.0000
vn -0.0000 -0.0000 -1.0000
vn 1.0000 -0.0000 -0.0000
vn -0.0000 -0.0000 1.0000
vn -0.0000 -1.0000 -0.0000
vn -0.0000 1.0000 -0.0000
vt 0.375000 0.000000
vt 0.625000 0.000000
vt 0.625000 0.250000
vt 0.375000 0.250000
vt 0.625000 0.500000
vt 0.375000 0.500000
vt 0.625000 0.750000
vt 0.375000 0.750000
vt 0.625000 1.000000
vt 0.375000 1.000000
vt 0.125000 0.500000
vt 0.125000 0.750000
vt 0.875000 0.500000
vt 0.875000 0.750000
s 1
usemtl Militär
f 1197/1471/265 1198/1472/265 1200/1473/265 1199/1474/265
f 1199/1474/266 1200/1473/266 1204/1475/266 1203/1476/266
f 1203/1476/267 1204/1475/267 1202/1477/267 1201/1478/267
f 1201/1478/268 1202/1477/268 1198/1479/268 1197/1480/268
f 1199/1481/269 1203/1476/269 1201/1478/269 1197/1482/269
f 1204/1475/270 1200/1483/270 1198/1484/270 1202/1477/270
o Cube.082
v -135.409622 19.813154 111.582993
v -135.409622 20.622410 111.582993
v -135.405716 19.813154 109.710388
v -135.405716 20.622410 109.710388
v -81.563232 19.813152 111.695442
v -81.563232 20.622410 111.695442
v -81.559326 19.813152 109.822830
v -81.559326 20.622410 109.822830
vn -1.0000 -0.0000 -0.0021
vn 0.0021 -0.0000 -1.0000
vn 1.0000 -0.0000 0.0021
vn -0.0021 -0.0000 1.0000
vn -0.0000 -1.0000 -0.0000
vn -0.0000 1.0000 -0.0000
vt 0.375000 0.000000
vt 0.625000 0.000000
vt 0.625000 0.250000
vt 0.375000 0.250000
vt 0.625000 0.500000
vt 0.375000 0.500000
vt 0.625000 0.750000
vt 0.375000 0.750000
vt 0.625000 1.000000
vt 0.375000 1.000000
vt 0.125000 0.500000
vt 0.125000 0.750000
vt 0.875000 0.500000
vt 0.875000 0.750000
s 1
usemtl Holz
f 1205/1485/271 1206/1486/271 1208/1487/271 1207/1488/271
f 1207/1488/272 1208/1487/272 1212/1489/272 1211/1490/272
f 1211/1490/273 1212/1489/273 1210/1491/273 1209/1492/273
f 1209/1492/274 1210/1491/274 1206/1493/274 1205/1494/274
f 1207/1495/275 1211/1490/275 1209/1492/275 1205/1496/275
f 1212/1489/276 1208/1497/276 1206/1498/276 1210/1491/276
o Cube.083
v -135.888504 19.813156 114.453804
v -135.888504 20.622412 114.453804
v -135.884598 19.813154 112.581207
v -135.884598 20.622410 112.581207
v -82.042107 19.813156 114.566261
v -82.042107 20.622412 114.566261
v -82.038200 19.813152 112.693649
v -82.038200 20.622410 112.693649
vn -1.0000 -0.0000 -0.0021
vn 0.0021 -0.0000 -1.0000
vn 1.0000 -0.0000 0.0021
vn -0.0021 -0.0000 1.0000
vn -0.0000 -1.0000 -0.0000
vn -0.0000 1.0000 -0.0000
vt 0.375000 0.000000
vt 0.625000 0.000000
vt 0.625000 0.250000
vt 0.375000 0.250000
vt 0.625000 0.500000
vt 0.375000 0.500000
vt 0.625000 0.750000
vt 0.375000 0.750000
vt 0.625000 1.000000
vt 0.375000 1.000000
vt 0.125000 0.500000
vt 0.125000 0.750000
vt 0.875000 0.500000
vt 0.875000 0.750000
s 1
usemtl Holz
f 1213/1499/277 1214/1500/277 1216/1501/277 1215/1502/277
f 1215/1502/278 1216/1501/278 1220/1503/278 1219/1504/278
f 1219/1504/279 1220/1503/279 1218/1505/279 1217/1506/279
f 1217/1506/280 1218/1505/280 1214/1507/280 1213/1508/280
f 1215/1509/281 1219/1504/281 1217/1506/281 1213/1510/281
f 1220/1503/282 1216/1511/282 1214/1512/282 1218/1505/282
o Cube.090
v -134.923340 19.813154 108.667816
v -134.923340 20.622410 108.667816
v -134.919434 19.813154 106.795212
v -134.919434 20.622410 106.795212
v -81.076950 19.813152 108.780266
v -81.076950 20.622410 108.780266
v -81.073044 19.813152 106.907654
v -81.073044 20.622410 106.907654
vn -1.0000 -0.0000 -0.0021
vn 0.0021 -0.0000 -1.0000
vn 1.0000 -0.0000 0.0021
vn -0.0021 -0.0000 1.0000
vn -0.0000 -1.0000 -0.0000
vn -0.0000 1.0000 -0.0000
vt 0.375000 0.000000
vt 0.625000 0.000000
vt 0.625000 0.250000
vt 0.375000 0.250000
vt 0.625000 0.500000
vt 0.375000 0.500000
vt 0.625000 0.750000
vt 0.375000 0.750000
vt 0.625000 1.000000
vt 0.375000 1.000000
vt 0.125000 0.500000
vt 0.125000 0.750000
vt 0.875000 0.500000
vt 0.875000 0.750000
s 1
usemtl Holz
f 1221/1513/283 1222/1514/283 1224/1515/283 1223/1516/283
f 1223/1516/284 1224/1515/284 1228/1517/284 1227/1518/284
f 1227/1518/285 1228/1517/285 1226/1519/285 1225/1520/285
f 1225/1520/286 1226/1519/286 1222/1521/286 1221/1522/286
f 1223/1523/287 1227/1518/287 1225/1520/287 1221/1524/287
f 1228/1517/288 1224/1525/288 1222/1526/288 1226/1519/288
o Plane
v -201.355881 5.577963 206.711868
v -14.094915 5.577963 206.711868
v -201.355881 5.577883 19.450897
v -14.094915 5.577883 19.450897
v -201.355881 5.577883 19.450897
v -201.355881 5.577963 206.711868
v -14.094915 5.577963 206.711868
v -14.094915 5.577883 19.450897
v -201.355881 5.577883 19.450897
v -14.094915 5.577883 19.450897
vn -0.0000 -1.0000 -0.0000
vn -0.0000 1.0000 -0.0000
vn -0.0001 1.0000 -0.0000
vn -0.0000 -0.0000 -1.0000
vn -0.0000 -0.0000 -0.0000
vt 0.000000 0.000000
vt 0.500000 0.000000
vt 0.500000 0.500000
vt 0.000000 0.500000
vt 0.000000 1.000000
vt 0.500000 1.000000
s 1
usemtl Ground
f 1229/1527/289 1231/1528/289 1232/1529/289 1230/1530/289
f 1234/1531/290 1235/1530/290 1236/1529/290 1233/1532/290
s 0
f 1232/1529/291 1231/1529/292 1233/1529/290 1236/1529/292
f 1229/1529/290 1230/1529/292 1235/1529/291 1234/1529/292
f 1230/1529/293 1232/1529/293 1236/1529/293 1235/1529/293
f 1231/1529/293 1229/1529/293 1234/1529/293 1233/1529/293
f 1236/1529/291 1233/1529/292 1237/1529/290 1238/1529/292
o Sphere
v -109.510002 172.832306 -5.971868
v -109.510002 115.482849 -63.321312
v -109.510002 40.552177 -94.358597
v -109.510002 -0.000007 -98.352646
v -109.510002 -40.552193 -94.358597
v -109.510002 -115.482864 -63.321297
v -101.598663 203.869598 69.737999
v -93.991348 192.040970 31.493462
v -86.980415 172.832306 -3.752897
v -80.835274 146.981796 -34.646587
v -75.792091 115.482849 -60.000374
v -72.044670 79.545975 -78.839958
v -69.737015 40.552177 -90.441284
v -68.957817 -0.000007 -94.358597
v -69.737015 -40.552193 -90.441284
v -72.044670 -79.545990 -78.839943
v -75.792091 -115.482864 -60.000359
v -80.835274 -146.981796 -34.646564
v -86.980415 -172.832306 -3.752871
v -93.991348 -192.040970 31.493492
v -101.598663 -203.869598 69.738029
v -93.991356 203.869598 72.045654
v -79.069077 192.040970 36.020081
v -65.316620 172.832306 2.818751
v -53.262505 146.981796 -26.282482
v -43.369949 115.482857 -50.165215
v -36.019112 79.545975 -67.911720
v -31.492485 40.552177 -78.839951
v -29.964027 -0.000006 -82.529953
v -31.492485 -40.552193 -78.839951
v -36.019112 -79.545990 -67.911705
v -43.369949 -115.482857 -50.165199
v -53.262505 -146.981796 -26.282459
v -65.316620 -172.832306 2.818777
v -79.069077 -192.040970 36.020111
v -93.991356 -203.869598 72.045685
v -86.980415 203.869598 75.793076
v -65.316620 192.040970 43.370926
v -45.351166 172.832306 13.490519
v -27.851295 146.981796 -12.699902
v -13.489532 115.482857 -34.193794
v -2.817764 79.545982 -50.165230
v 3.753883 40.552181 -60.000370
v 5.972855 -0.000005 -63.321274
v 3.753883 -40.552189 -60.000362
v -2.817764 -79.545982 -50.165215
v -13.489532 -115.482857 -34.193779
v -27.851295 -146.981796 -12.699879
v -45.351166 -172.832306 13.490545
v -65.316620 -192.040970 43.370956
v -86.980415 -203.869598 75.793106
v -80.835281 203.869598 80.836266
v -53.262505 192.040970 53.263493
v -27.851295 172.832306 27.852297
v -5.578178 146.981796 5.579167
v 12.700874 115.482857 -12.699876
v 26.283455 79.545982 -26.282476
v 34.647575 40.552181 -34.646564
v 37.471794 -0.000003 -37.470749
v 34.647575 -40.552189 -34.646557
v 26.283455 -79.545982 -26.282465
v 12.700874 -115.482857 -12.699859
v -5.578178 -146.981796 5.579189
v -27.851295 -172.832306 27.852324
v -53.262505 -192.040970 53.263523
v -80.835281 -203.869598 80.836296
v -75.792099 203.869598 86.981400
v -43.369942 192.040970 65.317612
v -13.489525 172.832306 45.352169
v 12.700890 146.981796 27.852283
v 34.194786 115.482857 13.490539
v 50.166206 79.545982 2.818750
v 60.001366 40.552185 -3.752864
v 63.322289 -0.000000 -5.971809
v 60.001366 -40.552185 -3.752858
v 50.166206 -79.545982 2.818762
v 34.194786 -115.482857 13.490556
v 12.700890 -146.981796 27.852306
v -13.489525 -172.832306 45.352192
v -43.369942 -192.040970 65.317642
v -75.792099 -203.869598 86.981430
v -109.510002 207.863663 109.510986
v -72.044678 203.869598 93.992340
v -36.019112 192.040970 79.070068
v -2.817764 172.832306 65.317627
v 26.283470 146.981796 53.263493
v 50.166206 115.482857 43.370964
v 67.912697 79.545982 36.020088
v 78.840935 40.552189 31.493504
v 82.530937 0.000002 29.965073
v 78.840935 -40.552181 31.493511
v 67.912697 -79.545982 36.020103
v 50.166206 -115.482857 43.370979
v 26.283470 -146.981796 53.263515
v -2.817764 -172.832306 65.317657
v -36.019112 -192.040970 79.070099
v -72.044678 -203.869598 93.992371
v -69.737030 203.869614 101.599655
v -31.492493 192.040970 93.992340
v 3.753868 172.832306 86.981415
v 34.647575 146.981796 80.836266
v 60.001350 115.482864 75.793106
v 78.840935 79.545990 72.045647
v 90.442284 40.552189 69.738037
v 94.359566 0.000005 68.958855
v 90.442284 -40.552181 69.738037
v 78.840935 -79.545975 72.045662
v 60.001350 -115.482849 75.793121
v 34.647575 -146.981796 80.836281
v 3.753868 -172.832306 86.981445
v -31.492493 -192.040970 93.992371
v -69.737030 -203.869583 101.599686
v -68.957825 203.869614 109.510986
v -29.964035 192.040985 109.510994
v 5.972832 172.832321 109.510994
v 37.471779 146.981812 109.510994
v 63.322258 115.482864 109.511009
v 82.530952 79.545990 109.510986
v 94.359566 40.552193 109.511017
v 98.353584 0.000008 109.511032
v 94.359566 -40.552177 109.511017
v 82.530952 -79.545975 109.511002
v 63.322258 -115.482849 109.511024
v 37.471779 -146.981781 109.511009
v 5.972832 -172.832291 109.511024
v -29.964035 -192.040955 109.511024
v -68.957825 -203.869583 109.511017
v -69.737030 203.869614 117.422325
v -31.492493 192.040985 125.029640
v 3.753860 172.832321 132.040573
v 34.647560 146.981812 138.185699
v 60.001335 115.482864 143.228912
v 78.840935 79.545990 146.976318
v 90.442268 40.552197 149.283997
v 94.359520 0.000011 150.063202
v 90.442268 -40.552174 149.283997
v 78.840935 -79.545975 146.976318
v 60.001335 -115.482849 143.228943
v 34.647560 -146.981781 138.185730
v 3.753860 -172.832291 132.040604
v -31.492493 -192.040955 125.029671
v -69.737030 -203.869583 117.422356
v -72.044678 203.869614 125.029633
v -36.019112 192.040985 139.951920
v -2.817795 172.832321 153.704361
v 26.283455 146.981812 165.758469
v 50.166176 115.482872 175.651047
v 67.912697 79.545998 183.001877
v 78.840904 40.552200 187.528534
v 82.530876 0.000014 189.056976
v 78.840904 -40.552170 187.528534
v 67.912697 -79.545967 183.001877
v 50.166176 -115.482841 175.651077
v 26.283455 -146.981781 165.758499
v -2.817795 -172.832291 153.704391
v -36.019112 -192.040955 139.951950
v -72.044678 -203.869583 125.029663
v -75.792107 203.869614 132.040573
v -43.369949 192.040985 153.704361
v -13.489555 172.832321 173.669815
v 12.700874 146.981812 191.169693
v 34.194756 115.482872 205.531448
v 50.166206 79.545998 216.203217
v 60.001335 40.552200 222.774872
v 63.322197 0.000017 224.993835
v 60.001335 -40.552170 222.774872
v 50.166206 -79.545967 216.203217
v 34.194756 -115.482841 205.531479
v 12.700874 -146.981781 191.169724
v -13.489555 -172.832291 173.669846
v -43.369949 -192.040955 153.704391
v -75.792107 -203.869583 132.040604
v -80.835289 203.869614 138.185699
v -53.262524 192.040985 165.758484
v -27.851334 172.832321 191.169693
v -5.578194 146.981812 213.442795
v 12.700836 115.482872 231.721848
v 26.283455 79.545998 245.304443
v 34.647530 40.552204 253.668564
v 37.471672 0.000019 256.492767
v 34.647530 -40.552166 253.668564
v 26.283455 -79.545967 245.304443
v 12.700836 -115.482841 231.721878
v -5.578194 -146.981781 213.442825
v -27.851334 -172.832291 191.169724
v -53.262524 -192.040955 165.758514
v -80.835289 -203.869583 138.185730
v -86.980423 203.869614 143.228882
v -65.316643 192.040985 175.651047
v -45.351204 172.832321 205.531448
v -27.851303 146.981812 231.721863
v -13.489563 115.482880 253.215759
v -2.817764 79.546005 269.187195
v 3.753838 40.552208 279.022339
v 5.972740 0.000021 282.343262
v 3.753838 -40.552162 279.022339
v -2.817764 -79.545959 269.187195
v -13.489563 -115.482834 253.215790
v -27.851303 -146.981781 231.721893
v -45.351204 -172.832291 205.531479
v -65.316643 -192.040955 175.651077
v -86.980423 -203.869583 143.228912
v -93.991364 203.869614 146.976303
v -79.069092 192.040985 183.001877
v -65.316666 172.832321 216.203201
v -53.262516 146.981812 245.304443
v -43.369987 115.482880 269.187195
v -36.019112 79.546005 286.933685
v -31.492531 40.552208 297.861908
v -29.964127 0.000023 301.551880
v -31.492531 -40.552162 297.861908
v -36.019112 -79.545959 286.933685
v -43.369987 -115.482834 269.187195
v -53.262516 -146.981781 245.304474
v -65.316666 -172.832291 216.203232
v -79.069092 -192.040955 183.001907
v -93.991364 -203.869583 146.976334
v -101.598671 203.869614 149.283951
v -93.991364 192.040985 187.528488
v -86.980446 172.832321 222.774826
v -80.835281 146.981812 253.668549
v -75.792122 115.482880 279.022339
v -72.044670 79.546005 297.861908
v -69.737061 40.552208 309.463257
v -68.957901 0.000024 313.380493
v -69.737061 -40.552162 309.463257
v -72.044670 -79.545959 297.861908
v -75.792122 -115.482834 279.022339
v -80.835281 -146.981781 253.668579
v -86.980446 -172.832291 222.774857
v -93.991364 -192.040955 187.528519
v -101.598671 -203.869583 149.283981
v -109.510002 203.869614 150.063141
v -109.510010 192.040985 189.056931
v -109.510025 172.832321 224.993790
v -109.510002 146.981812 256.492767
v -109.510025 115.482880 282.343262
v -109.509995 79.546005 301.551910
v -109.510033 40.552208 313.380554
v -109.510071 0.000024 317.374512
v -109.510033 -40.552162 313.380554
v -109.509995 -79.545959 301.551910
v -109.510025 -115.482834 282.343262
v -109.510002 -146.981781 256.492767
v -109.510025 -172.832291 224.993820
v -109.510010 -192.040955 189.056961
v -109.510002 -203.869583 150.063171
v -117.421341 203.869614 149.283951
v -125.028656 192.040985 187.528488
v -132.039597 172.832321 222.774811
v -138.184723 146.981812 253.668533
v -143.227921 115.482880 279.022308
v -146.975311 79.546005 297.861877
v -149.283005 40.552208 309.463226
v -150.062225 0.000024 313.380432
v -149.283005 -40.552162 309.463226
v -146.975311 -79.545959 297.861877
v -143.227921 -115.482834 279.022308
v -138.184723 -146.981781 253.668564
v -132.039597 -172.832291 222.774841
v -125.028656 -192.040955 187.528519
v -117.421341 -203.869583 149.283981
v -125.028641 203.869614 146.976303
v -139.950928 192.040985 183.001862
v -153.703369 172.832321 216.203171
v -165.757492 146.981812 245.304428
v -175.650055 115.482880 269.187134
v -183.000870 79.546005 286.933655
v -187.527527 40.552208 297.861877
v -189.055984 0.000023 301.551819
v -187.527527 -40.552162 297.861877
v -183.000870 -79.545959 286.933655
v -175.650055 -115.482834 269.187134
v -165.757492 -146.981781 245.304459
v -153.703369 -172.832291 216.203201
v -139.950928 -192.040955 183.001892
v -125.028641 -203.869583 146.976334
v -132.039581 203.869614 143.228867
v -153.703369 192.040985 175.651016
v -173.668823 172.832321 205.531387
v -191.168701 146.981812 231.721848
v -205.530457 115.482880 253.215714
v -216.202209 79.546005 269.187195
v -222.773865 40.552208 279.022278
v -224.992828 0.000021 282.343140
v -222.773865 -40.552162 279.022278
v -216.202209 -79.545959 269.187195
v -205.530457 -115.482834 253.215744
v -191.168701 -146.981781 231.721878
v -173.668823 -172.832291 205.531418
v -153.703369 -192.040955 175.651047
v -132.039581 -203.869583 143.228897
v -138.184708 203.869614 138.185684
v -165.757492 192.040985 165.758469
v -191.168671 172.832321 191.169632
v -213.441803 146.981812 213.442795
v -231.720856 115.482872 231.721802
v -245.303406 79.545998 245.304428
v -253.667542 40.552204 253.668503
v -256.491730 0.000019 256.492615
v -253.667542 -40.552166 253.668503
v -245.303406 -79.545967 245.304428
v -231.720856 -115.482841 231.721832
v -213.441803 -146.981781 213.442825
v -191.168671 -172.832291 191.169662
v -165.757492 -192.040955 165.758499
v -138.184708 -203.869583 138.185715
v -109.510002 -207.863632 109.511017
v -143.227890 203.869614 132.040558
v -175.650055 192.040985 153.704330
v -205.530426 172.832321 173.669754
v -231.720871 146.981812 191.169662
v -253.214752 115.482872 205.531403
v -269.186157 79.545998 216.203217
v -279.021332 40.552200 222.774811
v -282.342194 0.000017 224.993683
v -279.021332 -40.552170 222.774811
v -269.186157 -79.545967 216.203217
v -253.214752 -115.482841 205.531433
v -231.720871 -146.981781 191.169693
v -205.530426 -172.832291 173.669785
v -175.650055 -192.040955 153.704361
v -143.227890 -203.869583 132.040588
v -146.975311 203.869614 125.029617
v -183.000870 192.040985 139.951889
v -216.202179 172.832321 153.704300
v -245.303436 146.981812 165.758469
v -269.186157 115.482872 175.650986
v -286.932648 79.545998 183.001862
v -297.860901 40.552200 187.528442
v -301.550842 0.000014 189.056824
v -297.860901 -40.552170 187.528442
v -286.932648 -79.545967 183.001862
v -269.186157 -115.482841 175.651016
v -245.303436 -146.981781 165.758499
v -216.202179 -172.832291 153.704330
v -183.000870 -192.040955 139.951920
v -146.975311 -203.869583 125.029648
v -149.282959 203.869614 117.422318
v -187.527496 192.040985 125.029617
v -222.773804 172.832321 132.040527
v -253.667542 146.981812 138.185699
v -279.021301 115.482864 143.228851
v -297.860870 79.545990 146.976318
v -309.462219 40.552197 149.283920
v -313.379425 0.000011 150.063049
v -309.462219 -40.552174 149.283920
v -297.860870 -79.545975 146.976318
v -279.021301 -115.482849 143.228882
v -253.667542 -146.981781 138.185730
v -222.773804 -172.832291 132.040558
v -187.527496 -192.040955 125.029648
v -149.282959 -203.869583 117.422348
v -150.062149 203.869614 109.510979
v -189.055939 192.040985 109.510979
v -224.992767 172.832321 109.510956
v -256.491760 146.981812 109.510986
v -282.342224 115.482864 109.510963
v -301.550903 79.545990 109.510994
v -313.379517 40.552193 109.510948
v -317.373444 0.000008 109.510910
v -313.379517 -40.552177 109.510948
v -301.550903 -79.545975 109.511009
v -282.342224 -115.482849 109.510979
v -256.491760 -146.981781 109.511002
v -224.992767 -172.832291 109.510986
v -189.055939 -192.040955 109.511009
v -150.062149 -203.869583 109.511009
v -149.282959 203.869614 101.599648
v -187.527481 192.040970 93.992332
v -222.773788 172.832306 86.981384
v -253.667542 146.981796 80.836266
v -279.021271 115.482864 75.793068
v -297.860870 79.545990 72.045670
v -309.462189 40.552189 69.737976
v -313.379395 0.000005 68.958763
v -309.462189 -40.552181 69.737976
v -297.860870 -79.545975 72.045685
v -279.021271 -115.482849 75.793083
v -253.667542 -146.981796 80.836281
v -222.773788 -172.832306 86.981415
v -187.527481 -192.040970 93.992363
v -149.282959 -203.869583 101.599678
v -146.975296 203.869598 93.992348
v -183.000854 192.040970 79.070068
v -216.202148 172.832306 65.317619
v -245.303436 146.981796 53.263504
v -269.186127 115.482857 43.370941
v -286.932648 79.545982 36.020126
v -297.860840 40.552189 31.493465
v -301.550751 0.000002 29.965019
v -297.860840 -40.552181 31.493473
v -286.932648 -79.545982 36.020142
v -269.186127 -115.482857 43.370956
v -245.303436 -146.981796 53.263527
v -216.202148 -172.832306 65.317650
v -183.000854 -192.040970 79.070099
v -146.975296 -203.869598 93.992378
v -143.227875 203.869598 86.981415
v -175.650024 192.040970 65.317627
v -205.530365 172.832306 45.352184
v -231.720856 146.981796 27.852299
v -253.214691 115.482857 13.490539
v -269.186157 79.545982 2.818796
v -279.021271 40.552185 -3.752872
v -282.342072 -0.000000 -5.971817
v -279.021271 -40.552185 -3.752866
v -269.186157 -79.545982 2.818808
v -253.214691 -115.482857 13.490556
v -231.720856 -146.981796 27.852322
v -205.530365 -172.832306 45.352207
v -175.650024 -192.040970 65.317657
v -143.227875 -203.869598 86.981445
v -138.184692 203.869598 80.836288
v -165.757462 192.040970 53.263512
v -191.168610 172.832306 27.852327
v -213.441788 146.981796 5.579190
v -231.720779 115.482857 -12.699845
v -245.303406 79.545982 -26.282400
v -253.667450 40.552181 -34.646534
v -256.491577 -0.000003 -37.470703
v -253.667450 -40.552189 -34.646526
v -245.303406 -79.545982 -26.282389
v -231.720779 -115.482857 -12.699828
v -213.441788 -146.981796 5.579212
v -191.168610 -172.832306 27.852354
v -165.757462 -192.040970 53.263542
v -138.184692 -203.869598 80.836319
v -132.039566 203.869598 75.793106
v -153.703339 192.040970 43.370956
v -173.668732 172.832306 13.490572
v -191.168671 146.981796 -12.699879
v -205.530396 115.482857 -34.193733
v -216.202179 79.545982 -50.165154
v -222.773773 40.552181 -60.000309
v -224.992645 -0.000005 -63.321167
v -222.773773 -40.552189 -60.000301
v -216.202179 -79.545982 -50.165138
v -205.530396 -115.482857 -34.193718
v -191.168671 -146.981796 -12.699856
v -173.668732 -172.832306 13.490599
v -153.703339 -192.040970 43.370987
v -132.039566 -203.869598 75.793137
v -125.028633 203.869598 72.045692
v -139.950897 192.040970 36.020119
v -153.703293 172.832306 2.818842
v -165.757477 146.981796 -26.282452
v -175.649963 115.482857 -50.165138
v -183.000854 79.545975 -67.911644
v -187.527420 40.552177 -78.839859
v -189.055786 -0.000006 -82.529770
v -187.527420 -40.552193 -78.839859
v -183.000854 -79.545990 -67.911629
v -175.649963 -115.482857 -50.165123
v -165.757477 -146.981796 -26.282429
v -153.703293 -172.832306 2.818868
v -139.950897 -192.040970 36.020149
v -125.028633 -203.869598 72.045723
v -117.421326 203.869598 69.738045
v -125.028633 192.040970 31.493507
v -132.039520 172.832306 -3.752775
v -138.184708 146.981796 -34.646557
v -143.227844 115.482849 -60.000267
v -146.975311 79.545975 -78.839867
v -149.282913 40.552177 -90.441193
v -150.062042 -0.000007 -94.358368
v -149.282913 -40.552193 -90.441193
v -146.975311 -79.545990 -78.839851
v -143.227844 -115.482864 -60.000252
v -138.184708 -146.981796 -34.646534
v -132.039520 -172.832306 -3.752749
v -125.028633 -192.040970 31.493538
v -117.421326 -203.869598 69.738075
v -109.510002 203.869598 68.958847
v -109.509987 192.040970 29.965057
v -109.509987 146.981796 -37.470760
v -109.509987 79.545975 -82.529869
v -109.509987 -79.545990 -82.529854
v -109.509987 -146.981796 -37.470737
v -109.509956 -172.832306 -5.971697
v -109.509987 -192.040970 29.965088
v -109.510002 -203.869598 68.958878
vn 0.0624 0.7715 -0.6332
vn 0.0759 -0.6326 -0.7708
vn 0.0759 0.6326 -0.7708
vn 0.0624 -0.7715 -0.6332
vn 0.0865 0.4696 -0.8786
vn 0.0464 -0.8810 -0.4709
vn 0.0938 0.2890 -0.9527
vn 0.0286 -0.9565 -0.2902
vn 0.0975 0.0975 -0.9904
vn 0.0097 0.9951 -0.0980
vn 0.0097 -0.9951 -0.0980
vn 0.0975 -0.0976 -0.9904
vn 0.0286 0.9565 -0.2902
vn 0.0938 -0.2890 -0.9527
vn 0.0464 0.8810 -0.4709
vn 0.0865 -0.4696 -0.8786
vn 0.2779 -0.2890 -0.9161
vn 0.1374 0.8810 -0.4528
vn 0.2563 -0.4696 -0.8448
vn 0.1847 0.7715 -0.6088
vn 0.2248 -0.6326 -0.7412
vn 0.2248 0.6326 -0.7412
vn 0.1847 -0.7715 -0.6088
vn 0.2563 0.4696 -0.8448
vn 0.1374 -0.8810 -0.4528
vn 0.2779 0.2890 -0.9161
vn 0.0846 -0.9565 -0.2790
vn 0.2889 0.0975 -0.9524
vn 0.0286 0.9951 -0.0942
vn 0.0286 -0.9951 -0.0942
vn 0.2889 -0.0975 -0.9524
vn 0.0846 0.9565 -0.2790
vn 0.2231 -0.8810 -0.4173
vn 0.4513 0.2890 -0.8443
vn 0.1374 -0.9565 -0.2571
vn 0.4691 0.0975 -0.8777
vn 0.0464 0.9951 -0.0869
vn 0.0464 -0.9951 -0.0869
vn 0.4691 -0.0975 -0.8777
vn 0.1374 0.9565 -0.2571
vn 0.4513 -0.2890 -0.8443
vn 0.2231 0.8810 -0.4173
vn 0.4162 -0.4696 -0.7786
vn 0.2999 0.7715 -0.5611
vn 0.3651 -0.6326 -0.6831
vn 0.3651 0.6326 -0.6831
vn 0.2999 -0.7715 -0.5611
vn 0.4162 0.4696 -0.7786
vn 0.5601 -0.4696 -0.6825
vn 0.4036 0.7715 -0.4918
vn 0.4913 -0.6326 -0.5987
vn 0.4913 0.6326 -0.5987
vn 0.4036 -0.7715 -0.4918
vn 0.5601 0.4696 -0.6825
vn 0.3002 -0.8810 -0.3658
vn 0.6073 0.2890 -0.7400
vn 0.1850 -0.9565 -0.2254
vn 0.6314 0.0975 -0.7693
vn 0.0625 0.9951 -0.0761
vn 0.0625 -0.9951 -0.0761
vn 0.6314 -0.0975 -0.7693
vn 0.1850 0.9565 -0.2254
vn 0.6073 -0.2890 -0.7400
vn 0.3002 0.8810 -0.3658
vn 0.2254 -0.9565 -0.1850
vn 0.7693 0.0975 -0.6314
vn 0.0761 0.9951 -0.0625
vn 0.0761 -0.9951 -0.0625
vn 0.7693 -0.0975 -0.6314
vn 0.2254 0.9565 -0.1850
vn 0.7400 -0.2890 -0.6073
vn 0.3658 0.8810 -0.3002
vn 0.6825 -0.4696 -0.5601
vn 0.4918 0.7715 -0.4036
vn 0.5987 -0.6326 -0.4913
vn 0.5987 0.6326 -0.4913
vn 0.4918 -0.7715 -0.4036
vn 0.6825 0.4696 -0.5601
vn 0.3658 -0.8810 -0.3002
vn 0.7400 0.2890 -0.6073
vn 0.5611 0.7715 -0.2999
vn 0.6831 -0.6326 -0.3651
vn 0.6831 0.6326 -0.3651
vn 0.5611 -0.7715 -0.2999
vn 0.7786 0.4696 -0.4162
vn 0.4173 -0.8810 -0.2231
vn 0.8443 0.2890 -0.4513
vn 0.2571 -0.9565 -0.1374
vn 0.8777 0.0975 -0.4691
vn 0.0869 0.9951 -0.0464
vn 0.0869 -0.9951 -0.0464
vn 0.8777 -0.0975 -0.4691
vn 0.2571 0.9565 -0.1374
vn 0.8443 -0.2890 -0.4513
vn 0.4173 0.8810 -0.2231
vn 0.7786 -0.4696 -0.4162
vn 0.9524 0.0975 -0.2889
vn 0.0942 0.9951 -0.0286
vn 0.0942 -0.9951 -0.0286
vn 0.9524 -0.0975 -0.2889
vn 0.2790 0.9565 -0.0846
vn 0.9161 -0.2890 -0.2779
vn 0.4528 0.8810 -0.1374
vn 0.8448 -0.4696 -0.2563
vn 0.6088 0.7715 -0.1847
vn 0.7412 -0.6326 -0.2248
vn 0.7412 0.6326 -0.2248
vn 0.6088 -0.7715 -0.1847
vn 0.8448 0.4696 -0.2563
vn 0.4528 -0.8810 -0.1374
vn 0.9161 0.2890 -0.2779
vn 0.2790 -0.9565 -0.0846
vn 0.7708 -0.6326 -0.0759
vn 0.7708 0.6326 -0.0759
vn 0.6332 -0.7715 -0.0624
vn 0.8786 0.4696 -0.0865
vn 0.4709 -0.8810 -0.0464
vn 0.9527 0.2890 -0.0938
vn 0.2902 -0.9565 -0.0286
vn 0.9904 0.0975 -0.0975
vn 0.0980 0.9951 -0.0097
vn 0.0980 -0.9951 -0.0097
vn 0.9904 -0.0975 -0.0975
vn 0.2902 0.9565 -0.0286
vn 0.9527 -0.2890 -0.0938
vn 0.4709 0.8810 -0.0464
vn 0.8786 -0.4696 -0.0865
vn 0.6332 0.7715 -0.0624
vn 0.0980 0.9951 0.0097
vn 0.0980 -0.9951 0.0097
vn 0.9904 -0.0975 0.0975
vn 0.2902 0.9565 0.0286
vn 0.9527 -0.2890 0.0938
vn 0.4709 0.8810 0.0464
vn 0.8786 -0.4696 0.0865
vn 0.6332 0.7715 0.0624
vn 0.7708 -0.6326 0.0759
vn 0.7708 0.6326 0.0759
vn 0.6332 -0.7715 0.0624
vn 0.8786 0.4696 0.0865
vn 0.4709 -0.8810 0.0464
vn 0.9527 0.2890 0.0938
vn 0.2902 -0.9565 0.0286
vn 0.9904 0.0975 0.0975
vn 0.7412 0.6326 0.2248
vn 0.6088 -0.7715 0.1847
vn 0.8448 0.4696 0.2563
vn 0.4528 -0.8810 0.1374
vn 0.9161 0.2890 0.2779
vn 0.2790 -0.9565 0.0846
vn 0.9524 0.0975 0.2889
vn 0.0942 0.9951 0.0286
vn 0.0942 -0.9951 0.0286
vn 0.9524 -0.0975 0.2889
vn 0.2790 0.9565 0.0846
vn 0.9161 -0.2890 0.2779
vn 0.4528 0.8810 0.1374
vn 0.8448 -0.4696 0.2563
vn 0.6088 0.7715 0.1847
vn 0.7412 -0.6326 0.2248
vn 0.8777 -0.0975 0.4691
vn 0.2571 0.9565 0.1374
vn 0.8443 -0.2890 0.4513
vn 0.4173 0.8810 0.2231
vn 0.7786 -0.4696 0.4162
vn 0.5611 0.7715 0.2999
vn 0.6831 -0.6326 0.3651
vn 0.6831 0.6326 0.3651
vn 0.5611 -0.7715 0.2999
vn 0.7786 0.4696 0.4162
vn 0.4173 -0.8810 0.2231
vn 0.8443 0.2890 0.4513
vn 0.2571 -0.9565 0.1374
vn 0.8777 0.0975 0.4691
vn 0.0869 0.9951 0.0464
vn 0.0869 -0.9951 0.0464
vn 0.4918 -0.7715 0.4036
vn 0.6825 0.4696 0.5601
vn 0.3658 -0.8810 0.3002
vn 0.7400 0.2890 0.6073
vn 0.2254 -0.9565 0.1850
vn 0.7693 0.0975 0.6314
vn 0.0761 0.9951 0.0625
vn 0.0761 -0.9951 0.0625
vn 0.7693 -0.0975 0.6314
vn 0.2254 0.9565 0.1850
vn 0.7400 -0.2890 0.6073
vn 0.3658 0.8810 0.3002
vn 0.6825 -0.4696 0.5601
vn 0.4918 0.7715 0.4036
vn 0.5987 -0.6326 0.4913
vn 0.5987 0.6326 0.4913
vn 0.6073 -0.2890 0.7400
vn 0.3002 0.8810 0.3658
vn 0.5601 -0.4696 0.6825
vn 0.4036 0.7715 0.4918
vn 0.4913 -0.6326 0.5987
vn 0.4913 0.6326 0.5987
vn 0.4036 -0.7715 0.4918
vn 0.5601 0.4696 0.6825
vn 0.3002 -0.8810 0.3658
vn 0.6073 0.2890 0.7400
vn 0.1850 -0.9565 0.2254
vn 0.6314 0.0975 0.7693
vn 0.0625 0.9951 0.0761
vn 0.0625 -0.9951 0.0761
vn 0.6314 -0.0975 0.7693
vn 0.1850 0.9565 0.2254
vn 0.2230 -0.8810 0.4173
vn 0.4513 0.2890 0.8443
vn 0.1374 -0.9565 0.2571
vn 0.4691 0.0975 0.8777
vn 0.0464 0.9951 0.0869
vn 0.0464 -0.9951 0.0869
vn 0.4691 -0.0975 0.8777
vn 0.1374 0.9565 0.2571
vn 0.4513 -0.2890 0.8443
vn 0.2230 0.8810 0.4173
vn 0.4162 -0.4696 0.7786
vn 0.2999 0.7715 0.5611
vn 0.3651 -0.6326 0.6831
vn 0.3651 0.6326 0.6831
vn 0.2999 -0.7715 0.5611
vn 0.4162 0.4696 0.7786
vn 0.1374 0.8810 0.4528
vn 0.2563 -0.4696 0.8448
vn 0.1847 0.7715 0.6088
vn 0.2248 -0.6326 0.7412
vn 0.2248 0.6326 0.7412
vn 0.1847 -0.7715 0.6088
vn 0.2563 0.4696 0.8448
vn 0.1374 -0.8810 0.4528
vn 0.2779 0.2890 0.9161
vn 0.0846 -0.9565 0.2790
vn 0.2889 0.0975 0.9524
vn 0.0286 0.9951 0.0942
vn 0.0286 -0.9951 0.0942
vn 0.2889 -0.0975 0.9524
vn 0.0846 0.9565 0.2790
vn 0.2779 -0.2890 0.9161
vn 0.0938 0.2890 0.9527
vn 0.0286 -0.9565 0.2902
vn 0.0975 0.0975 0.9904
vn 0.0097 0.9951 0.0980
vn 0.0097 -0.9951 0.0980
vn 0.0975 -0.0975 0.9904
vn 0.0286 0.9565 0.2902
vn 0.0938 -0.2890 0.9527
vn 0.0464 0.8810 0.4709
vn 0.0865 -0.4696 0.8786
vn 0.0624 0.7715 0.6332
vn 0.0759 -0.6326 0.7708
vn 0.0759 0.6326 0.7708
vn 0.0624 -0.7715 0.6332
vn 0.0865 0.4696 0.8786
vn 0.0464 -0.8810 0.4709
vn -0.0865 -0.4696 0.8786
vn -0.0624 0.7715 0.6332
vn -0.0759 -0.6326 0.7708
vn -0.0759 0.6326 0.7708
vn -0.0624 -0.7715 0.6332
vn -0.0865 0.4696 0.8786
vn -0.0464 -0.8810 0.4709
vn -0.0938 0.2890 0.9527
vn -0.0286 -0.9565 0.2902
vn -0.0976 0.0975 0.9904
vn -0.0097 0.9951 0.0980
vn -0.0097 -0.9951 0.0980
vn -0.0976 -0.0975 0.9904
vn -0.0286 0.9565 0.2902
vn -0.0938 -0.2890 0.9527
vn -0.0464 0.8810 0.4709
vn -0.0846 -0.9565 0.2790
vn -0.2889 0.0975 0.9524
vn -0.0286 0.9951 0.0942
vn -0.0286 -0.9951 0.0942
vn -0.2889 -0.0975 0.9524
vn -0.0846 0.9565 0.2790
vn -0.2779 -0.2890 0.9161
vn -0.1374 0.8810 0.4528
vn -0.2563 -0.4696 0.8448
vn -0.1847 0.7715 0.6088
vn -0.2248 -0.6326 0.7412
vn -0.2248 0.6326 0.7412
vn -0.1847 -0.7715 0.6088
vn -0.2563 0.4696 0.8448
vn -0.1374 -0.8810 0.4528
vn -0.2779 0.2890 0.9161
vn -0.2999 0.7715 0.5611
vn -0.3651 -0.6326 0.6831
vn -0.3651 0.6326 0.6831
vn -0.2999 -0.7715 0.5611
vn -0.4162 0.4696 0.7786
vn -0.2231 -0.8810 0.4173
vn -0.4513 0.2890 0.8443
vn -0.1374 -0.9565 0.2571
vn -0.4691 0.0975 0.8777
vn -0.0464 0.9951 0.0869
vn -0.0464 -0.9951 0.0869
vn -0.4691 -0.0975 0.8777
vn -0.1374 0.9565 0.2571
vn -0.4513 -0.2890 0.8443
vn -0.2231 0.8810 0.4173
vn -0.4162 -0.4696 0.7786
vn -0.6314 0.0975 0.7693
vn -0.0625 0.9951 0.0761
vn -0.0625 -0.9951 0.0761
vn -0.6314 -0.0975 0.7693
vn -0.1850 0.9565 0.2254
vn -0.6073 -0.2890 0.7400
vn -0.3002 0.8810 0.3658
vn -0.5601 -0.4696 0.6825
vn -0.4036 0.7715 0.4918
vn -0.4913 -0.6326 0.5987
vn -0.4913 0.6326 0.5987
vn -0.4036 -0.7715 0.4918
vn -0.5601 0.4696 0.6825
vn -0.3002 -0.8810 0.3658
vn -0.6073 0.2890 0.7400
vn -0.1850 -0.9565 0.2254
vn -0.5987 -0.6326 0.4913
vn -0.5987 0.6326 0.4913
vn -0.4918 -0.7715 0.4036
vn -0.6825 0.4696 0.5601
vn -0.3658 -0.8810 0.3002
vn -0.7400 0.2890 0.6073
vn -0.2254 -0.9565 0.1850
vn -0.7693 0.0975 0.6314
vn -0.0761 0.9951 0.0625
vn -0.0761 -0.9951 0.0625
vn -0.7693 -0.0975 0.6314
vn -0.2254 0.9565 0.1850
vn -0.7400 -0.2890 0.6073
vn -0.3658 0.8810 0.3002
vn -0.6825 -0.4696 0.5601
vn -0.4918 0.7715 0.4036
vn -0.0869 -0.9951 0.0464
vn -0.8777 -0.0975 0.4691
vn -0.2571 0.9565 0.1374
vn -0.8443 -0.2890 0.4513
vn -0.4173 0.8810 0.2230
vn -0.7786 -0.4696 0.4162
vn -0.5611 0.7715 0.2999
vn -0.6831 -0.6326 0.3651
vn -0.6831 0.6326 0.3651
vn -0.5611 -0.7715 0.2999
vn -0.7786 0.4696 0.4162
vn -0.4173 -0.8810 0.2230
vn -0.8443 0.2890 0.4513
vn -0.2571 -0.9565 0.1374
vn -0.8777 0.0975 0.4691
vn -0.0869 0.9951 0.0464
vn -0.6088 -0.7715 0.1847
vn -0.8448 0.4696 0.2563
vn -0.4528 -0.8810 0.1374
vn -0.9161 0.2890 0.2779
vn -0.2790 -0.9565 0.0846
vn -0.9524 0.0975 0.2889
vn -0.0942 0.9951 0.0286
vn -0.0942 -0.9951 0.0286
vn -0.9524 -0.0975 0.2889
vn -0.2790 0.9565 0.0846
vn -0.9161 -0.2890 0.2779
vn -0.4528 0.8810 0.1374
vn -0.8448 -0.4696 0.2563
vn -0.6088 0.7715 0.1847
vn -0.7412 -0.6326 0.2248
vn -0.7412 0.6326 0.2248
vn -0.2902 0.9565 0.0286
vn -0.9527 -0.2890 0.0938
vn -0.4709 0.8810 0.0464
vn -0.8786 -0.4696 0.0865
vn -0.6332 0.7715 0.0624
vn -0.7708 -0.6326 0.0759
vn -0.7708 0.6326 0.0759
vn -0.6332 -0.7715 0.0624
vn -0.8786 0.4696 0.0865
vn -0.4709 -0.8810 0.0464
vn -0.9527 0.2890 0.0938
vn -0.2902 -0.9565 0.0286
vn -0.9904 0.0975 0.0975
vn -0.0980 0.9951 0.0097
vn -0.0980 -0.9951 0.0097
vn -0.9904 -0.0975 0.0975
vn -0.8786 0.4696 -0.0865
vn -0.4709 -0.8810 -0.0464
vn -0.9527 0.2890 -0.0938
vn -0.2902 -0.9565 -0.0286
vn -0.9904 0.0975 -0.0976
vn -0.0980 0.9951 -0.0097
vn -0.0980 -0.9951 -0.0097
vn -0.9904 -0.0975 -0.0976
vn -0.2902 0.9565 -0.0286
vn -0.9527 -0.2890 -0.0938
vn -0.4709 0.8810 -0.0464
vn -0.8786 -0.4696 -0.0865
vn -0.6332 0.7715 -0.0624
vn -0.7708 -0.6326 -0.0759
vn -0.7708 0.6326 -0.0759
vn -0.6332 -0.7715 -0.0624
vn -0.9161 -0.2890 -0.2779
vn -0.4528 0.8810 -0.1374
vn -0.8448 -0.4696 -0.2563
vn -0.6088 0.7715 -0.1847
vn -0.7412 -0.6326 -0.2248
vn -0.7412 0.6326 -0.2248
vn -0.6088 -0.7715 -0.1847
vn -0.8448 0.4696 -0.2563
vn -0.4528 -0.8810 -0.1374
vn -0.9161 0.2890 -0.2779
vn -0.2790 -0.9565 -0.0846
vn -0.9524 0.0975 -0.2889
vn -0.0942 0.9951 -0.0286
vn -0.0942 -0.9951 -0.0286
vn -0.9524 -0.0975 -0.2889
vn -0.2790 0.9565 -0.0846
vn -0.4173 -0.8810 -0.2231
vn -0.8443 0.2890 -0.4513
vn -0.2571 -0.9565 -0.1374
vn -0.8777 0.0975 -0.4691
vn -0.0869 0.9951 -0.0464
vn -0.0869 -0.9951 -0.0464
vn -0.8777 -0.0975 -0.4691
vn -0.2571 0.9565 -0.1374
vn -0.8443 -0.2890 -0.4513
vn -0.4173 0.8810 -0.2231
vn -0.7786 -0.4696 -0.4162
vn -0.5611 0.7715 -0.2999
vn -0.6831 -0.6326 -0.3651
vn -0.6831 0.6326 -0.3651
vn -0.5611 -0.7715 -0.2999
vn -0.7786 0.4696 -0.4162
vn -0.3658 0.8810 -0.3002
vn -0.6825 -0.4696 -0.5601
vn -0.4918 0.7715 -0.4036
vn -0.5987 -0.6326 -0.4913
vn -0.5987 0.6326 -0.4913
vn -0.4918 -0.7715 -0.4036
vn -0.6825 0.4696 -0.5601
vn -0.3658 -0.8810 -0.3002
vn -0.7400 0.2890 -0.6073
vn -0.2254 -0.9565 -0.1850
vn -0.7693 0.0975 -0.6314
vn -0.0761 0.9951 -0.0625
vn -0.0761 -0.9951 -0.0625
vn -0.7693 -0.0975 -0.6314
vn -0.2254 0.9565 -0.1850
vn -0.7400 -0.2890 -0.6073
vn -0.6073 0.2890 -0.7400
vn -0.1850 -0.9565 -0.2254
vn -0.6314 0.0975 -0.7693
vn -0.0625 0.9951 -0.0761
vn -0.0625 -0.9951 -0.0761
vn -0.6314 -0.0975 -0.7693
vn -0.1850 0.9565 -0.2254
vn -0.6073 -0.2890 -0.7400
vn -0.3002 0.8810 -0.3658
vn -0.5601 -0.4696 -0.6825
vn -0.4036 0.7715 -0.4918
vn -0.4913 -0.6326 -0.5987
vn -0.4913 0.6326 -0.5987
vn -0.4036 -0.7715 -0.4918
vn -0.5601 0.4696 -0.6825
vn -0.3002 -0.8810 -0.3658
vn -0.4162 -0.4696 -0.7786
vn -0.2999 0.7715 -0.5611
vn -0.3651 -0.6326 -0.6831
vn -0.3651 0.6326 -0.6831
vn -0.2999 -0.7715 -0.5611
vn -0.4162 0.4696 -0.7786
vn -0.2230 -0.8810 -0.4173
vn -0.4513 0.2890 -0.8443
vn -0.1374 -0.9565 -0.2571
vn -0.4691 0.0975 -0.8777
vn -0.0464 0.9951 -0.0869
vn -0.0464 -0.9951 -0.0869
vn -0.4691 -0.0975 -0.8777
vn -0.1374 0.9565 -0.2571
vn -0.4513 -0.2890 -0.8443
vn -0.2230 0.8810 -0.4173
vn -0.0846 -0.9565 -0.2790
vn -0.2889 0.0975 -0.9524
vn -0.0286 0.9951 -0.0942
vn -0.0286 -0.9951 -0.0942
vn -0.2889 -0.0975 -0.9524
vn -0.0846 0.9565 -0.2790
vn -0.2779 -0.2890 -0.9161
vn -0.1374 0.8810 -0.4528
vn -0.2563 -0.4696 -0.8448
vn -0.1847 0.7715 -0.6088
vn -0.2248 -0.6326 -0.7412
vn -0.2248 0.6326 -0.7412
vn -0.1847 -0.7715 -0.6088
vn -0.2563 0.4696 -0.8448
vn -0.1374 -0.8810 -0.4528
vn -0.2779 0.2890 -0.9161
vn -0.0759 -0.6326 -0.7708
vn -0.0759 0.6326 -0.7708
vn -0.0624 -0.7715 -0.6332
vn -0.0865 0.4696 -0.8786
vn -0.0464 -0.8810 -0.4709
vn -0.0938 0.2890 -0.9527
vn -0.0286 -0.9565 -0.2902
vn -0.0976 0.0975 -0.9904
vn -0.0097 0.9951 -0.0980
vn -0.0097 -0.9951 -0.0980
vn -0.0976 -0.0975 -0.9904
vn -0.0286 0.9565 -0.2902
vn -0.0938 -0.2890 -0.9527
vn -0.0464 0.8810 -0.4709
vn -0.0865 -0.4696 -0.8786
vn -0.0624 0.7715 -0.6332
vt 0.750000 0.750000
vt 0.750000 0.812500
vt 0.718750 0.812500
vt 0.718750 0.750000
vt 0.750000 0.250000
vt 0.750000 0.312500
vt 0.718750 0.312500
vt 0.718750 0.250000
vt 0.750000 0.687500
vt 0.718750 0.687500
vt 0.750000 0.187500
vt 0.718750 0.187500
vt 0.750000 0.625000
vt 0.718750 0.625000
vt 0.750000 0.125000
vt 0.718750 0.125000
vt 0.750000 0.562500
vt 0.718750 0.562500
vt 0.750000 0.062500
vt 0.718750 0.062500
vt 0.750000 0.500000
vt 0.718750 0.500000
vt 0.750000 0.937500
vt 0.734375 1.000000
vt 0.718750 0.937500
vt 0.734375 0.000000
vt 0.750000 0.437500
vt 0.718750 0.437500
vt 0.750000 0.875000
vt 0.718750 0.875000
vt 0.750000 0.375000
vt 0.718750 0.375000
vt 0.687500 0.437500
vt 0.687500 0.375000
vt 0.687500 0.875000
vt 0.687500 0.812500
vt 0.687500 0.312500
vt 0.687500 0.750000
vt 0.687500 0.250000
vt 0.687500 0.687500
vt 0.687500 0.187500
vt 0.687500 0.625000
vt 0.687500 0.125000
vt 0.687500 0.562500
vt 0.687500 0.062500
vt 0.687500 0.500000
vt 0.703125 1.000000
vt 0.687500 0.937500
vt 0.703125 0.000000
vt 0.656250 0.187500
vt 0.656250 0.125000
vt 0.656250 0.625000
vt 0.656250 0.562500
vt 0.656250 0.062500
vt 0.656250 0.500000
vt 0.671875 1.000000
vt 0.656250 0.937500
vt 0.671875 0.000000
vt 0.656250 0.437500
vt 0.656250 0.875000
vt 0.656250 0.375000
vt 0.656250 0.812500
vt 0.656250 0.312500
vt 0.656250 0.750000
vt 0.656250 0.250000
vt 0.656250 0.687500
vt 0.625000 0.375000
vt 0.625000 0.312500
vt 0.625000 0.812500
vt 0.625000 0.750000
vt 0.625000 0.250000
vt 0.625000 0.687500
vt 0.625000 0.187500
vt 0.625000 0.625000
vt 0.625000 0.125000
vt 0.625000 0.562500
vt 0.625000 0.062500
vt 0.625000 0.500000
vt 0.640625 1.000000
vt 0.625000 0.937500
vt 0.640625 0.000000
vt 0.625000 0.437500
vt 0.625000 0.875000
vt 0.593750 0.125000
vt 0.593750 0.062500
vt 0.593750 0.562500
vt 0.593750 0.500000
vt 0.609375 1.000000
vt 0.593750 0.937500
vt 0.609375 0.000000
vt 0.593750 0.437500
vt 0.593750 0.875000
vt 0.593750 0.375000
vt 0.593750 0.812500
vt 0.593750 0.312500
vt 0.593750 0.750000
vt 0.593750 0.250000
vt 0.593750 0.687500
vt 0.593750 0.187500
vt 0.593750 0.625000
vt 0.562500 0.812500
vt 0.562500 0.750000
vt 0.562500 0.312500
vt 0.562500 0.250000
vt 0.562500 0.687500
vt 0.562500 0.187500
vt 0.562500 0.625000
vt 0.562500 0.125000
vt 0.562500 0.562500
vt 0.562500 0.062500
vt 0.562500 0.500000
vt 0.578125 1.000000
vt 0.562500 0.937500
vt 0.578125 0.000000
vt 0.562500 0.437500
vt 0.562500 0.875000
vt 0.562500 0.375000
vt 0.531250 0.562500
vt 0.531250 0.500000
vt 0.546875 1.000000
vt 0.531250 0.937500
vt 0.546875 0.000000
vt 0.531250 0.062500
vt 0.531250 0.437500
vt 0.531250 0.875000
vt 0.531250 0.375000
vt 0.531250 0.812500
vt 0.531250 0.312500
vt 0.531250 0.750000
vt 0.531250 0.250000
vt 0.531250 0.687500
vt 0.531250 0.187500
vt 0.531250 0.625000
vt 0.531250 0.125000
vt 0.500000 0.312500
vt 0.500000 0.250000
vt 0.500000 0.750000
vt 0.500000 0.687500
vt 0.500000 0.187500
vt 0.500000 0.625000
vt 0.500000 0.125000
vt 0.500000 0.562500
vt 0.500000 0.062500
vt 0.500000 0.500000
vt 0.515625 1.000000
vt 0.500000 0.937500
vt 0.515625 0.000000
vt 0.500000 0.437500
vt 0.500000 0.875000
vt 0.500000 0.375000
vt 0.500000 0.812500
vt 0.484375 1.000000
vt 0.468750 0.937500
vt 0.484375 0.000000
vt 0.468750 0.062500
vt 0.468750 0.500000
vt 0.468750 0.437500
vt 0.468750 0.875000
vt 0.468750 0.375000
vt 0.468750 0.812500
vt 0.468750 0.312500
vt 0.468750 0.750000
vt 0.468750 0.250000
vt 0.468750 0.687500
vt 0.468750 0.187500
vt 0.468750 0.625000
vt 0.468750 0.125000
vt 0.468750 0.562500
vt 0.437500 0.750000
vt 0.437500 0.687500
vt 0.437500 0.250000
vt 0.437500 0.187500
vt 0.437500 0.625000
vt 0.437500 0.125000
vt 0.437500 0.562500
vt 0.437500 0.062500
vt 0.437500 0.500000
vt 0.453125 1.000000
vt 0.437500 0.937500
vt 0.453125 0.000000
vt 0.437500 0.437500
vt 0.437500 0.875000
vt 0.437500 0.375000
vt 0.437500 0.812500
vt 0.437500 0.312500
vt 0.406250 0.500000
vt 0.406250 0.437500
vt 0.406250 0.937500
vt 0.406250 0.875000
vt 0.406250 0.375000
vt 0.406250 0.812500
vt 0.406250 0.312500
vt 0.406250 0.750000
vt 0.406250 0.250000
vt 0.406250 0.687500
vt 0.406250 0.187500
vt 0.406250 0.625000
vt 0.406250 0.125000
vt 0.406250 0.562500
vt 0.406250 0.062500
vt 0.421875 1.000000
vt 0.421875 0.000000
vt 0.375000 0.250000
vt 0.375000 0.187500
vt 0.375000 0.687500
vt 0.375000 0.625000
vt 0.375000 0.125000
vt 0.375000 0.562500
vt 0.375000 0.062500
vt 0.375000 0.500000
vt 0.390625 1.000000
vt 0.375000 0.937500
vt 0.390625 0.000000
vt 0.375000 0.437500
vt 0.375000 0.875000
vt 0.375000 0.375000
vt 0.375000 0.812500
vt 0.375000 0.312500
vt 0.375000 0.750000
vt 0.343750 0.437500
vt 0.343750 0.375000
vt 0.343750 0.875000
vt 0.343750 0.812500
vt 0.343750 0.312500
vt 0.343750 0.750000
vt 0.343750 0.250000
vt 0.343750 0.687500
vt 0.343750 0.187500
vt 0.343750 0.625000
vt 0.343750 0.125000
vt 0.343750 0.562500
vt 0.343750 0.062500
vt 0.343750 0.500000
vt 0.359375 1.000000
vt 0.343750 0.937500
vt 0.359375 0.000000
vt 0.312500 0.187500
vt 0.312500 0.125000
vt 0.312500 0.625000
vt 0.312500 0.562500
vt 0.312500 0.062500
vt 0.312500 0.500000
vt 0.328125 1.000000
vt 0.312500 0.937500
vt 0.328125 0.000000
vt 0.312500 0.437500
vt 0.312500 0.875000
vt 0.312500 0.375000
vt 0.312500 0.812500
vt 0.312500 0.312500
vt 0.312500 0.750000
vt 0.312500 0.250000
vt 0.312500 0.687500
vt 0.281250 0.875000
vt 0.281250 0.812500
vt 0.281250 0.375000
vt 0.281250 0.312500
vt 0.281250 0.750000
vt 0.281250 0.250000
vt 0.281250 0.687500
vt 0.281250 0.187500
vt 0.281250 0.625000
vt 0.281250 0.125000
vt 0.281250 0.562500
vt 0.281250 0.062500
vt 0.281250 0.500000
vt 0.296875 1.000000
vt 0.281250 0.937500
vt 0.296875 0.000000
vt 0.281250 0.437500
vt 0.250000 0.625000
vt 0.250000 0.562500
vt 0.250000 0.125000
vt 0.250000 0.062500
vt 0.250000 0.500000
vt 0.265625 1.000000
vt 0.250000 0.937500
vt 0.265625 0.000000
vt 0.250000 0.437500
vt 0.250000 0.875000
vt 0.250000 0.375000
vt 0.250000 0.812500
vt 0.250000 0.312500
vt 0.250000 0.750000
vt 0.250000 0.250000
vt 0.250000 0.687500
vt 0.250000 0.187500
vt 0.218750 0.375000
vt 0.218750 0.312500
vt 0.218750 0.812500
vt 0.218750 0.750000
vt 0.218750 0.250000
vt 0.218750 0.687500
vt 0.218750 0.187500
vt 0.218750 0.625000
vt 0.218750 0.125000
vt 0.218750 0.562500
vt 0.218750 0.062500
vt 0.218750 0.500000
vt 0.234375 1.000000
vt 0.218750 0.937500
vt 0.234375 0.000000
vt 0.218750 0.437500
vt 0.218750 0.875000
vt 0.187500 0.125000
vt 0.187500 0.062500
vt 0.187500 0.562500
vt 0.187500 0.500000
vt 0.203125 1.000000
vt 0.187500 0.937500
vt 0.203125 0.000000
vt 0.187500 0.437500
vt 0.187500 0.875000
vt 0.187500 0.375000
vt 0.187500 0.812500
vt 0.187500 0.312500
vt 0.187500 0.750000
vt 0.187500 0.250000
vt 0.187500 0.687500
vt 0.187500 0.187500
vt 0.187500 0.625000
vt 0.156250 0.812500
vt 0.156250 0.750000
vt 0.156250 0.312500
vt 0.156250 0.250000
vt 0.156250 0.687500
vt 0.156250 0.187500
vt 0.156250 0.625000
vt 0.156250 0.125000
vt 0.156250 0.562500
vt 0.156250 0.062500
vt 0.156250 0.500000
vt 0.171875 1.000000
vt 0.156250 0.937500
vt 0.171875 0.000000
vt 0.156250 0.437500
vt 0.156250 0.875000
vt 0.156250 0.375000
vt 0.125000 0.562500
vt 0.125000 0.500000
vt 0.140625 1.000000
vt 0.125000 0.937500
vt 0.140625 0.000000
vt 0.125000 0.062500
vt 0.125000 0.437500
vt 0.125000 0.875000
vt 0.125000 0.375000
vt 0.125000 0.812500
vt 0.125000 0.312500
vt 0.125000 0.750000
vt 0.125000 0.250000
vt 0.125000 0.687500
vt 0.125000 0.187500
vt 0.125000 0.625000
vt 0.125000 0.125000
vt 0.093750 0.312500
vt 0.093750 0.250000
vt 0.093750 0.750000
vt 0.093750 0.687500
vt 0.093750 0.187500
vt 0.093750 0.625000
vt 0.093750 0.125000
vt 0.093750 0.562500
vt 0.093750 0.062500
vt 0.093750 0.500000
vt 0.109375 1.000000
vt 0.093750 0.937500
vt 0.109375 0.000000
vt 0.093750 0.437500
vt 0.093750 0.875000
vt 0.093750 0.375000
vt 0.093750 0.812500
vt 0.078125 0.000000
vt 0.062500 0.062500
vt 0.062500 0.500000
vt 0.062500 0.437500
vt 0.062500 0.937500
vt 0.062500 0.875000
vt 0.062500 0.375000
vt 0.062500 0.812500
vt 0.062500 0.312500
vt 0.062500 0.750000
vt 0.062500 0.250000
vt 0.062500 0.687500
vt 0.062500 0.187500
vt 0.062500 0.625000
vt 0.062500 0.125000
vt 0.062500 0.562500
vt 0.078125 1.000000
vt 0.031250 0.250000
vt 0.031250 0.187500
vt 0.031250 0.687500
vt 0.031250 0.625000
vt 0.031250 0.125000
vt 0.031250 0.562500
vt 0.031250 0.062500
vt 0.031250 0.500000
vt 0.046875 1.000000
vt 0.031250 0.937500
vt 0.046875 0.000000
vt 0.031250 0.437500
vt 0.031250 0.875000
vt 0.031250 0.375000
vt 0.031250 0.812500
vt 0.031250 0.312500
vt 0.031250 0.750000
vt 0.000000 0.937500
vt 0.000000 0.875000
vt 0.000000 0.437500
vt 0.000000 0.375000
vt 0.000000 0.812500
vt 0.000000 0.312500
vt 0.000000 0.750000
vt 0.000000 0.250000
vt 0.000000 0.687500
vt 0.000000 0.187500
vt 0.000000 0.625000
vt 0.000000 0.125000
vt 0.000000 0.562500
vt 0.000000 0.062500
vt 0.000000 0.500000
vt 0.015625 1.000000
vt 0.015625 0.000000
vt 1.000000 0.625000
vt 1.000000 0.687500
vt 0.968750 0.687500
vt 0.968750 0.625000
vt 1.000000 0.125000
vt 1.000000 0.187500
vt 0.968750 0.187500
vt 0.968750 0.125000
vt 1.000000 0.562500
vt 0.968750 0.562500
vt 1.000000 0.062500
vt 0.968750 0.062500
vt 1.000000 0.500000
vt 0.968750 0.500000
vt 1.000000 0.937500
vt 0.984375 1.000000
vt 0.968750 0.937500
vt 0.984375 0.000000
vt 1.000000 0.437500
vt 0.968750 0.437500
vt 1.000000 0.875000
vt 0.968750 0.875000
vt 1.000000 0.375000
vt 0.968750 0.375000
vt 1.000000 0.812500
vt 0.968750 0.812500
vt 1.000000 0.312500
vt 0.968750 0.312500
vt 1.000000 0.750000
vt 0.968750 0.750000
vt 1.000000 0.250000
vt 0.968750 0.250000
vt 0.937500 0.437500
vt 0.937500 0.375000
vt 0.937500 0.875000
vt 0.937500 0.812500
vt 0.937500 0.312500
vt 0.937500 0.750000
vt 0.937500 0.250000
vt 0.937500 0.687500
vt 0.937500 0.187500
vt 0.937500 0.625000
vt 0.937500 0.125000
vt 0.937500 0.562500
vt 0.937500 0.062500
vt 0.937500 0.500000
vt 0.953125 1.000000
vt 0.937500 0.937500
vt 0.953125 0.000000
vt 0.906250 0.187500
vt 0.906250 0.125000
vt 0.906250 0.625000
vt 0.906250 0.562500
vt 0.906250 0.062500
vt 0.906250 0.500000
vt 0.921875 1.000000
vt 0.906250 0.937500
vt 0.921875 0.000000
vt 0.906250 0.437500
vt 0.906250 0.875000
vt 0.906250 0.375000
vt 0.906250 0.812500
vt 0.906250 0.312500
vt 0.906250 0.750000
vt 0.906250 0.250000
vt 0.906250 0.687500
vt 0.875000 0.875000
vt 0.875000 0.812500
vt 0.875000 0.375000
vt 0.875000 0.312500
vt 0.875000 0.750000
vt 0.875000 0.250000
vt 0.875000 0.687500
vt 0.875000 0.187500
vt 0.875000 0.625000
vt 0.875000 0.125000
vt 0.875000 0.562500
vt 0.875000 0.062500
vt 0.875000 0.500000
vt 0.890625 1.000000
vt 0.875000 0.937500
vt 0.890625 0.000000
vt 0.875000 0.437500
vt 0.843750 0.625000
vt 0.843750 0.562500
vt 0.843750 0.125000
vt 0.843750 0.062500
vt 0.843750 0.500000
vt 0.859375 1.000000
vt 0.843750 0.937500
vt 0.859375 0.000000
vt 0.843750 0.437500
vt 0.843750 0.875000
vt 0.843750 0.375000
vt 0.843750 0.812500
vt 0.843750 0.312500
vt 0.843750 0.750000
vt 0.843750 0.250000
vt 0.843750 0.687500
vt 0.843750 0.187500
vt 0.812500 0.375000
vt 0.812500 0.312500
vt 0.812500 0.812500
vt 0.812500 0.750000
vt 0.812500 0.250000
vt 0.812500 0.687500
vt 0.812500 0.187500
vt 0.812500 0.625000
vt 0.812500 0.125000
vt 0.812500 0.562500
vt 0.812500 0.062500
vt 0.812500 0.500000
vt 0.828125 1.000000
vt 0.812500 0.937500
vt 0.828125 0.000000
vt 0.812500 0.437500
vt 0.812500 0.875000
vt 0.781250 0.125000
vt 0.781250 0.062500
vt 0.781250 0.562500
vt 0.781250 0.500000
vt 0.796875 1.000000
vt 0.781250 0.937500
vt 0.796875 0.000000
vt 0.781250 0.437500
vt 0.781250 0.875000
vt 0.781250 0.375000
vt 0.781250 0.812500
vt 0.781250 0.312500
vt 0.781250 0.750000
vt 0.781250 0.250000
vt 0.781250 0.687500
vt 0.781250 0.187500
vt 0.781250 0.625000
vt 0.765625 1.000000
vt 0.765625 0.000000
s 1
usemtl Skybox
f 1714/1533/294 1239/1534/294 1247/1535/294 1248/1536/294
f 1717/1537/295 1244/1538/295 1255/1539/295 1256/1540/295
f 1240/1541/296 1714/1533/296 1248/1536/296 1249/1542/296
f 1718/1543/297 1717/1537/297 1256/1540/297 1257/1544/297
f 1715/1545/298 1240/1541/298 1249/1542/298 1250/1546/298
f 1719/1547/299 1718/1543/299 1257/1544/299 1258/1548/299
f 1241/1549/300 1715/1545/300 1250/1546/300 1251/1550/300
f 1720/1551/301 1719/1547/301 1258/1548/301 1259/1552/301
f 1242/1553/302 1241/1549/302 1251/1550/302 1252/1554/302
f 1712/1555/303 1320/1556/303 1245/1557/303
f 1546/1558/304 1720/1551/304 1259/1552/304
f 1243/1559/305 1242/1553/305 1252/1554/305 1253/1560/305
f 1713/1561/306 1712/1555/306 1245/1557/306 1246/1562/306
f 1716/1563/307 1243/1559/307 1253/1560/307 1254/1564/307
f 1239/1534/308 1713/1561/308 1246/1562/308 1247/1535/308
f 1244/1538/309 1716/1563/309 1254/1564/309 1255/1539/309
f 1254/1564/310 1253/1560/310 1268/1565/310 1269/1566/310
f 1247/1535/311 1246/1562/311 1261/1567/311 1262/1568/311
f 1255/1539/312 1254/1564/312 1269/1566/312 1270/1569/312
f 1248/1536/313 1247/1535/313 1262/1568/313 1263/1570/313
f 1256/1540/314 1255/1539/314 1270/1569/314 1271/1571/314
f 1249/1542/315 1248/1536/315 1263/1570/315 1264/1572/315
f 1257/1544/316 1256/1540/316 1271/1571/316 1272/1573/316
f 1250/1546/317 1249/1542/317 1264/1572/317 1265/1574/317
f 1258/1548/318 1257/1544/318 1272/1573/318 1273/1575/318
f 1251/1550/319 1250/1546/319 1265/1574/319 1266/1576/319
f 1259/1552/320 1258/1548/320 1273/1575/320 1274/1577/320
f 1252/1554/321 1251/1550/321 1266/1576/321 1267/1578/321
f 1245/1557/322 1320/1579/322 1260/1580/322
f 1546/1581/323 1259/1552/323 1274/1577/323
f 1253/1560/324 1252/1554/324 1267/1578/324 1268/1565/324
f 1246/1562/325 1245/1557/325 1260/1580/325 1261/1567/325
f 1273/1575/326 1272/1573/326 1287/1582/326 1288/1583/326
f 1266/1576/327 1265/1574/327 1280/1584/327 1281/1585/327
f 1274/1577/328 1273/1575/328 1288/1583/328 1289/1586/328
f 1267/1578/329 1266/1576/329 1281/1585/329 1282/1587/329
f 1260/1580/330 1320/1588/330 1275/1589/330
f 1546/1590/331 1274/1577/331 1289/1586/331
f 1268/1565/332 1267/1578/332 1282/1587/332 1283/1591/332
f 1261/1567/333 1260/1580/333 1275/1589/333 1276/1592/333
f 1269/1566/334 1268/1565/334 1283/1591/334 1284/1593/334
f 1262/1568/335 1261/1567/335 1276/1592/335 1277/1594/335
f 1270/1569/336 1269/1566/336 1284/1593/336 1285/1595/336
f 1263/1570/337 1262/1568/337 1277/1594/337 1278/1596/337
f 1271/1571/338 1270/1569/338 1285/1595/338 1286/1597/338
f 1264/1572/339 1263/1570/339 1278/1596/339 1279/1598/339
f 1272/1573/340 1271/1571/340 1286/1597/340 1287/1582/340
f 1265/1574/341 1264/1572/341 1279/1598/341 1280/1584/341
f 1285/1595/342 1284/1593/342 1299/1599/342 1300/1600/342
f 1278/1596/343 1277/1594/343 1292/1601/343 1293/1602/343
f 1286/1597/344 1285/1595/344 1300/1600/344 1301/1603/344
f 1279/1598/345 1278/1596/345 1293/1602/345 1294/1604/345
f 1287/1582/346 1286/1597/346 1301/1603/346 1302/1605/346
f 1280/1584/347 1279/1598/347 1294/1604/347 1295/1606/347
f 1288/1583/348 1287/1582/348 1302/1605/348 1303/1607/348
f 1281/1585/349 1280/1584/349 1295/1606/349 1296/1608/349
f 1289/1586/350 1288/1583/350 1303/1607/350 1304/1609/350
f 1282/1587/351 1281/1585/351 1296/1608/351 1297/1610/351
f 1275/1589/352 1320/1611/352 1290/1612/352
f 1546/1613/353 1289/1586/353 1304/1609/353
f 1283/1591/354 1282/1587/354 1297/1610/354 1298/1614/354
f 1276/1592/355 1275/1589/355 1290/1612/355 1291/1615/355
f 1284/1593/356 1283/1591/356 1298/1614/356 1299/1599/356
f 1277/1594/357 1276/1592/357 1291/1615/357 1292/1601/357
f 1304/1609/358 1303/1607/358 1318/1616/358 1319/1617/358
f 1297/1610/359 1296/1608/359 1311/1618/359 1312/1619/359
f 1290/1612/360 1320/1620/360 1305/1621/360
f 1546/1622/361 1304/1609/361 1319/1617/361
f 1298/1614/362 1297/1610/362 1312/1619/362 1313/1623/362
f 1291/1615/363 1290/1612/363 1305/1621/363 1306/1624/363
f 1299/1599/364 1298/1614/364 1313/1623/364 1314/1625/364
f 1292/1601/365 1291/1615/365 1306/1624/365 1307/1626/365
f 1300/1600/366 1299/1599/366 1314/1625/366 1315/1627/366
f 1293/1602/367 1292/1601/367 1307/1626/367 1308/1628/367
f 1301/1603/368 1300/1600/368 1315/1627/368 1316/1629/368
f 1294/1604/369 1293/1602/369 1308/1628/369 1309/1630/369
f 1302/1605/370 1301/1603/370 1316/1629/370 1317/1631/370
f 1295/1606/371 1294/1604/371 1309/1630/371 1310/1632/371
f 1303/1607/372 1302/1605/372 1317/1631/372 1318/1616/372
f 1296/1608/373 1295/1606/373 1310/1632/373 1311/1618/373
f 1308/1628/374 1307/1626/374 1323/1633/374 1324/1634/374
f 1316/1629/375 1315/1627/375 1331/1635/375 1332/1636/375
f 1309/1630/376 1308/1628/376 1324/1634/376 1325/1637/376
f 1317/1631/377 1316/1629/377 1332/1636/377 1333/1638/377
f 1310/1632/378 1309/1630/378 1325/1637/378 1326/1639/378
f 1318/1616/379 1317/1631/379 1333/1638/379 1334/1640/379
f 1311/1618/380 1310/1632/380 1326/1639/380 1327/1641/380
f 1319/1617/381 1318/1616/381 1334/1640/381 1335/1642/381
f 1312/1619/382 1311/1618/382 1327/1641/382 1328/1643/382
f 1305/1621/383 1320/1644/383 1321/1645/383
f 1546/1646/384 1319/1617/384 1335/1642/384
f 1313/1623/385 1312/1619/385 1328/1643/385 1329/1647/385
f 1306/1624/386 1305/1621/386 1321/1645/386 1322/1648/386
f 1314/1625/387 1313/1623/387 1329/1647/387 1330/1649/387
f 1307/1626/388 1306/1624/388 1322/1648/388 1323/1633/388
f 1315/1627/389 1314/1625/389 1330/1649/389 1331/1635/389
f 1328/1643/390 1327/1641/390 1342/1650/390 1343/1651/390
f 1321/1645/391 1320/1652/391 1336/1653/391
f 1546/1654/392 1335/1642/392 1350/1655/392
f 1329/1647/393 1328/1643/393 1343/1651/393 1344/1656/393
f 1322/1648/394 1321/1645/394 1336/1653/394 1337/1657/394
f 1330/1649/395 1329/1647/395 1344/1656/395 1345/1658/395
f 1323/1633/396 1322/1648/396 1337/1657/396 1338/1659/396
f 1331/1635/397 1330/1649/397 1345/1658/397 1346/1660/397
f 1324/1634/398 1323/1633/398 1338/1659/398 1339/1661/398
f 1332/1636/399 1331/1635/399 1346/1660/399 1347/1662/399
f 1325/1637/400 1324/1634/400 1339/1661/400 1340/1663/400
f 1333/1638/401 1332/1636/401 1347/1662/401 1348/1664/401
f 1326/1639/402 1325/1637/402 1340/1663/402 1341/1665/402
f 1334/1640/403 1333/1638/403 1348/1664/403 1349/1666/403
f 1327/1641/404 1326/1639/404 1341/1665/404 1342/1650/404
f 1335/1642/405 1334/1640/405 1349/1666/405 1350/1655/405
f 1347/1662/406 1346/1660/406 1361/1667/406 1362/1668/406
f 1340/1663/407 1339/1661/407 1354/1669/407 1355/1670/407
f 1348/1664/408 1347/1662/408 1362/1668/408 1363/1671/408
f 1341/1665/409 1340/1663/409 1355/1670/409 1356/1672/409
f 1349/1666/410 1348/1664/410 1363/1671/410 1364/1673/410
f 1342/1650/411 1341/1665/411 1356/1672/411 1357/1674/411
f 1350/1655/412 1349/1666/412 1364/1673/412 1365/1675/412
f 1343/1651/413 1342/1650/413 1357/1674/413 1358/1676/413
f 1336/1653/414 1320/1677/414 1351/1678/414
f 1546/1679/415 1350/1655/415 1365/1675/415
f 1344/1656/416 1343/1651/416 1358/1676/416 1359/1680/416
f 1337/1657/417 1336/1653/417 1351/1678/417 1352/1681/417
f 1345/1658/418 1344/1656/418 1359/1680/418 1360/1682/418
f 1338/1659/419 1337/1657/419 1352/1681/419 1353/1683/419
f 1346/1660/420 1345/1658/420 1360/1682/420 1361/1667/420
f 1339/1661/421 1338/1659/421 1353/1683/421 1354/1669/421
f 1351/1678/422 1320/1684/422 1366/1685/422
f 1546/1686/423 1365/1675/423 1380/1687/423
f 1359/1680/424 1358/1676/424 1373/1688/424 1374/1689/424
f 1352/1681/425 1351/1678/425 1366/1685/425 1367/1690/425
f 1360/1682/426 1359/1680/426 1374/1689/426 1375/1691/426
f 1353/1683/427 1352/1681/427 1367/1690/427 1368/1692/427
f 1361/1667/428 1360/1682/428 1375/1691/428 1376/1693/428
f 1354/1669/429 1353/1683/429 1368/1692/429 1369/1694/429
f 1362/1668/430 1361/1667/430 1376/1693/430 1377/1695/430
f 1355/1670/431 1354/1669/431 1369/1694/431 1370/1696/431
f 1363/1671/432 1362/1668/432 1377/1695/432 1378/1697/432
f 1356/1672/433 1355/1670/433 1370/1696/433 1371/1698/433
f 1364/1673/434 1363/1671/434 1378/1697/434 1379/1699/434
f 1357/1674/435 1356/1672/435 1371/1698/435 1372/1700/435
f 1365/1675/436 1364/1673/436 1379/1699/436 1380/1687/436
f 1358/1676/437 1357/1674/437 1372/1700/437 1373/1688/437
f 1370/1696/438 1369/1694/438 1384/1701/438 1385/1702/438
f 1378/1697/439 1377/1695/439 1392/1703/439 1393/1704/439
f 1371/1698/440 1370/1696/440 1385/1702/440 1386/1705/440
f 1379/1699/441 1378/1697/441 1393/1704/441 1394/1706/441
f 1372/1700/442 1371/1698/442 1386/1705/442 1387/1707/442
f 1380/1687/443 1379/1699/443 1394/1706/443 1395/1708/443
f 1373/1688/444 1372/1700/444 1387/1707/444 1388/1709/444
f 1366/1685/445 1320/1710/445 1381/1711/445
f 1546/1712/446 1380/1687/446 1395/1708/446
f 1374/1689/447 1373/1688/447 1388/1709/447 1389/1713/447
f 1367/1690/448 1366/1685/448 1381/1711/448 1382/1714/448
f 1375/1691/449 1374/1689/449 1389/1713/449 1390/1715/449
f 1368/1692/450 1367/1690/450 1382/1714/450 1383/1716/450
f 1376/1693/451 1375/1691/451 1390/1715/451 1391/1717/451
f 1369/1694/452 1368/1692/452 1383/1716/452 1384/1701/452
f 1377/1695/453 1376/1693/453 1391/1717/453 1392/1703/453
f 1389/1713/454 1388/1709/454 1403/1718/454 1404/1719/454
f 1382/1714/455 1381/1711/455 1396/1720/455 1397/1721/455
f 1390/1715/456 1389/1713/456 1404/1719/456 1405/1722/456
f 1383/1716/457 1382/1714/457 1397/1721/457 1398/1723/457
f 1391/1717/458 1390/1715/458 1405/1722/458 1406/1724/458
f 1384/1701/459 1383/1716/459 1398/1723/459 1399/1725/459
f 1392/1703/460 1391/1717/460 1406/1724/460 1407/1726/460
f 1385/1702/461 1384/1701/461 1399/1725/461 1400/1727/461
f 1393/1704/462 1392/1703/462 1407/1726/462 1408/1728/462
f 1386/1705/463 1385/1702/463 1400/1727/463 1401/1729/463
f 1394/1706/464 1393/1704/464 1408/1728/464 1409/1730/464
f 1387/1707/465 1386/1705/465 1401/1729/465 1402/1731/465
f 1395/1708/466 1394/1706/466 1409/1730/466 1410/1732/466
f 1388/1709/467 1387/1707/467 1402/1731/467 1403/1718/467
f 1381/1711/468 1320/1733/468 1396/1720/468
f 1546/1734/469 1395/1708/469 1410/1732/469
f 1408/1728/470 1407/1726/470 1422/1735/470 1423/1736/470
f 1401/1729/471 1400/1727/471 1415/1737/471 1416/1738/471
f 1409/1730/472 1408/1728/472 1423/1736/472 1424/1739/472
f 1402/1731/473 1401/1729/473 1416/1738/473 1417/1740/473
f 1410/1732/474 1409/1730/474 1424/1739/474 1425/1741/474
f 1403/1718/475 1402/1731/475 1417/1740/475 1418/1742/475
f 1396/1720/476 1320/1743/476 1411/1744/476
f 1546/1745/477 1410/1732/477 1425/1741/477
f 1404/1719/478 1403/1718/478 1418/1742/478 1419/1746/478
f 1397/1721/479 1396/1720/479 1411/1744/479 1412/1747/479
f 1405/1722/480 1404/1719/480 1419/1746/480 1420/1748/480
f 1398/1723/481 1397/1721/481 1412/1747/481 1413/1749/481
f 1406/1724/482 1405/1722/482 1420/1748/482 1421/1750/482
f 1399/1725/483 1398/1723/483 1413/1749/483 1414/1751/483
f 1407/1726/484 1406/1724/484 1421/1750/484 1422/1735/484
f 1400/1727/485 1399/1725/485 1414/1751/485 1415/1737/485
f 1420/1748/486 1419/1746/486 1434/1752/486 1435/1753/486
f 1413/1749/487 1412/1747/487 1427/1754/487 1428/1755/487
f 1421/1750/488 1420/1748/488 1435/1753/488 1436/1756/488
f 1414/1751/489 1413/1749/489 1428/1755/489 1429/1757/489
f 1422/1735/490 1421/1750/490 1436/1756/490 1437/1758/490
f 1415/1737/491 1414/1751/491 1429/1757/491 1430/1759/491
f 1423/1736/492 1422/1735/492 1437/1758/492 1438/1760/492
f 1416/1738/493 1415/1737/493 1430/1759/493 1431/1761/493
f 1424/1739/494 1423/1736/494 1438/1760/494 1439/1762/494
f 1417/1740/495 1416/1738/495 1431/1761/495 1432/1763/495
f 1425/1741/496 1424/1739/496 1439/1762/496 1440/1764/496
f 1418/1742/497 1417/1740/497 1432/1763/497 1433/1765/497
f 1411/1744/498 1320/1766/498 1426/1767/498
f 1546/1768/499 1425/1741/499 1440/1764/499
f 1419/1746/500 1418/1742/500 1433/1765/500 1434/1752/500
f 1412/1747/501 1411/1744/501 1426/1767/501 1427/1754/501
f 1439/1762/502 1438/1760/502 1453/1769/502 1454/1770/502
f 1432/1763/503 1431/1761/503 1446/1771/503 1447/1772/503
f 1440/1764/504 1439/1762/504 1454/1770/504 1455/1773/504
f 1433/1765/505 1432/1763/505 1447/1772/505 1448/1774/505
f 1426/1767/506 1320/1775/506 1441/1776/506
f 1546/1777/507 1440/1764/507 1455/1773/507
f 1434/1752/508 1433/1765/508 1448/1774/508 1449/1778/508
f 1427/1754/509 1426/1767/509 1441/1776/509 1442/1779/509
f 1435/1753/510 1434/1752/510 1449/1778/510 1450/1780/510
f 1428/1755/511 1427/1754/511 1442/1779/511 1443/1781/511
f 1436/1756/512 1435/1753/512 1450/1780/512 1451/1782/512
f 1429/1757/513 1428/1755/513 1443/1781/513 1444/1783/513
f 1437/1758/514 1436/1756/514 1451/1782/514 1452/1784/514
f 1430/1759/515 1429/1757/515 1444/1783/515 1445/1785/515
f 1438/1760/516 1437/1758/516 1452/1784/516 1453/1769/516
f 1431/1761/517 1430/1759/517 1445/1785/517 1446/1771/517
f 1443/1781/518 1442/1779/518 1457/1786/518 1458/1787/518
f 1451/1782/519 1450/1780/519 1465/1788/519 1466/1789/519
f 1444/1783/520 1443/1781/520 1458/1787/520 1459/1790/520
f 1452/1784/521 1451/1782/521 1466/1789/521 1467/1791/521
f 1445/1785/522 1444/1783/522 1459/1790/522 1460/1792/522
f 1453/1769/523 1452/1784/523 1467/1791/523 1468/1793/523
f 1446/1771/524 1445/1785/524 1460/1792/524 1461/1794/524
f 1454/1770/525 1453/1769/525 1468/1793/525 1469/1795/525
f 1447/1772/526 1446/1771/526 1461/1794/526 1462/1796/526
f 1455/1773/527 1454/1770/527 1469/1795/527 1470/1797/527
f 1448/1774/528 1447/1772/528 1462/1796/528 1463/1798/528
f 1441/1776/529 1320/1799/529 1456/1800/529
f 1546/1801/530 1455/1773/530 1470/1797/530
f 1449/1778/531 1448/1774/531 1463/1798/531 1464/1802/531
f 1442/1779/532 1441/1776/532 1456/1800/532 1457/1786/532
f 1450/1780/533 1449/1778/533 1464/1802/533 1465/1788/533
f 1462/1796/534 1461/1794/534 1476/1803/534 1477/1804/534
f 1470/1797/535 1469/1795/535 1484/1805/535 1485/1806/535
f 1463/1798/536 1462/1796/536 1477/1804/536 1478/1807/536
f 1456/1800/537 1320/1808/537 1471/1809/537
f 1546/1810/538 1470/1797/538 1485/1806/538
f 1464/1802/539 1463/1798/539 1478/1807/539 1479/1811/539
f 1457/1786/540 1456/1800/540 1471/1809/540 1472/1812/540
f 1465/1788/541 1464/1802/541 1479/1811/541 1480/1813/541
f 1458/1787/542 1457/1786/542 1472/1812/542 1473/1814/542
f 1466/1789/543 1465/1788/543 1480/1813/543 1481/1815/543
f 1459/1790/544 1458/1787/544 1473/1814/544 1474/1816/544
f 1467/1791/545 1466/1789/545 1481/1815/545 1482/1817/545
f 1460/1792/546 1459/1790/546 1474/1816/546 1475/1818/546
f 1468/1793/547 1467/1791/547 1482/1817/547 1483/1819/547
f 1461/1794/548 1460/1792/548 1475/1818/548 1476/1803/548
f 1469/1795/549 1468/1793/549 1483/1819/549 1484/1805/549
f 1481/1815/550 1480/1813/550 1495/1820/550 1496/1821/550
f 1474/1816/551 1473/1814/551 1488/1822/551 1489/1823/551
f 1482/1817/552 1481/1815/552 1496/1821/552 1497/1824/552
f 1475/1818/553 1474/1816/553 1489/1823/553 1490/1825/553
f 1483/1819/554 1482/1817/554 1497/1824/554 1498/1826/554
f 1476/1803/555 1475/1818/555 1490/1825/555 1491/1827/555
f 1484/1805/556 1483/1819/556 1498/1826/556 1499/1828/556
f 1477/1804/557 1476/1803/557 1491/1827/557 1492/1829/557
f 1485/1806/558 1484/1805/558 1499/1828/558 1500/1830/558
f 1478/1807/559 1477/1804/559 1492/1829/559 1493/1831/559
f 1471/1809/560 1320/1832/560 1486/1833/560
f 1546/1834/561 1485/1806/561 1500/1830/561
f 1479/1811/562 1478/1807/562 1493/1831/562 1494/1835/562
f 1472/1812/563 1471/1809/563 1486/1833/563 1487/1836/563
f 1480/1813/564 1479/1811/564 1494/1835/564 1495/1820/564
f 1473/1814/565 1472/1812/565 1487/1836/565 1488/1822/565
f 1500/1830/566 1499/1828/566 1514/1837/566 1515/1838/566
f 1493/1831/567 1492/1829/567 1507/1839/567 1508/1840/567
f 1486/1833/568 1320/1841/568 1501/1842/568
f 1546/1843/569 1500/1830/569 1515/1838/569
f 1494/1835/570 1493/1831/570 1508/1840/570 1509/1844/570
f 1487/1836/571 1486/1833/571 1501/1842/571 1502/1845/571
f 1495/1820/572 1494/1835/572 1509/1844/572 1510/1846/572
f 1488/1822/573 1487/1836/573 1502/1845/573 1503/1847/573
f 1496/1821/574 1495/1820/574 1510/1846/574 1511/1848/574
f 1489/1823/575 1488/1822/575 1503/1847/575 1504/1849/575
f 1497/1824/576 1496/1821/576 1511/1848/576 1512/1850/576
f 1490/1825/577 1489/1823/577 1504/1849/577 1505/1851/577
f 1498/1826/578 1497/1824/578 1512/1850/578 1513/1852/578
f 1491/1827/579 1490/1825/579 1505/1851/579 1506/1853/579
f 1499/1828/580 1498/1826/580 1513/1852/580 1514/1837/580
f 1492/1829/581 1491/1827/581 1506/1853/581 1507/1839/581
f 1504/1849/582 1503/1847/582 1518/1854/582 1519/1855/582
f 1512/1850/583 1511/1848/583 1526/1856/583 1527/1857/583
f 1505/1851/584 1504/1849/584 1519/1855/584 1520/1858/584
f 1513/1852/585 1512/1850/585 1527/1857/585 1528/1859/585
f 1506/1853/586 1505/1851/586 1520/1858/586 1521/1860/586
f 1514/1837/587 1513/1852/587 1528/1859/587 1529/1861/587
f 1507/1839/588 1506/1853/588 1521/1860/588 1522/1862/588
f 1515/1838/589 1514/1837/589 1529/1861/589 1530/1863/589
f 1508/1840/590 1507/1839/590 1522/1862/590 1523/1864/590
f 1501/1842/591 1320/1865/591 1516/1866/591
f 1546/1867/592 1515/1838/592 1530/1863/592
f 1509/1844/593 1508/1840/593 1523/1864/593 1524/1868/593
f 1502/1845/594 1501/1842/594 1516/1866/594 1517/1869/594
f 1510/1846/595 1509/1844/595 1524/1868/595 1525/1870/595
f 1503/1847/596 1502/1845/596 1517/1869/596 1518/1854/596
f 1511/1848/597 1510/1846/597 1525/1870/597 1526/1856/597
f 1523/1864/598 1522/1862/598 1537/1871/598 1538/1872/598
f 1516/1866/599 1320/1873/599 1531/1874/599
f 1546/1875/600 1530/1863/600 1545/1876/600
f 1524/1868/601 1523/1864/601 1538/1872/601 1539/1877/601
f 1517/1869/602 1516/1866/602 1531/1874/602 1532/1878/602
f 1525/1870/603 1524/1868/603 1539/1877/603 1540/1879/603
f 1518/1854/604 1517/1869/604 1532/1878/604 1533/1880/604
f 1526/1856/605 1525/1870/605 1540/1879/605 1541/1881/605
f 1519/1855/606 1518/1854/606 1533/1880/606 1534/1882/606
f 1527/1857/607 1526/1856/607 1541/1881/607 1542/1883/607
f 1520/1858/608 1519/1855/608 1534/1882/608 1535/1884/608
f 1528/1859/609 1527/1857/609 1542/1883/609 1543/1885/609
f 1521/1860/610 1520/1858/610 1535/1884/610 1536/1886/610
f 1529/1861/611 1528/1859/611 1543/1885/611 1544/1887/611
f 1522/1862/612 1521/1860/612 1536/1886/612 1537/1871/612
f 1530/1863/613 1529/1861/613 1544/1887/613 1545/1876/613
f 1542/1883/614 1541/1881/614 1557/1888/614 1558/1889/614
f 1535/1884/615 1534/1882/615 1550/1890/615 1551/1891/615
f 1543/1885/616 1542/1883/616 1558/1889/616 1559/1892/616
f 1536/1886/617 1535/1884/617 1551/1891/617 1552/1893/617
f 1544/1887/618 1543/1885/618 1559/1892/618 1560/1894/618
f 1537/1871/619 1536/1886/619 1552/1893/619 1553/1895/619
f 1545/1876/620 1544/1887/620 1560/1894/620 1561/1896/620
f 1538/1872/621 1537/1871/621 1553/1895/621 1554/1897/621
f 1531/1874/622 1320/1898/622 1547/1899/622
f 1546/1900/623 1545/1876/623 1561/1896/623
f 1539/1877/624 1538/1872/624 1554/1897/624 1555/1901/624
f 1532/1878/625 1531/1874/625 1547/1899/625 1548/1902/625
f 1540/1879/626 1539/1877/626 1555/1901/626 1556/1903/626
f 1533/1880/627 1532/1878/627 1548/1902/627 1549/1904/627
f 1541/1881/628 1540/1879/628 1556/1903/628 1557/1888/628
f 1534/1882/629 1533/1880/629 1549/1904/629 1550/1890/629
f 1546/1905/630 1561/1896/630 1576/1906/630
f 1555/1901/631 1554/1897/631 1569/1907/631 1570/1908/631
f 1548/1902/632 1547/1899/632 1562/1909/632 1563/1910/632
f 1556/1903/633 1555/1901/633 1570/1908/633 1571/1911/633
f 1549/1904/634 1548/1902/634 1563/1910/634 1564/1912/634
f 1557/1888/635 1556/1903/635 1571/1911/635 1572/1913/635
f 1550/1890/636 1549/1904/636 1564/1912/636 1565/1914/636
f 1558/1889/637 1557/1888/637 1572/1913/637 1573/1915/637
f 1551/1891/638 1550/1890/638 1565/1914/638 1566/1916/638
f 1559/1892/639 1558/1889/639 1573/1915/639 1574/1917/639
f 1552/1893/640 1551/1891/640 1566/1916/640 1567/1918/640
f 1560/1894/641 1559/1892/641 1574/1917/641 1575/1919/641
f 1553/1895/642 1552/1893/642 1567/1918/642 1568/1920/642
f 1561/1896/643 1560/1894/643 1575/1919/643 1576/1906/643
f 1554/1897/644 1553/1895/644 1568/1920/644 1569/1907/644
f 1547/1899/645 1320/1921/645 1562/1909/645
f 1574/1917/646 1573/1915/646 1588/1922/646 1589/1923/646
f 1567/1918/647 1566/1916/647 1581/1924/647 1582/1925/647
f 1575/1919/648 1574/1917/648 1589/1923/648 1590/1926/648
f 1568/1920/649 1567/1918/649 1582/1925/649 1583/1927/649
f 1576/1906/650 1575/1919/650 1590/1926/650 1591/1928/650
f 1569/1907/651 1568/1920/651 1583/1927/651 1584/1929/651
f 1562/1909/652 1320/1930/652 1577/1931/652
f 1546/1932/653 1576/1906/653 1591/1928/653
f 1570/1908/654 1569/1907/654 1584/1929/654 1585/1933/654
f 1563/1910/655 1562/1909/655 1577/1931/655 1578/1934/655
f 1571/1911/656 1570/1908/656 1585/1933/656 1586/1935/656
f 1564/1912/657 1563/1910/657 1578/1934/657 1579/1936/657
f 1572/1913/658 1571/1911/658 1586/1935/658 1587/1937/658
f 1565/1914/659 1564/1912/659 1579/1936/659 1580/1938/659
f 1573/1915/660 1572/1913/660 1587/1937/660 1588/1922/660
f 1566/1916/661 1565/1914/661 1580/1938/661 1581/1924/661
f 1578/1934/662 1577/1931/662 1592/1939/662 1593/1940/662
f 1586/1935/663 1585/1933/663 1600/1941/663 1601/1942/663
f 1579/1936/664 1578/1934/664 1593/1940/664 1594/1943/664
f 1587/1937/665 1586/1935/665 1601/1942/665 1602/1944/665
f 1580/1938/666 1579/1936/666 1594/1943/666 1595/1945/666
f 1588/1922/667 1587/1937/667 1602/1944/667 1603/1946/667
f 1581/1924/668 1580/1938/668 1595/1945/668 1596/1947/668
f 1589/1923/669 1588/1922/669 1603/1946/669 1604/1948/669
f 1582/1925/670 1581/1924/670 1596/1947/670 1597/1949/670
f 1590/1926/671 1589/1923/671 1604/1948/671 1605/1950/671
f 1583/1927/672 1582/1925/672 1597/1949/672 1598/1951/672
f 1591/1928/673 1590/1926/673 1605/1950/673 1606/1952/673
f 1584/1929/674 1583/1927/674 1598/1951/674 1599/1953/674
f 1577/1931/675 1320/1954/675 1592/1939/675
f 1546/1955/676 1591/1928/676 1606/1952/676
f 1585/1933/677 1584/1929/677 1599/1953/677 1600/1941/677
f 1597/1956/678 1596/1957/678 1611/1958/678 1612/1959/678
f 1605/1960/679 1604/1961/679 1619/1962/679 1620/1963/679
f 1598/1964/680 1597/1956/680 1612/1959/680 1613/1965/680
f 1606/1966/681 1605/1960/681 1620/1963/681 1621/1967/681
f 1599/1968/682 1598/1964/682 1613/1965/682 1614/1969/682
f 1592/1970/683 1320/1971/683 1607/1972/683
f 1546/1973/684 1606/1966/684 1621/1967/684
f 1600/1974/685 1599/1968/685 1614/1969/685 1615/1975/685
f 1593/1976/686 1592/1970/686 1607/1972/686 1608/1977/686
f 1601/1978/687 1600/1974/687 1615/1975/687 1616/1979/687
f 1594/1980/688 1593/1976/688 1608/1977/688 1609/1981/688
f 1602/1982/689 1601/1978/689 1616/1979/689 1617/1983/689
f 1595/1984/690 1594/1980/690 1609/1981/690 1610/1985/690
f 1603/1986/691 1602/1982/691 1617/1983/691 1618/1987/691
f 1596/1957/692 1595/1984/692 1610/1985/692 1611/1958/692
f 1604/1961/693 1603/1986/693 1618/1987/693 1619/1962/693
f 1616/1979/694 1615/1975/694 1630/1988/694 1631/1989/694
f 1609/1981/695 1608/1977/695 1623/1990/695 1624/1991/695
f 1617/1983/696 1616/1979/696 1631/1989/696 1632/1992/696
f 1610/1985/697 1609/1981/697 1624/1991/697 1625/1993/697
f 1618/1987/698 1617/1983/698 1632/1992/698 1633/1994/698
f 1611/1958/699 1610/1985/699 1625/1993/699 1626/1995/699
f 1619/1962/700 1618/1987/700 1633/1994/700 1634/1996/700
f 1612/1959/701 1611/1958/701 1626/1995/701 1627/1997/701
f 1620/1963/702 1619/1962/702 1634/1996/702 1635/1998/702
f 1613/1965/703 1612/1959/703 1627/1997/703 1628/1999/703
f 1621/1967/704 1620/1963/704 1635/1998/704 1636/2000/704
f 1614/1969/705 1613/1965/705 1628/1999/705 1629/2001/705
f 1607/1972/706 1320/2002/706 1622/2003/706
f 1546/2004/707 1621/1967/707 1636/2000/707
f 1615/1975/708 1614/1969/708 1629/2001/708 1630/1988/708
f 1608/1977/709 1607/1972/709 1622/2003/709 1623/1990/709
f 1635/1998/710 1634/1996/710 1649/2005/710 1650/2006/710
f 1628/1999/711 1627/1997/711 1642/2007/711 1643/2008/711
f 1636/2000/712 1635/1998/712 1650/2006/712 1651/2009/712
f 1629/2001/713 1628/1999/713 1643/2008/713 1644/2010/713
f 1622/2003/714 1320/2011/714 1637/2012/714
f 1546/2013/715 1636/2000/715 1651/2009/715
f 1630/1988/716 1629/2001/716 1644/2010/716 1645/2014/716
f 1623/1990/717 1622/2003/717 1637/2012/717 1638/2015/717
f 1631/1989/718 1630/1988/718 1645/2014/718 1646/2016/718
f 1624/1991/719 1623/1990/719 1638/2015/719 1639/2017/719
f 1632/1992/720 1631/1989/720 1646/2016/720 1647/2018/720
f 1625/1993/721 1624/1991/721 1639/2017/721 1640/2019/721
f 1633/1994/722 1632/1992/722 1647/2018/722 1648/2020/722
f 1626/1995/723 1625/1993/723 1640/2019/723 1641/2021/723
f 1634/1996/724 1633/1994/724 1648/2020/724 1649/2005/724
f 1627/1997/725 1626/1995/725 1641/2021/725 1642/2007/725
f 1639/2017/726 1638/2015/726 1653/2022/726 1654/2023/726
f 1647/2018/727 1646/2016/727 1661/2024/727 1662/2025/727
f 1640/2019/728 1639/2017/728 1654/2023/728 1655/2026/728
f 1648/2020/729 1647/2018/729 1662/2025/729 1663/2027/729
f 1641/2021/730 1640/2019/730 1655/2026/730 1656/2028/730
f 1649/2005/731 1648/2020/731 1663/2027/731 1664/2029/731
f 1642/2007/732 1641/2021/732 1656/2028/732 1657/2030/732
f 1650/2006/733 1649/2005/733 1664/2029/733 1665/2031/733
f 1643/2008/734 1642/2007/734 1657/2030/734 1658/2032/734
f 1651/2009/735 1650/2006/735 1665/2031/735 1666/2033/735
f 1644/2010/736 1643/2008/736 1658/2032/736 1659/2034/736
f 1637/2012/737 1320/2035/737 1652/2036/737
f 1546/2037/738 1651/2009/738 1666/2033/738
f 1645/2014/739 1644/2010/739 1659/2034/739 1660/2038/739
f 1638/2015/740 1637/2012/740 1652/2036/740 1653/2022/740
f 1646/2016/741 1645/2014/741 1660/2038/741 1661/2024/741
f 1658/2032/742 1657/2030/742 1672/2039/742 1673/2040/742
f 1666/2033/743 1665/2031/743 1680/2041/743 1681/2042/743
f 1659/2034/744 1658/2032/744 1673/2040/744 1674/2043/744
f 1652/2036/745 1320/2044/745 1667/2045/745
f 1546/2046/746 1666/2033/746 1681/2042/746
f 1660/2038/747 1659/2034/747 1674/2043/747 1675/2047/747
f 1653/2022/748 1652/2036/748 1667/2045/748 1668/2048/748
f 1661/2024/749 1660/2038/749 1675/2047/749 1676/2049/749
f 1654/2023/750 1653/2022/750 1668/2048/750 1669/2050/750
f 1662/2025/751 1661/2024/751 1676/2049/751 1677/2051/751
f 1655/2026/752 1654/2023/752 1669/2050/752 1670/2052/752
f 1663/2027/753 1662/2025/753 1677/2051/753 1678/2053/753
f 1656/2028/754 1655/2026/754 1670/2052/754 1671/2054/754
f 1664/2029/755 1663/2027/755 1678/2053/755 1679/2055/755
f 1657/2030/756 1656/2028/756 1671/2054/756 1672/2039/756
f 1665/2031/757 1664/2029/757 1679/2055/757 1680/2041/757
f 1677/2051/758 1676/2049/758 1691/2056/758 1692/2057/758
f 1670/2052/759 1669/2050/759 1684/2058/759 1685/2059/759
f 1678/2053/760 1677/2051/760 1692/2057/760 1693/2060/760
f 1671/2054/761 1670/2052/761 1685/2059/761 1686/2061/761
f 1679/2055/762 1678/2053/762 1693/2060/762 1694/2062/762
f 1672/2039/763 1671/2054/763 1686/2061/763 1687/2063/763
f 1680/2041/764 1679/2055/764 1694/2062/764 1695/2064/764
f 1673/2040/765 1672/2039/765 1687/2063/765 1688/2065/765
f 1681/2042/766 1680/2041/766 1695/2064/766 1696/2066/766
f 1674/2043/767 1673/2040/767 1688/2065/767 1689/2067/767
f 1667/2045/768 1320/2068/768 1682/2069/768
f 1546/2070/769 1681/2042/769 1696/2066/769
f 1675/2047/770 1674/2043/770 1689/2067/770 1690/2071/770
f 1668/2048/771 1667/2045/771 1682/2069/771 1683/2072/771
f 1676/2049/772 1675/2047/772 1690/2071/772 1691/2056/772
f 1669/2050/773 1668/2048/773 1683/2072/773 1684/2058/773
f 1696/2066/774 1695/2064/774 1710/2073/774 1711/2074/774
f 1689/2067/775 1688/2065/775 1703/2075/775 1704/2076/775
f 1682/2069/776 1320/2077/776 1697/2078/776
f 1546/2079/777 1696/2066/777 1711/2074/777
f 1690/2071/778 1689/2067/778 1704/2076/778 1705/2080/778
f 1683/2072/779 1682/2069/779 1697/2078/779 1698/2081/779
f 1691/2056/780 1690/2071/780 1705/2080/780 1706/2082/780
f 1684/2058/781 1683/2072/781 1698/2081/781 1699/2083/781
f 1692/2057/782 1691/2056/782 1706/2082/782 1707/2084/782
f 1685/2059/783 1684/2058/783 1699/2083/783 1700/2085/783
f 1693/2060/784 1692/2057/784 1707/2084/784 1708/2086/784
f 1686/2061/785 1685/2059/785 1700/2085/785 1701/2087/785
f 1694/2062/786 1693/2060/786 1708/2086/786 1709/2088/786
f 1687/2063/787 1686/2061/787 1701/2087/787 1702/2089/787
f 1695/2064/788 1694/2062/788 1709/2088/788 1710/2073/788
f 1688/2065/789 1687/2063/789 1702/2089/789 1703/2075/789
f 1708/2086/790 1707/2084/790 1244/1538/790 1717/1537/790
f 1701/2087/791 1700/2085/791 1714/1533/791 1240/1541/791
f 1709/2088/792 1708/2086/792 1717/1537/792 1718/1543/792
f 1702/2089/793 1701/2087/793 1240/1541/793 1715/1545/793
f 1710/2073/794 1709/2088/794 1718/1543/794 1719/1547/794
f 1703/2075/795 1702/2089/795 1715/1545/795 1241/1549/795
f 1711/2074/796 1710/2073/796 1719/1547/796 1720/1551/796
f 1704/2076/797 1703/2075/797 1241/1549/797 1242/1553/797
f 1697/2078/798 1320/2090/798 1712/1555/798
f 1546/2091/799 1711/2074/799 1720/1551/799
f 1705/2080/800 1704/2076/800 1242/1553/800 1243/1559/800
f 1698/2081/801 1697/2078/801 1712/1555/801 1713/1561/801
f 1706/2082/802 1705/2080/802 1243/1559/802 1716/1563/802
f 1699/2083/803 1698/2081/803 1713/1561/803 1239/1534/803
f 1707/2084/804 1706/2082/804 1716/1563/804 1244/1538/804
f 1700/2085/805 1699/2083/805 1239/1534/805 1714/1533/805
o Cube
v -14.094171 34.463837 16.437561
v -14.094171 5.170403 16.437561
v -14.094171 34.463837 38.441063
v -14.094171 5.170403 38.441063
v -38.006420 34.463837 16.437561
v -38.006420 5.170403 16.437561
v -38.006420 34.463837 38.441063
v -38.006420 5.170403 38.441063
v -25.796642 46.867455 27.205904
v -25.796642 46.867455 27.672720
v -26.303953 46.867455 27.205904
v -26.303953 46.867455 27.672720
vn 1.0000 -0.0000 -0.0000
vn -0.0000 -0.0000 1.0000
vn -1.0000 -0.0000 -0.0000
vn -0.0000 -0.0000 -1.0000
vn -0.0000 0.6556 0.7551
vn -0.0000 -1.0000 -0.0000
vn -0.0000 1.0000 -0.0000
vn 0.7274 0.6862 -0.0000
vn -0.7274 0.6862 -0.0000
vn -0.0000 0.6556 -0.7551
vt 0.375000 0.000000
vt 0.625000 0.000000
vt 0.625000 0.250000
vt 0.375000 0.250000
vt 0.625000 0.500000
vt 0.375000 0.500000
vt 0.625000 0.750000
vt 0.375000 0.750000
vt 0.625000 1.000000
vt 0.375000 1.000000
vt 0.875000 0.500000
vt 0.875000 0.750000
vt 0.125000 0.500000
vt 0.125000 0.750000
s 0
usemtl House_4
f 1721/2092/806 1723/2095/806 1724/2094/806 1722/2093/806
f 1723/2095/807 1727/2097/807 1728/2096/807 1724/2094/807
f 1727/2097/808 1725/2099/808 1726/2098/808 1728/2096/808
f 1725/2099/809 1721/2101/809 1722/2100/809 1726/2098/809
f 1723/2095/810 1730/2095/810 1732/2097/810 1727/2097/810
f 1728/2096/811 1726/2098/811 1722/2103/811 1724/2102/811
f 1730/2104/812 1729/2105/812 1731/2099/812 1732/2097/812
f 1721/2092/813 1729/2092/813 1730/2095/813 1723/2095/813
f 1727/2097/814 1732/2097/814 1731/2099/814 1725/2099/814
f 1725/2099/815 1731/2099/815 1729/2101/815 1721/2101/815
o Cube.003
v -37.508186 22.110659 16.290352
v -37.508186 4.641565 16.290352
v -37.508186 22.110659 38.293854
v -37.508186 4.641565 38.293854
v -70.436363 22.110659 16.290352
v -70.436363 4.641565 16.290352
v -70.436363 22.110659 38.293854
v -70.436363 4.641565 38.293854
v -35.250656 24.638779 15.284657
v -35.250656 24.638779 39.802399
v -71.941383 24.638779 15.284657
v -71.941383 5.173575 15.284657
v -71.941383 24.638779 39.802399
v -55.864971 28.529240 24.468025
v -55.864971 28.529240 26.027355
v -58.198502 28.529240 24.468025
v -58.198502 27.291250 24.468025
v -58.198502 28.529240 26.027355
vn 1.0000 -0.0000 -0.0000
vn -0.0000 -0.0000 1.0000
vn -1.0000 -0.0000 -0.0000
vn -0.0000 -0.0000 -1.0000
vn 0.7459 -0.6661 -0.0000
vn -0.0000 -1.0000 -0.0000
vn -0.0000 0.9624 0.2718
vn 0.5556 -0.0000 -0.8315
vn -0.8593 -0.5115 -0.0000
vn -0.0000 -0.3696 -0.9292
vn -0.0000 -0.5124 0.8587
vn -0.0000 1.0000 -0.0000
vn -0.0000 0.9208 -0.3901
vn -0.2724 0.9622 -0.0000
vn 0.1855 0.9827 -0.0000
vn -0.5556 -0.0000 0.8315
vt 0.375000 0.000000
vt 0.625000 0.000000
vt 0.625000 0.250000
vt 0.375000 0.250000
vt 0.625000 0.500000
vt 0.375000 0.500000
vt 0.625000 0.750000
vt 0.375000 0.750000
vt 0.625000 1.000000
vt 0.375000 1.000000
vt 0.875000 0.500000
vt 0.875000 0.750000
vt 0.125000 0.500000
vt 0.125000 0.750000
s 0
usemtl House_4
f 1733/2106/816 1735/2109/816 1736/2108/816 1734/2107/816
f 1735/2109/817 1739/2111/817 1740/2110/817 1736/2108/817
f 1739/2111/818 1737/2113/818 1738/2112/818 1740/2110/818
f 1737/2113/819 1733/2115/819 1734/2114/819 1738/2112/819
f 1733/2106/820 1741/2106/820 1742/2109/820 1735/2109/820
f 1740/2110/821 1738/2112/821 1734/2117/821 1736/2116/821
f 1742/2109/822 1747/2109/822 1750/2111/822 1745/2111/822
f 1738/2112/823 1744/2112/823 1743/2113/823 1737/2113/823
f 1739/2111/824 1745/2111/824 1743/2113/824 1737/2113/824
f 1737/2113/825 1743/2113/825 1741/2115/825 1733/2115/825
f 1735/2109/826 1742/2109/826 1745/2111/826 1739/2111/826
f 1747/2118/827 1746/2119/827 1748/2113/827 1750/2111/827
f 1743/2113/828 1748/2113/828 1746/2115/828 1741/2115/828
f 1745/2111/829 1750/2111/829 1748/2113/829 1743/2113/829
f 1741/2106/830 1746/2106/830 1747/2109/830 1742/2109/830
f 1744/2112/831 1749/2112/831 1748/2113/831 1743/2113/831
o Cube.004
v -88.896652 3.952753 38.275902
v -88.896652 38.488182 38.275902
v -88.896652 3.952753 19.904356
v -88.896652 38.488182 19.904356
v -70.525116 3.952753 38.275902
v -70.525116 38.488182 38.275902
v -70.525116 3.952753 19.904356
v -70.525116 38.488182 19.904356
vn -1.0000 -0.0000 -0.0000
vn -0.0000 -0.0000 -1.0000
vn 1.0000 -0.0000 -0.0000
vn -0.0000 -0.0000 1.0000
vn -0.0000 -1.0000 -0.0000
vn -0.0000 1.0000 -0.0000
vt 0.375000 0.000000
vt 0.625000 0.000000
vt 0.625000 0.250000
vt 0.375000 0.250000
vt 0.625000 0.500000
vt 0.375000 0.500000
vt 0.625000 0.750000
vt 0.375000 0.750000
vt 0.625000 1.000000
vt 0.375000 1.000000
vt 0.125000 0.500000
vt 0.125000 0.750000
vt 0.875000 0.500000
vt 0.875000 0.750000
s 0
usemtl Haus_5
f 1751/2120/832 1752/2121/832 1754/2122/832 1753/2123/832
f 1753/2123/833 1754/2122/833 1758/2124/833 1757/2125/833
f 1757/2125/834 1758/2124/834 1756/2126/834 1755/2127/834
f 1755/2127/835 1756/2126/835 1752/2128/835 1751/2129/835
f 1753/2130/836 1757/2125/836 1755/2127/836 1751/2131/836
f 1758/2124/837 1754/2132/837 1752/2133/837 1756/2126/837
o Cube.005
v -203.568146 3.952753 205.185379
v -203.568146 38.488182 205.185379
v -203.568146 3.952753 186.813828
v -203.568146 38.488182 186.813828
v -185.196594 3.952753 205.185379
v -185.196594 38.488182 205.185379
v -185.196594 3.952753 186.813828
v -185.196594 38.488182 186.813828
v -194.594284 49.508381 196.211517
v -194.594284 49.508381 195.787689
v -194.170456 49.508381 196.211517
v -194.170456 49.508381 195.787689
vn -1.0000 -0.0000 -0.0000
vn -0.0000 -0.0000 -1.0000
vn 1.0000 -0.0000 -0.0000
vn -0.0000 -0.0000 1.0000
vn -0.0000 -1.0000 -0.0000
vn 0.7754 0.6314 -0.0000
vn -0.0000 1.0000 -0.0000
vn -0.7754 0.6314 -0.0000
vn -0.0000 0.6314 0.7754
vn -0.0000 0.6314 -0.7754
vt 0.375000 0.000000
vt 0.625000 0.000000
vt 0.625000 0.250000
vt 0.375000 0.250000
vt 0.625000 0.500000
vt 0.375000 0.500000
vt 0.625000 0.750000
vt 0.375000 0.750000
vt 0.625000 1.000000
vt 0.375000 1.000000
vt 0.125000 0.500000
vt 0.125000 0.750000
vt 0.875000 0.500000
vt 0.875000 0.750000
s 0
usemtl House_3
f 1759/2134/838 1760/2135/838 1762/2136/838 1761/2137/838
f 1761/2137/839 1762/2136/839 1766/2138/839 1765/2139/839
f 1765/2139/840 1766/2138/840 1764/2140/840 1763/2141/840
f 1763/2141/841 1764/2140/841 1760/2142/841 1759/2143/841
f 1761/2144/842 1765/2139/842 1763/2141/842 1759/2145/842
f 1764/2140/843 1766/2138/843 1770/2138/843 1769/2140/843
f 1770/2138/844 1768/2146/844 1767/2147/844 1769/2140/844
f 1762/2136/845 1760/2135/845 1767/2135/845 1768/2136/845
f 1760/2142/846 1764/2140/846 1769/2140/846 1767/2142/846
f 1766/2138/847 1762/2136/847 1768/2136/847 1770/2138/847
o Cube.006
v -14.807608 31.569332 186.957489
v -14.807608 4.688184 186.957489
v -14.807608 31.569332 212.676270
v -14.807608 4.688184 212.676270
v -78.035133 31.569332 186.957489
v -78.035133 4.688184 186.957489
v -78.035133 31.569332 212.676270
v -78.035133 4.688184 212.676270
vn 1.0000 -0.0000 -0.0000
vn -0.0000 -0.0000 1.0000
vn -1.0000 -0.0000 -0.0000
vn -0.0000 -0.0000 -1.0000
vn -0.0000 1.0000 -0.0000
vn -0.0000 -1.0000 -0.0000
vt 0.375000 0.000000
vt 0.625000 0.000000
vt 0.625000 0.250000
vt 0.375000 0.250000
vt 0.625000 0.500000
vt 0.375000 0.500000
vt 0.625000 0.750000
vt 0.375000 0.750000
vt 0.625000 1.000000
vt 0.375000 1.000000
vt 0.125000 0.500000
vt 0.125000 0.750000
vt 0.875000 0.500000
vt 0.875000 0.750000
s 0
usemtl House_4
f 1771/2148/848 1773/2151/848 1774/2150/848 1772/2149/848
f 1773/2151/849 1777/2153/849 1778/2152/849 1774/2150/849
f 1777/2153/850 1775/2155/850 1776/2154/850 1778/2152/850
f 1775/2155/851 1771/2157/851 1772/2156/851 1776/2154/851
f 1773/2158/852 1771/2159/852 1775/2155/852 1777/2153/852
f 1778/2152/853 1776/2154/853 1772/2161/853 1774/2160/853
o Cube.007
v -129.814102 34.463837 186.565353
v -129.814102 5.170403 186.565353
v -129.814102 34.463837 208.568863
v -129.814102 5.170403 208.568863
v -152.258926 34.463837 186.565353
v -152.258926 5.170403 186.565353
v -152.258926 34.463837 208.568863
v -152.258926 5.170403 208.568863
v -130.251572 39.607605 197.228958
v -130.251572 39.607605 197.905258
v -130.941437 39.607605 197.228958
v -130.941437 39.607605 197.905258
vn 1.0000 -0.0000 -0.0000
vn -0.0000 -0.0000 1.0000
vn -1.0000 -0.0000 -0.0000
vn -0.0000 -0.0000 -1.0000
vn -0.0000 0.9007 -0.4345
vn -0.0000 -1.0000 -0.0000
vn -0.0000 1.0000 -0.0000
vn -0.0000 0.9007 0.4345
vn 0.9964 0.0847 -0.0000
vn -0.2346 0.9721 -0.0000
vt 0.375000 0.000000
vt 0.625000 0.000000
vt 0.625000 0.250000
vt 0.375000 0.250000
vt 0.625000 0.500000
vt 0.375000 0.500000
vt 0.625000 0.750000
vt 0.375000 0.750000
vt 0.625000 1.000000
vt 0.375000 1.000000
vt 0.875000 0.500000
vt 0.875000 0.750000
vt 0.125000 0.500000
vt 0.125000 0.750000
s 0
usemtl House_2
f 1779/2162/854 1781/2165/854 1782/2164/854 1780/2163/854
f 1781/2165/855 1785/2167/855 1786/2166/855 1782/2164/855
f 1785/2167/856 1783/2169/856 1784/2168/856 1786/2166/856
f 1783/2169/857 1779/2171/857 1780/2170/857 1784/2168/857
f 1783/2169/858 1789/2169/858 1787/2171/858 1779/2171/858
f 1786/2166/859 1784/2168/859 1780/2173/859 1782/2172/859
f 1788/2174/860 1787/2175/860 1789/2169/860 1790/2167/860
f 1781/2165/861 1788/2165/861 1790/2167/861 1785/2167/861
f 1779/2162/862 1787/2162/862 1788/2165/862 1781/2165/862
f 1785/2167/863 1790/2167/863 1789/2169/863 1783/2169/863
o Cube.008
v -74.422478 71.654976 186.565353
v -74.422478 4.079651 186.565353
v -74.422478 71.654976 208.568863
v -74.422478 4.079651 208.568863
v -129.899078 71.654976 186.565353
v -129.899078 4.079651 186.565353
v -129.899078 71.654976 208.568863
v -129.899078 4.079651 208.568863
vn 1.0000 -0.0000 -0.0000
vn -0.0000 -0.0000 1.0000
vn -1.0000 -0.0000 -0.0000
vn -0.0000 -0.0000 -1.0000
vn -0.0000 1.0000 -0.0000
vn -0.0000 -1.0000 -0.0000
vt 0.375000 0.000000
vt 0.625000 0.000000
vt 0.625000 0.250000
vt 0.375000 0.250000
vt 0.625000 0.500000
vt 0.375000 0.500000
vt 0.625000 0.750000
vt 0.375000 0.750000
vt 0.625000 1.000000
vt 0.375000 1.000000
vt 0.125000 0.500000
vt 0.125000 0.750000
vt 0.875000 0.500000
vt 0.875000 0.750000
s 0
usemtl House_3
f 1791/2176/864 1793/2179/864 1794/2178/864 1792/2177/864
f 1793/2179/865 1797/2181/865 1798/2180/865 1794/2178/865
f 1797/2181/866 1795/2183/866 1796/2182/866 1798/2180/866
f 1795/2183/867 1791/2185/867 1792/2184/867 1796/2182/867
f 1793/2186/868 1791/2187/868 1795/2183/868 1797/2181/868
f 1798/2180/869 1796/2182/869 1792/2189/869 1794/2188/869
o Cube.009
v -152.179672 22.110659 186.565353
v -152.179672 4.641565 186.565353
v -152.179672 22.110659 208.568863
v -152.179672 4.641565 208.568863
v -185.107834 22.110659 186.565353
v -185.107834 4.641565 186.565353
v -185.107834 22.110659 208.568863
v -185.107834 4.641565 208.568863
v -167.472565 30.168457 196.784485
v -167.472565 30.168457 198.349731
v -169.814941 30.168457 196.784485
v -169.814941 30.168457 198.349731
v -166.405029 31.774635 196.071136
v -166.405029 31.774635 199.063080
v -170.882477 31.774635 196.071136
v -170.882477 31.774635 199.063080
vn 1.0000 -0.0000 -0.0000
vn -0.0000 -0.0000 1.0000
vn -1.0000 -0.0000 -0.0000
vn -0.0000 -0.0000 -1.0000
vn 0.4661 0.8847 -0.0000
vn -0.0000 -1.0000 -0.0000
vn -0.8328 -0.5535 -0.0000
vn -0.4661 0.8847 -0.0000
vn -0.0000 0.7853 -0.6192
vn -0.0000 0.7853 0.6192
vn -0.0000 1.0000 -0.0000
vn 0.8328 -0.5535 -0.0000
vn -0.0000 -0.4059 -0.9139
vn -0.0000 -0.4059 0.9139
vt 0.375000 0.000000
vt 0.625000 0.000000
vt 0.625000 0.250000
vt 0.375000 0.250000
vt 0.625000 0.500000
vt 0.375000 0.500000
vt 0.625000 0.750000
vt 0.375000 0.750000
vt 0.625000 1.000000
vt 0.375000 1.000000
vt 0.875000 0.500000
vt 0.875000 0.750000
vt 0.125000 0.500000
vt 0.125000 0.750000
s 0
usemtl House_3
f 1799/2190/870 1801/2193/870 1802/2192/870 1800/2191/870
f 1801/2193/871 1805/2195/871 1806/2194/871 1802/2192/871
f 1805/2195/872 1803/2197/872 1804/2196/872 1806/2194/872
f 1803/2197/873 1799/2199/873 1800/2198/873 1804/2196/873
f 1799/2190/874 1807/2190/874 1808/2193/874 1801/2193/874
f 1806/2194/875 1804/2196/875 1800/2201/875 1802/2200/875
f 1810/2195/876 1814/2195/876 1813/2197/876 1809/2197/876
f 1805/2195/877 1810/2195/877 1809/2197/877 1803/2197/877
f 1803/2197/878 1809/2197/878 1807/2199/878 1799/2199/878
f 1801/2193/879 1808/2193/879 1810/2195/879 1805/2195/879
f 1812/2202/880 1811/2203/880 1813/2197/880 1814/2195/880
f 1807/2190/881 1811/2190/881 1812/2193/881 1808/2193/881
f 1809/2197/882 1813/2197/882 1811/2199/882 1807/2199/882
f 1808/2193/883 1812/2193/883 1814/2195/883 1810/2195/883
o Cube.010
v -33.886284 38.551018 124.912575
v -33.886284 4.918573 124.912575
v -8.167506 38.551018 124.912575
v -8.167506 4.918573 124.912575
v -33.886280 38.551018 188.140106
v -33.886280 4.918573 188.140106
v -8.167504 38.551018 188.140106
v -8.167504 4.918573 188.140106
v -34.693268 40.486168 122.928673
v -7.360524 40.486168 122.928673
v -34.693264 40.486168 190.123993
v -7.360520 40.486168 190.123993
v -21.559296 42.439934 155.217453
v -20.494488 42.439934 155.217453
v -21.559296 42.439934 157.835190
v -20.494488 42.439934 157.835190
vn -0.0000 -0.0000 -1.0000
vn 1.0000 -0.0000 -0.0000
vn -0.0000 -0.0000 1.0000
vn -1.0000 -0.0000 -0.0000
vn -0.9230 -0.3849 -0.0000
vn -0.0000 -1.0000 -0.0000
vn -0.0000 0.9982 -0.0604
vn 0.9230 -0.3849 -0.0000
vn -0.0000 -0.7158 -0.6983
vn -0.0000 -0.7158 0.6983
vn -0.0000 1.0000 -0.0000
vn -0.1471 0.9891 -0.0000
vn 0.1471 0.9891 -0.0000
vn -0.0000 0.9982 0.0604
vt 0.375000 0.000000
vt 0.625000 0.000000
vt 0.625000 0.250000
vt 0.375000 0.250000
vt 0.625000 0.500000
vt 0.375000 0.500000
vt 0.625000 0.750000
vt 0.375000 0.750000
vt 0.625000 1.000000
vt 0.375000 1.000000
vt 0.875000 0.500000
vt 0.875000 0.750000
vt 0.125000 0.500000
vt 0.125000 0.750000
s 0
usemtl House_2
f 1815/2204/884 1817/2207/884 1818/2206/884 1816/2205/884
f 1817/2207/885 1821/2209/885 1822/2208/885 1818/2206/885
f 1821/2209/886 1819/2211/886 1820/2210/886 1822/2208/886
f 1819/2211/887 1815/2213/887 1816/2212/887 1820/2210/887
f 1819/2211/888 1825/2211/888 1823/2213/888 1815/2213/888
f 1822/2208/889 1820/2210/889 1816/2215/889 1818/2214/889
f 1823/2204/890 1827/2204/890 1828/2207/890 1824/2207/890
f 1817/2207/891 1824/2207/891 1826/2209/891 1821/2209/891
f 1815/2204/892 1823/2204/892 1824/2207/892 1817/2207/892
f 1821/2209/893 1826/2209/893 1825/2211/893 1819/2211/893
f 1828/2216/894 1827/2217/894 1829/2211/894 1830/2209/894
f 1825/2211/895 1829/2211/895 1827/2213/895 1823/2213/895
f 1824/2207/896 1828/2207/896 1830/2209/896 1826/2209/896
f 1826/2209/897 1830/2209/897 1829/2211/897 1825/2211/897
o Cube.011
v -33.481033 29.746071 37.235840
v -33.481033 4.866969 37.235840
v -14.455953 29.746071 37.235840
v -14.455953 4.866969 37.235840
v -33.481033 29.746071 84.007462
v -33.481033 4.866969 84.007462
v -14.455951 29.746071 84.007462
v -14.455951 4.866969 84.007462
vn -0.0000 -0.0000 -1.0000
vn 1.0000 -0.0000 -0.0000
vn -0.0000 -0.0000 1.0000
vn -1.0000 -0.0000 -0.0000
vn -0.0000 1.0000 -0.0000
vn -0.0000 -1.0000 -0.0000
vt 0.375000 0.000000
vt 0.625000 0.000000
vt 0.625000 0.250000
vt 0.375000 0.250000
vt 0.625000 0.500000
vt 0.375000 0.500000
vt 0.625000 0.750000
vt 0.375000 0.750000
vt 0.625000 1.000000
vt 0.375000 1.000000
vt 0.125000 0.500000
vt 0.125000 0.750000
vt 0.875000 0.500000
vt 0.875000 0.750000
s 0
usemtl House_3
f 1831/2218/898 1833/2221/898 1834/2220/898 1832/2219/898
f 1833/2221/899 1837/2223/899 1838/2222/899 1834/2220/899
f 1837/2223/900 1835/2225/900 1836/2224/900 1838/2222/900
f 1835/2225/901 1831/2227/901 1832/2226/901 1836/2224/901
f 1833/2228/902 1831/2229/902 1835/2225/902 1837/2223/902
f 1838/2222/903 1836/2224/903 1832/2231/903 1834/2230/903
o Cube.012
v -33.719654 56.061508 84.167084
v -33.719654 5.074017 84.167084
v -15.825549 56.061508 84.167084
v -15.825549 5.074017 84.167084
v -33.719650 56.061508 124.928497
v -33.719650 5.074017 124.928497
v -15.825547 56.061508 124.928497
v -15.825547 5.074017 124.928497
vn -0.0000 -0.0000 -1.0000
vn 1.0000 -0.0000 -0.0000
vn -0.0000 -0.0000 1.0000
vn -1.0000 -0.0000 -0.0000
vn -0.0000 1.0000 -0.0000
vn -0.0000 -1.0000 -0.0000
vt 0.375000 0.000000
vt 0.625000 0.000000
vt 0.625000 0.250000
vt 0.375000 0.250000
vt 0.625000 0.500000
vt 0.375000 0.500000
vt 0.625000 0.750000
vt 0.375000 0.750000
vt 0.625000 1.000000
vt 0.375000 1.000000
vt 0.125000 0.500000
vt 0.125000 0.750000
vt 0.875000 0.500000
vt 0.875000 0.750000
s 0
usemtl House_1
f 1839/2232/904 1841/2235/904 1842/2234/904 1840/2233/904
f 1841/2235/905 1845/2237/905 1846/2236/905 1842/2234/905
f 1845/2237/906 1843/2239/906 1844/2238/906 1846/2236/906
f 1843/2239/907 1839/2241/907 1840/2240/907 1844/2238/907
f 1841/2242/908 1839/2243/908 1843/2239/908 1845/2237/908
f 1846/2236/909 1844/2238/909 1840/2245/909 1842/2244/909
o Cube.013
v -185.344696 56.061508 147.395966
v -185.344696 5.074017 147.395966
v -203.235855 56.061508 147.071609
v -203.235855 5.074017 147.071609
v -184.605820 56.061508 106.641258
v -184.605820 5.074017 106.641258
v -202.496979 56.061508 106.316895
v -202.496979 5.074017 106.316895
v -184.801743 57.791775 148.696320
v -203.825592 57.791775 148.351410
v -184.016083 57.791775 105.361443
v -203.039932 57.791775 105.016541
v -193.689697 63.563255 127.409996
v -194.171890 63.563255 127.401253
v -193.669785 63.563255 126.311607
v -194.151978 63.563255 126.302864
vn -0.0181 -0.0000 0.9998
vn -0.9998 -0.0000 -0.0181
vn 0.0181 -0.0000 -0.9998
vn 0.9998 -0.0000 0.0181
vn -0.0145 -0.5978 0.8015
vn -0.0000 -1.0000 -0.0000
vn -0.5283 0.8490 -0.0096
vn 0.0145 -0.5978 -0.8015
vn 0.9502 -0.3111 0.0172
vn -0.9502 -0.3111 -0.0172
vn -0.0000 1.0000 -0.0000
vn 0.0048 0.9646 -0.2635
vn -0.0048 0.9646 0.2635
vn 0.5283 0.8490 0.0096
vt 0.375000 0.000000
vt 0.625000 0.000000
vt 0.625000 0.250000
vt 0.375000 0.250000
vt 0.625000 0.500000
vt 0.375000 0.500000
vt 0.625000 0.750000
vt 0.375000 0.750000
vt 0.625000 1.000000
vt 0.375000 1.000000
vt 0.875000 0.500000
vt 0.875000 0.750000
vt 0.125000 0.500000
vt 0.125000 0.750000
s 0
usemtl House_4
f 1847/2246/910 1849/2249/910 1850/2248/910 1848/2247/910
f 1849/2249/911 1853/2251/911 1854/2250/911 1850/2248/911
f 1853/2251/912 1851/2253/912 1852/2252/912 1854/2250/912
f 1851/2253/913 1847/2255/913 1848/2254/913 1852/2252/913
f 1847/2246/914 1855/2246/914 1856/2249/914 1849/2249/914
f 1854/2250/915 1852/2252/915 1848/2257/915 1850/2256/915
f 1856/2249/916 1860/2249/916 1862/2251/916 1858/2251/916
f 1853/2251/917 1858/2251/917 1857/2253/917 1851/2253/917
f 1851/2253/918 1857/2253/918 1855/2255/918 1847/2255/918
f 1849/2249/919 1856/2249/919 1858/2251/919 1853/2251/919
f 1860/2258/920 1859/2259/920 1861/2253/920 1862/2251/920
f 1858/2251/921 1862/2251/921 1861/2253/921 1857/2253/921
f 1855/2246/922 1859/2246/922 1860/2249/922 1856/2249/922
f 1857/2253/923 1861/2253/923 1859/2255/923 1855/2255/923
o Cube.014
v -184.625793 38.551018 106.970856
v -184.625793 4.918573 106.970856
v -210.341385 38.551018 106.504639
v -210.341385 4.918573 106.504639
v -183.346756 38.551018 36.422031
v -183.346756 4.918573 36.422031
v -209.062347 38.551018 35.955814
v -209.062347 4.918573 35.955814
v -196.269760 46.445709 73.132301
v -197.478470 46.445709 73.110390
v -196.209641 46.445709 69.816269
v -197.418350 46.445709 69.794357
vn -0.0181 -0.0000 0.9998
vn -0.9998 -0.0000 -0.0181
vn 0.0181 -0.0000 -0.9998
vn 0.9998 -0.0000 0.0181
vn 0.5415 0.8407 0.0098
vn -0.0000 -1.0000 -0.0000
vn -0.0000 1.0000 -0.0000
vn -0.5415 0.8407 -0.0098
vn -0.0041 0.9735 0.2286
vn 0.0041 0.9735 -0.2286
vt 0.375000 0.000000
vt 0.625000 0.000000
vt 0.625000 0.250000
vt 0.375000 0.250000
vt 0.625000 0.500000
vt 0.375000 0.500000
vt 0.625000 0.750000
vt 0.375000 0.750000
vt 0.625000 1.000000
vt 0.375000 1.000000
vt 0.875000 0.500000
vt 0.875000 0.750000
vt 0.125000 0.500000
vt 0.125000 0.750000
s 0
usemtl House_3
f 1863/2260/924 1865/2263/924 1866/2262/924 1864/2261/924
f 1865/2263/925 1869/2265/925 1870/2264/925 1866/2262/925
f 1869/2265/926 1867/2267/926 1868/2266/926 1870/2264/926
f 1867/2267/927 1863/2269/927 1864/2268/927 1868/2266/927
f 1867/2267/928 1873/2267/928 1871/2269/928 1863/2269/928
f 1870/2264/929 1868/2266/929 1864/2271/929 1866/2270/929
f 1872/2272/930 1871/2273/930 1873/2267/930 1874/2265/930
f 1865/2263/931 1872/2263/931 1874/2265/931 1869/2265/931
f 1863/2260/932 1871/2260/932 1872/2263/932 1865/2263/932
f 1869/2265/933 1874/2265/933 1873/2267/933 1867/2267/933
o Cube.015
v -202.390289 31.569332 36.397625
v -202.390289 4.688184 36.397625
v -201.924072 31.569332 10.683075
v -201.924072 4.688184 10.683075
v -139.173157 31.569332 37.543770
v -139.173157 4.688184 37.543770
v -138.706940 31.569332 11.829220
v -138.706940 4.688184 11.829220
v -204.318008 34.014812 37.141319
v -203.823578 34.014812 9.869989
v -137.273651 34.014812 38.356857
v -136.779221 34.014812 11.085524
v -171.946289 39.440514 24.652626
v -171.925812 39.440514 23.523903
v -169.171417 39.440514 24.702934
v -169.150940 39.440514 23.574213
vn -0.9998 -0.0000 -0.0181
vn 0.0181 -0.0000 -0.9998
vn 0.9998 -0.0000 0.0181
vn -0.0181 -0.0000 0.9998
vn 0.0173 -0.3033 -0.9527
vn -0.0000 -1.0000 -0.0000
vn -0.0069 0.9236 0.3833
vn -0.7874 -0.6163 -0.0143
vn 0.7874 -0.6163 0.0143
vn -0.0173 -0.3033 0.9527
vn -0.0000 1.0000 -0.0000
vn 0.0069 0.9236 -0.3833
vn 0.1664 0.9860 0.0030
vn -0.1664 0.9860 -0.0030
vt 0.375000 0.000000
vt 0.625000 0.000000
vt 0.625000 0.250000
vt 0.375000 0.250000
vt 0.625000 0.500000
vt 0.375000 0.500000
vt 0.625000 0.750000
vt 0.375000 0.750000
vt 0.625000 1.000000
vt 0.375000 1.000000
vt 0.875000 0.500000
vt 0.875000 0.750000
vt 0.125000 0.500000
vt 0.125000 0.750000
s 0
usemtl Haus_5
f 1875/2274/934 1877/2277/934 1878/2276/934 1876/2275/934
f 1877/2277/935 1881/2279/935 1882/2278/935 1878/2276/935
f 1881/2279/936 1879/2281/936 1880/2280/936 1882/2278/936
f 1879/2281/937 1875/2283/937 1876/2282/937 1880/2280/937
f 1877/2277/938 1884/2277/938 1886/2279/938 1881/2279/938
f 1882/2278/939 1880/2280/939 1876/2285/939 1878/2284/939
f 1885/2281/940 1889/2281/940 1887/2283/940 1883/2283/940
f 1875/2274/941 1883/2274/941 1884/2277/941 1877/2277/941
f 1881/2279/942 1886/2279/942 1885/2281/942 1879/2281/942
f 1879/2281/943 1885/2281/943 1883/2283/943 1875/2283/943
f 1888/2286/944 1887/2287/944 1889/2281/944 1890/2279/944
f 1884/2277/945 1888/2277/945 1890/2279/945 1886/2279/945
f 1886/2279/946 1890/2279/946 1889/2281/946 1885/2281/946
f 1883/2274/947 1887/2274/947 1888/2277/947 1884/2277/947
o Cube.016
v -207.301987 34.463837 147.301376
v -207.301987 5.170403 147.301376
v -185.298477 34.463837 147.301376
v -185.298477 5.170403 147.301376
v -207.301987 34.463837 187.106705
v -207.301987 5.170403 187.106705
v -185.298477 34.463837 187.106705
v -185.298477 5.170403 187.106705
vn -0.0000 -0.0000 -1.0000
vn 1.0000 -0.0000 -0.0000
vn -0.0000 -0.0000 1.0000
vn -1.0000 -0.0000 -0.0000
vn -0.0000 1.0000 -0.0000
vn -0.0000 -1.0000 -0.0000
vt 0.375000 0.000000
vt 0.625000 0.000000
vt 0.625000 0.250000
vt 0.375000 0.250000
vt 0.625000 0.500000
vt 0.375000 0.500000
vt 0.625000 0.750000
vt 0.375000 0.750000
vt 0.625000 1.000000
vt 0.375000 1.000000
vt 0.125000 0.500000
vt 0.125000 0.750000
vt 0.875000 0.500000
vt 0.875000 0.750000
s 0
usemtl Haus_5
f 1891/2288/948 1893/2291/948 1894/2290/948 1892/2289/948
f 1893/2291/949 1897/2293/949 1898/2292/949 1894/2290/949
f 1897/2293/950 1895/2295/950 1896/2294/950 1898/2292/950
f 1895/2295/951 1891/2297/951 1892/2296/951 1896/2294/951
f 1893/2298/952 1891/2299/952 1895/2295/952 1897/2293/952
f 1898/2292/953 1896/2294/953 1892/2301/953 1894/2300/953
o Cube.017
v -88.865356 71.654976 16.093359
v -88.865356 4.079651 16.093359
v -88.865356 71.654976 38.096863
v -88.865356 4.079651 38.096863
v -138.597763 71.654976 16.093359
v -138.597763 4.079651 16.093359
v -138.597763 71.654976 38.096863
v -138.597763 4.079651 38.096863
vn 1.0000 -0.0000 -0.0000
vn -0.0000 -0.0000 1.0000
vn -1.0000 -0.0000 -0.0000
vn -0.0000 -0.0000 -1.0000
vn -0.0000 1.0000 -0.0000
vn -0.0000 -1.0000 -0.0000
vt 0.375000 0.000000
vt 0.625000 0.000000
vt 0.625000 0.250000
vt 0.375000 0.250000
vt 0.625000 0.500000
vt 0.375000 0.500000
vt 0.625000 0.750000
vt 0.375000 0.750000
vt 0.625000 1.000000
vt 0.375000 1.000000
vt 0.125000 0.500000
vt 0.125000 0.750000
vt 0.875000 0.500000
vt 0.875000 0.750000
s 0
usemtl House_2
f 1899/2302/954 1901/2305/954 1902/2304/954 1900/2303/954
f 1901/2305/955 1905/2307/955 1906/2306/955 1902/2304/955
f 1905/2307/956 1903/2309/956 1904/2308/956 1906/2306/956
f 1903/2309/957 1899/2311/957 1900/2310/957 1904/2308/957
f 1901/2312/958 1899/2313/958 1903/2309/958 1905/2307/958
f 1906/2306/959 1904/2308/959 1900/2315/959 1902/2314/959
