# Blender 4.4.3
# www.blender.org
mtllib MiniGun.mtl
o Cube
v 0.066321 0.817018 -2.896579
v 0.155439 0.817018 -2.896579
v 0.066321 1.054623 -2.896579
v 0.155439 1.054623 -2.896579
v 0.066321 0.817018 -2.985697
v 0.155439 0.817018 -2.985697
v 0.066321 1.054623 -2.985697
v 0.155439 1.054623 -2.985697
v 0.107659 1.090944 -2.937917
v 0.114101 1.090944 -2.937917
v 0.107659 1.090944 -2.944359
v 0.114101 1.090944 -2.944359
v 0.066321 0.935820 -2.896579
v 0.155439 0.935820 -2.896579
v 0.066321 0.935820 -2.985697
v 0.155439 0.935820 -2.985697
v 0.155439 0.995222 -2.896579
v 0.066321 0.995222 -2.985697
v 0.066321 0.995222 -2.896579
v 0.155439 0.995222 -2.985697
v 0.066321 0.965521 -2.896579
v 0.155439 0.965521 -2.985697
v 0.155439 0.965521 -2.896579
v 0.066321 0.965521 -2.985697
v 0.066321 0.876419 -2.896579
v 0.155439 0.876419 -2.985697
v 0.155439 0.876419 -2.896579
v 0.066321 0.876419 -2.985697
v 0.155439 0.906120 -2.896579
v 0.066321 0.906120 -2.985697
v 0.066321 0.906120 -2.896579
v 0.155439 0.906120 -2.985697
v 0.147719 0.920970 -2.904299
v 0.074041 0.920970 -2.977977
v 0.074041 0.920970 -2.904299
v 0.147719 0.920970 -2.977977
v 0.081333 0.950671 -2.911591
v 0.140427 0.950671 -2.970685
v 0.140427 0.950671 -2.911591
v 0.081333 0.950671 -2.970685
v 0.144701 0.980371 -2.907317
v 0.077059 0.980371 -2.974959
v 0.077059 0.980371 -2.907317
v 0.144701 0.980371 -2.974959
v 0.074267 0.891269 -2.904525
v 0.147493 0.891269 -2.977751
v 0.147493 0.891269 -2.904525
v 0.074267 0.891269 -2.977751
vn -0.0000 -0.0000 1.0000
vn -0.0000 0.7512 -0.6601
vn -0.0000 -0.0000 -1.0000
vn -0.0000 -1.0000 -0.0000
vn -1.0000 -0.0000 -0.0000
vn 1.0000 -0.0000 -0.0000
vn -0.0000 1.0000 -0.0000
vn -0.6601 0.7512 -0.0000
vn 0.6601 0.7512 -0.0000
vn -0.0000 0.7512 0.6601
vn 0.7033 0.7109 -0.0000
vn -0.7033 0.7109 -0.0000
vn -0.0000 0.7109 -0.7033
vn -0.0000 -0.4613 0.8873
vn -0.0000 -0.5859 0.8104
vn -0.0000 -0.7109 0.7033
vn -0.0000 0.5859 -0.8104
vn -0.8104 0.5859 -0.0000
vn 0.8104 0.5859 -0.0000
vn 0.8817 0.4718 -0.0000
vn -0.8817 0.4718 -0.0000
vn -0.0000 0.4718 -0.8817
vn -0.0000 0.4613 -0.8873
vn -0.8873 0.4613 -0.0000
vn 0.8873 0.4613 -0.0000
vn -0.0000 -0.4718 0.8817
vn 0.8873 -0.4613 -0.0000
vn -0.8873 -0.4613 -0.0000
vn -0.0000 -0.4613 -0.8873
vn -0.0000 0.4613 0.8873
vn -0.0000 0.7109 0.7033
vn -0.0000 -0.7109 -0.7033
vn -0.7033 -0.7109 -0.0000
vn 0.7033 -0.7109 -0.0000
vn 0.8104 -0.5859 -0.0000
vn -0.8104 -0.5859 -0.0000
vn -0.0000 -0.5859 -0.8104
vn -0.0000 0.5859 0.8104
vn -0.0000 0.4718 0.8817
vn -0.0000 -0.4718 -0.8817
vn -0.8817 -0.4718 -0.0000
vn 0.8817 -0.4718 -0.0000
vt 0.471321 0.997258
vt 0.471321 0.810456
vt 0.518021 0.810456
vt 0.518021 0.997258
vt 0.161714 0.250051
vt 0.348516 0.250051
vt 0.261867 0.336700
vt 0.248364 0.336700
vt 0.564721 0.810456
vt 0.564721 0.997258
vt 0.492916 0.186802
vt 0.306114 0.186802
vt 0.306114 0.000000
vt 0.492916 0.000000
vt 0.954723 0.436852
vt 0.954723 0.623654
vt 0.908022 0.623654
vt 0.908022 0.436852
vt 0.954723 0.623654
vt 0.954723 0.810456
vt 0.908022 0.810456
vt 0.908022 0.623654
vt 0.261867 0.350203
vt 0.248364 0.350203
vt 0.348516 0.436852
vt 0.161714 0.436852
vt 0.379982 0.281517
vt 0.379982 0.405387
vt 0.348516 0.436852
vt 0.348516 0.250051
vt 0.503852 0.405387
vt 0.503852 0.281517
vt 0.535318 0.250051
vt 0.535318 0.436852
vt 0.332334 0.453035
vt 0.177897 0.453035
vt 0.161714 0.436852
vt 0.348516 0.436852
vt 0.611422 0.810456
vt 0.611422 0.997258
vt 0.955622 0.250051
vt 0.955622 0.436852
vt 0.908922 0.436852
vt 0.908922 0.250051
vt 0.471320 0.810456
vt 0.471320 0.997258
vt 0.424620 0.997258
vt 0.424620 0.810456
vt 0.512810 0.459360
vt 0.371024 0.459360
vt 0.348516 0.436852
vt 0.648252 0.031466
vt 0.524382 0.031466
vt 0.492916 0.000000
vt 0.679718 0.000000
vt 0.699612 0.272559
vt 0.557826 0.272559
vt 0.535318 0.250051
vt 0.722120 0.250051
vt 0.699612 0.414344
vt 0.722120 0.436852
vt 0.557826 0.414344
vt 0.658122 0.810456
vt 0.658122 0.997258
vt 0.551973 0.453507
vt 0.551973 0.606999
vt 0.535318 0.623654
vt 0.705465 0.606999
vt 0.705465 0.453507
vt 0.722120 0.623654
vt 0.332334 0.639836
vt 0.177897 0.639836
vt 0.161714 0.623654
vt 0.348516 0.623654
vt 0.332334 0.794274
vt 0.348516 0.810456
vt 0.177897 0.794274
vt 0.161714 0.810456
vt 0.518663 0.640309
vt 0.365171 0.640309
vt 0.348516 0.623654
vt 0.177897 0.607472
vt 0.332334 0.607472
vt 0.679718 0.186802
vt 0.492916 0.186802
vt 0.524382 0.155336
vt 0.648252 0.155336
vt 0.371024 0.601146
vt 0.512810 0.601146
vt 0.535318 0.810456
vt 0.348516 0.810456
vt 0.365171 0.793801
vt 0.518663 0.793801
s 0
usemtl button
f 19/1/1 17/2/1 4/3/1 3/4/1
f 8/5/2 7/6/2 11/7/2 12/8/2
f 28/4/3 26/3/3 6/9/3 5/10/3
f 5/11/4 6/12/4 2/13/4 1/14/4
f 25/15/5 28/16/5 5/17/5 1/18/5
f 26/19/6 27/20/6 2/21/6 6/22/6
f 9/23/7 10/24/7 12/8/7 11/7/7
f 7/6/8 3/25/8 9/23/8 11/7/8
f 4/26/9 8/5/9 12/8/9 10/24/9
f 3/25/10 4/26/10 10/24/10 9/23/10
f 38/27/11 39/28/11 14/29/11 16/30/11
f 37/31/12 40/32/12 15/33/12 13/34/12
f 40/32/13 38/27/13 16/30/13 15/33/13
f 35/35/14 33/36/14 14/37/14 13/38/14
f 7/10/3 8/9/3 20/39/3 18/40/3
f 3/41/5 7/42/5 18/43/5 19/44/5
f 8/45/6 4/46/6 17/47/6 20/48/6
f 43/49/15 41/50/15 17/51/15 19/34/15
f 37/52/16 39/53/16 23/54/16 21/55/16
f 42/56/17 44/57/17 22/58/17 24/59/17
f 43/60/18 42/56/18 24/59/18 21/61/18
f 44/57/19 41/62/19 23/34/19 22/58/19
f 1/40/1 2/39/1 27/63/1 25/64/1
f 46/65/20 47/66/20 27/67/20 26/34/20
f 45/68/21 48/69/21 28/61/21 25/70/21
f 48/69/22 46/65/22 26/34/22 28/61/22
f 34/71/23 36/72/23 32/73/23 30/74/23
f 35/75/24 34/71/24 30/74/24 31/76/24
f 36/72/25 33/77/25 29/78/25 32/73/25
f 45/79/26 47/80/26 29/81/26 31/67/26
f 16/73/27 14/37/27 33/36/27 36/82/27
f 13/38/28 15/74/28 34/83/28 35/35/28
f 15/74/29 16/73/29 36/82/29 34/83/29
f 31/76/30 29/78/30 33/77/30 35/75/30
f 13/34/31 14/29/31 39/28/31 37/31/31
f 24/84/32 22/85/32 38/86/32 40/87/32
f 21/55/33 24/84/33 40/87/33 37/52/33
f 22/85/34 23/54/34 39/53/34 38/86/34
f 20/81/35 17/51/35 41/50/35 44/88/35
f 19/34/36 18/67/36 42/89/36 43/49/36
f 18/67/37 20/81/37 44/88/37 42/89/37
f 21/61/38 23/34/38 41/62/38 43/60/38
f 25/70/39 27/67/39 47/66/39 45/68/39
f 30/90/40 32/91/40 46/92/40 48/93/40
f 31/67/41 30/90/41 48/93/41 45/79/41
f 32/91/42 29/81/42 47/80/42 46/92/42
o Cube.001
v 0.059178 0.586686 -2.702790
v 0.059178 0.650556 -2.673007
v 0.059178 0.719670 -2.987977
v 0.059178 0.719305 -2.937736
v 0.158983 0.586686 -2.702790
v 0.158983 0.650556 -2.673007
v 0.158983 0.719670 -2.987977
v 0.158983 0.719305 -2.937736
vn -1.0000 -0.0000 -0.0000
vn -0.0000 1.0000 0.0073
vn 1.0000 -0.0000 -0.0000
vn -0.0000 -0.4226 0.9063
vn -0.0000 -0.9063 -0.4226
vn -0.0000 0.9679 0.2514
vt 0.375000 0.000000
vt 0.625000 0.000000
vt 0.625000 0.250000
vt 0.375000 0.250000
vt 0.722120 0.810456
vt 0.535318 0.810456
vt 0.535318 0.623654
vt 0.722120 0.623654
vt 0.375000 0.500000
vt 0.625000 0.500000
vt 0.625000 0.750000
vt 0.375000 0.750000
vt 0.625000 1.000000
vt 0.375000 1.000000
vt 0.866520 0.000000
vt 0.866520 0.186802
vt 0.679718 0.186802
vt 0.679718 0.000000
vt 0.875000 0.500000
vt 0.875000 0.750000
s 0
usemtl Handel2
f 49/94/43 50/95/43 52/96/43 51/97/43
f 51/98/44 52/99/44 56/100/44 55/101/44
f 55/102/45 56/103/45 54/104/45 53/105/45
f 53/105/46 54/104/46 50/106/46 49/107/46
f 51/108/47 55/109/47 53/110/47 49/111/47
f 56/103/48 52/112/48 50/113/48 54/104/48
o Cube.002
v 0.060880 0.718339 -2.641248
v 0.060880 0.818339 -2.641248
v 0.060880 0.718339 -2.990517
v 0.060880 0.818339 -2.990517
v 0.160880 0.718339 -2.641248
v 0.160880 0.818339 -2.641248
v 0.160880 0.718339 -2.990517
v 0.160880 0.818339 -2.990517
vn -1.0000 -0.0000 -0.0000
vn -0.0000 -0.0000 -1.0000
vn 1.0000 -0.0000 -0.0000
vn -0.0000 -0.0000 1.0000
vn -0.0000 -1.0000 -0.0000
vn -0.0000 1.0000 -0.0000
vt 0.375000 0.000000
vt 0.625000 0.000000
vt 0.625000 0.250000
vt 0.375000 0.250000
vt 0.908922 0.436852
vt 0.722120 0.436852
vt 0.722120 0.250051
vt 0.908922 0.250051
vt 0.375000 0.500000
vt 0.625000 0.500000
vt 0.625000 0.750000
vt 0.375000 0.750000
vt 0.625000 1.000000
vt 0.375000 1.000000
vt 0.125000 0.500000
vt 0.125000 0.750000
vt 0.875000 0.500000
vt 0.875000 0.750000
s 0
usemtl Handel2
f 57/114/49 58/115/49 60/116/49 59/117/49
f 59/118/50 60/119/50 64/120/50 63/121/50
f 63/122/51 64/123/51 62/124/51 61/125/51
f 61/125/52 62/124/52 58/126/52 57/127/52
f 59/128/53 63/122/53 61/125/53 57/129/53
f 64/123/54 60/130/54 58/131/54 62/124/54
o Cylinder.001
v 0.287995 0.501573 0.207520
v 0.288877 0.492618 0.207520
v 0.287995 0.501573 -2.594059
v 0.288877 0.510528 0.207520
v 0.291490 0.519139 0.207520
v 0.288877 0.510528 -2.594059
v 0.291489 0.519139 -2.594059
v 0.295731 0.527075 -2.594059
v 0.301440 0.534031 -2.594059
v 0.295731 0.527075 0.207520
v 0.301440 0.534031 0.207520
v 0.308396 0.539740 0.207520
v 0.316332 0.543982 0.207520
v 0.308396 0.539740 -2.594059
v 0.316332 0.543982 -2.594059
v 0.324943 0.546594 -2.594059
v 0.333898 0.547476 -2.594059
v 0.324943 0.546594 0.207520
v 0.333899 0.547476 0.207520
v 0.342854 0.546594 0.207520
v 0.351465 0.543982 0.207520
v 0.342854 0.546594 -2.594059
v 0.340615 0.535339 0.207520
v 0.347073 0.533379 0.207520
v 0.333899 0.536000 0.207520
v 0.340615 0.535339 -2.594059
v 0.347073 0.533379 -2.594059
v 0.333898 0.536000 -2.594059
v 0.327182 0.535339 -2.594059
v 0.320724 0.533379 -2.594059
v 0.327182 0.535339 0.207520
v 0.320724 0.533379 0.207520
v 0.314772 0.530198 0.207520
v 0.309555 0.525917 0.207520
v 0.314772 0.530198 -2.594059
v 0.309555 0.525917 -2.594059
v 0.305273 0.520700 -2.594059
v 0.302092 0.514748 -2.594059
v 0.305273 0.520700 0.207520
v 0.302092 0.514748 0.207520
v 0.300133 0.508289 0.207520
v 0.299471 0.501573 0.207520
v 0.300133 0.508289 -2.594059
v 0.299471 0.501573 -2.594059
v 0.300133 0.494856 -2.594059
v 0.302092 0.488398 -2.594059
v 0.300133 0.494856 0.207520
v 0.302092 0.488398 0.207520
v 0.305273 0.482446 0.207520
v 0.309555 0.477229 0.207520
v 0.305273 0.482446 -2.594059
v 0.309555 0.477229 -2.594059
v 0.314772 0.472948 -2.594059
v 0.320724 0.469766 -2.594059
v 0.314772 0.472948 0.207520
v 0.320724 0.469766 0.207520
v 0.327182 0.467807 0.207520
v 0.333899 0.467146 0.207520
v 0.324943 0.456552 0.207520
v 0.327182 0.467807 -2.594059
v 0.333898 0.467146 -2.594059
v 0.340615 0.467807 -2.594059
v 0.347073 0.469766 -2.594059
v 0.340615 0.467807 0.207520
v 0.347073 0.469766 0.207520
v 0.353025 0.472948 0.207520
v 0.358242 0.477229 0.207520
v 0.353025 0.472948 -2.594059
v 0.358242 0.477229 -2.594059
v 0.362524 0.482446 -2.594059
v 0.365705 0.488398 -2.594059
v 0.362524 0.482446 0.207520
v 0.365705 0.488398 0.207520
v 0.367664 0.494856 0.207520
v 0.368326 0.501573 0.207520
v 0.367664 0.494856 -2.594059
v 0.368326 0.501573 -2.594059
v 0.367664 0.508289 -2.594059
v 0.365705 0.514748 -2.594059
v 0.367664 0.508289 0.207520
v 0.365705 0.514748 0.207520
v 0.362524 0.520700 0.207520
v 0.358242 0.525917 0.207520
v 0.362524 0.520700 -2.594059
v 0.358242 0.525917 -2.594059
v 0.353025 0.530198 -2.594059
v 0.353025 0.530198 0.207520
v 0.351465 0.459164 -2.594059
v 0.342854 0.456552 -2.594059
v 0.351465 0.459164 0.207520
v 0.359401 0.463406 -2.594059
v 0.359401 0.463406 0.207520
v 0.366357 0.469114 -2.594059
v 0.366357 0.469115 0.207520
v 0.372065 0.476070 -2.594059
v 0.372066 0.476071 0.207520
v 0.376307 0.484006 -2.594059
v 0.376308 0.484007 0.207520
v 0.378920 0.492618 -2.594059
v 0.378920 0.492618 0.207520
v 0.379802 0.501573 -2.594059
v 0.379802 0.501573 0.207520
v 0.378920 0.510528 -2.594059
v 0.378920 0.510528 0.207520
v 0.376307 0.519139 -2.594059
v 0.376308 0.519139 0.207520
v 0.372065 0.527075 -2.594059
v 0.372066 0.527075 0.207520
v 0.366357 0.534031 -2.594059
v 0.366357 0.534031 0.207520
v 0.359401 0.539740 -2.594059
v 0.359401 0.539740 0.207520
v 0.351465 0.543982 -2.594059
v 0.342854 0.456552 0.207520
v 0.333899 0.455670 0.207520
v 0.333898 0.455670 -2.594059
v 0.324943 0.456552 -2.594059
v 0.316332 0.459164 -2.594059
v 0.308396 0.463406 -2.594059
v 0.316332 0.459164 0.207520
v 0.308396 0.463406 0.207520
v 0.301440 0.469115 0.207520
v 0.295731 0.476071 0.207520
v 0.301440 0.469114 -2.594059
v 0.295731 0.476070 -2.594059
v 0.291489 0.484006 -2.594059
v 0.288877 0.492618 -2.594059
v 0.291490 0.484007 0.207520
vn -0.0000 -0.0000 1.0000
vn -0.9952 -0.0980 -0.0000
vn -0.9952 0.0980 -0.0000
vn -0.9569 0.2903 -0.0000
vn -0.0000 -0.0000 -1.0000
vn -0.8819 0.4714 -0.0000
vn -0.7730 0.6344 -0.0000
vn -0.6344 0.7730 -0.0000
vn -0.4714 0.8819 -0.0000
vn -0.2903 0.9569 -0.0000
vn -0.0980 0.9952 -0.0000
vn 0.0980 0.9952 -0.0000
vn 0.2903 0.9569 -0.0000
vn -0.2903 -0.9569 -0.0000
vn -0.0980 -0.9952 -0.0000
vn 0.0980 -0.9952 -0.0000
vn 0.2903 -0.9569 -0.0000
vn 0.4714 -0.8819 -0.0000
vn 0.6344 -0.7730 -0.0000
vn 0.7730 -0.6344 -0.0000
vn 0.8819 -0.4714 -0.0000
vn 0.9569 -0.2903 -0.0000
vn 0.9952 -0.0980 -0.0000
vn 0.9952 0.0980 -0.0000
vn 0.9569 0.2903 -0.0000
vn 0.8819 0.4714 -0.0000
vn 0.7730 0.6344 -0.0000
vn 0.6344 0.7730 -0.0000
vn 0.4714 0.8819 -0.0000
vn -0.9569 -0.2903 -0.0000
vn -0.8819 -0.4714 -0.0000
vn -0.7730 -0.6344 -0.0000
vn -0.6344 -0.7730 -0.0000
vn -0.4714 -0.8819 -0.0000
vt 0.362123 0.222494
vt 0.362123 0.218976
vt 0.364868 0.219246
vt 0.367508 0.220047
vt 0.369940 0.221347
vt 0.372072 0.223097
vt 0.373822 0.225229
vt 0.375122 0.227662
vt 0.375923 0.230301
vt 0.376193 0.233046
vt 0.375923 0.235791
vt 0.375122 0.238430
vt 0.373822 0.240863
vt 0.372072 0.242995
vt 0.369940 0.244745
vt 0.367508 0.246045
vt 0.364868 0.246846
vt 0.362123 0.247116
vt 0.362123 0.243599
vt 0.364182 0.243396
vt 0.366162 0.242795
vt 0.367986 0.241820
vt 0.369585 0.240508
vt 0.370897 0.238909
vt 0.371873 0.237084
vt 0.372473 0.235105
vt 0.372676 0.233046
vt 0.372473 0.230987
vt 0.371873 0.229008
vt 0.370897 0.227183
vt 0.369585 0.225584
vt 0.367986 0.224272
vt 0.366162 0.223297
vt 0.364182 0.222696
vt 1.000000 0.500000
vt 1.000000 1.000000
vt 0.968750 1.000000
vt 0.968750 0.500000
vt 0.031250 0.500000
vt 0.031250 1.000000
vt 0.000000 1.000000
vt 0.000000 0.500000
vt 0.062500 0.500000
vt 0.062500 1.000000
vt 0.399665 0.350003
vt 0.416298 0.318883
vt 0.471731 0.341844
vt 0.449553 0.383337
vt 0.419706 0.419706
vt 0.383337 0.449553
vt 0.341844 0.471731
vt 0.296822 0.485388
vt 0.250000 0.490000
vt 0.203178 0.485388
vt 0.158156 0.471731
vt 0.116663 0.449553
vt 0.080294 0.419706
vt 0.050447 0.383337
vt 0.028269 0.341844
vt 0.014612 0.296822
vt 0.010000 0.250000
vt 0.014612 0.203178
vt 0.028269 0.158156
vt 0.050447 0.116663
vt 0.080294 0.080294
vt 0.116663 0.050447
vt 0.158156 0.028269
vt 0.203178 0.014612
vt 0.250000 0.010000
vt 0.296822 0.014612
vt 0.341844 0.028269
vt 0.383337 0.050447
vt 0.419706 0.080294
vt 0.449553 0.116663
vt 0.471731 0.158156
vt 0.416298 0.181117
vt 0.399665 0.149997
vt 0.377279 0.122721
vt 0.350003 0.100335
vt 0.318883 0.083702
vt 0.285116 0.073459
vt 0.250000 0.070000
vt 0.214884 0.073459
vt 0.181117 0.083702
vt 0.149997 0.100335
vt 0.122721 0.122721
vt 0.100335 0.149997
vt 0.083702 0.181117
vt 0.073459 0.214884
vt 0.070000 0.250000
vt 0.073459 0.285116
vt 0.083702 0.318883
vt 0.100335 0.350003
vt 0.122721 0.377279
vt 0.149997 0.399665
vt 0.181117 0.416298
vt 0.214884 0.426541
vt 0.250000 0.430000
vt 0.285116 0.426541
vt 0.318883 0.416298
vt 0.350003 0.399665
vt 0.377279 0.377279
vt 0.093750 0.500000
vt 0.093750 1.000000
vt 0.125000 0.500000
vt 0.125000 1.000000
vt 0.156250 0.500000
vt 0.156250 1.000000
vt 0.187500 0.500000
vt 0.187500 1.000000
vt 0.218750 0.500000
vt 0.218750 1.000000
vt 0.250000 0.500000
vt 0.250000 1.000000
vt 0.281250 0.500000
vt 0.281250 1.000000
vt 0.312500 0.500000
vt 0.312500 1.000000
vt 0.937500 0.500000
vt 0.937500 1.000000
vt 0.906250 0.500000
vt 0.906250 1.000000
vt 0.875000 0.500000
vt 0.875000 1.000000
vt 0.843750 1.000000
vt 0.843750 0.500000
vt 0.812500 1.000000
vt 0.812500 0.500000
vt 0.781250 1.000000
vt 0.781250 0.500000
vt 0.750000 0.500000
vt 0.750000 1.000000
vt 0.485388 0.203178
vt 0.490000 0.250000
vt 0.485388 0.296822
vt 0.426541 0.285116
vt 0.430000 0.250000
vt 0.426541 0.214884
vt 0.718750 1.000000
vt 0.718750 0.500000
vt 0.687500 1.000000
vt 0.687500 0.500000
vt 0.656250 1.000000
vt 0.656250 0.500000
vt 0.625000 1.000000
vt 0.625000 0.500000
vt 0.593750 1.000000
vt 0.593750 0.500000
vt 0.562500 1.000000
vt 0.562500 0.500000
vt 0.531250 1.000000
vt 0.531250 0.500000
vt 0.500000 0.500000
vt 0.500000 1.000000
vt 0.468750 1.000000
vt 0.468750 0.500000
vt 0.437500 1.000000
vt 0.437500 0.500000
vt 0.406250 1.000000
vt 0.406250 0.500000
vt 0.375000 1.000000
vt 0.375000 0.500000
vt 0.343750 0.500000
vt 0.343750 1.000000
s 0
usemtl small_tube
f 87/132/55 84/133/55 83/134/55 82/135/55 77/136/55 76/137/55 75/138/55 74/139/55 69/140/55 68/141/55 65/142/55 66/143/55 192/144/55 187/145/55 186/146/55 185/147/55 184/148/55 123/149/55 121/150/55 120/151/55 119/152/55 114/153/55 113/154/55 112/155/55 111/156/55 106/157/55 105/158/55 104/159/55 103/160/55 98/161/55 97/162/55 96/163/55 95/164/55 89/165/55
f 65/166/56 67/167/56 191/168/56 66/169/56
f 68/170/57 70/171/57 67/172/57 65/173/57
f 69/174/58 71/175/58 70/171/58 68/170/58
f 117/176/59 118/177/59 182/178/59 183/179/59 188/180/59 189/181/59 190/182/59 191/183/59 67/184/59 70/185/59 71/186/59 72/187/59 73/188/59 78/189/59 79/190/59 80/191/59 81/192/59 86/193/59 177/194/59 175/195/59 173/196/59 171/197/59 169/198/59 167/199/59 165/200/59 163/201/59 161/202/59 159/203/59 157/204/59 155/205/59 152/206/59 127/207/59 132/208/59 133/209/59 134/210/59 135/211/59 140/212/59 141/213/59 142/214/59 143/215/59 148/216/59 149/217/59 150/218/59 91/219/59 90/220/59 92/221/59 93/222/59 94/223/59 99/224/59 100/225/59 101/226/59 102/227/59 107/228/59 108/229/59 109/230/59 110/231/59 115/232/59 116/233/59
f 74/234/60 72/235/60 71/175/60 69/174/60
f 75/236/61 73/237/61 72/235/61 74/234/61
f 76/238/62 78/239/62 73/237/62 75/236/62
f 77/240/63 79/241/63 78/239/63 76/238/63
f 82/242/64 80/243/64 79/241/64 77/240/64
f 83/244/65 81/245/65 80/243/65 82/242/65
f 84/246/66 86/247/66 81/245/66 83/244/66
f 85/248/67 177/249/67 86/247/67 84/246/67
f 91/249/68 88/248/68 87/246/68 90/247/68
f 90/247/69 87/246/69 89/244/69 92/245/69
f 92/245/70 89/244/70 95/242/70 93/243/70
f 96/240/71 94/241/71 93/243/71 95/242/71
f 94/241/72 96/240/72 97/238/72 99/239/72
f 99/239/73 97/238/73 98/236/73 100/237/73
f 103/234/74 101/235/74 100/237/74 98/236/74
f 101/235/75 103/234/75 104/174/75 102/175/75
f 102/175/76 104/174/76 105/170/76 107/171/76
f 107/171/77 105/170/77 106/173/77 108/172/77
f 108/167/78 106/166/78 111/169/78 109/168/78
f 112/250/79 110/251/79 109/168/79 111/169/79
f 110/251/80 112/250/80 113/252/80 115/253/80
f 115/253/81 113/252/81 114/254/81 116/255/81
f 117/256/82 116/255/82 114/254/82 119/257/82
f 118/258/83 117/256/83 119/257/83 120/259/83
f 124/260/67 118/258/67 120/259/67 121/261/67
f 121/261/66 122/262/66 125/263/66 124/260/66
f 152/206/59 153/264/59 180/265/59 181/266/59 182/178/59 118/177/59 124/267/59 125/268/59 126/269/59 127/207/59
f 126/270/65 125/263/65 122/262/65 128/271/65
f 127/272/64 126/270/64 128/271/64 129/273/64
f 132/274/63 127/272/63 129/273/63 130/275/63
f 133/276/62 132/274/62 130/275/62 131/277/62
f 134/278/61 133/276/61 131/277/61 136/279/61
f 135/280/60 134/278/60 136/279/60 137/281/60
f 140/282/58 135/280/58 137/281/58 138/283/58
f 138/283/57 139/284/57 141/285/57 140/282/57
f 142/286/56 141/285/56 139/284/56 144/287/56
f 143/288/84 142/286/84 144/287/84 145/289/84
f 148/290/85 143/288/85 145/289/85 146/291/85
f 149/292/86 148/290/86 146/291/86 147/293/86
f 151/294/87 150/295/87 149/292/87 147/293/87
f 150/295/88 151/294/88 88/248/88 91/249/88
f 178/271/71 153/270/71 152/272/71 154/273/71
f 154/273/72 152/272/72 155/274/72 156/275/72
f 156/275/73 155/274/73 157/276/73 158/277/73
f 158/277/74 157/276/74 159/278/74 160/279/74
f 160/279/75 159/278/75 161/280/75 162/281/75
f 162/281/76 161/280/76 163/282/76 164/283/76
f 164/283/77 163/282/77 165/285/77 166/284/77
f 166/284/78 165/285/78 167/286/78 168/287/78
f 168/287/79 167/286/79 169/288/79 170/289/79
f 170/289/80 169/288/80 171/290/80 172/291/80
f 172/291/81 171/290/81 173/292/81 174/293/81
f 174/293/82 173/292/82 175/295/82 176/294/82
f 176/294/83 175/295/83 177/249/83 85/248/83
f 179/262/70 180/263/70 153/270/70 178/271/70
f 123/261/69 181/260/69 180/263/69 179/262/69
f 184/259/68 182/258/68 181/260/68 123/261/68
f 185/257/88 183/256/88 182/258/88 184/259/88
f 186/254/87 188/255/87 183/256/87 185/257/87
f 187/252/86 189/253/86 188/255/86 186/254/86
f 192/250/85 190/251/85 189/253/85 187/252/85
f 66/169/84 191/168/84 190/251/84 192/250/84
o Cylinder.002
v 0.067660 0.281239 0.207520
v 0.068542 0.272283 0.207520
v 0.067660 0.281238 -2.594059
v 0.068542 0.290194 0.207520
v 0.071154 0.298805 0.207520
v 0.068542 0.290194 -2.594059
v 0.071154 0.298805 -2.594059
v 0.075396 0.306741 -2.594059
v 0.081105 0.313697 -2.594059
v 0.075396 0.306741 0.207520
v 0.081105 0.313697 0.207520
v 0.088061 0.319405 0.207520
v 0.095997 0.323647 0.207520
v 0.088061 0.319405 -2.594059
v 0.095997 0.323647 -2.594059
v 0.104608 0.326259 -2.594059
v 0.113563 0.327141 -2.594059
v 0.104608 0.326259 0.207520
v 0.113563 0.327142 0.207520
v 0.122519 0.326259 0.207520
v 0.131130 0.323647 0.207520
v 0.122518 0.326259 -2.594059
v 0.120280 0.315004 0.207520
v 0.126738 0.313045 0.207520
v 0.113563 0.315666 0.207520
v 0.120280 0.315004 -2.594059
v 0.126738 0.313045 -2.594059
v 0.113563 0.315666 -2.594059
v 0.106847 0.315004 -2.594059
v 0.100388 0.313045 -2.594059
v 0.106847 0.315004 0.207520
v 0.100389 0.313045 0.207520
v 0.094437 0.309864 0.207520
v 0.089220 0.305582 0.207520
v 0.094436 0.309864 -2.594059
v 0.089219 0.305582 -2.594059
v 0.084938 0.300365 -2.594059
v 0.081756 0.294413 -2.594059
v 0.084938 0.300365 0.207520
v 0.081757 0.294413 0.207520
v 0.079797 0.287955 0.207520
v 0.079136 0.281239 0.207520
v 0.079797 0.287955 -2.594059
v 0.079136 0.281238 -2.594059
v 0.079797 0.274522 -2.594059
v 0.081756 0.268064 -2.594059
v 0.079797 0.274522 0.207520
v 0.081757 0.268064 0.207520
v 0.084938 0.262112 0.207520
v 0.089220 0.256895 0.207520
v 0.084938 0.262112 -2.594059
v 0.089219 0.256895 -2.594059
v 0.094436 0.252613 -2.594059
v 0.100388 0.249432 -2.594059
v 0.094437 0.252613 0.207520
v 0.100389 0.249432 0.207520
v 0.106847 0.247473 0.207520
v 0.113563 0.246811 0.207520
v 0.104608 0.236218 0.207520
v 0.106847 0.247473 -2.594059
v 0.113563 0.246811 -2.594059
v 0.120280 0.247473 -2.594059
v 0.126738 0.249432 -2.594059
v 0.120280 0.247473 0.207520
v 0.126738 0.249432 0.207520
v 0.132690 0.252613 0.207520
v 0.137907 0.256895 0.207520
v 0.132690 0.252613 -2.594059
v 0.137907 0.256895 -2.594059
v 0.142189 0.262112 -2.594059
v 0.145370 0.268064 -2.594059
v 0.142189 0.262112 0.207520
v 0.145370 0.268064 0.207520
v 0.147329 0.274522 0.207520
v 0.147991 0.281239 0.207520
v 0.147329 0.274522 -2.594059
v 0.147991 0.281238 -2.594059
v 0.147329 0.287955 -2.594059
v 0.145370 0.294413 -2.594059
v 0.147329 0.287955 0.207520
v 0.145370 0.294413 0.207520
v 0.142189 0.300365 0.207520
v 0.137907 0.305582 0.207520
v 0.142189 0.300365 -2.594059
v 0.137907 0.305582 -2.594059
v 0.132690 0.309864 -2.594059
v 0.132690 0.309864 0.207520
v 0.131130 0.238830 -2.594059
v 0.122518 0.236217 -2.594059
v 0.131130 0.238830 0.207520
v 0.139066 0.243071 -2.594059
v 0.139066 0.243072 0.207520
v 0.146022 0.248780 -2.594059
v 0.146022 0.248780 0.207520
v 0.151730 0.255736 -2.594059
v 0.151730 0.255736 0.207520
v 0.155972 0.263672 -2.594059
v 0.155972 0.263672 0.207520
v 0.158584 0.272283 -2.594059
v 0.158584 0.272283 0.207520
v 0.159466 0.281238 -2.594059
v 0.159467 0.281239 0.207520
v 0.158584 0.290194 -2.594059
v 0.158584 0.290194 0.207520
v 0.155972 0.298805 -2.594059
v 0.155972 0.298805 0.207520
v 0.151730 0.306741 -2.594059
v 0.151730 0.306741 0.207520
v 0.146022 0.313697 -2.594059
v 0.146022 0.313697 0.207520
v 0.139066 0.319405 -2.594059
v 0.139066 0.319405 0.207520
v 0.131130 0.323647 -2.594059
v 0.122519 0.236218 0.207520
v 0.113563 0.235336 0.207520
v 0.113563 0.235335 -2.594059
v 0.104608 0.236217 -2.594059
v 0.095997 0.238830 -2.594059
v 0.088061 0.243071 -2.594059
v 0.095997 0.238830 0.207520
v 0.088061 0.243072 0.207520
v 0.081105 0.248780 0.207520
v 0.075396 0.255736 0.207520
v 0.081105 0.248780 -2.594059
v 0.075396 0.255736 -2.594059
v 0.071154 0.263672 -2.594059
v 0.068542 0.272283 -2.594059
v 0.071154 0.263672 0.207520
vn -0.0000 -0.0000 1.0000
vn -0.9952 -0.0980 -0.0000
vn -0.9952 0.0980 -0.0000
vn -0.9569 0.2903 -0.0000
vn -0.0000 -0.0000 -1.0000
vn -0.8819 0.4714 -0.0000
vn -0.7730 0.6344 -0.0000
vn -0.6344 0.7730 -0.0000
vn -0.4714 0.8819 -0.0000
vn -0.2903 0.9569 -0.0000
vn -0.0980 0.9952 -0.0000
vn 0.0980 0.9952 -0.0000
vn 0.2903 0.9569 -0.0000
vn -0.2903 -0.9569 -0.0000
vn -0.0980 -0.9952 -0.0000
vn 0.0980 -0.9952 -0.0000
vn 0.2903 -0.9569 -0.0000
vn 0.4714 -0.8819 -0.0000
vn 0.6344 -0.7730 -0.0000
vn 0.7730 -0.6344 -0.0000
vn 0.8819 -0.4714 -0.0000
vn 0.9569 -0.2903 -0.0000
vn 0.9952 -0.0980 -0.0000
vn 0.9952 0.0980 -0.0000
vn 0.9569 0.2903 -0.0000
vn 0.8819 0.4714 -0.0000
vn 0.7730 0.6344 -0.0000
vn 0.6344 0.7730 -0.0000
vn 0.4714 0.8819 -0.0000
vn -0.9569 -0.2903 -0.0000
vn -0.8819 -0.4714 -0.0000
vn -0.7730 -0.6344 -0.0000
vn -0.6344 -0.7730 -0.0000
vn -0.4714 -0.8819 -0.0000
vt 0.354815 0.224821
vt 0.357047 0.222102
vt 0.358997 0.224052
vt 0.360530 0.226346
vt 0.361585 0.228894
vt 0.362123 0.231599
vt 0.362123 0.234357
vt 0.361585 0.237063
vt 0.360530 0.239611
vt 0.358997 0.241904
vt 0.357047 0.243855
vt 0.354754 0.245387
vt 0.352205 0.246443
vt 0.349500 0.246981
vt 0.346742 0.246981
vt 0.344037 0.246443
vt 0.341488 0.245387
vt 0.339195 0.243855
vt 0.341427 0.241136
vt 0.343147 0.242285
vt 0.345058 0.243076
vt 0.347087 0.243480
vt 0.349155 0.243480
vt 0.351184 0.243076
vt 0.353095 0.242285
vt 0.354815 0.241136
vt 0.356278 0.239673
vt 0.357428 0.237953
vt 0.358219 0.236042
vt 0.358623 0.234013
vt 0.358623 0.231944
vt 0.358219 0.229915
vt 0.357428 0.228004
vt 0.356278 0.226284
vt 1.000000 0.500000
vt 1.000000 1.000000
vt 0.968750 1.000000
vt 0.968750 0.500000
vt 0.031250 0.500000
vt 0.031250 1.000000
vt 0.000000 1.000000
vt 0.000000 0.500000
vt 0.062500 0.500000
vt 0.062500 1.000000
vt 0.399665 0.350003
vt 0.416298 0.318883
vt 0.471731 0.341844
vt 0.449553 0.383337
vt 0.419706 0.419706
vt 0.383337 0.449553
vt 0.341844 0.471731
vt 0.296822 0.485388
vt 0.250000 0.490000
vt 0.203178 0.485388
vt 0.158156 0.471731
vt 0.116663 0.449553
vt 0.080294 0.419706
vt 0.050447 0.383337
vt 0.028269 0.341844
vt 0.014612 0.296822
vt 0.010000 0.250000
vt 0.014612 0.203178
vt 0.028269 0.158156
vt 0.050447 0.116663
vt 0.080294 0.080294
vt 0.116663 0.050447
vt 0.158156 0.028269
vt 0.203178 0.014612
vt 0.250000 0.010000
vt 0.296822 0.014612
vt 0.341844 0.028269
vt 0.383337 0.050447
vt 0.419706 0.080294
vt 0.449553 0.116663
vt 0.471731 0.158156
vt 0.416298 0.181117
vt 0.399665 0.149997
vt 0.377279 0.122721
vt 0.350003 0.100335
vt 0.318883 0.083702
vt 0.285116 0.073459
vt 0.250000 0.070000
vt 0.214884 0.073459
vt 0.181117 0.083702
vt 0.149997 0.100335
vt 0.122721 0.122721
vt 0.100335 0.149997
vt 0.083702 0.181117
vt 0.073459 0.214884
vt 0.070000 0.250000
vt 0.073459 0.285116
vt 0.083702 0.318883
vt 0.100335 0.350003
vt 0.122721 0.377279
vt 0.149997 0.399665
vt 0.181117 0.416298
vt 0.214884 0.426541
vt 0.250000 0.430000
vt 0.285116 0.426541
vt 0.318883 0.416298
vt 0.350003 0.399665
vt 0.377279 0.377279
vt 0.093750 0.500000
vt 0.093750 1.000000
vt 0.125000 0.500000
vt 0.125000 1.000000
vt 0.156250 0.500000
vt 0.156250 1.000000
vt 0.187500 0.500000
vt 0.187500 1.000000
vt 0.218750 0.500000
vt 0.218750 1.000000
vt 0.250000 0.500000
vt 0.250000 1.000000
vt 0.281250 0.500000
vt 0.281250 1.000000
vt 0.339964 0.239673
vt 0.337245 0.241904
vt 0.335712 0.239611
vt 0.334657 0.237063
vt 0.334119 0.234357
vt 0.334119 0.231599
vt 0.334657 0.228894
vt 0.335712 0.226346
vt 0.337245 0.224052
vt 0.339195 0.222102
vt 0.341488 0.220570
vt 0.344037 0.219514
vt 0.346742 0.218976
vt 0.349500 0.218976
vt 0.352205 0.219514
vt 0.354754 0.220570
vt 0.353095 0.223672
vt 0.351184 0.222880
vt 0.349155 0.222477
vt 0.347087 0.222477
vt 0.345058 0.222880
vt 0.343147 0.223672
vt 0.341427 0.224821
vt 0.339964 0.226284
vt 0.338815 0.228004
vt 0.338023 0.229915
vt 0.337619 0.231944
vt 0.337619 0.234013
vt 0.338023 0.236042
vt 0.338815 0.237953
vt 0.312500 0.500000
vt 0.312500 1.000000
vt 0.937500 0.500000
vt 0.937500 1.000000
vt 0.906250 0.500000
vt 0.906250 1.000000
vt 0.875000 0.500000
vt 0.875000 1.000000
vt 0.843750 1.000000
vt 0.843750 0.500000
vt 0.812500 1.000000
vt 0.812500 0.500000
vt 0.781250 1.000000
vt 0.781250 0.500000
vt 0.750000 0.500000
vt 0.750000 1.000000
vt 0.485388 0.203178
vt 0.490000 0.250000
vt 0.485388 0.296822
vt 0.426541 0.285116
vt 0.430000 0.250000
vt 0.426541 0.214884
vt 0.718750 1.000000
vt 0.718750 0.500000
vt 0.687500 1.000000
vt 0.687500 0.500000
vt 0.656250 1.000000
vt 0.656250 0.500000
vt 0.625000 1.000000
vt 0.625000 0.500000
vt 0.593750 1.000000
vt 0.593750 0.500000
vt 0.562500 1.000000
vt 0.562500 0.500000
vt 0.531250 1.000000
vt 0.531250 0.500000
vt 0.500000 0.500000
vt 0.500000 1.000000
vt 0.468750 1.000000
vt 0.468750 0.500000
vt 0.437500 1.000000
vt 0.437500 0.500000
vt 0.406250 1.000000
vt 0.406250 0.500000
vt 0.375000 1.000000
vt 0.375000 0.500000
vt 0.343750 0.500000
vt 0.343750 1.000000
s 0
usemtl small_tube
f 215/296/89 212/297/89 211/298/89 210/299/89 205/300/89 204/301/89 203/302/89 202/303/89 197/304/89 196/305/89 193/306/89 194/307/89 320/308/89 315/309/89 314/310/89 313/311/89 312/312/89 251/313/89 249/314/89 248/315/89 247/316/89 242/317/89 241/318/89 240/319/89 239/320/89 234/321/89 233/322/89 232/323/89 231/324/89 226/325/89 225/326/89 224/327/89 223/328/89 217/329/89
f 193/330/90 195/331/90 319/332/90 194/333/90
f 196/334/91 198/335/91 195/336/91 193/337/91
f 197/338/92 199/339/92 198/335/92 196/334/92
f 245/340/93 246/341/93 310/342/93 311/343/93 316/344/93 317/345/93 318/346/93 319/347/93 195/348/93 198/349/93 199/350/93 200/351/93 201/352/93 206/353/93 207/354/93 208/355/93 209/356/93 214/357/93 305/358/93 303/359/93 301/360/93 299/361/93 297/362/93 295/363/93 293/364/93 291/365/93 289/366/93 287/367/93 285/368/93 283/369/93 280/370/93 255/371/93 260/372/93 261/373/93 262/374/93 263/375/93 268/376/93 269/377/93 270/378/93 271/379/93 276/380/93 277/381/93 278/382/93 219/383/93 218/384/93 220/385/93 221/386/93 222/387/93 227/388/93 228/389/93 229/390/93 230/391/93 235/392/93 236/393/93 237/394/93 238/395/93 243/396/93 244/397/93
f 202/398/94 200/399/94 199/339/94 197/338/94
f 203/400/95 201/401/95 200/399/95 202/398/95
f 204/402/96 206/403/96 201/401/96 203/400/96
f 205/404/97 207/405/97 206/403/97 204/402/97
f 210/406/98 208/407/98 207/405/98 205/404/98
f 211/408/99 209/409/99 208/407/99 210/406/99
f 212/410/100 214/411/100 209/409/100 211/408/100
f 250/412/89 249/314/89 251/313/89 307/413/89 306/414/89 282/415/89 284/416/89 286/417/89 288/418/89 290/419/89 292/420/89 294/421/89 296/422/89 298/423/89 300/424/89 302/425/89 304/426/89 213/427/89 212/297/89 215/296/89 216/428/89 279/429/89 275/430/89 274/431/89 273/432/89 272/433/89 267/434/89 266/435/89 265/436/89 264/437/89 259/438/89 258/439/89 257/440/89 256/441/89
f 213/442/101 305/443/101 214/411/101 212/410/101
f 219/443/102 216/442/102 215/410/102 218/411/102
f 218/411/103 215/410/103 217/408/103 220/409/103
f 220/409/104 217/408/104 223/406/104 221/407/104
f 224/404/105 222/405/105 221/407/105 223/406/105
f 222/405/106 224/404/106 225/402/106 227/403/106
f 227/403/107 225/402/107 226/400/107 228/401/107
f 231/398/108 229/399/108 228/401/108 226/400/108
f 229/399/109 231/398/109 232/338/109 230/339/109
f 230/339/110 232/338/110 233/334/110 235/335/110
f 235/335/111 233/334/111 234/337/111 236/336/111
f 236/331/112 234/330/112 239/333/112 237/332/112
f 240/444/113 238/445/113 237/332/113 239/333/113
f 238/445/114 240/444/114 241/446/114 243/447/114
f 243/447/115 241/446/115 242/448/115 244/449/115
f 245/450/116 244/449/116 242/448/116 247/451/116
f 246/452/117 245/450/117 247/451/117 248/453/117
f 252/454/101 246/452/101 248/453/101 249/455/101
f 249/455/100 250/456/100 253/457/100 252/454/100
f 280/370/93 281/458/93 308/459/93 309/460/93 310/342/93 246/341/93 252/461/93 253/462/93 254/463/93 255/371/93
f 254/464/99 253/457/99 250/456/99 256/465/99
f 255/466/98 254/464/98 256/465/98 257/467/98
f 260/468/97 255/466/97 257/467/97 258/469/97
f 261/470/96 260/468/96 258/469/96 259/471/96
f 262/472/95 261/470/95 259/471/95 264/473/95
f 263/474/94 262/472/94 264/473/94 265/475/94
f 268/476/92 263/474/92 265/475/92 266/477/92
f 266/477/91 267/478/91 269/479/91 268/476/91
f 270/480/90 269/479/90 267/478/90 272/481/90
f 271/482/118 270/480/118 272/481/118 273/483/118
f 276/484/119 271/482/119 273/483/119 274/485/119
f 277/486/120 276/484/120 274/485/120 275/487/120
f 279/488/121 278/489/121 277/486/121 275/487/121
f 278/489/122 279/488/122 216/442/122 219/443/122
f 306/465/105 281/464/105 280/466/105 282/467/105
f 282/467/106 280/466/106 283/468/106 284/469/106
f 284/469/107 283/468/107 285/470/107 286/471/107
f 286/471/108 285/470/108 287/472/108 288/473/108
f 288/473/109 287/472/109 289/474/109 290/475/109
f 290/475/110 289/474/110 291/476/110 292/477/110
f 292/477/111 291/476/111 293/479/111 294/478/111
f 294/478/112 293/479/112 295/480/112 296/481/112
f 296/481/113 295/480/113 297/482/113 298/483/113
f 298/483/114 297/482/114 299/484/114 300/485/114
f 300/485/115 299/484/115 301/486/115 302/487/115
f 302/487/116 301/486/116 303/489/116 304/488/116
f 304/488/117 303/489/117 305/443/117 213/442/117
f 307/456/104 308/457/104 281/464/104 306/465/104
f 251/455/103 309/454/103 308/457/103 307/456/103
f 312/453/102 310/452/102 309/454/102 251/455/102
f 313/451/122 311/450/122 310/452/122 312/453/122
f 314/448/121 316/449/121 311/450/121 313/451/121
f 315/446/120 317/447/120 316/449/120 314/448/120
f 320/444/119 318/445/119 317/447/119 315/446/119
f 194/333/118 319/332/118 318/445/118 320/444/118
o Cylinder.004
v 0.092015 0.721573 0.207522
v 0.092897 0.712618 0.207522
v 0.092015 0.721573 -2.594061
v 0.092897 0.730528 0.207522
v 0.095510 0.739139 0.207522
v 0.092897 0.730528 -2.594061
v 0.095509 0.739139 -2.594061
v 0.099751 0.747075 -2.594061
v 0.105460 0.754031 -2.594061
v 0.099751 0.747075 0.207522
v 0.105460 0.754031 0.207522
v 0.112416 0.759740 0.207522
v 0.120352 0.763982 0.207522
v 0.112416 0.759740 -2.594061
v 0.120352 0.763982 -2.594061
v 0.128963 0.766594 -2.594061
v 0.137918 0.767476 -2.594061
v 0.128963 0.766594 0.207522
v 0.137919 0.767476 0.207522
v 0.146874 0.766594 0.207522
v 0.155485 0.763982 0.207522
v 0.146874 0.766594 -2.594061
v 0.144635 0.755339 0.207522
v 0.151093 0.753380 0.207522
v 0.137919 0.756000 0.207522
v 0.144635 0.755339 -2.594061
v 0.151093 0.753379 -2.594061
v 0.137918 0.756000 -2.594061
v 0.131202 0.755339 -2.594061
v 0.124744 0.753379 -2.594061
v 0.131202 0.755339 0.207522
v 0.124744 0.753380 0.207522
v 0.118792 0.750198 0.207522
v 0.113575 0.745917 0.207522
v 0.118792 0.750198 -2.594061
v 0.113575 0.745917 -2.594061
v 0.109293 0.740700 -2.594061
v 0.106112 0.734748 -2.594061
v 0.109293 0.740700 0.207522
v 0.106112 0.734748 0.207522
v 0.104153 0.728289 0.207522
v 0.103491 0.721573 0.207522
v 0.104153 0.728289 -2.594061
v 0.103491 0.721573 -2.594061
v 0.104153 0.714856 -2.594061
v 0.106112 0.708398 -2.594061
v 0.104153 0.714856 0.207522
v 0.106112 0.708398 0.207522
v 0.109293 0.702446 0.207522
v 0.113575 0.697229 0.207522
v 0.109293 0.702446 -2.594061
v 0.113575 0.697229 -2.594061
v 0.118792 0.692947 -2.594061
v 0.124744 0.689766 -2.594061
v 0.118792 0.692948 0.207522
v 0.124744 0.689766 0.207522
v 0.131202 0.687807 0.207522
v 0.137919 0.687145 0.207522
v 0.128963 0.676552 0.207522
v 0.131202 0.687807 -2.594061
v 0.137918 0.687145 -2.594061
v 0.144635 0.687807 -2.594061
v 0.151093 0.689766 -2.594061
v 0.144635 0.687807 0.207522
v 0.151093 0.689766 0.207522
v 0.157045 0.692948 0.207522
v 0.162262 0.697229 0.207522
v 0.157045 0.692947 -2.594061
v 0.162262 0.697229 -2.594061
v 0.166544 0.702446 -2.594061
v 0.169725 0.708398 -2.594061
v 0.166544 0.702446 0.207522
v 0.169725 0.708398 0.207522
v 0.171684 0.714856 0.207522
v 0.172346 0.721573 0.207522
v 0.171684 0.714856 -2.594061
v 0.172346 0.721573 -2.594061
v 0.171684 0.728289 -2.594061
v 0.169725 0.734748 -2.594061
v 0.171684 0.728289 0.207522
v 0.169725 0.734748 0.207522
v 0.166544 0.740700 0.207522
v 0.162262 0.745917 0.207522
v 0.166544 0.740700 -2.594061
v 0.162262 0.745917 -2.594061
v 0.157045 0.750198 -2.594061
v 0.157045 0.750198 0.207522
v 0.155485 0.679164 -2.594061
v 0.146874 0.676552 -2.594061
v 0.155485 0.679164 0.207522
v 0.163421 0.683406 -2.594061
v 0.163421 0.683406 0.207522
v 0.170377 0.689114 -2.594061
v 0.170377 0.689114 0.207522
v 0.176085 0.696070 -2.594061
v 0.176086 0.696070 0.207522
v 0.180327 0.704006 -2.594061
v 0.180328 0.704006 0.207522
v 0.182940 0.712618 -2.594061
v 0.182940 0.712618 0.207522
v 0.183822 0.721573 -2.594061
v 0.183822 0.721573 0.207522
v 0.182940 0.730528 -2.594061
v 0.182940 0.730528 0.207522
v 0.180327 0.739139 -2.594061
v 0.180328 0.739139 0.207522
v 0.176085 0.747075 -2.594061
v 0.176086 0.747075 0.207522
v 0.170377 0.754031 -2.594061
v 0.170377 0.754031 0.207522
v 0.163421 0.759740 -2.594061
v 0.163421 0.759740 0.207522
v 0.155485 0.763982 -2.594061
v 0.146874 0.676552 0.207522
v 0.137919 0.675670 0.207522
v 0.137918 0.675670 -2.594061
v 0.128963 0.676552 -2.594061
v 0.120352 0.679164 -2.594061
v 0.112416 0.683406 -2.594061
v 0.120352 0.679164 0.207522
v 0.112416 0.683406 0.207522
v 0.105460 0.689114 0.207522
v 0.099751 0.696070 0.207522
v 0.105460 0.689114 -2.594061
v 0.099751 0.696070 -2.594061
v 0.095509 0.704006 -2.594061
v 0.092897 0.712618 -2.594061
v 0.095510 0.704006 0.207522
vn -0.0000 -0.0000 1.0000
vn -0.9952 -0.0980 -0.0000
vn -0.9952 0.0980 -0.0000
vn -0.9569 0.2903 -0.0000
vn -0.0000 -0.0000 -1.0000
vn -0.8819 0.4714 -0.0000
vn -0.7730 0.6344 -0.0000
vn -0.6344 0.7730 -0.0000
vn -0.4714 0.8819 -0.0000
vn -0.2903 0.9569 -0.0000
vn -0.0980 0.9952 -0.0000
vn 0.0980 0.9952 -0.0000
vn 0.2903 0.9569 -0.0000
vn -0.2903 -0.9569 -0.0000
vn -0.0980 -0.9952 -0.0000
vn 0.0980 -0.9952 -0.0000
vn 0.2903 -0.9569 -0.0000
vn 0.4714 -0.8819 -0.0000
vn 0.6344 -0.7730 -0.0000
vn 0.7730 -0.6344 -0.0000
vn 0.8819 -0.4714 -0.0000
vn 0.9569 -0.2903 -0.0000
vn 0.9952 -0.0980 -0.0000
vn 0.9952 0.0980 -0.0000
vn 0.9569 0.2903 -0.0000
vn 0.8819 0.4714 -0.0000
vn 0.7730 0.6344 -0.0000
vn 0.6344 0.7730 -0.0000
vn 0.4714 0.8819 -0.0000
vn -0.9569 -0.2903 -0.0000
vn -0.8819 -0.4714 -0.0000
vn -0.7730 -0.6344 -0.0000
vn -0.6344 -0.7730 -0.0000
vn -0.4714 -0.8819 -0.0000
vt 0.326811 0.224821
vt 0.329042 0.222102
vt 0.330993 0.224052
vt 0.332525 0.226346
vt 0.333581 0.228894
vt 0.334119 0.231599
vt 0.334119 0.234357
vt 0.333581 0.237063
vt 0.332525 0.239611
vt 0.330993 0.241904
vt 0.329042 0.243855
vt 0.326749 0.245387
vt 0.324201 0.246443
vt 0.321496 0.246981
vt 0.318737 0.246981
vt 0.316032 0.246443
vt 0.313484 0.245387
vt 0.311191 0.243855
vt 0.313422 0.241136
vt 0.315142 0.242285
vt 0.317053 0.243077
vt 0.319082 0.243480
vt 0.321151 0.243480
vt 0.323180 0.243077
vt 0.325091 0.242285
vt 0.326811 0.241136
vt 0.328274 0.239673
vt 0.329423 0.237953
vt 0.330215 0.236042
vt 0.330618 0.234013
vt 0.330618 0.231944
vt 0.330215 0.229915
vt 0.329423 0.228004
vt 0.328274 0.226284
vt 1.000000 0.500000
vt 1.000000 1.000000
vt 0.968750 1.000000
vt 0.968750 0.500000
vt 0.031250 0.500000
vt 0.031250 1.000000
vt 0.000000 1.000000
vt 0.000000 0.500000
vt 0.062500 0.500000
vt 0.062500 1.000000
vt 0.399665 0.350003
vt 0.416298 0.318883
vt 0.471731 0.341844
vt 0.449553 0.383337
vt 0.419706 0.419706
vt 0.383337 0.449553
vt 0.341844 0.471731
vt 0.296822 0.485388
vt 0.250000 0.490000
vt 0.203178 0.485388
vt 0.158156 0.471731
vt 0.116663 0.449553
vt 0.080294 0.419706
vt 0.050447 0.383337
vt 0.028269 0.341844
vt 0.014612 0.296822
vt 0.010000 0.250000
vt 0.014612 0.203178
vt 0.028269 0.158156
vt 0.050447 0.116663
vt 0.080294 0.080294
vt 0.116663 0.050447
vt 0.158156 0.028269
vt 0.203178 0.014612
vt 0.250000 0.010000
vt 0.296822 0.014612
vt 0.341844 0.028269
vt 0.383337 0.050447
vt 0.419706 0.080294
vt 0.449553 0.116663
vt 0.471731 0.158156
vt 0.416298 0.181117
vt 0.399665 0.149997
vt 0.377279 0.122721
vt 0.350003 0.100335
vt 0.318883 0.083702
vt 0.285116 0.073459
vt 0.250000 0.070000
vt 0.214884 0.073459
vt 0.181117 0.083702
vt 0.149997 0.100335
vt 0.122721 0.122721
vt 0.100335 0.149997
vt 0.083702 0.181117
vt 0.073459 0.214884
vt 0.070000 0.250000
vt 0.073459 0.285116
vt 0.083702 0.318883
vt 0.100335 0.350003
vt 0.122721 0.377279
vt 0.149997 0.399665
vt 0.181117 0.416298
vt 0.214884 0.426541
vt 0.250000 0.430000
vt 0.285116 0.426541
vt 0.318883 0.416298
vt 0.350003 0.399665
vt 0.377279 0.377279
vt 0.093750 0.500000
vt 0.093750 1.000000
vt 0.125000 0.500000
vt 0.125000 1.000000
vt 0.156250 0.500000
vt 0.156250 1.000000
vt 0.187500 0.500000
vt 0.187500 1.000000
vt 0.218750 0.500000
vt 0.218750 1.000000
vt 0.250000 0.500000
vt 0.250000 1.000000
vt 0.281250 0.500000
vt 0.281250 1.000000
vt 0.311959 0.239673
vt 0.309240 0.241904
vt 0.307708 0.239611
vt 0.306652 0.237063
vt 0.306114 0.234357
vt 0.306114 0.231599
vt 0.306652 0.228894
vt 0.307708 0.226346
vt 0.309240 0.224052
vt 0.311191 0.222102
vt 0.313484 0.220570
vt 0.316032 0.219514
vt 0.318737 0.218976
vt 0.321496 0.218976
vt 0.324201 0.219514
vt 0.326749 0.220570
vt 0.325091 0.223672
vt 0.323180 0.222880
vt 0.321151 0.222477
vt 0.319082 0.222477
vt 0.317053 0.222880
vt 0.315142 0.223672
vt 0.313422 0.224821
vt 0.311959 0.226284
vt 0.310810 0.228004
vt 0.310018 0.229915
vt 0.309615 0.231944
vt 0.309615 0.234013
vt 0.310018 0.236042
vt 0.310810 0.237953
vt 0.312500 0.500000
vt 0.312500 1.000000
vt 0.937500 0.500000
vt 0.937500 1.000000
vt 0.906250 0.500000
vt 0.906250 1.000000
vt 0.875000 0.500000
vt 0.875000 1.000000
vt 0.843750 1.000000
vt 0.843750 0.500000
vt 0.812500 1.000000
vt 0.812500 0.500000
vt 0.781250 1.000000
vt 0.781250 0.500000
vt 0.750000 0.500000
vt 0.750000 1.000000
vt 0.485388 0.203178
vt 0.490000 0.250000
vt 0.485388 0.296822
vt 0.426541 0.285116
vt 0.430000 0.250000
vt 0.426541 0.214884
vt 0.718750 1.000000
vt 0.718750 0.500000
vt 0.687500 1.000000
vt 0.687500 0.500000
vt 0.656250 1.000000
vt 0.656250 0.500000
vt 0.625000 1.000000
vt 0.625000 0.500000
vt 0.593750 1.000000
vt 0.593750 0.500000
vt 0.562500 1.000000
vt 0.562500 0.500000
vt 0.531250 1.000000
vt 0.531250 0.500000
vt 0.500000 0.500000
vt 0.500000 1.000000
vt 0.468750 1.000000
vt 0.468750 0.500000
vt 0.437500 1.000000
vt 0.437500 0.500000
vt 0.406250 1.000000
vt 0.406250 0.500000
vt 0.375000 1.000000
vt 0.375000 0.500000
vt 0.343750 0.500000
vt 0.343750 1.000000
s 0
usemtl small_tube
f 343/490/123 340/491/123 339/492/123 338/493/123 333/494/123 332/495/123 331/496/123 330/497/123 325/498/123 324/499/123 321/500/123 322/501/123 448/502/123 443/503/123 442/504/123 441/505/123 440/506/123 379/507/123 377/508/123 376/509/123 375/510/123 370/511/123 369/512/123 368/513/123 367/514/123 362/515/123 361/516/123 360/517/123 359/518/123 354/519/123 353/520/123 352/521/123 351/522/123 345/523/123
f 321/524/124 323/525/124 447/526/124 322/527/124
f 324/528/125 326/529/125 323/530/125 321/531/125
f 325/532/126 327/533/126 326/529/126 324/528/126
f 373/534/127 374/535/127 438/536/127 439/537/127 444/538/127 445/539/127 446/540/127 447/541/127 323/542/127 326/543/127 327/544/127 328/545/127 329/546/127 334/547/127 335/548/127 336/549/127 337/550/127 342/551/127 433/552/127 431/553/127 429/554/127 427/555/127 425/556/127 423/557/127 421/558/127 419/559/127 417/560/127 415/561/127 413/562/127 411/563/127 408/564/127 383/565/127 388/566/127 389/567/127 390/568/127 391/569/127 396/570/127 397/571/127 398/572/127 399/573/127 404/574/127 405/575/127 406/576/127 347/577/127 346/578/127 348/579/127 349/580/127 350/581/127 355/582/127 356/583/127 357/584/127 358/585/127 363/586/127 364/587/127 365/588/127 366/589/127 371/590/127 372/591/127
f 330/592/128 328/593/128 327/533/128 325/532/128
f 331/594/129 329/595/129 328/593/129 330/592/129
f 332/596/130 334/597/130 329/595/130 331/594/130
f 333/598/131 335/599/131 334/597/131 332/596/131
f 338/600/132 336/601/132 335/599/132 333/598/132
f 339/602/133 337/603/133 336/601/133 338/600/133
f 340/604/134 342/605/134 337/603/134 339/602/134
f 378/606/123 377/508/123 379/507/123 435/607/123 434/608/123 410/609/123 412/610/123 414/611/123 416/612/123 418/613/123 420/614/123 422/615/123 424/616/123 426/617/123 428/618/123 430/619/123 432/620/123 341/621/123 340/491/123 343/490/123 344/622/123 407/623/123 403/624/123 402/625/123 401/626/123 400/627/123 395/628/123 394/629/123 393/630/123 392/631/123 387/632/123 386/633/123 385/634/123 384/635/123
f 341/636/135 433/637/135 342/605/135 340/604/135
f 347/637/136 344/636/136 343/604/136 346/605/136
f 346/605/137 343/604/137 345/602/137 348/603/137
f 348/603/138 345/602/138 351/600/138 349/601/138
f 352/598/139 350/599/139 349/601/139 351/600/139
f 350/599/140 352/598/140 353/596/140 355/597/140
f 355/597/141 353/596/141 354/594/141 356/595/141
f 359/592/142 357/593/142 356/595/142 354/594/142
f 357/593/143 359/592/143 360/532/143 358/533/143
f 358/533/144 360/532/144 361/528/144 363/529/144
f 363/529/145 361/528/145 362/531/145 364/530/145
f 364/525/146 362/524/146 367/527/146 365/526/146
f 368/638/147 366/639/147 365/526/147 367/527/147
f 366/639/148 368/638/148 369/640/148 371/641/148
f 371/641/149 369/640/149 370/642/149 372/643/149
f 373/644/150 372/643/150 370/642/150 375/645/150
f 374/646/151 373/644/151 375/645/151 376/647/151
f 380/648/135 374/646/135 376/647/135 377/649/135
f 377/649/134 378/650/134 381/651/134 380/648/134
f 408/564/127 409/652/127 436/653/127 437/654/127 438/536/127 374/535/127 380/655/127 381/656/127 382/657/127 383/565/127
f 382/658/133 381/651/133 378/650/133 384/659/133
f 383/660/132 382/658/132 384/659/132 385/661/132
f 388/662/131 383/660/131 385/661/131 386/663/131
f 389/664/130 388/662/130 386/663/130 387/665/130
f 390/666/129 389/664/129 387/665/129 392/667/129
f 391/668/128 390/666/128 392/667/128 393/669/128
f 396/670/126 391/668/126 393/669/126 394/671/126
f 394/671/125 395/672/125 397/673/125 396/670/125
f 398/674/124 397/673/124 395/672/124 400/675/124
f 399/676/152 398/674/152 400/675/152 401/677/152
f 404/678/153 399/676/153 401/677/153 402/679/153
f 405/680/154 404/678/154 402/679/154 403/681/154
f 407/682/155 406/683/155 405/680/155 403/681/155
f 406/683/156 407/682/156 344/636/156 347/637/156
f 434/659/139 409/658/139 408/660/139 410/661/139
f 410/661/140 408/660/140 411/662/140 412/663/140
f 412/663/141 411/662/141 413/664/141 414/665/141
f 414/665/142 413/664/142 415/666/142 416/667/142
f 416/667/143 415/666/143 417/668/143 418/669/143
f 418/669/144 417/668/144 419/670/144 420/671/144
f 420/671/145 419/670/145 421/673/145 422/672/145
f 422/672/146 421/673/146 423/674/146 424/675/146
f 424/675/147 423/674/147 425/676/147 426/677/147
f 426/677/148 425/676/148 427/678/148 428/679/148
f 428/679/149 427/678/149 429/680/149 430/681/149
f 430/681/150 429/680/150 431/683/150 432/682/150
f 432/682/151 431/683/151 433/637/151 341/636/151
f 435/650/138 436/651/138 409/658/138 434/659/138
f 379/649/137 437/648/137 436/651/137 435/650/137
f 440/647/136 438/646/136 437/648/136 379/649/136
f 441/645/156 439/644/156 438/646/156 440/647/156
f 442/642/155 444/643/155 439/644/155 441/645/155
f 443/640/154 445/641/154 444/643/154 442/642/154
f 448/638/153 446/639/153 445/641/153 443/640/153
f 322/527/152 447/526/152 446/639/152 448/638/152
o Cylinder.005
v -0.128320 0.501238 0.207522
v -0.127438 0.492282 0.207522
v -0.128320 0.501238 -2.594061
v -0.127438 0.510193 0.207522
v -0.124826 0.518804 0.207522
v -0.127438 0.510193 -2.594061
v -0.124826 0.518804 -2.594061
v -0.120584 0.526740 -2.594061
v -0.114875 0.533696 -2.594061
v -0.120584 0.526740 0.207522
v -0.114875 0.533696 0.207522
v -0.107919 0.539405 0.207522
v -0.099983 0.543647 0.207522
v -0.107919 0.539405 -2.594061
v -0.099983 0.543647 -2.594061
v -0.091372 0.546259 -2.594061
v -0.082417 0.547141 -2.594061
v -0.091372 0.546259 0.207522
v -0.082417 0.547141 0.207522
v -0.073461 0.546259 0.207522
v -0.064850 0.543647 0.207522
v -0.073462 0.546259 -2.594061
v -0.075700 0.535004 0.207522
v -0.069242 0.533044 0.207522
v -0.082417 0.535665 0.207522
v -0.075700 0.535003 -2.594061
v -0.069242 0.533044 -2.594061
v -0.082417 0.535665 -2.594061
v -0.089133 0.535003 -2.594061
v -0.095592 0.533044 -2.594061
v -0.089133 0.535004 0.207522
v -0.095591 0.533044 0.207522
v -0.101543 0.529863 0.207522
v -0.106761 0.525582 0.207522
v -0.101544 0.529863 -2.594061
v -0.106761 0.525581 -2.594061
v -0.111042 0.520364 -2.594061
v -0.114224 0.514412 -2.594061
v -0.111042 0.520365 0.207522
v -0.114223 0.514412 0.207522
v -0.116183 0.507954 0.207522
v -0.116844 0.501238 0.207522
v -0.116183 0.507954 -2.594061
v -0.116844 0.501238 -2.594061
v -0.116183 0.494521 -2.594061
v -0.114224 0.488063 -2.594061
v -0.116183 0.494521 0.207522
v -0.114223 0.488063 0.207522
v -0.111042 0.482111 0.207522
v -0.106761 0.476894 0.207522
v -0.111042 0.482111 -2.594061
v -0.106761 0.476894 -2.594061
v -0.101544 0.472612 -2.594061
v -0.095592 0.469431 -2.594061
v -0.101543 0.472612 0.207522
v -0.095591 0.469431 0.207522
v -0.089133 0.467472 0.207522
v -0.082417 0.466810 0.207522
v -0.091372 0.456217 0.207522
v -0.089133 0.467472 -2.594061
v -0.082417 0.466810 -2.594061
v -0.075700 0.467472 -2.594061
v -0.069242 0.469431 -2.594061
v -0.075700 0.467472 0.207522
v -0.069242 0.469431 0.207522
v -0.063290 0.472612 0.207522
v -0.058073 0.476894 0.207522
v -0.063290 0.472612 -2.594061
v -0.058073 0.476894 -2.594061
v -0.053791 0.482111 -2.594061
v -0.050610 0.488063 -2.594061
v -0.053791 0.482111 0.207522
v -0.050610 0.488063 0.207522
v -0.048651 0.494521 0.207522
v -0.047989 0.501238 0.207522
v -0.048651 0.494521 -2.594061
v -0.047989 0.501238 -2.594061
v -0.048651 0.507954 -2.594061
v -0.050610 0.514412 -2.594061
v -0.048651 0.507954 0.207522
v -0.050610 0.514412 0.207522
v -0.053791 0.520365 0.207522
v -0.058073 0.525582 0.207522
v -0.053791 0.520364 -2.594061
v -0.058073 0.525581 -2.594061
v -0.063290 0.529863 -2.594061
v -0.063290 0.529863 0.207522
v -0.064850 0.458829 -2.594061
v -0.073462 0.456216 -2.594061
v -0.064850 0.458829 0.207522
v -0.056914 0.463070 -2.594061
v -0.056914 0.463071 0.207522
v -0.049958 0.468779 -2.594061
v -0.049958 0.468779 0.207522
v -0.044250 0.475735 -2.594061
v -0.044250 0.475735 0.207522
v -0.040008 0.483671 -2.594061
v -0.040008 0.483671 0.207522
v -0.037396 0.492282 -2.594061
v -0.037396 0.492282 0.207522
v -0.036514 0.501238 -2.594061
v -0.036514 0.501238 0.207522
v -0.037396 0.510193 -2.594061
v -0.037396 0.510193 0.207522
v -0.040008 0.518804 -2.594061
v -0.040008 0.518804 0.207522
v -0.044250 0.526740 -2.594061
v -0.044250 0.526740 0.207522
v -0.049958 0.533696 -2.594061
v -0.049958 0.533696 0.207522
v -0.056914 0.539405 -2.594061
v -0.056914 0.539405 0.207522
v -0.064850 0.543647 -2.594061
v -0.073461 0.456217 0.207522
v -0.082417 0.455335 0.207522
v -0.082417 0.455334 -2.594061
v -0.091372 0.456216 -2.594061
v -0.099983 0.458829 -2.594061
v -0.107919 0.463070 -2.594061
v -0.099983 0.458829 0.207522
v -0.107919 0.463071 0.207522
v -0.114875 0.468779 0.207522
v -0.120584 0.475735 0.207522
v -0.114875 0.468779 -2.594061
v -0.120584 0.475735 -2.594061
v -0.124826 0.483671 -2.594061
v -0.127438 0.492282 -2.594061
v -0.124826 0.483671 0.207522
vn -0.9952 -0.0980 -0.0000
vn -0.9952 0.0980 -0.0000
vn -0.9569 0.2903 -0.0000
vn -0.0000 -0.0000 -1.0000
vn -0.8819 0.4714 -0.0000
vn -0.7730 0.6344 -0.0000
vn -0.6344 0.7730 -0.0000
vn -0.4714 0.8819 -0.0000
vn -0.2903 0.9569 -0.0000
vn -0.0980 0.9952 -0.0000
vn 0.0980 0.9952 -0.0000
vn 0.2903 0.9569 -0.0000
vn -0.2903 -0.9569 -0.0000
vn -0.0980 -0.9952 -0.0000
vn 0.0980 -0.9952 -0.0000
vn 0.2903 -0.9569 -0.0000
vn 0.4714 -0.8819 -0.0000
vn 0.6344 -0.7730 -0.0000
vn 0.7730 -0.6344 -0.0000
vn 0.8819 -0.4714 -0.0000
vn 0.9569 -0.2903 -0.0000
vn 0.9952 -0.0980 -0.0000
vn 0.9952 0.0980 -0.0000
vn 0.9569 0.2903 -0.0000
vn 0.8819 0.4714 -0.0000
vn 0.7730 0.6344 -0.0000
vn 0.6344 0.7730 -0.0000
vn 0.4714 0.8819 -0.0000
vn -0.9569 -0.2903 -0.0000
vn -0.8819 -0.4714 -0.0000
vn -0.7730 -0.6344 -0.0000
vn -0.6344 -0.7730 -0.0000
vn -0.4714 -0.8819 -0.0000
vt 1.000000 0.500000
vt 1.000000 1.000000
vt 0.968750 1.000000
vt 0.968750 0.500000
vt 0.031250 0.500000
vt 0.031250 1.000000
vt 0.000000 1.000000
vt 0.000000 0.500000
vt 0.062500 0.500000
vt 0.062500 1.000000
vt 0.399665 0.350003
vt 0.416298 0.318883
vt 0.471731 0.341844
vt 0.449553 0.383337
vt 0.419706 0.419706
vt 0.383337 0.449553
vt 0.341844 0.471731
vt 0.296822 0.485388
vt 0.250000 0.490000
vt 0.203178 0.485388
vt 0.158156 0.471731
vt 0.116663 0.449553
vt 0.080294 0.419706
vt 0.050447 0.383337
vt 0.028269 0.341844
vt 0.014612 0.296822
vt 0.010000 0.250000
vt 0.014612 0.203178
vt 0.028269 0.158156
vt 0.050447 0.116663
vt 0.080294 0.080294
vt 0.116663 0.050447
vt 0.158156 0.028269
vt 0.203178 0.014612
vt 0.250000 0.010000
vt 0.296822 0.014612
vt 0.341844 0.028269
vt 0.383337 0.050447
vt 0.419706 0.080294
vt 0.449553 0.116663
vt 0.471731 0.158156
vt 0.416298 0.181117
vt 0.399665 0.149997
vt 0.377279 0.122721
vt 0.350003 0.100335
vt 0.318883 0.083702
vt 0.285116 0.073459
vt 0.250000 0.070000
vt 0.214884 0.073459
vt 0.181117 0.083702
vt 0.149997 0.100335
vt 0.122721 0.122721
vt 0.100335 0.149997
vt 0.083702 0.181117
vt 0.073459 0.214884
vt 0.070000 0.250000
vt 0.073459 0.285116
vt 0.083702 0.318883
vt 0.100335 0.350003
vt 0.122721 0.377279
vt 0.149997 0.399665
vt 0.181117 0.416298
vt 0.214884 0.426541
vt 0.250000 0.430000
vt 0.285116 0.426541
vt 0.318883 0.416298
vt 0.350003 0.399665
vt 0.377279 0.377279
vt 0.093750 0.500000
vt 0.093750 1.000000
vt 0.125000 0.500000
vt 0.125000 1.000000
vt 0.156250 0.500000
vt 0.156250 1.000000
vt 0.187500 0.500000
vt 0.187500 1.000000
vt 0.218750 0.500000
vt 0.218750 1.000000
vt 0.250000 0.500000
vt 0.250000 1.000000
vt 0.281250 0.500000
vt 0.281250 1.000000
vt 0.312500 0.500000
vt 0.312500 1.000000
vt 0.937500 0.500000
vt 0.937500 1.000000
vt 0.906250 0.500000
vt 0.906250 1.000000
vt 0.875000 0.500000
vt 0.875000 1.000000
vt 0.843750 1.000000
vt 0.843750 0.500000
vt 0.812500 1.000000
vt 0.812500 0.500000
vt 0.781250 1.000000
vt 0.781250 0.500000
vt 0.750000 0.500000
vt 0.750000 1.000000
vt 0.485388 0.203178
vt 0.490000 0.250000
vt 0.485388 0.296822
vt 0.426541 0.285116
vt 0.430000 0.250000
vt 0.426541 0.214884
vt 0.718750 1.000000
vt 0.718750 0.500000
vt 0.687500 1.000000
vt 0.687500 0.500000
vt 0.656250 1.000000
vt 0.656250 0.500000
vt 0.625000 1.000000
vt 0.625000 0.500000
vt 0.593750 1.000000
vt 0.593750 0.500000
vt 0.562500 1.000000
vt 0.562500 0.500000
vt 0.531250 1.000000
vt 0.531250 0.500000
vt 0.500000 0.500000
vt 0.500000 1.000000
vt 0.468750 1.000000
vt 0.468750 0.500000
vt 0.437500 1.000000
vt 0.437500 0.500000
vt 0.406250 1.000000
vt 0.406250 0.500000
vt 0.375000 1.000000
vt 0.375000 0.500000
vt 0.343750 0.500000
vt 0.343750 1.000000
s 0
usemtl small_tube
f 449/684/157 451/685/157 575/686/157 450/687/157
f 452/688/158 454/689/158 451/690/158 449/691/158
f 453/692/159 455/693/159 454/689/159 452/688/159
f 501/694/160 502/695/160 566/696/160 567/697/160 572/698/160 573/699/160 574/700/160 575/701/160 451/702/160 454/703/160 455/704/160 456/705/160 457/706/160 462/707/160 463/708/160 464/709/160 465/710/160 470/711/160 561/712/160 559/713/160 557/714/160 555/715/160 553/716/160 551/717/160 549/718/160 547/719/160 545/720/160 543/721/160 541/722/160 539/723/160 536/724/160 511/725/160 516/726/160 517/727/160 518/728/160 519/729/160 524/730/160 525/731/160 526/732/160 527/733/160 532/734/160 533/735/160 534/736/160 475/737/160 474/738/160 476/739/160 477/740/160 478/741/160 483/742/160 484/743/160 485/744/160 486/745/160 491/746/160 492/747/160 493/748/160 494/749/160 499/750/160 500/751/160
f 458/752/161 456/753/161 455/693/161 453/692/161
f 459/754/162 457/755/162 456/753/162 458/752/162
f 460/756/163 462/757/163 457/755/163 459/754/163
f 461/758/164 463/759/164 462/757/164 460/756/164
f 466/760/165 464/761/165 463/759/165 461/758/165
f 467/762/166 465/763/166 464/761/166 466/760/166
f 468/764/167 470/765/167 465/763/167 467/762/167
f 469/766/168 561/767/168 470/765/168 468/764/168
f 475/767/169 472/766/169 471/764/169 474/765/169
f 474/765/170 471/764/170 473/762/170 476/763/170
f 476/763/171 473/762/171 479/760/171 477/761/171
f 480/758/172 478/759/172 477/761/172 479/760/172
f 478/759/173 480/758/173 481/756/173 483/757/173
f 483/757/174 481/756/174 482/754/174 484/755/174
f 487/752/175 485/753/175 484/755/175 482/754/175
f 485/753/176 487/752/176 488/692/176 486/693/176
f 486/693/177 488/692/177 489/688/177 491/689/177
f 491/689/178 489/688/178 490/691/178 492/690/178
f 492/685/179 490/684/179 495/687/179 493/686/179
f 496/768/180 494/769/180 493/686/180 495/687/180
f 494/769/181 496/768/181 497/770/181 499/771/181
f 499/771/182 497/770/182 498/772/182 500/773/182
f 501/774/183 500/773/183 498/772/183 503/775/183
f 502/776/184 501/774/184 503/775/184 504/777/184
f 508/778/168 502/776/168 504/777/168 505/779/168
f 505/779/167 506/780/167 509/781/167 508/778/167
f 536/724/160 537/782/160 564/783/160 565/784/160 566/696/160 502/695/160 508/785/160 509/786/160 510/787/160 511/725/160
f 510/788/166 509/781/166 506/780/166 512/789/166
f 511/790/165 510/788/165 512/789/165 513/791/165
f 516/792/164 511/790/164 513/791/164 514/793/164
f 517/794/163 516/792/163 514/793/163 515/795/163
f 518/796/162 517/794/162 515/795/162 520/797/162
f 519/798/161 518/796/161 520/797/161 521/799/161
f 524/800/159 519/798/159 521/799/159 522/801/159
f 522/801/158 523/802/158 525/803/158 524/800/158
f 526/804/157 525/803/157 523/802/157 528/805/157
f 527/806/185 526/804/185 528/805/185 529/807/185
f 532/808/186 527/806/186 529/807/186 530/809/186
f 533/810/187 532/808/187 530/809/187 531/811/187
f 535/812/188 534/813/188 533/810/188 531/811/188
f 534/813/189 535/812/189 472/766/189 475/767/189
f 562/789/172 537/788/172 536/790/172 538/791/172
f 538/791/173 536/790/173 539/792/173 540/793/173
f 540/793/174 539/792/174 541/794/174 542/795/174
f 542/795/175 541/794/175 543/796/175 544/797/175
f 544/797/176 543/796/176 545/798/176 546/799/176
f 546/799/177 545/798/177 547/800/177 548/801/177
f 548/801/178 547/800/178 549/803/178 550/802/178
f 550/802/179 549/803/179 551/804/179 552/805/179
f 552/805/180 551/804/180 553/806/180 554/807/180
f 554/807/181 553/806/181 555/808/181 556/809/181
f 556/809/182 555/808/182 557/810/182 558/811/182
f 558/811/183 557/810/183 559/813/183 560/812/183
f 560/812/184 559/813/184 561/767/184 469/766/184
f 563/780/171 564/781/171 537/788/171 562/789/171
f 507/779/170 565/778/170 564/781/170 563/780/170
f 568/777/169 566/776/169 565/778/169 507/779/169
f 569/775/189 567/774/189 566/776/189 568/777/189
f 570/772/188 572/773/188 567/774/188 569/775/188
f 571/770/187 573/771/187 572/773/187 570/772/187
f 576/768/186 574/769/186 573/771/186 571/770/186
f 450/687/185 575/686/185 574/769/185 576/768/185
o Cylinder.006
v 0.221248 0.636813 0.207731
v 0.222130 0.627858 0.207731
v 0.221248 0.636813 -2.594269
v 0.222130 0.645768 0.207731
v 0.224743 0.654379 0.207731
v 0.222130 0.645768 -2.594269
v 0.224742 0.654379 -2.594269
v 0.228984 0.662315 -2.594269
v 0.234693 0.669271 -2.594269
v 0.228984 0.662315 0.207731
v 0.234693 0.669271 0.207731
v 0.241649 0.674980 0.207731
v 0.249585 0.679222 0.207731
v 0.241649 0.674980 -2.594269
v 0.249585 0.679222 -2.594269
v 0.258196 0.681834 -2.594269
v 0.267151 0.682716 -2.594269
v 0.258196 0.681834 0.207731
v 0.267152 0.682716 0.207731
v 0.276107 0.681834 0.207731
v 0.284718 0.679222 0.207731
v 0.276107 0.681834 -2.594269
v 0.273868 0.670579 0.207731
v 0.280326 0.668620 0.207731
v 0.267152 0.671240 0.207731
v 0.273868 0.670579 -2.594269
v 0.280326 0.668619 -2.594269
v 0.267151 0.671240 -2.594269
v 0.260435 0.670579 -2.594269
v 0.253977 0.668619 -2.594269
v 0.260435 0.670579 0.207731
v 0.253977 0.668620 0.207731
v 0.248025 0.665438 0.207731
v 0.242808 0.661157 0.207731
v 0.248025 0.665438 -2.594269
v 0.242808 0.661157 -2.594269
v 0.238526 0.655940 -2.594269
v 0.235345 0.649988 -2.594269
v 0.238526 0.655940 0.207731
v 0.235345 0.649988 0.207731
v 0.233386 0.643529 0.207731
v 0.232724 0.636813 0.207731
v 0.233386 0.643529 -2.594269
v 0.232724 0.636813 -2.594269
v 0.233386 0.630096 -2.594269
v 0.235345 0.623638 -2.594269
v 0.233386 0.630096 0.207731
v 0.235345 0.623638 0.207731
v 0.238526 0.617686 0.207731
v 0.242808 0.612469 0.207731
v 0.238526 0.617686 -2.594269
v 0.242808 0.612469 -2.594269
v 0.248025 0.608187 -2.594269
v 0.253977 0.605006 -2.594269
v 0.248025 0.608187 0.207731
v 0.253977 0.605006 0.207731
v 0.260435 0.603047 0.207731
v 0.267152 0.602385 0.207731
v 0.258196 0.591792 0.207731
v 0.260435 0.603047 -2.594269
v 0.267151 0.602385 -2.594269
v 0.273868 0.603047 -2.594269
v 0.280326 0.605006 -2.594269
v 0.273868 0.603047 0.207731
v 0.280326 0.605006 0.207731
v 0.286278 0.608187 0.207731
v 0.291495 0.612469 0.207731
v 0.286278 0.608187 -2.594269
v 0.291495 0.612469 -2.594269
v 0.295777 0.617686 -2.594269
v 0.298958 0.623638 -2.594269
v 0.295777 0.617686 0.207731
v 0.298958 0.623638 0.207731
v 0.300917 0.630096 0.207731
v 0.301579 0.636813 0.207731
v 0.300917 0.630096 -2.594269
v 0.301579 0.636813 -2.594269
v 0.300917 0.643529 -2.594269
v 0.298958 0.649988 -2.594269
v 0.300917 0.643529 0.207731
v 0.298958 0.649988 0.207731
v 0.295777 0.655940 0.207731
v 0.291495 0.661157 0.207731
v 0.295777 0.655940 -2.594269
v 0.291495 0.661157 -2.594269
v 0.286278 0.665438 -2.594269
v 0.286278 0.665438 0.207731
v 0.284718 0.594404 -2.594269
v 0.276107 0.591792 -2.594269
v 0.284718 0.594404 0.207731
v 0.292654 0.598646 -2.594269
v 0.292654 0.598646 0.207731
v 0.299610 0.604354 -2.594269
v 0.299610 0.604354 0.207731
v 0.305318 0.611310 -2.594269
v 0.305319 0.611310 0.207731
v 0.309560 0.619246 -2.594269
v 0.309561 0.619246 0.207731
v 0.312173 0.627857 -2.594269
v 0.312173 0.627858 0.207731
v 0.313055 0.636813 -2.594269
v 0.313055 0.636813 0.207731
v 0.312173 0.645768 -2.594269
v 0.312173 0.645768 0.207731
v 0.309560 0.654379 -2.594269
v 0.309561 0.654379 0.207731
v 0.305318 0.662315 -2.594269
v 0.305319 0.662315 0.207731
v 0.299610 0.669271 -2.594269
v 0.299610 0.669271 0.207731
v 0.292654 0.674980 -2.594269
v 0.292654 0.674980 0.207731
v 0.284718 0.679222 -2.594269
v 0.276107 0.591792 0.207731
v 0.267152 0.590910 0.207731
v 0.267151 0.590910 -2.594269
v 0.258196 0.591792 -2.594269
v 0.249585 0.594404 -2.594269
v 0.241649 0.598646 -2.594269
v 0.249585 0.594404 0.207731
v 0.241649 0.598646 0.207731
v 0.234693 0.604354 0.207731
v 0.228984 0.611310 0.207731
v 0.234693 0.604354 -2.594269
v 0.228984 0.611310 -2.594269
v 0.224742 0.619246 -2.594269
v 0.222130 0.627857 -2.594269
v 0.224743 0.619246 0.207731
vn -0.9952 -0.0980 -0.0000
vn -0.9952 0.0980 -0.0000
vn -0.9569 0.2903 -0.0000
vn -0.0000 -0.0000 -1.0000
vn -0.8819 0.4714 -0.0000
vn -0.7730 0.6344 -0.0000
vn -0.6344 0.7730 -0.0000
vn -0.4714 0.8819 -0.0000
vn -0.2903 0.9569 -0.0000
vn -0.0980 0.9952 -0.0000
vn 0.0980 0.9952 -0.0000
vn -0.0000 -0.0000 1.0000
vn 0.2903 0.9569 -0.0000
vn -0.2903 -0.9569 -0.0000
vn -0.0980 -0.9952 -0.0000
vn 0.0980 -0.9952 -0.0000
vn 0.2903 -0.9569 -0.0000
vn 0.4714 -0.8819 -0.0000
vn 0.6344 -0.7730 -0.0000
vn 0.7730 -0.6344 -0.0000
vn 0.8819 -0.4714 -0.0000
vn 0.9569 -0.2903 -0.0000
vn 0.9952 -0.0980 -0.0000
vn 0.9952 0.0980 -0.0000
vn 0.9569 0.2903 -0.0000
vn 0.8819 0.4714 -0.0000
vn 0.7730 0.6344 -0.0000
vn 0.6344 0.7730 -0.0000
vn 0.4714 0.8819 -0.0000
vn -0.9569 -0.2903 -0.0000
vn -0.8819 -0.4714 -0.0000
vn -0.7730 -0.6344 -0.0000
vn -0.6344 -0.7730 -0.0000
vn -0.4714 -0.8819 -0.0000
vt 1.000000 0.500000
vt 1.000000 1.000000
vt 0.968750 1.000000
vt 0.968750 0.500000
vt 0.031250 0.500000
vt 0.031250 1.000000
vt 0.000000 1.000000
vt 0.000000 0.500000
vt 0.062500 0.500000
vt 0.062500 1.000000
vt 0.399665 0.350003
vt 0.416298 0.318883
vt 0.471731 0.341844
vt 0.449553 0.383337
vt 0.419706 0.419706
vt 0.383337 0.449553
vt 0.341844 0.471731
vt 0.296822 0.485388
vt 0.250000 0.490000
vt 0.203178 0.485388
vt 0.158156 0.471731
vt 0.116663 0.449553
vt 0.080294 0.419706
vt 0.050447 0.383337
vt 0.028269 0.341844
vt 0.014612 0.296822
vt 0.010000 0.250000
vt 0.014612 0.203178
vt 0.028269 0.158156
vt 0.050447 0.116663
vt 0.080294 0.080294
vt 0.116663 0.050447
vt 0.158156 0.028269
vt 0.203178 0.014612
vt 0.250000 0.010000
vt 0.296822 0.014612
vt 0.341844 0.028269
vt 0.383337 0.050447
vt 0.419706 0.080294
vt 0.449553 0.116663
vt 0.471731 0.158156
vt 0.416298 0.181117
vt 0.399665 0.149997
vt 0.377279 0.122721
vt 0.350003 0.100335
vt 0.318883 0.083702
vt 0.285116 0.073459
vt 0.250000 0.070000
vt 0.214884 0.073459
vt 0.181117 0.083702
vt 0.149997 0.100335
vt 0.122721 0.122721
vt 0.100335 0.149997
vt 0.083702 0.181117
vt 0.073459 0.214884
vt 0.070000 0.250000
vt 0.073459 0.285116
vt 0.083702 0.318883
vt 0.100335 0.350003
vt 0.122721 0.377279
vt 0.149997 0.399665
vt 0.181117 0.416298
vt 0.214884 0.426541
vt 0.250000 0.430000
vt 0.285116 0.426541
vt 0.318883 0.416298
vt 0.350003 0.399665
vt 0.377279 0.377279
vt 0.093750 0.500000
vt 0.093750 1.000000
vt 0.125000 0.500000
vt 0.125000 1.000000
vt 0.156250 0.500000
vt 0.156250 1.000000
vt 0.187500 0.500000
vt 0.187500 1.000000
vt 0.218750 0.500000
vt 0.218750 1.000000
vt 0.250000 0.500000
vt 0.250000 1.000000
vt 0.281250 0.500000
vt 0.281250 1.000000
vt 0.360916 0.211222
vt 0.362974 0.211424
vt 0.362974 0.214942
vt 0.360229 0.214672
vt 0.357590 0.213871
vt 0.355157 0.212571
vt 0.353025 0.210821
vt 0.351275 0.208689
vt 0.349975 0.206256
vt 0.349175 0.203617
vt 0.348904 0.200872
vt 0.349175 0.198127
vt 0.349975 0.195488
vt 0.351275 0.193055
vt 0.353025 0.190923
vt 0.355157 0.189173
vt 0.357590 0.187873
vt 0.360229 0.187072
vt 0.362974 0.186802
vt 0.362974 0.190319
vt 0.360916 0.190522
vt 0.358936 0.191123
vt 0.357112 0.192098
vt 0.355512 0.193410
vt 0.354200 0.195009
vt 0.353225 0.196834
vt 0.352625 0.198813
vt 0.352422 0.200872
vt 0.352625 0.202931
vt 0.353225 0.204910
vt 0.354200 0.206735
vt 0.355512 0.208334
vt 0.357112 0.209646
vt 0.358936 0.210621
vt 0.312500 0.500000
vt 0.312500 1.000000
vt 0.937500 0.500000
vt 0.937500 1.000000
vt 0.906250 0.500000
vt 0.906250 1.000000
vt 0.875000 0.500000
vt 0.875000 1.000000
vt 0.843750 1.000000
vt 0.843750 0.500000
vt 0.812500 1.000000
vt 0.812500 0.500000
vt 0.781250 1.000000
vt 0.781250 0.500000
vt 0.750000 0.500000
vt 0.750000 1.000000
vt 0.485388 0.203178
vt 0.490000 0.250000
vt 0.485388 0.296822
vt 0.426541 0.285116
vt 0.430000 0.250000
vt 0.426541 0.214884
vt 0.718750 1.000000
vt 0.718750 0.500000
vt 0.687500 1.000000
vt 0.687500 0.500000
vt 0.656250 1.000000
vt 0.656250 0.500000
vt 0.625000 1.000000
vt 0.625000 0.500000
vt 0.593750 1.000000
vt 0.593750 0.500000
vt 0.562500 1.000000
vt 0.562500 0.500000
vt 0.531250 1.000000
vt 0.531250 0.500000
vt 0.500000 0.500000
vt 0.500000 1.000000
vt 0.468750 1.000000
vt 0.468750 0.500000
vt 0.437500 1.000000
vt 0.437500 0.500000
vt 0.406250 1.000000
vt 0.406250 0.500000
vt 0.375000 1.000000
vt 0.375000 0.500000
vt 0.343750 0.500000
vt 0.343750 1.000000
s 0
usemtl small_tube
f 577/814/190 579/815/190 703/816/190 578/817/190
f 580/818/191 582/819/191 579/820/191 577/821/191
f 581/822/192 583/823/192 582/819/192 580/818/192
f 629/824/193 630/825/193 694/826/193 695/827/193 700/828/193 701/829/193 702/830/193 703/831/193 579/832/193 582/833/193 583/834/193 584/835/193 585/836/193 590/837/193 591/838/193 592/839/193 593/840/193 598/841/193 689/842/193 687/843/193 685/844/193 683/845/193 681/846/193 679/847/193 677/848/193 675/849/193 673/850/193 671/851/193 669/852/193 667/853/193 664/854/193 639/855/193 644/856/193 645/857/193 646/858/193 647/859/193 652/860/193 653/861/193 654/862/193 655/863/193 660/864/193 661/865/193 662/866/193 603/867/193 602/868/193 604/869/193 605/870/193 606/871/193 611/872/193 612/873/193 613/874/193 614/875/193 619/876/193 620/877/193 621/878/193 622/879/193 627/880/193 628/881/193
f 586/882/194 584/883/194 583/823/194 581/822/194
f 587/884/195 585/885/195 584/883/195 586/882/195
f 588/886/196 590/887/196 585/885/196 587/884/196
f 589/888/197 591/889/197 590/887/197 588/886/197
f 594/890/198 592/891/198 591/889/198 589/888/198
f 595/892/199 593/893/199 592/891/199 594/890/199
f 596/894/200 598/895/200 593/893/200 595/892/200
f 634/896/201 633/897/201 635/898/201 691/899/201 690/900/201 666/901/201 668/902/201 670/903/201 672/904/201 674/905/201 676/906/201 678/907/201 680/908/201 682/909/201 684/910/201 686/911/201 688/912/201 597/913/201 596/914/201 599/915/201 600/916/201 663/917/201 659/918/201 658/919/201 657/920/201 656/921/201 651/922/201 650/923/201 649/924/201 648/925/201 643/926/201 642/927/201 641/928/201 640/929/201
f 597/930/202 689/931/202 598/895/202 596/894/202
f 603/931/203 600/930/203 599/894/203 602/895/203
f 602/895/204 599/894/204 601/892/204 604/893/204
f 604/893/205 601/892/205 607/890/205 605/891/205
f 608/888/206 606/889/206 605/891/206 607/890/206
f 606/889/207 608/888/207 609/886/207 611/887/207
f 611/887/208 609/886/208 610/884/208 612/885/208
f 615/882/209 613/883/209 612/885/209 610/884/209
f 613/883/210 615/882/210 616/822/210 614/823/210
f 614/823/211 616/822/211 617/818/211 619/819/211
f 619/819/212 617/818/212 618/821/212 620/820/212
f 620/815/213 618/814/213 623/817/213 621/816/213
f 624/932/214 622/933/214 621/816/214 623/817/214
f 622/933/215 624/932/215 625/934/215 627/935/215
f 627/935/216 625/934/216 626/936/216 628/937/216
f 629/938/217 628/937/217 626/936/217 631/939/217
f 630/940/218 629/938/218 631/939/218 632/941/218
f 636/942/202 630/940/202 632/941/202 633/943/202
f 633/943/200 634/944/200 637/945/200 636/942/200
f 664/854/193 665/946/193 692/947/193 693/948/193 694/826/193 630/825/193 636/949/193 637/950/193 638/951/193 639/855/193
f 638/952/199 637/945/199 634/944/199 640/953/199
f 639/954/198 638/952/198 640/953/198 641/955/198
f 644/956/197 639/954/197 641/955/197 642/957/197
f 645/958/196 644/956/196 642/957/196 643/959/196
f 646/960/195 645/958/195 643/959/195 648/961/195
f 647/962/194 646/960/194 648/961/194 649/963/194
f 652/964/192 647/962/192 649/963/192 650/965/192
f 650/965/191 651/966/191 653/967/191 652/964/191
f 654/968/190 653/967/190 651/966/190 656/969/190
f 655/970/219 654/968/219 656/969/219 657/971/219
f 660/972/220 655/970/220 657/971/220 658/973/220
f 661/974/221 660/972/221 658/973/221 659/975/221
f 663/976/222 662/977/222 661/974/222 659/975/222
f 662/977/223 663/976/223 600/930/223 603/931/223
f 690/953/206 665/952/206 664/954/206 666/955/206
f 666/955/207 664/954/207 667/956/207 668/957/207
f 668/957/208 667/956/208 669/958/208 670/959/208
f 670/959/209 669/958/209 671/960/209 672/961/209
f 672/961/210 671/960/210 673/962/210 674/963/210
f 674/963/211 673/962/211 675/964/211 676/965/211
f 676/965/212 675/964/212 677/967/212 678/966/212
f 678/966/213 677/967/213 679/968/213 680/969/213
f 680/969/214 679/968/214 681/970/214 682/971/214
f 682/971/215 681/970/215 683/972/215 684/973/215
f 684/973/216 683/972/216 685/974/216 686/975/216
f 686/975/217 685/974/217 687/977/217 688/976/217
f 688/976/218 687/977/218 689/931/218 597/930/218
f 691/944/205 692/945/205 665/952/205 690/953/205
f 635/943/204 693/942/204 692/945/204 691/944/204
f 696/941/203 694/940/203 693/942/203 635/943/203
f 697/939/223 695/938/223 694/940/223 696/941/223
f 698/936/222 700/937/222 695/938/222 697/939/222
f 699/934/221 701/935/221 700/937/221 698/936/221
f 704/932/220 702/933/220 701/935/220 699/934/220
f 578/817/219 703/816/219 702/933/219 704/932/219
o Cylinder.007
v 0.221248 0.352213 0.207731
v 0.222130 0.343258 0.207731
v 0.221248 0.352213 -2.594269
v 0.222130 0.361168 0.207731
v 0.224743 0.369780 0.207731
v 0.222130 0.361168 -2.594269
v 0.224742 0.369779 -2.594269
v 0.228984 0.377715 -2.594269
v 0.234693 0.384671 -2.594269
v 0.228984 0.377716 0.207731
v 0.234693 0.384672 0.207731
v 0.241649 0.390380 0.207731
v 0.249585 0.394622 0.207731
v 0.241649 0.390380 -2.594269
v 0.249585 0.394622 -2.594269
v 0.258196 0.397234 -2.594269
v 0.267151 0.398116 -2.594269
v 0.258196 0.397234 0.207731
v 0.267152 0.398116 0.207731
v 0.276107 0.397234 0.207731
v 0.284718 0.394622 0.207731
v 0.276107 0.397234 -2.594269
v 0.273868 0.385979 0.207731
v 0.280326 0.384020 0.207731
v 0.267152 0.386641 0.207731
v 0.273868 0.385979 -2.594269
v 0.280326 0.384020 -2.594269
v 0.267151 0.386640 -2.594269
v 0.260435 0.385979 -2.594269
v 0.253977 0.384020 -2.594269
v 0.260435 0.385979 0.207731
v 0.253977 0.384020 0.207731
v 0.248025 0.380839 0.207731
v 0.242808 0.376557 0.207731
v 0.248025 0.380838 -2.594269
v 0.242808 0.376557 -2.594269
v 0.238526 0.371340 -2.594269
v 0.235345 0.365388 -2.594269
v 0.238526 0.371340 0.207731
v 0.235345 0.365388 0.207731
v 0.233386 0.358930 0.207731
v 0.232724 0.352213 0.207731
v 0.233386 0.358930 -2.594269
v 0.232724 0.352213 -2.594269
v 0.233386 0.345497 -2.594269
v 0.235345 0.339038 -2.594269
v 0.233386 0.345497 0.207731
v 0.235345 0.339038 0.207731
v 0.238526 0.333086 0.207731
v 0.242808 0.327869 0.207731
v 0.238526 0.333086 -2.594269
v 0.242808 0.327869 -2.594269
v 0.248025 0.323588 -2.594269
v 0.253977 0.320406 -2.594269
v 0.248025 0.323588 0.207731
v 0.253977 0.320406 0.207731
v 0.260435 0.318447 0.207731
v 0.267152 0.317786 0.207731
v 0.258196 0.307192 0.207731
v 0.260435 0.318447 -2.594269
v 0.267151 0.317786 -2.594269
v 0.273868 0.318447 -2.594269
v 0.280326 0.320406 -2.594269
v 0.273868 0.318447 0.207731
v 0.280326 0.320406 0.207731
v 0.286278 0.323588 0.207731
v 0.291495 0.327869 0.207731
v 0.286278 0.323588 -2.594269
v 0.291495 0.327869 -2.594269
v 0.295777 0.333086 -2.594269
v 0.298958 0.339038 -2.594269
v 0.295777 0.333086 0.207731
v 0.298958 0.339038 0.207731
v 0.300917 0.345497 0.207731
v 0.301579 0.352213 0.207731
v 0.300917 0.345497 -2.594269
v 0.301579 0.352213 -2.594269
v 0.300917 0.358930 -2.594269
v 0.298958 0.365388 -2.594269
v 0.300917 0.358930 0.207731
v 0.298958 0.365388 0.207731
v 0.295777 0.371340 0.207731
v 0.291495 0.376557 0.207731
v 0.295777 0.371340 -2.594269
v 0.291495 0.376557 -2.594269
v 0.286278 0.380838 -2.594269
v 0.286278 0.380839 0.207731
v 0.284718 0.309804 -2.594269
v 0.276107 0.307192 -2.594269
v 0.284718 0.309804 0.207731
v 0.292654 0.314046 -2.594269
v 0.292654 0.314046 0.207731
v 0.299610 0.319755 -2.594269
v 0.299610 0.319755 0.207731
v 0.305318 0.326711 -2.594269
v 0.305319 0.326711 0.207731
v 0.309560 0.334647 -2.594269
v 0.309561 0.334647 0.207731
v 0.312173 0.343258 -2.594269
v 0.312173 0.343258 0.207731
v 0.313055 0.352213 -2.594269
v 0.313055 0.352213 0.207731
v 0.312173 0.361168 -2.594269
v 0.312173 0.361168 0.207731
v 0.309560 0.369779 -2.594269
v 0.309561 0.369780 0.207731
v 0.305318 0.377715 -2.594269
v 0.305319 0.377716 0.207731
v 0.299610 0.384671 -2.594269
v 0.299610 0.384672 0.207731
v 0.292654 0.390380 -2.594269
v 0.292654 0.390380 0.207731
v 0.284718 0.394622 -2.594269
v 0.276107 0.307192 0.207731
v 0.267152 0.306310 0.207731
v 0.267151 0.306310 -2.594269
v 0.258196 0.307192 -2.594269
v 0.249585 0.309804 -2.594269
v 0.241649 0.314046 -2.594269
v 0.249585 0.309804 0.207731
v 0.241649 0.314046 0.207731
v 0.234693 0.319755 0.207731
v 0.228984 0.326711 0.207731
v 0.234693 0.319755 -2.594269
v 0.228984 0.326711 -2.594269
v 0.224742 0.334647 -2.594269
v 0.222130 0.343258 -2.594269
v 0.224743 0.334647 0.207731
vn -0.9952 -0.0980 -0.0000
vn -0.9952 0.0980 -0.0000
vn -0.9569 0.2903 -0.0000
vn -0.0000 -0.0000 -1.0000
vn -0.8819 0.4714 -0.0000
vn -0.7730 0.6344 -0.0000
vn -0.6344 0.7730 -0.0000
vn -0.4714 0.8819 -0.0000
vn -0.2903 0.9569 -0.0000
vn -0.0980 0.9952 -0.0000
vn 0.0980 0.9952 -0.0000
vn 0.2903 0.9569 -0.0000
vn -0.2903 -0.9569 -0.0000
vn -0.0980 -0.9952 -0.0000
vn 0.0980 -0.9952 -0.0000
vn 0.2903 -0.9569 -0.0000
vn 0.4714 -0.8819 -0.0000
vn 0.6344 -0.7730 -0.0000
vn 0.7730 -0.6344 -0.0000
vn 0.8819 -0.4714 -0.0000
vn 0.9569 -0.2903 -0.0000
vn 0.9952 -0.0980 -0.0000
vn 0.9952 0.0980 -0.0000
vn 0.9569 0.2903 -0.0000
vn 0.8819 0.4714 -0.0000
vn 0.7730 0.6344 -0.0000
vn 0.6344 0.7730 -0.0000
vn 0.4714 0.8819 -0.0000
vn -0.9569 -0.2903 -0.0000
vn -0.8819 -0.4714 -0.0000
vn -0.7730 -0.6344 -0.0000
vn -0.6344 -0.7730 -0.0000
vn -0.4714 -0.8819 -0.0000
vt 1.000000 0.500000
vt 1.000000 1.000000
vt 0.968750 1.000000
vt 0.968750 0.500000
vt 0.031250 0.500000
vt 0.031250 1.000000
vt 0.000000 1.000000
vt 0.000000 0.500000
vt 0.062500 0.500000
vt 0.062500 1.000000
vt 0.399665 0.350003
vt 0.416298 0.318883
vt 0.471731 0.341844
vt 0.449553 0.383337
vt 0.419706 0.419706
vt 0.383337 0.449553
vt 0.341844 0.471731
vt 0.296822 0.485388
vt 0.250000 0.490000
vt 0.203178 0.485388
vt 0.158156 0.471731
vt 0.116663 0.449553
vt 0.080294 0.419706
vt 0.050447 0.383337
vt 0.028269 0.341844
vt 0.014612 0.296822
vt 0.010000 0.250000
vt 0.014612 0.203178
vt 0.028269 0.158156
vt 0.050447 0.116663
vt 0.080294 0.080294
vt 0.116663 0.050447
vt 0.158156 0.028269
vt 0.203178 0.014612
vt 0.250000 0.010000
vt 0.296822 0.014612
vt 0.341844 0.028269
vt 0.383337 0.050447
vt 0.419706 0.080294
vt 0.449553 0.116663
vt 0.471731 0.158156
vt 0.416298 0.181117
vt 0.399665 0.149997
vt 0.377279 0.122721
vt 0.350003 0.100335
vt 0.318883 0.083702
vt 0.285116 0.073459
vt 0.250000 0.070000
vt 0.214884 0.073459
vt 0.181117 0.083702
vt 0.149997 0.100335
vt 0.122721 0.122721
vt 0.100335 0.149997
vt 0.083702 0.181117
vt 0.073459 0.214884
vt 0.070000 0.250000
vt 0.073459 0.285116
vt 0.083702 0.318883
vt 0.100335 0.350003
vt 0.122721 0.377279
vt 0.149997 0.399665
vt 0.181117 0.416298
vt 0.214884 0.426541
vt 0.250000 0.430000
vt 0.285116 0.426541
vt 0.318883 0.416298
vt 0.350003 0.399665
vt 0.377279 0.377279
vt 0.093750 0.500000
vt 0.093750 1.000000
vt 0.125000 0.500000
vt 0.125000 1.000000
vt 0.156250 0.500000
vt 0.156250 1.000000
vt 0.187500 0.500000
vt 0.187500 1.000000
vt 0.218750 0.500000
vt 0.218750 1.000000
vt 0.250000 0.500000
vt 0.250000 1.000000
vt 0.281250 0.500000
vt 0.281250 1.000000
vt 0.312500 0.500000
vt 0.312500 1.000000
vt 0.937500 0.500000
vt 0.937500 1.000000
vt 0.906250 0.500000
vt 0.906250 1.000000
vt 0.875000 0.500000
vt 0.875000 1.000000
vt 0.843750 1.000000
vt 0.843750 0.500000
vt 0.812500 1.000000
vt 0.812500 0.500000
vt 0.781250 1.000000
vt 0.781250 0.500000
vt 0.750000 0.500000
vt 0.750000 1.000000
vt 0.485388 0.203178
vt 0.490000 0.250000
vt 0.485388 0.296822
vt 0.426541 0.285116
vt 0.430000 0.250000
vt 0.426541 0.214884
vt 0.718750 1.000000
vt 0.718750 0.500000
vt 0.687500 1.000000
vt 0.687500 0.500000
vt 0.656250 1.000000
vt 0.656250 0.500000
vt 0.625000 1.000000
vt 0.625000 0.500000
vt 0.593750 1.000000
vt 0.593750 0.500000
vt 0.562500 1.000000
vt 0.562500 0.500000
vt 0.531250 1.000000
vt 0.531250 0.500000
vt 0.500000 0.500000
vt 0.500000 1.000000
vt 0.468750 1.000000
vt 0.468750 0.500000
vt 0.437500 1.000000
vt 0.437500 0.500000
vt 0.406250 1.000000
vt 0.406250 0.500000
vt 0.375000 1.000000
vt 0.375000 0.500000
vt 0.343750 0.500000
vt 0.343750 1.000000
s 0
usemtl small_tube
f 705/978/224 707/979/224 831/980/224 706/981/224
f 708/982/225 710/983/225 707/984/225 705/985/225
f 709/986/226 711/987/226 710/983/226 708/982/226
f 757/988/227 758/989/227 822/990/227 823/991/227 828/992/227 829/993/227 830/994/227 831/995/227 707/996/227 710/997/227 711/998/227 712/999/227 713/1000/227 718/1001/227 719/1002/227 720/1003/227 721/1004/227 726/1005/227 817/1006/227 815/1007/227 813/1008/227 811/1009/227 809/1010/227 807/1011/227 805/1012/227 803/1013/227 801/1014/227 799/1015/227 797/1016/227 795/1017/227 792/1018/227 767/1019/227 772/1020/227 773/1021/227 774/1022/227 775/1023/227 780/1024/227 781/1025/227 782/1026/227 783/1027/227 788/1028/227 789/1029/227 790/1030/227 731/1031/227 730/1032/227 732/1033/227 733/1034/227 734/1035/227 739/1036/227 740/1037/227 741/1038/227 742/1039/227 747/1040/227 748/1041/227 749/1042/227 750/1043/227 755/1044/227 756/1045/227
f 714/1046/228 712/1047/228 711/987/228 709/986/228
f 715/1048/229 713/1049/229 712/1047/229 714/1046/229
f 716/1050/230 718/1051/230 713/1049/230 715/1048/230
f 717/1052/231 719/1053/231 718/1051/231 716/1050/231
f 722/1054/232 720/1055/232 719/1053/232 717/1052/232
f 723/1056/233 721/1057/233 720/1055/233 722/1054/233
f 724/1058/234 726/1059/234 721/1057/234 723/1056/234
f 725/1060/235 817/1061/235 726/1059/235 724/1058/235
f 731/1061/236 728/1060/236 727/1058/236 730/1059/236
f 730/1059/237 727/1058/237 729/1056/237 732/1057/237
f 732/1057/238 729/1056/238 735/1054/238 733/1055/238
f 736/1052/239 734/1053/239 733/1055/239 735/1054/239
f 734/1053/240 736/1052/240 737/1050/240 739/1051/240
f 739/1051/241 737/1050/241 738/1048/241 740/1049/241
f 743/1046/242 741/1047/242 740/1049/242 738/1048/242
f 741/1047/243 743/1046/243 744/986/243 742/987/243
f 742/987/244 744/986/244 745/982/244 747/983/244
f 747/983/245 745/982/245 746/985/245 748/984/245
f 748/979/246 746/978/246 751/981/246 749/980/246
f 752/1062/247 750/1063/247 749/980/247 751/981/247
f 750/1063/248 752/1062/248 753/1064/248 755/1065/248
f 755/1065/249 753/1064/249 754/1066/249 756/1067/249
f 757/1068/250 756/1067/250 754/1066/250 759/1069/250
f 758/1070/251 757/1068/251 759/1069/251 760/1071/251
f 764/1072/235 758/1070/235 760/1071/235 761/1073/235
f 761/1073/234 762/1074/234 765/1075/234 764/1072/234
f 792/1018/227 793/1076/227 820/1077/227 821/1078/227 822/990/227 758/989/227 764/1079/227 765/1080/227 766/1081/227 767/1019/227
f 766/1082/233 765/1075/233 762/1074/233 768/1083/233
f 767/1084/232 766/1082/232 768/1083/232 769/1085/232
f 772/1086/231 767/1084/231 769/1085/231 770/1087/231
f 773/1088/230 772/1086/230 770/1087/230 771/1089/230
f 774/1090/229 773/1088/229 771/1089/229 776/1091/229
f 775/1092/228 774/1090/228 776/1091/228 777/1093/228
f 780/1094/226 775/1092/226 777/1093/226 778/1095/226
f 778/1095/225 779/1096/225 781/1097/225 780/1094/225
f 782/1098/224 781/1097/224 779/1096/224 784/1099/224
f 783/1100/252 782/1098/252 784/1099/252 785/1101/252
f 788/1102/253 783/1100/253 785/1101/253 786/1103/253
f 789/1104/254 788/1102/254 786/1103/254 787/1105/254
f 791/1106/255 790/1107/255 789/1104/255 787/1105/255
f 790/1107/256 791/1106/256 728/1060/256 731/1061/256
f 818/1083/239 793/1082/239 792/1084/239 794/1085/239
f 794/1085/240 792/1084/240 795/1086/240 796/1087/240
f 796/1087/241 795/1086/241 797/1088/241 798/1089/241
f 798/1089/242 797/1088/242 799/1090/242 800/1091/242
f 800/1091/243 799/1090/243 801/1092/243 802/1093/243
f 802/1093/244 801/1092/244 803/1094/244 804/1095/244
f 804/1095/245 803/1094/245 805/1097/245 806/1096/245
f 806/1096/246 805/1097/246 807/1098/246 808/1099/246
f 808/1099/247 807/1098/247 809/1100/247 810/1101/247
f 810/1101/248 809/1100/248 811/1102/248 812/1103/248
f 812/1103/249 811/1102/249 813/1104/249 814/1105/249
f 814/1105/250 813/1104/250 815/1107/250 816/1106/250
f 816/1106/251 815/1107/251 817/1061/251 725/1060/251
f 819/1074/238 820/1075/238 793/1082/238 818/1083/238
f 763/1073/237 821/1072/237 820/1075/237 819/1074/237
f 824/1071/236 822/1070/236 821/1072/236 763/1073/236
f 825/1069/256 823/1068/256 822/1070/256 824/1071/256
f 826/1066/255 828/1067/255 823/1068/255 825/1069/255
f 827/1064/254 829/1065/254 828/1067/254 826/1066/254
f 832/1062/253 830/1063/253 829/1065/253 827/1064/253
f 706/981/252 831/980/252 830/1063/252 832/1062/252
o Cylinder.008
v -0.058556 0.636809 0.207522
v -0.057674 0.627853 0.207522
v -0.058556 0.636808 -2.594061
v -0.057674 0.645764 0.207522
v -0.055062 0.654375 0.207522
v -0.057674 0.645764 -2.594061
v -0.055062 0.654375 -2.594061
v -0.050820 0.662311 -2.594061
v -0.045111 0.669267 -2.594061
v -0.050820 0.662311 0.207522
v -0.045111 0.669267 0.207522
v -0.038155 0.674976 0.207522
v -0.030219 0.679218 0.207522
v -0.038155 0.674976 -2.594061
v -0.030219 0.679217 -2.594061
v -0.021608 0.681830 -2.594061
v -0.012653 0.682712 -2.594061
v -0.021608 0.681830 0.207522
v -0.012653 0.682712 0.207522
v -0.003697 0.681830 0.207522
v 0.004914 0.679218 0.207522
v -0.003698 0.681830 -2.594061
v -0.005936 0.670574 0.207522
v 0.000522 0.668615 0.207522
v -0.012653 0.671236 0.207522
v -0.005936 0.670574 -2.594061
v 0.000522 0.668615 -2.594061
v -0.012653 0.671236 -2.594061
v -0.019369 0.670574 -2.594061
v -0.025828 0.668615 -2.594061
v -0.019369 0.670574 0.207522
v -0.025827 0.668615 0.207522
v -0.031780 0.665434 0.207522
v -0.036997 0.661152 0.207522
v -0.031780 0.665434 -2.594061
v -0.036997 0.661152 -2.594061
v -0.041278 0.655935 -2.594061
v -0.044460 0.649983 -2.594061
v -0.041278 0.655935 0.207522
v -0.044459 0.649983 0.207522
v -0.046419 0.643525 0.207522
v -0.047080 0.636809 0.207522
v -0.046419 0.643525 -2.594061
v -0.047080 0.636808 -2.594061
v -0.046419 0.630092 -2.594061
v -0.044460 0.623634 -2.594061
v -0.046419 0.630092 0.207522
v -0.044459 0.623634 0.207522
v -0.041278 0.617682 0.207522
v -0.036997 0.612465 0.207522
v -0.041278 0.617682 -2.594061
v -0.036997 0.612465 -2.594061
v -0.031780 0.608183 -2.594061
v -0.025828 0.605002 -2.594061
v -0.031780 0.608183 0.207522
v -0.025827 0.605002 0.207522
v -0.019369 0.603043 0.207522
v -0.012653 0.602381 0.207522
v -0.021608 0.591787 0.207522
v -0.019369 0.603043 -2.594061
v -0.012653 0.602381 -2.594061
v -0.005936 0.603043 -2.594061
v 0.000522 0.605002 -2.594061
v -0.005936 0.603043 0.207522
v 0.000522 0.605002 0.207522
v 0.006474 0.608183 0.207522
v 0.011691 0.612465 0.207522
v 0.006474 0.608183 -2.594061
v 0.011691 0.612465 -2.594061
v 0.015973 0.617682 -2.594061
v 0.019154 0.623634 -2.594061
v 0.015973 0.617682 0.207522
v 0.019154 0.623634 0.207522
v 0.021113 0.630092 0.207522
v 0.021775 0.636809 0.207522
v 0.021113 0.630092 -2.594061
v 0.021775 0.636808 -2.594061
v 0.021113 0.643525 -2.594061
v 0.019154 0.649983 -2.594061
v 0.021113 0.643525 0.207522
v 0.019154 0.649983 0.207522
v 0.015973 0.655935 0.207522
v 0.011691 0.661152 0.207522
v 0.015973 0.655935 -2.594061
v 0.011691 0.661152 -2.594061
v 0.006474 0.665434 -2.594061
v 0.006474 0.665434 0.207522
v 0.004914 0.594399 -2.594061
v -0.003698 0.591787 -2.594061
v 0.004914 0.594400 0.207522
v 0.012850 0.598641 -2.594061
v 0.012850 0.598641 0.207522
v 0.019806 0.604350 -2.594061
v 0.019806 0.604350 0.207522
v 0.025514 0.611306 -2.594061
v 0.025514 0.611306 0.207522
v 0.029756 0.619242 -2.594061
v 0.029756 0.619242 0.207522
v 0.032368 0.627853 -2.594061
v 0.032368 0.627853 0.207522
v 0.033250 0.636808 -2.594061
v 0.033250 0.636809 0.207522
v 0.032368 0.645764 -2.594061
v 0.032368 0.645764 0.207522
v 0.029756 0.654375 -2.594061
v 0.029756 0.654375 0.207522
v 0.025514 0.662311 -2.594061
v 0.025514 0.662311 0.207522
v 0.019806 0.669267 -2.594061
v 0.019806 0.669267 0.207522
v 0.012850 0.674976 -2.594061
v 0.012850 0.674976 0.207522
v 0.004914 0.679217 -2.594061
v -0.003697 0.591787 0.207522
v -0.012653 0.590905 0.207522
v -0.012653 0.590905 -2.594061
v -0.021608 0.591787 -2.594061
v -0.030219 0.594399 -2.594061
v -0.038155 0.598641 -2.594061
v -0.030219 0.594400 0.207522
v -0.038155 0.598641 0.207522
v -0.045111 0.604350 0.207522
v -0.050820 0.611306 0.207522
v -0.045111 0.604350 -2.594061
v -0.050820 0.611306 -2.594061
v -0.055062 0.619242 -2.594061
v -0.057674 0.627853 -2.594061
v -0.055062 0.619242 0.207522
vn -0.9952 -0.0980 -0.0000
vn -0.9952 0.0980 -0.0000
vn -0.9569 0.2903 -0.0000
vn -0.0000 -0.0000 -1.0000
vn -0.8819 0.4714 -0.0000
vn -0.7730 0.6344 -0.0000
vn -0.6344 0.7730 -0.0000
vn -0.4714 0.8819 -0.0000
vn -0.2903 0.9569 -0.0000
vn -0.0980 0.9952 -0.0000
vn 0.0980 0.9952 -0.0000
vn 0.2903 0.9569 -0.0000
vn -0.2903 -0.9569 -0.0000
vn -0.0980 -0.9952 -0.0000
vn 0.0980 -0.9952 -0.0000
vn 0.2903 -0.9569 -0.0000
vn 0.4714 -0.8819 -0.0000
vn 0.6344 -0.7730 -0.0000
vn 0.7730 -0.6344 -0.0000
vn 0.8819 -0.4714 -0.0000
vn 0.9569 -0.2903 -0.0000
vn 0.9952 -0.0980 -0.0000
vn 0.9952 0.0980 -0.0000
vn 0.9569 0.2903 -0.0000
vn 0.8819 0.4714 -0.0000
vn 0.7730 0.6344 -0.0000
vn 0.6344 0.7730 -0.0000
vn 0.4714 0.8819 -0.0000
vn -0.9569 -0.2903 -0.0000
vn -0.8819 -0.4714 -0.0000
vn -0.7730 -0.6344 -0.0000
vn -0.6344 -0.7730 -0.0000
vn -0.4714 -0.8819 -0.0000
vt 1.000000 0.500000
vt 1.000000 1.000000
vt 0.968750 1.000000
vt 0.968750 0.500000
vt 0.031250 0.500000
vt 0.031250 1.000000
vt 0.000000 1.000000
vt 0.000000 0.500000
vt 0.062500 0.500000
vt 0.062500 1.000000
vt 0.399665 0.350003
vt 0.416298 0.318883
vt 0.471731 0.341844
vt 0.449553 0.383337
vt 0.419706 0.419706
vt 0.383337 0.449553
vt 0.341844 0.471731
vt 0.296822 0.485388
vt 0.250000 0.490000
vt 0.203178 0.485388
vt 0.158156 0.471731
vt 0.116663 0.449553
vt 0.080294 0.419706
vt 0.050447 0.383337
vt 0.028269 0.341844
vt 0.014612 0.296822
vt 0.010000 0.250000
vt 0.014612 0.203178
vt 0.028269 0.158156
vt 0.050447 0.116663
vt 0.080294 0.080294
vt 0.116663 0.050447
vt 0.158156 0.028269
vt 0.203178 0.014612
vt 0.250000 0.010000
vt 0.296822 0.014612
vt 0.341844 0.028269
vt 0.383337 0.050447
vt 0.419706 0.080294
vt 0.449553 0.116663
vt 0.471731 0.158156
vt 0.416298 0.181117
vt 0.399665 0.149997
vt 0.377279 0.122721
vt 0.350003 0.100335
vt 0.318883 0.083702
vt 0.285116 0.073459
vt 0.250000 0.070000
vt 0.214884 0.073459
vt 0.181117 0.083702
vt 0.149997 0.100335
vt 0.122721 0.122721
vt 0.100335 0.149997
vt 0.083702 0.181117
vt 0.073459 0.214884
vt 0.070000 0.250000
vt 0.073459 0.285116
vt 0.083702 0.318883
vt 0.100335 0.350003
vt 0.122721 0.377279
vt 0.149997 0.399665
vt 0.181117 0.416298
vt 0.214884 0.426541
vt 0.250000 0.430000
vt 0.285116 0.426541
vt 0.318883 0.416298
vt 0.350003 0.399665
vt 0.377279 0.377279
vt 0.093750 0.500000
vt 0.093750 1.000000
vt 0.125000 0.500000
vt 0.125000 1.000000
vt 0.156250 0.500000
vt 0.156250 1.000000
vt 0.187500 0.500000
vt 0.187500 1.000000
vt 0.218750 0.500000
vt 0.218750 1.000000
vt 0.250000 0.500000
vt 0.250000 1.000000
vt 0.281250 0.500000
vt 0.281250 1.000000
vt 0.312500 0.500000
vt 0.312500 1.000000
vt 0.937500 0.500000
vt 0.937500 1.000000
vt 0.906250 0.500000
vt 0.906250 1.000000
vt 0.875000 0.500000
vt 0.875000 1.000000
vt 0.843750 1.000000
vt 0.843750 0.500000
vt 0.812500 1.000000
vt 0.812500 0.500000
vt 0.781250 1.000000
vt 0.781250 0.500000
vt 0.750000 0.500000
vt 0.750000 1.000000
vt 0.485388 0.203178
vt 0.490000 0.250000
vt 0.485388 0.296822
vt 0.426541 0.285116
vt 0.430000 0.250000
vt 0.426541 0.214884
vt 0.718750 1.000000
vt 0.718750 0.500000
vt 0.687500 1.000000
vt 0.687500 0.500000
vt 0.656250 1.000000
vt 0.656250 0.500000
vt 0.625000 1.000000
vt 0.625000 0.500000
vt 0.593750 1.000000
vt 0.593750 0.500000
vt 0.562500 1.000000
vt 0.562500 0.500000
vt 0.531250 1.000000
vt 0.531250 0.500000
vt 0.500000 0.500000
vt 0.500000 1.000000
vt 0.468750 1.000000
vt 0.468750 0.500000
vt 0.437500 1.000000
vt 0.437500 0.500000
vt 0.406250 1.000000
vt 0.406250 0.500000
vt 0.375000 1.000000
vt 0.375000 0.500000
vt 0.343750 0.500000
vt 0.343750 1.000000
s 0
usemtl small_tube
f 833/1108/257 835/1109/257 959/1110/257 834/1111/257
f 836/1112/258 838/1113/258 835/1114/258 833/1115/258
f 837/1116/259 839/1117/259 838/1113/259 836/1112/259
f 885/1118/260 886/1119/260 950/1120/260 951/1121/260 956/1122/260 957/1123/260 958/1124/260 959/1125/260 835/1126/260 838/1127/260 839/1128/260 840/1129/260 841/1130/260 846/1131/260 847/1132/260 848/1133/260 849/1134/260 854/1135/260 945/1136/260 943/1137/260 941/1138/260 939/1139/260 937/1140/260 935/1141/260 933/1142/260 931/1143/260 929/1144/260 927/1145/260 925/1146/260 923/1147/260 920/1148/260 895/1149/260 900/1150/260 901/1151/260 902/1152/260 903/1153/260 908/1154/260 909/1155/260 910/1156/260 911/1157/260 916/1158/260 917/1159/260 918/1160/260 859/1161/260 858/1162/260 860/1163/260 861/1164/260 862/1165/260 867/1166/260 868/1167/260 869/1168/260 870/1169/260 875/1170/260 876/1171/260 877/1172/260 878/1173/260 883/1174/260 884/1175/260
f 842/1176/261 840/1177/261 839/1117/261 837/1116/261
f 843/1178/262 841/1179/262 840/1177/262 842/1176/262
f 844/1180/263 846/1181/263 841/1179/263 843/1178/263
f 845/1182/264 847/1183/264 846/1181/264 844/1180/264
f 850/1184/265 848/1185/265 847/1183/265 845/1182/265
f 851/1186/266 849/1187/266 848/1185/266 850/1184/266
f 852/1188/267 854/1189/267 849/1187/267 851/1186/267
f 853/1190/268 945/1191/268 854/1189/268 852/1188/268
f 859/1191/269 856/1190/269 855/1188/269 858/1189/269
f 858/1189/270 855/1188/270 857/1186/270 860/1187/270
f 860/1187/271 857/1186/271 863/1184/271 861/1185/271
f 864/1182/272 862/1183/272 861/1185/272 863/1184/272
f 862/1183/273 864/1182/273 865/1180/273 867/1181/273
f 867/1181/274 865/1180/274 866/1178/274 868/1179/274
f 871/1176/275 869/1177/275 868/1179/275 866/1178/275
f 869/1177/276 871/1176/276 872/1116/276 870/1117/276
f 870/1117/277 872/1116/277 873/1112/277 875/1113/277
f 875/1113/278 873/1112/278 874/1115/278 876/1114/278
f 876/1109/279 874/1108/279 879/1111/279 877/1110/279
f 880/1192/280 878/1193/280 877/1110/280 879/1111/280
f 878/1193/281 880/1192/281 881/1194/281 883/1195/281
f 883/1195/282 881/1194/282 882/1196/282 884/1197/282
f 885/1198/283 884/1197/283 882/1196/283 887/1199/283
f 886/1200/284 885/1198/284 887/1199/284 888/1201/284
f 892/1202/268 886/1200/268 888/1201/268 889/1203/268
f 889/1203/267 890/1204/267 893/1205/267 892/1202/267
f 920/1148/260 921/1206/260 948/1207/260 949/1208/260 950/1120/260 886/1119/260 892/1209/260 893/1210/260 894/1211/260 895/1149/260
f 894/1212/266 893/1205/266 890/1204/266 896/1213/266
f 895/1214/265 894/1212/265 896/1213/265 897/1215/265
f 900/1216/264 895/1214/264 897/1215/264 898/1217/264
f 901/1218/263 900/1216/263 898/1217/263 899/1219/263
f 902/1220/262 901/1218/262 899/1219/262 904/1221/262
f 903/1222/261 902/1220/261 904/1221/261 905/1223/261
f 908/1224/259 903/1222/259 905/1223/259 906/1225/259
f 906/1225/258 907/1226/258 909/1227/258 908/1224/258
f 910/1228/257 909/1227/257 907/1226/257 912/1229/257
f 911/1230/285 910/1228/285 912/1229/285 913/1231/285
f 916/1232/286 911/1230/286 913/1231/286 914/1233/286
f 917/1234/287 916/1232/287 914/1233/287 915/1235/287
f 919/1236/288 918/1237/288 917/1234/288 915/1235/288
f 918/1237/289 919/1236/289 856/1190/289 859/1191/289
f 946/1213/272 921/1212/272 920/1214/272 922/1215/272
f 922/1215/273 920/1214/273 923/1216/273 924/1217/273
f 924/1217/274 923/1216/274 925/1218/274 926/1219/274
f 926/1219/275 925/1218/275 927/1220/275 928/1221/275
f 928/1221/276 927/1220/276 929/1222/276 930/1223/276
f 930/1223/277 929/1222/277 931/1224/277 932/1225/277
f 932/1225/278 931/1224/278 933/1227/278 934/1226/278
f 934/1226/279 933/1227/279 935/1228/279 936/1229/279
f 936/1229/280 935/1228/280 937/1230/280 938/1231/280
f 938/1231/281 937/1230/281 939/1232/281 940/1233/281
f 940/1233/282 939/1232/282 941/1234/282 942/1235/282
f 942/1235/283 941/1234/283 943/1237/283 944/1236/283
f 944/1236/284 943/1237/284 945/1191/284 853/1190/284
f 947/1204/271 948/1205/271 921/1212/271 946/1213/271
f 891/1203/270 949/1202/270 948/1205/270 947/1204/270
f 952/1201/269 950/1200/269 949/1202/269 891/1203/269
f 953/1199/289 951/1198/289 950/1200/289 952/1201/289
f 954/1196/288 956/1197/288 951/1198/288 953/1199/288
f 955/1194/287 957/1195/287 956/1197/287 954/1196/287
f 960/1192/286 958/1193/286 957/1195/286 955/1194/286
f 834/1111/285 959/1110/285 958/1193/285 960/1192/285
o Cylinder.009
v -0.058556 0.352209 0.207522
v -0.057674 0.343254 0.207522
v -0.058556 0.352209 -2.594061
v -0.057674 0.361164 0.207522
v -0.055062 0.369775 0.207522
v -0.057674 0.361164 -2.594061
v -0.055062 0.369775 -2.594061
v -0.050820 0.377711 -2.594061
v -0.045111 0.384667 -2.594061
v -0.050820 0.377711 0.207522
v -0.045111 0.384667 0.207522
v -0.038155 0.390376 0.207522
v -0.030219 0.394618 0.207522
v -0.038155 0.390376 -2.594061
v -0.030219 0.394618 -2.594061
v -0.021608 0.397230 -2.594061
v -0.012653 0.398112 -2.594061
v -0.021608 0.397230 0.207522
v -0.012653 0.398112 0.207522
v -0.003697 0.397230 0.207522
v 0.004914 0.394618 0.207522
v -0.003698 0.397230 -2.594061
v -0.005936 0.385975 0.207522
v 0.000522 0.384016 0.207522
v -0.012653 0.386636 0.207522
v -0.005936 0.385975 -2.594061
v 0.000522 0.384016 -2.594061
v -0.012653 0.386636 -2.594061
v -0.019369 0.385975 -2.594061
v -0.025828 0.384016 -2.594061
v -0.019369 0.385975 0.207522
v -0.025827 0.384016 0.207522
v -0.031780 0.380834 0.207522
v -0.036997 0.376553 0.207522
v -0.031780 0.380834 -2.594061
v -0.036997 0.376553 -2.594061
v -0.041278 0.371336 -2.594061
v -0.044460 0.365384 -2.594061
v -0.041278 0.371336 0.207522
v -0.044459 0.365384 0.207522
v -0.046419 0.358925 0.207522
v -0.047080 0.352209 0.207522
v -0.046419 0.358925 -2.594061
v -0.047080 0.352209 -2.594061
v -0.046419 0.345492 -2.594061
v -0.044460 0.339034 -2.594061
v -0.046419 0.345492 0.207522
v -0.044459 0.339034 0.207522
v -0.041278 0.333082 0.207522
v -0.036997 0.327865 0.207522
v -0.041278 0.333082 -2.594061
v -0.036997 0.327865 -2.594061
v -0.031780 0.323583 -2.594061
v -0.025828 0.320402 -2.594061
v -0.031780 0.323584 0.207522
v -0.025827 0.320402 0.207522
v -0.019369 0.318443 0.207522
v -0.012653 0.317782 0.207522
v -0.021608 0.307188 0.207522
v -0.019369 0.318443 -2.594061
v -0.012653 0.317781 -2.594061
v -0.005936 0.318443 -2.594061
v 0.000522 0.320402 -2.594061
v -0.005936 0.318443 0.207522
v 0.000522 0.320402 0.207522
v 0.006474 0.323584 0.207522
v 0.011691 0.327865 0.207522
v 0.006474 0.323583 -2.594061
v 0.011691 0.327865 -2.594061
v 0.015973 0.333082 -2.594061
v 0.019154 0.339034 -2.594061
v 0.015973 0.333082 0.207522
v 0.019154 0.339034 0.207522
v 0.021113 0.345492 0.207522
v 0.021775 0.352209 0.207522
v 0.021113 0.345492 -2.594061
v 0.021775 0.352209 -2.594061
v 0.021113 0.358925 -2.594061
v 0.019154 0.365384 -2.594061
v 0.021113 0.358925 0.207522
v 0.019154 0.365384 0.207522
v 0.015973 0.371336 0.207522
v 0.011691 0.376553 0.207522
v 0.015973 0.371336 -2.594061
v 0.011691 0.376553 -2.594061
v 0.006474 0.380834 -2.594061
v 0.006474 0.380834 0.207522
v 0.004914 0.309800 -2.594061
v -0.003698 0.307188 -2.594061
v 0.004914 0.309800 0.207522
v 0.012850 0.314042 -2.594061
v 0.012850 0.314042 0.207522
v 0.019806 0.319750 -2.594061
v 0.019806 0.319750 0.207522
v 0.025514 0.326706 -2.594061
v 0.025514 0.326706 0.207522
v 0.029756 0.334642 -2.594061
v 0.029756 0.334643 0.207522
v 0.032368 0.343253 -2.594061
v 0.032368 0.343254 0.207522
v 0.033250 0.352209 -2.594061
v 0.033250 0.352209 0.207522
v 0.032368 0.361164 -2.594061
v 0.032368 0.361164 0.207522
v 0.029756 0.369775 -2.594061
v 0.029756 0.369775 0.207522
v 0.025514 0.377711 -2.594061
v 0.025514 0.377711 0.207522
v 0.019806 0.384667 -2.594061
v 0.019806 0.384667 0.207522
v 0.012850 0.390376 -2.594061
v 0.012850 0.390376 0.207522
v 0.004914 0.394618 -2.594061
v -0.003697 0.307188 0.207522
v -0.012653 0.306306 0.207522
v -0.012653 0.306306 -2.594061
v -0.021608 0.307188 -2.594061
v -0.030219 0.309800 -2.594061
v -0.038155 0.314042 -2.594061
v -0.030219 0.309800 0.207522
v -0.038155 0.314042 0.207522
v -0.045111 0.319750 0.207522
v -0.050820 0.326706 0.207522
v -0.045111 0.319750 -2.594061
v -0.050820 0.326706 -2.594061
v -0.055062 0.334642 -2.594061
v -0.057674 0.343253 -2.594061
v -0.055062 0.334643 0.207522
vn -0.9952 -0.0980 -0.0000
vn -0.9952 0.0980 -0.0000
vn -0.9569 0.2903 -0.0000
vn -0.0000 -0.0000 -1.0000
vn -0.8819 0.4714 -0.0000
vn -0.7730 0.6344 -0.0000
vn -0.6344 0.7730 -0.0000
vn -0.4714 0.8819 -0.0000
vn -0.2903 0.9569 -0.0000
vn -0.0980 0.9952 -0.0000
vn 0.0980 0.9952 -0.0000
vn -0.0000 -0.0000 1.0000
vn 0.2903 0.9569 -0.0000
vn -0.2903 -0.9569 -0.0000
vn -0.0980 -0.9952 -0.0000
vn 0.0980 -0.9952 -0.0000
vn 0.2903 -0.9569 -0.0000
vn 0.4714 -0.8819 -0.0000
vn 0.6344 -0.7730 -0.0000
vn 0.7730 -0.6344 -0.0000
vn 0.8819 -0.4714 -0.0000
vn 0.9569 -0.2903 -0.0000
vn 0.9952 -0.0980 -0.0000
vn 0.9952 0.0980 -0.0000
vn 0.9569 0.2903 -0.0000
vn 0.8819 0.4714 -0.0000
vn 0.7730 0.6344 -0.0000
vn 0.6344 0.7730 -0.0000
vn 0.4714 0.8819 -0.0000
vn -0.9569 -0.2903 -0.0000
vn -0.8819 -0.4714 -0.0000
vn -0.7730 -0.6344 -0.0000
vn -0.6344 -0.7730 -0.0000
vn -0.4714 -0.8819 -0.0000
vt 1.000000 0.500000
vt 1.000000 1.000000
vt 0.968750 1.000000
vt 0.968750 0.500000
vt 0.031250 0.500000
vt 0.031250 1.000000
vt 0.000000 1.000000
vt 0.000000 0.500000
vt 0.062500 0.500000
vt 0.062500 1.000000
vt 0.399665 0.350003
vt 0.416298 0.318883
vt 0.471731 0.341844
vt 0.449553 0.383337
vt 0.419706 0.419706
vt 0.383337 0.449553
vt 0.341844 0.471731
vt 0.296822 0.485388
vt 0.250000 0.490000
vt 0.203178 0.485388
vt 0.158156 0.471731
vt 0.116663 0.449553
vt 0.080294 0.419706
vt 0.050447 0.383337
vt 0.028269 0.341844
vt 0.014612 0.296822
vt 0.010000 0.250000
vt 0.014612 0.203178
vt 0.028269 0.158156
vt 0.050447 0.116663
vt 0.080294 0.080294
vt 0.116663 0.050447
vt 0.158156 0.028269
vt 0.203178 0.014612
vt 0.250000 0.010000
vt 0.296822 0.014612
vt 0.341844 0.028269
vt 0.383337 0.050447
vt 0.419706 0.080294
vt 0.449553 0.116663
vt 0.471731 0.158156
vt 0.416298 0.181117
vt 0.399665 0.149997
vt 0.377279 0.122721
vt 0.350003 0.100335
vt 0.318883 0.083702
vt 0.285116 0.073459
vt 0.250000 0.070000
vt 0.214884 0.073459
vt 0.181117 0.083702
vt 0.149997 0.100335
vt 0.122721 0.122721
vt 0.100335 0.149997
vt 0.083702 0.181117
vt 0.073459 0.214884
vt 0.070000 0.250000
vt 0.073459 0.285116
vt 0.083702 0.318883
vt 0.100335 0.350003
vt 0.122721 0.377279
vt 0.149997 0.399665
vt 0.181117 0.416298
vt 0.214884 0.426541
vt 0.250000 0.430000
vt 0.285116 0.426541
vt 0.318883 0.416298
vt 0.350003 0.399665
vt 0.377279 0.377279
vt 0.093750 0.500000
vt 0.093750 1.000000
vt 0.125000 0.500000
vt 0.125000 1.000000
vt 0.156250 0.500000
vt 0.156250 1.000000
vt 0.187500 0.500000
vt 0.187500 1.000000
vt 0.218750 0.500000
vt 0.218750 1.000000
vt 0.250000 0.500000
vt 0.250000 1.000000
vt 0.281250 0.500000
vt 0.281250 1.000000
vt 0.346846 0.211222
vt 0.348904 0.211424
vt 0.348904 0.214942
vt 0.346159 0.214672
vt 0.343520 0.213871
vt 0.341087 0.212571
vt 0.338955 0.210821
vt 0.337205 0.208689
vt 0.335905 0.206256
vt 0.335105 0.203617
vt 0.334834 0.200872
vt 0.335105 0.198127
vt 0.335905 0.195487
vt 0.337205 0.193055
vt 0.338955 0.190923
vt 0.341087 0.189173
vt 0.343520 0.187873
vt 0.346159 0.187072
vt 0.348904 0.186802
vt 0.348904 0.190319
vt 0.346846 0.190522
vt 0.344866 0.191123
vt 0.343042 0.192098
vt 0.341442 0.193410
vt 0.340130 0.195009
vt 0.339155 0.196834
vt 0.338554 0.198813
vt 0.338352 0.200872
vt 0.338554 0.202931
vt 0.339155 0.204910
vt 0.340130 0.206735
vt 0.341442 0.208334
vt 0.343042 0.209646
vt 0.344866 0.210621
vt 0.312500 0.500000
vt 0.312500 1.000000
vt 0.937500 0.500000
vt 0.937500 1.000000
vt 0.906250 0.500000
vt 0.906250 1.000000
vt 0.875000 0.500000
vt 0.875000 1.000000
vt 0.843750 1.000000
vt 0.843750 0.500000
vt 0.812500 1.000000
vt 0.812500 0.500000
vt 0.781250 1.000000
vt 0.781250 0.500000
vt 0.750000 0.500000
vt 0.750000 1.000000
vt 0.485388 0.203178
vt 0.490000 0.250000
vt 0.485388 0.296822
vt 0.426541 0.285116
vt 0.430000 0.250000
vt 0.426541 0.214884
vt 0.718750 1.000000
vt 0.718750 0.500000
vt 0.687500 1.000000
vt 0.687500 0.500000
vt 0.656250 1.000000
vt 0.656250 0.500000
vt 0.625000 1.000000
vt 0.625000 0.500000
vt 0.593750 1.000000
vt 0.593750 0.500000
vt 0.562500 1.000000
vt 0.562500 0.500000
vt 0.531250 1.000000
vt 0.531250 0.500000
vt 0.500000 0.500000
vt 0.500000 1.000000
vt 0.468750 1.000000
vt 0.468750 0.500000
vt 0.437500 1.000000
vt 0.437500 0.500000
vt 0.406250 1.000000
vt 0.406250 0.500000
vt 0.375000 1.000000
vt 0.375000 0.500000
vt 0.343750 0.500000
vt 0.343750 1.000000
s 0
usemtl small_tube
f 961/1238/290 963/1239/290 1087/1240/290 962/1241/290
f 964/1242/291 966/1243/291 963/1244/291 961/1245/291
f 965/1246/292 967/1247/292 966/1243/292 964/1242/292
f 1013/1248/293 1014/1249/293 1078/1250/293 1079/1251/293 1084/1252/293 1085/1253/293 1086/1254/293 1087/1255/293 963/1256/293 966/1257/293 967/1258/293 968/1259/293 969/1260/293 974/1261/293 975/1262/293 976/1263/293 977/1264/293 982/1265/293 1073/1266/293 1071/1267/293 1069/1268/293 1067/1269/293 1065/1270/293 1063/1271/293 1061/1272/293 1059/1273/293 1057/1274/293 1055/1275/293 1053/1276/293 1051/1277/293 1048/1278/293 1023/1279/293 1028/1280/293 1029/1281/293 1030/1282/293 1031/1283/293 1036/1284/293 1037/1285/293 1038/1286/293 1039/1287/293 1044/1288/293 1045/1289/293 1046/1290/293 987/1291/293 986/1292/293 988/1293/293 989/1294/293 990/1295/293 995/1296/293 996/1297/293 997/1298/293 998/1299/293 1003/1300/293 1004/1301/293 1005/1302/293 1006/1303/293 1011/1304/293 1012/1305/293
f 970/1306/294 968/1307/294 967/1247/294 965/1246/294
f 971/1308/295 969/1309/295 968/1307/295 970/1306/295
f 972/1310/296 974/1311/296 969/1309/296 971/1308/296
f 973/1312/297 975/1313/297 974/1311/297 972/1310/297
f 978/1314/298 976/1315/298 975/1313/298 973/1312/298
f 979/1316/299 977/1317/299 976/1315/299 978/1314/299
f 980/1318/300 982/1319/300 977/1317/300 979/1316/300
f 1018/1320/301 1017/1321/301 1019/1322/301 1075/1323/301 1074/1324/301 1050/1325/301 1052/1326/301 1054/1327/301 1056/1328/301 1058/1329/301 1060/1330/301 1062/1331/301 1064/1332/301 1066/1333/301 1068/1334/301 1070/1335/301 1072/1336/301 981/1337/301 980/1338/301 983/1339/301 984/1340/301 1047/1341/301 1043/1342/301 1042/1343/301 1041/1344/301 1040/1345/301 1035/1346/301 1034/1347/301 1033/1348/301 1032/1349/301 1027/1350/301 1026/1351/301 1025/1352/301 1024/1353/301
f 981/1354/302 1073/1355/302 982/1319/302 980/1318/302
f 987/1355/303 984/1354/303 983/1318/303 986/1319/303
f 986/1319/304 983/1318/304 985/1316/304 988/1317/304
f 988/1317/305 985/1316/305 991/1314/305 989/1315/305
f 992/1312/306 990/1313/306 989/1315/306 991/1314/306
f 990/1313/307 992/1312/307 993/1310/307 995/1311/307
f 995/1311/308 993/1310/308 994/1308/308 996/1309/308
f 999/1306/309 997/1307/309 996/1309/309 994/1308/309
f 997/1307/310 999/1306/310 1000/1246/310 998/1247/310
f 998/1247/311 1000/1246/311 1001/1242/311 1003/1243/311
f 1003/1243/312 1001/1242/312 1002/1245/312 1004/1244/312
f 1004/1239/313 1002/1238/313 1007/1241/313 1005/1240/313
f 1008/1356/314 1006/1357/314 1005/1240/314 1007/1241/314
f 1006/1357/315 1008/1356/315 1009/1358/315 1011/1359/315
f 1011/1359/316 1009/1358/316 1010/1360/316 1012/1361/316
f 1013/1362/317 1012/1361/317 1010/1360/317 1015/1363/317
f 1014/1364/318 1013/1362/318 1015/1363/318 1016/1365/318
f 1020/1366/302 1014/1364/302 1016/1365/302 1017/1367/302
f 1017/1367/300 1018/1368/300 1021/1369/300 1020/1366/300
f 1048/1278/293 1049/1370/293 1076/1371/293 1077/1372/293 1078/1250/293 1014/1249/293 1020/1373/293 1021/1374/293 1022/1375/293 1023/1279/293
f 1022/1376/299 1021/1369/299 1018/1368/299 1024/1377/299
f 1023/1378/298 1022/1376/298 1024/1377/298 1025/1379/298
f 1028/1380/297 1023/1378/297 1025/1379/297 1026/1381/297
f 1029/1382/296 1028/1380/296 1026/1381/296 1027/1383/296
f 1030/1384/295 1029/1382/295 1027/1383/295 1032/1385/295
f 1031/1386/294 1030/1384/294 1032/1385/294 1033/1387/294
f 1036/1388/292 1031/1386/292 1033/1387/292 1034/1389/292
f 1034/1389/291 1035/1390/291 1037/1391/291 1036/1388/291
f 1038/1392/290 1037/1391/290 1035/1390/290 1040/1393/290
f 1039/1394/319 1038/1392/319 1040/1393/319 1041/1395/319
f 1044/1396/320 1039/1394/320 1041/1395/320 1042/1397/320
f 1045/1398/321 1044/1396/321 1042/1397/321 1043/1399/321
f 1047/1400/322 1046/1401/322 1045/1398/322 1043/1399/322
f 1046/1401/323 1047/1400/323 984/1354/323 987/1355/323
f 1074/1377/306 1049/1376/306 1048/1378/306 1050/1379/306
f 1050/1379/307 1048/1378/307 1051/1380/307 1052/1381/307
f 1052/1381/308 1051/1380/308 1053/1382/308 1054/1383/308
f 1054/1383/309 1053/1382/309 1055/1384/309 1056/1385/309
f 1056/1385/310 1055/1384/310 1057/1386/310 1058/1387/310
f 1058/1387/311 1057/1386/311 1059/1388/311 1060/1389/311
f 1060/1389/312 1059/1388/312 1061/1391/312 1062/1390/312
f 1062/1390/313 1061/1391/313 1063/1392/313 1064/1393/313
f 1064/1393/314 1063/1392/314 1065/1394/314 1066/1395/314
f 1066/1395/315 1065/1394/315 1067/1396/315 1068/1397/315
f 1068/1397/316 1067/1396/316 1069/1398/316 1070/1399/316
f 1070/1399/317 1069/1398/317 1071/1401/317 1072/1400/317
f 1072/1400/318 1071/1401/318 1073/1355/318 981/1354/318
f 1075/1368/305 1076/1369/305 1049/1376/305 1074/1377/305
f 1019/1367/304 1077/1366/304 1076/1369/304 1075/1368/304
f 1080/1365/303 1078/1364/303 1077/1366/303 1019/1367/303
f 1081/1363/323 1079/1362/323 1078/1364/323 1080/1365/323
f 1082/1360/322 1084/1361/322 1079/1362/322 1081/1363/322
f 1083/1358/321 1085/1359/321 1084/1361/321 1082/1360/321
f 1088/1356/320 1086/1357/320 1085/1359/320 1083/1358/320
f 962/1241/319 1087/1240/319 1086/1357/319 1088/1356/319
o Cylinder.010
v 0.013898 0.501573 0.207729
v 0.016204 0.478162 0.207729
v 0.013898 0.501573 -2.594272
v 0.016204 0.524984 0.207729
v 0.023033 0.547495 0.207729
v 0.016204 0.524984 -2.594272
v 0.023032 0.547495 -2.594272
v 0.034122 0.568241 -2.594272
v 0.049045 0.586426 -2.594272
v 0.034122 0.568241 0.207729
v 0.049045 0.586426 0.207729
v 0.067230 0.601349 0.207729
v 0.087976 0.612439 0.207729
v 0.067230 0.601349 -2.594272
v 0.075563 0.588877 0.207729
v 0.093716 0.598580 0.207729
v 0.059652 0.575819 0.207729
v 0.075563 0.588877 -2.594272
v 0.093716 0.598580 -2.594272
v 0.059652 0.575819 -2.594272
v 0.046594 0.559908 -2.594272
v 0.036891 0.541755 -2.594272
v 0.046594 0.559908 0.207729
v 0.036891 0.541755 0.207729
v 0.030916 0.522058 0.207729
v 0.028898 0.501573 0.207729
v 0.030915 0.522057 -2.594272
v 0.028898 0.501573 -2.594272
v 0.030915 0.481088 -2.594272
v 0.036891 0.461391 -2.594272
v 0.030916 0.481089 0.207729
v 0.036891 0.461391 0.207729
v 0.046594 0.443238 0.207729
v 0.034122 0.434905 0.207729
v 0.059652 0.427327 0.207729
v 0.046594 0.443238 -2.594272
v 0.059652 0.427327 -2.594272
v 0.075563 0.414269 -2.594272
v 0.093716 0.404566 -2.594272
v 0.075563 0.414269 0.207729
v 0.093716 0.404566 0.207729
v 0.113414 0.398591 0.207729
v 0.133898 0.396573 0.207729
v 0.113413 0.398591 -2.594272
v 0.133898 0.396573 -2.594272
v 0.154382 0.398591 -2.594272
v 0.174080 0.404566 -2.594272
v 0.154383 0.398591 0.207729
v 0.174080 0.404566 0.207729
v 0.192233 0.414269 0.207729
v 0.208144 0.427327 0.207729
v 0.192233 0.414269 -2.594272
v 0.208144 0.427327 -2.594272
v 0.221202 0.443238 -2.594272
v 0.230905 0.461391 -2.594272
v 0.221202 0.443238 0.207729
v 0.230905 0.461391 0.207729
v 0.236881 0.481089 0.207729
v 0.238898 0.501573 0.207729
v 0.236880 0.481088 -2.594272
v 0.238898 0.501573 -2.594272
v 0.236880 0.522057 -2.594272
v 0.230905 0.541755 -2.594272
v 0.236881 0.522058 0.207729
v 0.230905 0.541755 0.207729
v 0.221202 0.559908 0.207729
v 0.208144 0.575819 0.207729
v 0.221202 0.559908 -2.594272
v 0.208144 0.575819 -2.594272
v 0.192233 0.588877 -2.594272
v 0.174080 0.598580 -2.594272
v 0.192233 0.588877 0.207729
v 0.174080 0.598580 0.207729
v 0.154383 0.604555 0.207729
v 0.133898 0.606573 0.207729
v 0.154382 0.604555 -2.594272
v 0.133898 0.606573 -2.594272
v 0.113413 0.604555 -2.594272
v 0.113414 0.604555 0.207729
v 0.244763 0.547495 -2.594272
v 0.251592 0.524984 -2.594272
v 0.244764 0.547495 0.207729
v 0.233674 0.568241 -2.594272
v 0.233674 0.568241 0.207729
v 0.218751 0.586426 -2.594272
v 0.218751 0.586426 0.207729
v 0.200566 0.601349 -2.594272
v 0.200567 0.601349 0.207729
v 0.179820 0.612438 -2.594272
v 0.179820 0.612439 0.207729
v 0.157309 0.619267 -2.594272
v 0.157309 0.619267 0.207729
v 0.133898 0.621573 -2.594272
v 0.133898 0.621573 0.207729
v 0.110487 0.619267 -2.594272
v 0.110487 0.619267 0.207729
v 0.087976 0.612438 -2.594272
v 0.251592 0.524984 0.207729
v 0.253898 0.501573 0.207729
v 0.251592 0.478162 0.207729
v 0.253898 0.501573 -2.594272
v 0.251592 0.478162 -2.594272
v 0.244763 0.455651 -2.594272
v 0.233674 0.434905 -2.594272
v 0.244764 0.455651 0.207729
v 0.233674 0.434905 0.207729
v 0.218751 0.416720 0.207729
v 0.200567 0.401797 0.207729
v 0.218751 0.416720 -2.594272
v 0.200566 0.401797 -2.594272
v 0.179820 0.390707 -2.594272
v 0.157309 0.383879 -2.594272
v 0.179820 0.390708 0.207729
v 0.157309 0.383879 0.207729
v 0.133898 0.381573 0.207729
v 0.110487 0.383879 0.207729
v 0.133898 0.381573 -2.594272
v 0.110487 0.383879 -2.594272
v 0.087976 0.390707 -2.594272
v 0.067230 0.401797 -2.594272
v 0.087976 0.390708 0.207729
v 0.067230 0.401797 0.207729
v 0.049045 0.416720 0.207729
v 0.049045 0.416720 -2.594272
v 0.034122 0.434905 -2.594272
v 0.023032 0.455651 -2.594272
v 0.016204 0.478162 -2.594272
v 0.023033 0.455651 0.207729
vn -0.9952 -0.0980 -0.0000
vn -0.9952 0.0980 -0.0000
vn -0.9569 0.2903 -0.0000
vn -0.0000 -0.0000 -1.0000
vn -0.8819 0.4714 -0.0000
vn -0.7730 0.6344 -0.0000
vn -0.6344 0.7730 -0.0000
vn -0.4714 0.8819 -0.0000
vn 0.4714 -0.8819 -0.0000
vn 0.6344 -0.7730 -0.0000
vn 0.7730 -0.6344 -0.0000
vn 0.8819 -0.4714 -0.0000
vn 0.9569 -0.2903 -0.0000
vn 0.9952 -0.0980 -0.0000
vn 0.9952 0.0980 -0.0000
vn 0.9569 0.2903 -0.0000
vn 0.8819 0.4714 -0.0000
vn 0.7730 0.6344 -0.0000
vn 0.6344 0.7730 -0.0000
vn 0.4714 0.8819 -0.0000
vn 0.2903 0.9569 -0.0000
vn 0.0980 0.9952 -0.0000
vn -0.0980 0.9952 -0.0000
vn -0.2903 0.9569 -0.0000
vn -0.9569 -0.2903 -0.0000
vn -0.8819 -0.4714 -0.0000
vn -0.7730 -0.6344 -0.0000
vn -0.6344 -0.7730 -0.0000
vn -0.4714 -0.8819 -0.0000
vn -0.2903 -0.9569 -0.0000
vn -0.0980 -0.9952 -0.0000
vn 0.0980 -0.9952 -0.0000
vn 0.2903 -0.9569 -0.0000
vt 1.000000 0.500000
vt 1.000000 1.000000
vt 0.968750 1.000000
vt 0.968750 0.500000
vt 0.031250 0.500000
vt 0.031250 1.000000
vt 0.000000 1.000000
vt 0.000000 0.500000
vt 0.062500 0.500000
vt 0.062500 1.000000
vt 0.471731 0.158156
vt 0.485388 0.203178
vt 0.490000 0.250000
vt 0.485388 0.296822
vt 0.471731 0.341844
vt 0.449553 0.383337
vt 0.419706 0.419706
vt 0.383337 0.449553
vt 0.341844 0.471731
vt 0.296822 0.485388
vt 0.250000 0.490000
vt 0.203178 0.485388
vt 0.158156 0.471731
vt 0.116663 0.449553
vt 0.080294 0.419706
vt 0.050447 0.383337
vt 0.028269 0.341844
vt 0.014612 0.296822
vt 0.010000 0.250000
vt 0.014612 0.203178
vt 0.028269 0.158156
vt 0.050447 0.116663
vt 0.080294 0.080294
vt 0.116663 0.050447
vt 0.158156 0.028269
vt 0.169636 0.055985
vt 0.133330 0.075391
vt 0.101508 0.101508
vt 0.075391 0.133330
vt 0.055985 0.169636
vt 0.044035 0.209031
vt 0.040000 0.250000
vt 0.044035 0.290969
vt 0.055985 0.330364
vt 0.075391 0.366670
vt 0.101508 0.398493
vt 0.133330 0.424609
vt 0.169636 0.444015
vt 0.209031 0.455965
vt 0.250000 0.460000
vt 0.290969 0.455965
vt 0.330364 0.444015
vt 0.366670 0.424609
vt 0.398492 0.398492
vt 0.424609 0.366670
vt 0.444015 0.330364
vt 0.455965 0.290969
vt 0.460000 0.250000
vt 0.455965 0.209031
vt 0.444015 0.169636
vt 0.093750 0.500000
vt 0.093750 1.000000
vt 0.125000 0.500000
vt 0.125000 1.000000
vt 0.156250 0.500000
vt 0.156250 1.000000
vt 0.187500 0.500000
vt 0.187500 1.000000
vt 0.937500 0.500000
vt 0.937500 1.000000
vt 0.906250 0.500000
vt 0.906250 1.000000
vt 0.875000 0.500000
vt 0.875000 1.000000
vt 0.843750 1.000000
vt 0.843750 0.500000
vt 0.812500 1.000000
vt 0.812500 0.500000
vt 0.781250 1.000000
vt 0.781250 0.500000
vt 0.750000 1.000000
vt 0.750000 0.500000
vt 0.718750 1.000000
vt 0.718750 0.500000
vt 0.687500 0.500000
vt 0.687500 1.000000
vt 0.656250 0.500000
vt 0.656250 1.000000
vt 0.625000 1.000000
vt 0.625000 0.500000
vt 0.203178 0.014612
vt 0.250000 0.010000
vt 0.296822 0.014612
vt 0.341844 0.028269
vt 0.383337 0.050447
vt 0.419706 0.080294
vt 0.449553 0.116663
vt 0.424609 0.133330
vt 0.398492 0.101508
vt 0.366670 0.075391
vt 0.330364 0.055985
vt 0.290969 0.044035
vt 0.250000 0.040000
vt 0.209031 0.044035
vt 0.593750 1.000000
vt 0.593750 0.500000
vt 0.562500 1.000000
vt 0.562500 0.500000
vt 0.531250 1.000000
vt 0.531250 0.500000
vt 0.500000 1.000000
vt 0.500000 0.500000
vt 0.468750 1.000000
vt 0.468750 0.500000
vt 0.437500 0.500000
vt 0.437500 1.000000
vt 0.406250 0.500000
vt 0.406250 1.000000
vt 0.375000 1.000000
vt 0.375000 0.500000
vt 0.343750 0.500000
vt 0.343750 1.000000
vt 0.312500 0.500000
vt 0.312500 1.000000
vt 0.281250 0.500000
vt 0.281250 1.000000
vt 0.250000 0.500000
vt 0.250000 1.000000
vt 0.218750 0.500000
vt 0.218750 1.000000
s 0
usemtl small_tube
f 1089/1402/324 1091/1403/324 1215/1404/324 1090/1405/324
f 1092/1406/325 1094/1407/325 1091/1408/325 1089/1409/325
f 1093/1410/326 1095/1411/326 1094/1407/326 1092/1406/326
f 1199/1412/327 1200/1413/327 1205/1414/327 1206/1415/327 1207/1416/327 1208/1417/327 1212/1418/327 1213/1419/327 1214/1420/327 1215/1421/327 1091/1422/327 1094/1423/327 1095/1424/327 1096/1425/327 1097/1426/327 1102/1427/327 1185/1428/327 1183/1429/327 1181/1430/327 1179/1431/327 1177/1432/327 1175/1433/327 1173/1434/327 1171/1435/327 1168/1436/327 1151/1437/327 1156/1438/327 1157/1439/327 1158/1440/327 1159/1441/327 1164/1442/327 1165/1443/327 1166/1444/327 1107/1445/327 1106/1446/327 1108/1447/327 1109/1448/327 1110/1449/327 1115/1450/327 1116/1451/327 1117/1452/327 1118/1453/327 1124/1454/327 1125/1455/327 1126/1456/327 1127/1457/327 1132/1458/327 1133/1459/327 1134/1460/327 1135/1461/327
f 1098/1462/328 1096/1463/328 1095/1411/328 1093/1410/328
f 1099/1464/329 1097/1465/329 1096/1463/329 1098/1462/329
f 1100/1466/330 1102/1467/330 1097/1465/330 1099/1464/330
f 1101/1468/331 1185/1469/331 1102/1467/331 1100/1466/331
f 1107/1469/332 1104/1468/332 1103/1466/332 1106/1467/332
f 1106/1467/333 1103/1466/333 1105/1464/333 1108/1465/333
f 1108/1465/334 1105/1464/334 1111/1462/334 1109/1463/334
f 1109/1463/335 1111/1462/335 1112/1410/335 1110/1411/335
f 1113/1406/336 1115/1407/336 1110/1411/336 1112/1410/336
f 1114/1409/337 1116/1408/337 1115/1407/337 1113/1406/337
f 1116/1403/338 1114/1402/338 1119/1405/338 1117/1404/338
f 1117/1404/339 1119/1405/339 1120/1470/339 1118/1471/339
f 1118/1471/340 1120/1470/340 1121/1472/340 1124/1473/340
f 1124/1473/341 1121/1472/341 1123/1474/341 1125/1475/341
f 1126/1476/342 1125/1475/342 1123/1474/342 1128/1477/342
f 1127/1478/343 1126/1476/343 1128/1477/343 1129/1479/343
f 1132/1480/344 1127/1478/344 1129/1479/344 1130/1481/344
f 1133/1482/345 1132/1480/345 1130/1481/345 1131/1483/345
f 1134/1484/346 1133/1482/346 1131/1483/346 1136/1485/346
f 1136/1485/347 1137/1486/347 1135/1487/347 1134/1484/347
f 1137/1486/331 1138/1488/331 1140/1489/331 1135/1487/331
f 1141/1490/330 1140/1489/330 1138/1488/330 1139/1491/330
f 1151/1437/327 1168/1436/327 1169/1492/327 1189/1493/327 1190/1494/327 1191/1495/327 1192/1496/327 1197/1497/327 1198/1498/327 1199/1412/327 1135/1461/327 1140/1499/327 1141/1500/327 1142/1501/327 1143/1502/327 1148/1503/327 1149/1504/327 1150/1505/327
f 1142/1506/329 1141/1490/329 1139/1491/329 1144/1507/329
f 1143/1508/328 1142/1506/328 1144/1507/328 1145/1509/328
f 1148/1510/326 1143/1508/326 1145/1509/326 1146/1511/326
f 1149/1512/325 1148/1510/325 1146/1511/325 1147/1513/325
f 1150/1514/324 1149/1512/324 1147/1513/324 1152/1515/324
f 1152/1515/348 1153/1516/348 1151/1517/348 1150/1514/348
f 1151/1517/349 1153/1516/349 1154/1518/349 1156/1519/349
f 1157/1520/350 1156/1519/350 1154/1518/350 1155/1521/350
f 1157/1520/351 1155/1521/351 1160/1522/351 1158/1523/351
f 1158/1523/352 1160/1522/352 1161/1524/352 1159/1525/352
f 1162/1526/353 1164/1527/353 1159/1525/353 1161/1524/353
f 1163/1528/354 1165/1529/354 1164/1527/354 1162/1526/354
f 1165/1529/355 1163/1528/355 1167/1530/355 1166/1531/355
f 1166/1531/356 1167/1530/356 1104/1468/356 1107/1469/356
f 1186/1515/339 1169/1514/339 1168/1517/339 1170/1516/339
f 1170/1516/340 1168/1517/340 1171/1519/340 1172/1518/340
f 1172/1518/341 1171/1519/341 1173/1520/341 1174/1521/341
f 1174/1521/342 1173/1520/342 1175/1523/342 1176/1522/342
f 1176/1522/343 1175/1523/343 1177/1525/343 1178/1524/343
f 1178/1524/344 1177/1525/344 1179/1527/344 1180/1526/344
f 1180/1526/345 1179/1527/345 1181/1529/345 1182/1528/345
f 1182/1528/346 1181/1529/346 1183/1531/346 1184/1530/346
f 1184/1530/347 1183/1531/347 1185/1469/347 1101/1468/347
f 1187/1513/338 1189/1512/338 1169/1514/338 1186/1515/338
f 1188/1511/337 1190/1510/337 1189/1512/337 1187/1513/337
f 1193/1509/336 1191/1508/336 1190/1510/336 1188/1511/336
f 1194/1507/335 1192/1506/335 1191/1508/335 1193/1509/335
f 1195/1491/334 1197/1490/334 1192/1506/334 1194/1507/334
f 1196/1488/333 1198/1489/333 1197/1490/333 1195/1491/333
f 1201/1486/332 1199/1487/332 1198/1489/332 1196/1488/332
f 1202/1485/356 1200/1484/356 1199/1487/356 1201/1486/356
f 1203/1483/355 1205/1482/355 1200/1484/355 1202/1485/355
f 1204/1481/354 1206/1480/354 1205/1482/354 1203/1483/354
f 1209/1479/353 1207/1478/353 1206/1480/353 1204/1481/353
f 1210/1477/352 1208/1476/352 1207/1478/352 1209/1479/352
f 1211/1474/351 1212/1475/351 1208/1476/351 1210/1477/351
f 1122/1472/350 1213/1473/350 1212/1475/350 1211/1474/350
f 1216/1470/349 1214/1471/349 1213/1473/349 1122/1472/349
f 1090/1405/348 1215/1404/348 1214/1471/348 1216/1470/348
o Cylinder.011
v 0.133898 0.817517 0.169712
v 0.137918 0.767573 0.169712
v 0.072260 0.811446 0.169712
v 0.195536 0.811446 0.169712
v 0.254804 0.793467 0.169713
v 0.309427 0.764271 0.169713
v 0.357304 0.724979 0.169712
v 0.396596 0.677102 0.169712
v 0.425792 0.622479 0.169712
v 0.443771 0.563211 0.169712
v 0.449842 0.501573 0.169712
v 0.443771 0.439935 0.169712
v 0.379801 0.501573 0.169712
v 0.378919 0.492618 0.169712
v 0.378919 0.510528 0.169712
v 0.376307 0.519139 0.169712
v 0.372065 0.527075 0.169712
v 0.366356 0.534031 0.169712
v 0.359400 0.539740 0.169712
v 0.351464 0.543982 0.169712
v 0.342853 0.546594 0.169712
v 0.333898 0.547476 0.169712
v 0.324943 0.546594 0.169712
v 0.316332 0.543982 0.169712
v 0.308396 0.539740 0.169712
v 0.301440 0.534031 0.169712
v 0.290091 0.597167 0.169712
v 0.284755 0.594315 0.169712
v 0.292707 0.598565 0.169712
v 0.299678 0.604286 0.169712
v 0.305399 0.611257 0.169712
v 0.309650 0.619210 0.169712
v 0.312267 0.627839 0.169712
v 0.313151 0.636813 0.169712
v 0.312267 0.645787 0.169712
v 0.309650 0.654416 0.169712
v 0.305399 0.662369 0.169712
v 0.299678 0.669340 0.169712
v 0.292707 0.675061 0.169712
v 0.284755 0.679312 0.169712
v 0.276125 0.681929 0.169712
v 0.267151 0.682813 0.169712
v 0.258177 0.681929 0.169712
v 0.249548 0.679312 0.169712
v 0.241595 0.675061 0.169712
v 0.234624 0.669340 0.169712
v 0.157719 0.680249 0.169712
v 0.155521 0.679075 0.169712
v 0.163474 0.683326 0.169712
v 0.170445 0.689046 0.169712
v 0.176166 0.696017 0.169712
v 0.180416 0.703970 0.169712
v 0.183034 0.712599 0.169712
v 0.183918 0.721573 0.169712
v 0.183034 0.730547 0.169712
v 0.180416 0.739177 0.169712
v 0.176166 0.747129 0.169712
v 0.170445 0.754100 0.169712
v 0.163474 0.759821 0.169712
v 0.155521 0.764072 0.169712
v 0.146892 0.766689 0.169712
v 0.146892 0.676457 0.169712
v 0.137918 0.675573 0.169712
v 0.128944 0.676457 0.169712
v 0.120315 0.679075 0.169712
v 0.112362 0.683326 0.169712
v 0.105391 0.689046 0.169712
v 0.099670 0.696017 0.169712
v 0.095420 0.703970 0.169712
v 0.092802 0.712599 0.169712
v 0.091918 0.721573 0.169712
v 0.092802 0.730547 0.169712
v 0.095420 0.739177 0.169712
v 0.099670 0.747129 0.169712
v 0.105391 0.754100 0.169712
v 0.112362 0.759821 0.169712
v 0.120315 0.764072 0.169712
v 0.128944 0.766689 0.169712
v 0.228903 0.662369 0.169712
v 0.224653 0.654416 0.169712
v 0.222035 0.645787 0.169712
v 0.221151 0.636813 0.169712
v 0.222035 0.627839 0.169712
v 0.224653 0.619210 0.169712
v 0.228903 0.611257 0.169712
v 0.234624 0.604286 0.169712
v 0.198588 0.602407 0.169712
v 0.200566 0.601349 0.169712
v 0.179820 0.612439 0.169712
v 0.157309 0.619267 0.169712
v 0.133898 0.621573 0.169712
v 0.110487 0.619267 0.169712
v 0.087976 0.612439 0.169712
v 0.067230 0.601349 0.169712
v 0.049045 0.586426 0.169712
v 0.034122 0.568241 0.169712
v 0.023032 0.547495 0.169712
v 0.016204 0.524984 0.169712
v 0.013898 0.501573 0.169712
v 0.016204 0.478162 0.169712
v 0.023032 0.455651 0.169712
v 0.034122 0.434905 0.169712
v 0.049045 0.416720 0.169712
v 0.067230 0.401797 0.169712
v 0.087976 0.390707 0.169712
v 0.110487 0.383879 0.169712
v 0.133898 0.381573 0.169712
v 0.157309 0.383879 0.169712
v 0.179820 0.390707 0.169712
v 0.200566 0.401797 0.169712
v 0.218751 0.416720 0.169712
v 0.233674 0.434905 0.169712
v 0.244764 0.455651 0.169712
v 0.251592 0.478162 0.169712
v 0.253898 0.501573 0.169712
v 0.251592 0.524984 0.169712
v 0.244764 0.547495 0.169712
v 0.233674 0.568241 0.169712
v 0.218751 0.586426 0.169712
v 0.205291 0.597472 0.169712
v 0.241595 0.598565 0.169712
v 0.249548 0.594315 0.169712
v 0.258177 0.591697 0.169712
v 0.267151 0.590813 0.169712
v 0.276125 0.591697 0.169712
v 0.295731 0.527075 0.169712
v 0.291489 0.519139 0.169712
v 0.288877 0.510528 0.169712
v 0.287995 0.501573 0.169712
v 0.288877 0.492618 0.169712
v 0.291489 0.484007 0.169712
v 0.295731 0.476071 0.169712
v 0.301440 0.469115 0.169712
v 0.308396 0.463406 0.169712
v 0.146022 0.313697 0.169712
v 0.151731 0.306741 0.169712
v 0.139066 0.319405 0.169712
v 0.131130 0.323647 0.169712
v 0.122519 0.326259 0.169712
v 0.113564 0.327141 0.169712
v 0.104608 0.326259 0.169712
v 0.095997 0.323647 0.169712
v 0.088061 0.319405 0.169712
v 0.081105 0.313697 0.169712
v 0.075397 0.306741 0.169712
v 0.071155 0.298805 0.169712
v 0.068543 0.290194 0.169712
v 0.067661 0.281238 0.169712
v 0.068543 0.272283 0.169712
v 0.071155 0.263672 0.169712
v 0.075397 0.255736 0.169712
v 0.081105 0.248780 0.169712
v 0.088061 0.243071 0.169712
v 0.095997 0.238830 0.169712
v 0.104608 0.236217 0.169712
v 0.113564 0.235335 0.169712
v 0.122519 0.236217 0.169712
v 0.131130 0.238830 0.169712
v 0.133898 0.185629 0.169712
v 0.195536 0.191700 0.169712
v 0.072260 0.191700 0.169712
v 0.012992 0.209679 0.169712
v -0.041631 0.238875 0.169712
v -0.089508 0.278167 0.169712
v -0.048274 0.319086 0.169712
v -0.128800 0.326044 0.169712
v -0.157996 0.380667 0.169712
v -0.175975 0.439935 0.169712
v -0.182046 0.501573 0.169712
v -0.175975 0.563211 0.169712
v -0.128882 0.500773 0.169712
v -0.127998 0.509747 0.169712
v -0.127998 0.491799 0.169712
v -0.125381 0.483170 0.169712
v -0.121130 0.475217 0.169712
v -0.115409 0.468246 0.169712
v -0.108438 0.462525 0.169712
v -0.100485 0.458275 0.169712
v -0.091856 0.455657 0.169712
v -0.082882 0.454773 0.169712
v -0.073908 0.455657 0.169712
v -0.065279 0.458275 0.169712
v -0.057326 0.462525 0.169712
v -0.050355 0.468246 0.169712
v -0.044634 0.475217 0.169712
v -0.040384 0.483170 0.169712
v -0.037766 0.491799 0.169712
v -0.036882 0.500773 0.169712
v -0.037766 0.509747 0.169712
v -0.040384 0.518376 0.169712
v -0.044634 0.526329 0.169712
v -0.050355 0.533300 0.169712
v -0.052066 0.534704 0.169712
v -0.057326 0.539021 0.169712
v -0.048274 0.604286 0.169712
v -0.053995 0.611257 0.169712
v -0.047153 0.603366 0.169712
v -0.041303 0.598565 0.169712
v -0.024721 0.396729 0.169712
v -0.015747 0.397613 0.169712
v -0.033350 0.394111 0.169712
v -0.041303 0.389861 0.169712
v -0.048274 0.384140 0.169712
v -0.053995 0.377169 0.169712
v -0.058245 0.369216 0.169712
v -0.060863 0.360587 0.169712
v -0.061747 0.351613 0.169712
v -0.060863 0.342639 0.169712
v -0.058245 0.334009 0.169712
v -0.053995 0.326057 0.169712
v -0.006773 0.396729 0.169712
v 0.001857 0.394111 0.169712
v 0.009809 0.389861 0.169712
v 0.016780 0.384140 0.169712
v 0.022501 0.377169 0.169712
v 0.026752 0.369216 0.169712
v 0.029369 0.360587 0.169712
v 0.030253 0.351613 0.169712
v 0.029369 0.342639 0.169712
v 0.026752 0.334009 0.169712
v 0.022501 0.326057 0.169712
v 0.016780 0.319086 0.169712
v 0.009809 0.313365 0.169712
v 0.001857 0.309114 0.169712
v -0.006773 0.306497 0.169712
v -0.015747 0.305613 0.169712
v -0.024721 0.306497 0.169712
v -0.033350 0.309114 0.169712
v -0.041303 0.313365 0.169712
v -0.033350 0.594315 0.169712
v -0.024721 0.591697 0.169712
v -0.015747 0.590813 0.169712
v -0.006773 0.591697 0.169712
v 0.001857 0.594315 0.169712
v 0.009809 0.598565 0.169712
v 0.016780 0.604286 0.169712
v 0.022501 0.611257 0.169712
v 0.026752 0.619210 0.169712
v 0.029369 0.627839 0.169712
v 0.030253 0.636813 0.169712
v 0.029369 0.645787 0.169712
v 0.026752 0.654416 0.169712
v 0.022501 0.662369 0.169712
v 0.016780 0.669340 0.169712
v 0.009809 0.675061 0.169712
v 0.001857 0.679311 0.169712
v -0.006773 0.681929 0.169712
v -0.015747 0.682813 0.169712
v -0.024721 0.681929 0.169712
v -0.033350 0.679311 0.169712
v -0.041303 0.675061 0.169712
v -0.048274 0.669340 0.169712
v -0.089508 0.724979 0.169712
v -0.053995 0.662369 0.169712
v -0.058245 0.654416 0.169712
v -0.060863 0.645787 0.169712
v -0.061747 0.636813 0.169712
v -0.060863 0.627839 0.169712
v -0.058245 0.619210 0.169712
v -0.041631 0.764271 0.169712
v -0.128800 0.677102 0.169712
v -0.157996 0.622479 0.169712
v 0.012992 0.793467 0.169712
v -0.065279 0.543272 0.169712
v -0.073908 0.545889 0.169712
v -0.082882 0.546773 0.169712
v -0.091856 0.545889 0.169712
v -0.100485 0.543272 0.169712
v -0.108438 0.539021 0.169712
v -0.115409 0.533300 0.169712
v -0.121130 0.526329 0.169712
v -0.125381 0.518376 0.169712
v 0.254804 0.209679 0.169712
v 0.309427 0.238875 0.169712
v 0.357304 0.278167 0.169712
v 0.305399 0.326057 0.169712
v 0.396596 0.326044 0.169712
v 0.425792 0.380667 0.169712
v 0.299678 0.319086 0.169712
v 0.309650 0.334009 0.169712
v 0.312267 0.342639 0.169712
v 0.313151 0.351613 0.169712
v 0.312267 0.360587 0.169712
v 0.309650 0.369216 0.169712
v 0.305399 0.377169 0.169712
v 0.299678 0.384140 0.169712
v 0.292707 0.389861 0.169712
v 0.284755 0.394111 0.169712
v 0.276125 0.396729 0.169712
v 0.267151 0.397613 0.169712
v 0.258177 0.396729 0.169712
v 0.249548 0.394111 0.169712
v 0.241595 0.389861 0.169712
v 0.234624 0.384140 0.169712
v 0.228903 0.377169 0.169712
v 0.224653 0.369216 0.169712
v 0.222035 0.360587 0.169712
v 0.221151 0.351613 0.169712
v 0.222035 0.342639 0.169712
v 0.222408 0.341409 0.169712
v 0.224653 0.334009 0.169712
v 0.158585 0.290194 0.169712
v 0.159467 0.281238 0.169712
v 0.155972 0.298805 0.169712
v 0.158585 0.272283 0.169712
v 0.155972 0.263672 0.169712
v 0.151731 0.255736 0.169712
v 0.146022 0.248780 0.169712
v 0.139066 0.243071 0.169712
v 0.228903 0.326057 0.169712
v 0.234624 0.319086 0.169712
v 0.241595 0.313365 0.169712
v 0.249548 0.309114 0.169712
v 0.258177 0.306497 0.169712
v 0.267151 0.305613 0.169712
v 0.276125 0.306497 0.169712
v 0.284755 0.309114 0.169712
v 0.292707 0.313365 0.169712
v 0.316332 0.459164 0.169712
v 0.324943 0.456552 0.169712
v 0.333898 0.455670 0.169712
v 0.342853 0.456552 0.169712
v 0.351464 0.459164 0.169712
v 0.359400 0.463406 0.169712
v 0.366356 0.469115 0.169712
v 0.372065 0.476071 0.169712
v 0.376307 0.484007 0.169712
v 0.133898 0.817517 0.150194
v 0.137918 0.767573 0.150194
v 0.072260 0.811446 0.150194
v 0.195536 0.811446 0.150194
v 0.254804 0.793467 0.150195
v 0.309427 0.764271 0.150195
v 0.357304 0.724979 0.150194
v 0.396596 0.677102 0.150194
v 0.425792 0.622479 0.150194
v 0.443771 0.563211 0.150194
v 0.449842 0.501573 0.150194
v 0.443771 0.439935 0.150194
v 0.379801 0.501573 0.150194
v 0.378919 0.492618 0.150194
v 0.378919 0.510528 0.150194
v 0.376307 0.519139 0.150194
v 0.372065 0.527075 0.150194
v 0.366356 0.534031 0.150194
v 0.359400 0.539740 0.150194
v 0.351464 0.543982 0.150194
v 0.342853 0.546594 0.150194
v 0.333898 0.547476 0.150194
v 0.324943 0.546594 0.150194
v 0.316332 0.543982 0.150194
v 0.308396 0.539740 0.150194
v 0.301440 0.534031 0.150194
v 0.290091 0.597167 0.150194
v 0.284755 0.594314 0.150194
v 0.292707 0.598565 0.150194
v 0.299678 0.604286 0.150194
v 0.305399 0.611257 0.150194
v 0.309650 0.619210 0.150194
v 0.312267 0.627839 0.150194
v 0.313151 0.636813 0.150194
v 0.312267 0.645787 0.150194
v 0.309650 0.654416 0.150194
v 0.305399 0.662369 0.150194
v 0.299678 0.669340 0.150194
v 0.292707 0.675061 0.150194
v 0.284755 0.679311 0.150194
v 0.276125 0.681929 0.150194
v 0.267151 0.682813 0.150194
v 0.258177 0.681929 0.150194
v 0.249548 0.679311 0.150194
v 0.241595 0.675061 0.150194
v 0.234624 0.669340 0.150194
v 0.157719 0.680249 0.150194
v 0.155521 0.679075 0.150194
v 0.163474 0.683325 0.150194
v 0.170445 0.689046 0.150194
v 0.176166 0.696017 0.150194
v 0.180416 0.703970 0.150194
v 0.183034 0.712599 0.150194
v 0.183918 0.721573 0.150194
v 0.183034 0.730547 0.150194
v 0.180416 0.739177 0.150194
v 0.176166 0.747129 0.150194
v 0.170445 0.754100 0.150194
v 0.163474 0.759821 0.150194
v 0.155521 0.764072 0.150194
v 0.146892 0.766689 0.150194
v 0.146892 0.676457 0.150194
v 0.137918 0.675573 0.150194
v 0.128944 0.676457 0.150194
v 0.120315 0.679075 0.150194
v 0.112362 0.683325 0.150194
v 0.105391 0.689046 0.150194
v 0.099670 0.696017 0.150194
v 0.095420 0.703970 0.150194
v 0.092802 0.712599 0.150194
v 0.091918 0.721573 0.150194
v 0.092802 0.730547 0.150194
v 0.095420 0.739177 0.150194
v 0.099670 0.747129 0.150194
v 0.105391 0.754100 0.150194
v 0.112362 0.759821 0.150194
v 0.120315 0.764072 0.150194
v 0.128944 0.766689 0.150194
v 0.228903 0.662369 0.150194
v 0.224653 0.654416 0.150194
v 0.222035 0.645787 0.150194
v 0.221151 0.636813 0.150194
v 0.222035 0.627839 0.150194
v 0.224653 0.619210 0.150194
v 0.228903 0.611257 0.150194
v 0.234624 0.604286 0.150194
v 0.198588 0.602407 0.150194
v 0.200566 0.601349 0.150194
v 0.179820 0.612438 0.150194
v 0.157309 0.619267 0.150194
v 0.133898 0.621573 0.150194
v 0.110487 0.619267 0.150194
v 0.087976 0.612438 0.150194
v 0.067230 0.601349 0.150194
v 0.049045 0.586426 0.150194
v 0.034122 0.568241 0.150194
v 0.023032 0.547495 0.150194
v 0.016204 0.524984 0.150194
v 0.013898 0.501573 0.150194
v 0.016204 0.478162 0.150194
v 0.023032 0.455651 0.150194
v 0.034122 0.434905 0.150194
v 0.049045 0.416720 0.150194
v 0.067230 0.401797 0.150194
v 0.087976 0.390707 0.150194
v 0.110487 0.383879 0.150194
v 0.133898 0.381573 0.150194
v 0.157309 0.383879 0.150194
v 0.179820 0.390707 0.150194
v 0.200566 0.401797 0.150194
v 0.218751 0.416720 0.150194
v 0.233674 0.434905 0.150194
v 0.244764 0.455651 0.150194
v 0.251592 0.478162 0.150194
v 0.253898 0.501573 0.150194
v 0.251592 0.524984 0.150194
v 0.244764 0.547495 0.150194
v 0.233674 0.568241 0.150194
v 0.218751 0.586426 0.150194
v 0.205291 0.597472 0.150194
v 0.241595 0.598565 0.150194
v 0.249548 0.594314 0.150194
v 0.258177 0.591697 0.150194
v 0.267151 0.590813 0.150194
v 0.276125 0.591697 0.150194
v 0.295731 0.527075 0.150194
v 0.291489 0.519139 0.150194
v 0.288877 0.510528 0.150194
v 0.287995 0.501573 0.150194
v 0.288877 0.492618 0.150194
v 0.291489 0.484007 0.150194
v 0.295731 0.476071 0.150194
v 0.301440 0.469115 0.150194
v 0.308396 0.463406 0.150194
v 0.146022 0.313697 0.150194
v 0.151731 0.306741 0.150194
v 0.139066 0.319405 0.150194
v 0.131130 0.323647 0.150194
v 0.122519 0.326259 0.150194
v 0.113564 0.327141 0.150194
v 0.104608 0.326259 0.150194
v 0.095997 0.323647 0.150194
v 0.088061 0.319405 0.150194
v 0.081105 0.313697 0.150194
v 0.075397 0.306741 0.150194
v 0.071155 0.298805 0.150194
v 0.068543 0.290194 0.150194
v 0.067661 0.281238 0.150194
v 0.068543 0.272283 0.150194
v 0.071155 0.263672 0.150194
v 0.075397 0.255736 0.150194
v 0.081105 0.248780 0.150194
v 0.088061 0.243071 0.150194
v 0.095997 0.238830 0.150194
v 0.104608 0.236217 0.150194
v 0.113564 0.235335 0.150194
v 0.122519 0.236217 0.150194
v 0.131130 0.238830 0.150194
v 0.133898 0.185629 0.150194
v 0.195536 0.191700 0.150194
v 0.072260 0.191700 0.150194
v 0.012992 0.209679 0.150194
v -0.041631 0.238875 0.150194
v -0.089508 0.278167 0.150194
v -0.048274 0.319086 0.150194
v -0.128800 0.326044 0.150194
v -0.157996 0.380666 0.150194
v -0.175975 0.439935 0.150194
v -0.182046 0.501573 0.150194
v -0.175975 0.563211 0.150194
v -0.128882 0.500773 0.150194
v -0.127998 0.509747 0.150194
v -0.127998 0.491799 0.150194
v -0.125381 0.483170 0.150194
v -0.121130 0.475217 0.150194
v -0.115409 0.468246 0.150194
v -0.108438 0.462525 0.150194
v -0.100485 0.458275 0.150194
v -0.091856 0.455657 0.150194
v -0.082882 0.454773 0.150194
v -0.073908 0.455657 0.150194
v -0.065279 0.458275 0.150194
v -0.057326 0.462525 0.150194
v -0.050355 0.468246 0.150194
v -0.044634 0.475217 0.150194
v -0.040384 0.483170 0.150194
v -0.037766 0.491799 0.150194
v -0.036882 0.500773 0.150194
v -0.037766 0.509747 0.150194
v -0.040384 0.518376 0.150194
v -0.044634 0.526329 0.150194
v -0.050355 0.533300 0.150194
v -0.052066 0.534704 0.150194
v -0.057326 0.539021 0.150194
v -0.048274 0.604286 0.150194
v -0.053995 0.611257 0.150194
v -0.047153 0.603366 0.150194
v -0.041303 0.598565 0.150194
v -0.024721 0.396729 0.150194
v -0.015747 0.397613 0.150194
v -0.033350 0.394111 0.150194
v -0.041303 0.389860 0.150194
v -0.048274 0.384140 0.150194
v -0.053995 0.377169 0.150194
v -0.058245 0.369216 0.150194
v -0.060863 0.360587 0.150194
v -0.061747 0.351613 0.150194
v -0.060863 0.342639 0.150194
v -0.058245 0.334009 0.150194
v -0.053995 0.326057 0.150194
v -0.006773 0.396729 0.150194
v 0.001857 0.394111 0.150194
v 0.009809 0.389860 0.150194
v 0.016780 0.384140 0.150194
v 0.022501 0.377169 0.150194
v 0.026752 0.369216 0.150194
v 0.029369 0.360587 0.150194
v 0.030253 0.351613 0.150194
v 0.029369 0.342639 0.150194
v 0.026752 0.334009 0.150194
v 0.022501 0.326057 0.150194
v 0.016780 0.319086 0.150194
v 0.009809 0.313365 0.150194
v 0.001857 0.309114 0.150194
v -0.006773 0.306497 0.150194
v -0.015747 0.305613 0.150194
v -0.024721 0.306497 0.150194
v -0.033350 0.309114 0.150194
v -0.041303 0.313365 0.150194
v -0.033350 0.594314 0.150194
v -0.024721 0.591697 0.150194
v -0.015747 0.590813 0.150194
v -0.006773 0.591697 0.150194
v 0.001857 0.594314 0.150194
v 0.009809 0.598565 0.150194
v 0.016780 0.604286 0.150194
v 0.022501 0.611257 0.150194
v 0.026752 0.619209 0.150194
v 0.029369 0.627839 0.150194
v 0.030253 0.636813 0.150194
v 0.029369 0.645787 0.150194
v 0.026752 0.654416 0.150194
v 0.022501 0.662369 0.150194
v 0.016780 0.669340 0.150194
v 0.009809 0.675061 0.150194
v 0.001857 0.679311 0.150194
v -0.006773 0.681929 0.150194
v -0.015747 0.682813 0.150194
v -0.024721 0.681929 0.150194
v -0.033350 0.679311 0.150194
v -0.041303 0.675061 0.150194
v -0.048274 0.669340 0.150194
v -0.089508 0.724979 0.150194
v -0.053995 0.662369 0.150194
v -0.058245 0.654416 0.150194
v -0.060863 0.645787 0.150194
v -0.061747 0.636813 0.150194
v -0.060863 0.627839 0.150194
v -0.058245 0.619209 0.150194
v -0.041631 0.764271 0.150194
v -0.128800 0.677102 0.150194
v -0.157996 0.622479 0.150194
v 0.012992 0.793467 0.150194
v -0.065279 0.543271 0.150194
v -0.073908 0.545889 0.150194
v -0.082882 0.546773 0.150194
v -0.091856 0.545889 0.150194
v -0.100485 0.543271 0.150194
v -0.108438 0.539021 0.150194
v -0.115409 0.533300 0.150194
v -0.121130 0.526329 0.150194
v -0.125381 0.518376 0.150194
v 0.254804 0.209679 0.150194
v 0.309427 0.238875 0.150194
v 0.357304 0.278167 0.150194
v 0.305399 0.326057 0.150194
v 0.396596 0.326044 0.150194
v 0.425792 0.380666 0.150194
v 0.299678 0.319086 0.150194
v 0.309650 0.334009 0.150194
v 0.312267 0.342639 0.150194
v 0.313151 0.351613 0.150194
v 0.312267 0.360587 0.150194
v 0.309650 0.369216 0.150194
v 0.305399 0.377169 0.150194
v 0.299678 0.384140 0.150194
v 0.292707 0.389860 0.150194
v 0.284755 0.394111 0.150194
v 0.276125 0.396729 0.150194
v 0.267151 0.397613 0.150194
v 0.258177 0.396729 0.150194
v 0.249548 0.394111 0.150194
v 0.241595 0.389860 0.150194
v 0.234624 0.384140 0.150194
v 0.228903 0.377169 0.150194
v 0.224653 0.369216 0.150194
v 0.222035 0.360587 0.150194
v 0.221151 0.351613 0.150194
v 0.222035 0.342639 0.150194
v 0.224653 0.334009 0.150194
v 0.158585 0.290194 0.150194
v 0.159467 0.281238 0.150194
v 0.155972 0.298805 0.150194
v 0.158585 0.272283 0.150194
v 0.155972 0.263672 0.150194
v 0.151731 0.255736 0.150194
v 0.146022 0.248780 0.150194
v 0.139066 0.243071 0.150194
v 0.228903 0.326057 0.150194
v 0.234624 0.319086 0.150194
v 0.241595 0.313365 0.150194
v 0.249548 0.309114 0.150194
v 0.258177 0.306497 0.150194
v 0.267151 0.305613 0.150194
v 0.276125 0.306497 0.150194
v 0.284755 0.309114 0.150194
v 0.292707 0.313365 0.150194
v 0.316332 0.459164 0.150194
v 0.324943 0.456552 0.150194
v 0.333898 0.455670 0.150194
v 0.342853 0.456552 0.150194
v 0.351464 0.459164 0.150194
v 0.359400 0.463406 0.150194
v 0.366356 0.469115 0.150194
v 0.372065 0.476071 0.150194
v 0.376307 0.484007 0.150194
v 0.133898 0.817517 0.052604
v 0.137918 0.767573 0.052604
v 0.072260 0.811446 0.052604
v 0.195536 0.811446 0.052604
v 0.254804 0.793467 0.052604
v 0.309427 0.764271 0.052604
v 0.357304 0.724979 0.052604
v 0.396596 0.677102 0.052604
v 0.425792 0.622479 0.052604
v 0.443771 0.563211 0.052604
v 0.449842 0.501573 0.052604
v 0.443771 0.439935 0.052604
v 0.379801 0.501573 0.052604
v 0.378919 0.492618 0.052604
v 0.378919 0.510528 0.052604
v 0.376307 0.519139 0.052604
v 0.372065 0.527075 0.052604
v 0.366356 0.534031 0.052604
v 0.359400 0.539740 0.052604
v 0.351464 0.543982 0.052604
v 0.342853 0.546594 0.052604
v 0.333898 0.547476 0.052604
v 0.324943 0.546594 0.052604
v 0.316332 0.543982 0.052604
v 0.308396 0.539740 0.052604
v 0.301440 0.534031 0.052604
v 0.290091 0.597167 0.052604
v 0.284755 0.594315 0.052604
v 0.292707 0.598565 0.052604
v 0.299678 0.604286 0.052604
v 0.305399 0.611257 0.052604
v 0.309650 0.619210 0.052604
v 0.312267 0.627839 0.052604
v 0.313151 0.636813 0.052604
v 0.312267 0.645787 0.052604
v 0.309650 0.654416 0.052604
v 0.305399 0.662369 0.052604
v 0.299678 0.669340 0.052604
v 0.292707 0.675061 0.052604
v 0.284755 0.679312 0.052604
v 0.276125 0.681929 0.052604
v 0.267151 0.682813 0.052604
v 0.258177 0.681929 0.052604
v 0.249548 0.679312 0.052604
v 0.241595 0.675061 0.052604
v 0.234624 0.669340 0.052604
v 0.157719 0.680249 0.052604
v 0.155521 0.679075 0.052604
v 0.163474 0.683326 0.052604
v 0.170445 0.689046 0.052604
v 0.176166 0.696017 0.052604
v 0.180416 0.703970 0.052604
v 0.183034 0.712599 0.052604
v 0.183918 0.721573 0.052604
v 0.183034 0.730547 0.052604
v 0.180416 0.739177 0.052604
v 0.176166 0.747129 0.052604
v 0.170445 0.754100 0.052604
v 0.163474 0.759821 0.052604
v 0.155521 0.764072 0.052604
v 0.146892 0.766689 0.052604
v 0.146892 0.676457 0.052604
v 0.137918 0.675573 0.052604
v 0.128944 0.676457 0.052604
v 0.120315 0.679075 0.052604
v 0.112362 0.683326 0.052604
v 0.105391 0.689046 0.052604
v 0.099670 0.696017 0.052604
v 0.095420 0.703970 0.052604
v 0.092802 0.712599 0.052604
v 0.091918 0.721573 0.052604
v 0.092802 0.730547 0.052604
v 0.095420 0.739177 0.052604
v 0.099670 0.747129 0.052604
v 0.105391 0.754100 0.052604
v 0.112362 0.759821 0.052604
v 0.120315 0.764072 0.052604
v 0.128944 0.766689 0.052604
v 0.228903 0.662369 0.052604
v 0.224653 0.654416 0.052604
v 0.222035 0.645787 0.052604
v 0.221151 0.636813 0.052604
v 0.222035 0.627839 0.052604
v 0.224653 0.619210 0.052604
v 0.228903 0.611257 0.052604
v 0.234624 0.604286 0.052604
v 0.198588 0.602407 0.052604
v 0.200566 0.601349 0.052604
v 0.179820 0.612439 0.052604
v 0.157309 0.619267 0.052604
v 0.133898 0.621573 0.052604
v 0.110487 0.619267 0.052604
v 0.087976 0.612439 0.052604
v 0.067230 0.601349 0.052604
v 0.049045 0.586426 0.052604
v 0.034122 0.568241 0.052604
v 0.023032 0.547495 0.052604
v 0.016204 0.524984 0.052604
v 0.013898 0.501573 0.052604
v 0.016204 0.478162 0.052604
v 0.023032 0.455651 0.052604
v 0.034122 0.434905 0.052604
v 0.049045 0.416720 0.052604
v 0.067230 0.401797 0.052604
v 0.087976 0.390707 0.052604
v 0.110487 0.383879 0.052604
v 0.133898 0.381573 0.052604
v 0.157309 0.383879 0.052604
v 0.179820 0.390707 0.052604
v 0.200566 0.401797 0.052604
v 0.218751 0.416720 0.052604
v 0.233674 0.434905 0.052604
v 0.244764 0.455651 0.052604
v 0.251592 0.478162 0.052604
v 0.253898 0.501573 0.052604
v 0.251592 0.524984 0.052604
v 0.244764 0.547495 0.052604
v 0.233674 0.568241 0.052604
v 0.218751 0.586426 0.052604
v 0.205291 0.597472 0.052604
v 0.241595 0.598565 0.052604
v 0.249548 0.594315 0.052604
v 0.258177 0.591697 0.052604
v 0.267151 0.590813 0.052604
v 0.276125 0.591697 0.052604
v 0.295731 0.527075 0.052604
v 0.291489 0.519139 0.052604
v 0.288877 0.510528 0.052604
v 0.287995 0.501573 0.052604
v 0.288877 0.492618 0.052604
v 0.291489 0.484007 0.052604
v 0.295731 0.476071 0.052604
v 0.301440 0.469115 0.052604
v 0.308396 0.463406 0.052604
v 0.146022 0.313697 0.052604
v 0.151731 0.306741 0.052604
v 0.139066 0.319405 0.052604
v 0.131130 0.323647 0.052604
v 0.122519 0.326259 0.052604
v 0.113564 0.327141 0.052604
v 0.104608 0.326259 0.052604
v 0.095997 0.323647 0.052604
v 0.088061 0.319405 0.052604
v 0.081105 0.313697 0.052604
v 0.075397 0.306741 0.052604
v 0.071155 0.298805 0.052604
v 0.068543 0.290194 0.052604
v 0.067661 0.281238 0.052604
v 0.068543 0.272283 0.052604
v 0.071155 0.263672 0.052604
v 0.075397 0.255736 0.052604
v 0.081105 0.248780 0.052604
v 0.088061 0.243071 0.052604
v 0.095997 0.238830 0.052604
v 0.104608 0.236217 0.052604
v 0.113564 0.235335 0.052604
v 0.122519 0.236217 0.052604
v 0.131130 0.238830 0.052604
v 0.133898 0.185629 0.052604
v 0.195536 0.191700 0.052604
v 0.072260 0.191700 0.052604
v 0.012992 0.209679 0.052604
v -0.041631 0.238875 0.052604
v -0.089508 0.278167 0.052604
v -0.048274 0.319086 0.052604
v -0.128800 0.326044 0.052604
v -0.157996 0.380667 0.052604
v -0.175975 0.439935 0.052604
v -0.182046 0.501573 0.052604
v -0.175975 0.563211 0.052604
v -0.128882 0.500773 0.052604
v -0.127998 0.509747 0.052604
v -0.127998 0.491799 0.052604
v -0.125381 0.483170 0.052604
v -0.121130 0.475217 0.052604
v -0.115409 0.468246 0.052604
v -0.108438 0.462525 0.052604
v -0.100485 0.458275 0.052604
v -0.091856 0.455657 0.052604
v -0.082882 0.454773 0.052604
v -0.073908 0.455657 0.052604
v -0.065279 0.458275 0.052604
v -0.057326 0.462525 0.052604
v -0.050355 0.468246 0.052604
v -0.044634 0.475217 0.052604
v -0.040384 0.483170 0.052604
v -0.037766 0.491799 0.052604
v -0.036882 0.500773 0.052604
v -0.037766 0.509747 0.052604
v -0.040384 0.518376 0.052604
v -0.044634 0.526329 0.052604
v -0.050355 0.533300 0.052604
v -0.052066 0.534704 0.052604
v -0.057326 0.539021 0.052604
v -0.048274 0.604286 0.052604
v -0.053995 0.611257 0.052604
v -0.047153 0.603366 0.052604
v -0.041303 0.598565 0.052604
v -0.024721 0.396729 0.052604
v -0.015747 0.397613 0.052604
v -0.033350 0.394111 0.052604
v -0.041303 0.389861 0.052604
v -0.048274 0.384140 0.052604
v -0.053995 0.377169 0.052604
v -0.058245 0.369216 0.052604
v -0.060863 0.360587 0.052604
v -0.061747 0.351613 0.052604
v -0.060863 0.342639 0.052604
v -0.058245 0.334009 0.052604
v -0.053995 0.326057 0.052604
v -0.006773 0.396729 0.052604
v 0.001857 0.394111 0.052604
v 0.009809 0.389861 0.052604
v 0.016780 0.384140 0.052604
v 0.022501 0.377169 0.052604
v 0.026752 0.369216 0.052604
v 0.029369 0.360587 0.052604
v 0.030253 0.351613 0.052604
v 0.029369 0.342639 0.052604
v 0.026752 0.334009 0.052604
v 0.022501 0.326057 0.052604
v 0.016780 0.319086 0.052604
v 0.009809 0.313365 0.052604
v 0.001857 0.309114 0.052604
v -0.006773 0.306497 0.052604
v -0.015747 0.305613 0.052604
v -0.024721 0.306497 0.052604
v -0.033350 0.309114 0.052604
v -0.041303 0.313365 0.052604
v -0.033350 0.594315 0.052604
v -0.024721 0.591697 0.052604
v -0.015747 0.590813 0.052604
v -0.006773 0.591697 0.052604
v 0.001857 0.594315 0.052604
v 0.009809 0.598565 0.052604
v 0.016780 0.604286 0.052604
v 0.022501 0.611257 0.052604
v 0.026752 0.619210 0.052604
v 0.029369 0.627839 0.052604
v 0.030253 0.636813 0.052604
v 0.029369 0.645787 0.052604
v 0.026752 0.654416 0.052604
v 0.022501 0.662369 0.052604
v 0.016780 0.669340 0.052604
v 0.009809 0.675061 0.052604
v 0.001857 0.679311 0.052604
v -0.006773 0.681929 0.052604
v -0.015747 0.682813 0.052604
v -0.024721 0.681929 0.052604
v -0.033350 0.679311 0.052604
v -0.041303 0.675061 0.052604
v -0.048274 0.669340 0.052604
v -0.089508 0.724979 0.052604
v -0.053995 0.662369 0.052604
v -0.058245 0.654416 0.052604
v -0.060863 0.645787 0.052604
v -0.061747 0.636813 0.052604
v -0.060863 0.627839 0.052604
v -0.058245 0.619210 0.052604
v -0.041631 0.764271 0.052604
v -0.128800 0.677102 0.052604
v -0.157996 0.622479 0.052604
v 0.012992 0.793467 0.052604
v -0.065279 0.543272 0.052604
v -0.073908 0.545889 0.052604
v -0.082882 0.546773 0.052604
v -0.091856 0.545889 0.052604
v -0.100485 0.543272 0.052604
v -0.108438 0.539021 0.052604
v -0.115409 0.533300 0.052604
v -0.121130 0.526329 0.052604
v -0.125381 0.518376 0.052604
v 0.254804 0.209679 0.052604
v 0.309427 0.238875 0.052604
v 0.357304 0.278167 0.052604
v 0.305399 0.326057 0.052604
v 0.396596 0.326044 0.052604
v 0.425792 0.380667 0.052604
v 0.299678 0.319086 0.052604
v 0.309650 0.334009 0.052604
v 0.312267 0.342639 0.052604
v 0.313151 0.351613 0.052604
v 0.312267 0.360587 0.052604
v 0.309650 0.369216 0.052604
v 0.305399 0.377169 0.052604
v 0.299678 0.384140 0.052604
v 0.292707 0.389861 0.052604
v 0.284755 0.394111 0.052604
v 0.276125 0.396729 0.052604
v 0.267151 0.397613 0.052604
v 0.258177 0.396729 0.052604
v 0.249548 0.394111 0.052604
v 0.241595 0.389861 0.052604
v 0.234624 0.384140 0.052604
v 0.228903 0.377169 0.052604
v 0.224653 0.369216 0.052604
v 0.222035 0.360587 0.052604
v 0.221151 0.351613 0.052604
v 0.222035 0.342639 0.052604
v 0.222408 0.341409 0.052604
v 0.224653 0.334009 0.052604
v 0.158585 0.290194 0.052604
v 0.159467 0.281238 0.052604
v 0.155972 0.298805 0.052604
v 0.158585 0.272283 0.052604
v 0.155972 0.263672 0.052604
v 0.151731 0.255736 0.052604
v 0.146022 0.248780 0.052604
v 0.139066 0.243071 0.052604
v 0.228903 0.326057 0.052604
v 0.234624 0.319086 0.052604
v 0.241595 0.313365 0.052604
v 0.249548 0.309114 0.052604
v 0.258177 0.306497 0.052604
v 0.267151 0.305613 0.052604
v 0.276125 0.306497 0.052604
v 0.284755 0.309114 0.052604
v 0.292707 0.313365 0.052604
v 0.316332 0.459164 0.052604
v 0.324943 0.456552 0.052604
v 0.333898 0.455670 0.052604
v 0.342853 0.456552 0.052604
v 0.351464 0.459164 0.052604
v 0.359400 0.463406 0.052604
v 0.366356 0.469115 0.052604
v 0.372065 0.476071 0.052604
v 0.376307 0.484007 0.052604
v 0.133898 0.817517 0.033086
v 0.137918 0.767573 0.033086
v 0.072260 0.811446 0.033086
v 0.195536 0.811446 0.033086
v 0.254804 0.793467 0.033086
v 0.309427 0.764271 0.033086
v 0.357304 0.724979 0.033086
v 0.396596 0.677102 0.033086
v 0.425792 0.622479 0.033086
v 0.443771 0.563211 0.033086
v 0.449842 0.501573 0.033086
v 0.443771 0.439935 0.033086
v 0.379801 0.501573 0.033086
v 0.378919 0.492618 0.033086
v 0.378919 0.510528 0.033086
v 0.376307 0.519139 0.033086
v 0.372065 0.527075 0.033086
v 0.366356 0.534031 0.033086
v 0.359400 0.539740 0.033086
v 0.351464 0.543982 0.033086
v 0.342853 0.546594 0.033086
v 0.333898 0.547476 0.033086
v 0.324943 0.546594 0.033086
v 0.316332 0.543982 0.033086
v 0.308396 0.539740 0.033086
v 0.301440 0.534031 0.033086
v 0.290091 0.597167 0.033086
v 0.284755 0.594314 0.033086
v 0.292707 0.598565 0.033086
v 0.299678 0.604286 0.033086
v 0.305399 0.611257 0.033086
v 0.309650 0.619209 0.033086
v 0.312267 0.627839 0.033086
v 0.313151 0.636813 0.033086
v 0.312267 0.645787 0.033086
v 0.309650 0.654416 0.033086
v 0.305399 0.662369 0.033086
v 0.299678 0.669340 0.033086
v 0.292707 0.675061 0.033086
v 0.284755 0.679311 0.033086
v 0.276125 0.681929 0.033086
v 0.267151 0.682813 0.033086
v 0.258177 0.681929 0.033086
v 0.249548 0.679311 0.033086
v 0.241595 0.675061 0.033086
v 0.234624 0.669340 0.033086
v 0.157719 0.680249 0.033086
v 0.155521 0.679075 0.033086
v 0.163474 0.683325 0.033086
v 0.170445 0.689046 0.033086
v 0.176166 0.696017 0.033086
v 0.180416 0.703970 0.033086
v 0.183034 0.712599 0.033086
v 0.183918 0.721573 0.033086
v 0.183034 0.730547 0.033086
v 0.180416 0.739177 0.033086
v 0.176166 0.747129 0.033086
v 0.170445 0.754100 0.033086
v 0.163474 0.759821 0.033086
v 0.155521 0.764072 0.033086
v 0.146892 0.766689 0.033086
v 0.146892 0.676457 0.033086
v 0.137918 0.675573 0.033086
v 0.128944 0.676457 0.033086
v 0.120315 0.679075 0.033086
v 0.112362 0.683325 0.033086
v 0.105391 0.689046 0.033086
v 0.099670 0.696017 0.033086
v 0.095420 0.703970 0.033086
v 0.092802 0.712599 0.033086
v 0.091918 0.721573 0.033086
v 0.092802 0.730547 0.033086
v 0.095420 0.739177 0.033086
v 0.099670 0.747129 0.033086
v 0.105391 0.754100 0.033086
v 0.112362 0.759821 0.033086
v 0.120315 0.764072 0.033086
v 0.128944 0.766689 0.033086
v 0.228903 0.662369 0.033086
v 0.224653 0.654416 0.033086
v 0.222035 0.645787 0.033086
v 0.221151 0.636813 0.033086
v 0.222035 0.627839 0.033086
v 0.224653 0.619209 0.033086
v 0.228903 0.611257 0.033086
v 0.234624 0.604286 0.033086
v 0.198588 0.602407 0.033086
v 0.200566 0.601349 0.033086
v 0.179820 0.612438 0.033086
v 0.157309 0.619267 0.033086
v 0.133898 0.621573 0.033086
v 0.110487 0.619267 0.033086
v 0.087976 0.612438 0.033086
v 0.067230 0.601349 0.033086
v 0.049045 0.586426 0.033086
v 0.034122 0.568241 0.033086
v 0.023032 0.547495 0.033086
v 0.016204 0.524984 0.033086
v 0.013898 0.501573 0.033086
v 0.016204 0.478162 0.033086
v 0.023032 0.455651 0.033086
v 0.034122 0.434905 0.033086
v 0.049045 0.416720 0.033086
v 0.067230 0.401797 0.033086
v 0.087976 0.390707 0.033086
v 0.110487 0.383879 0.033086
v 0.133898 0.381573 0.033086
v 0.157309 0.383879 0.033086
v 0.179820 0.390707 0.033086
v 0.200566 0.401797 0.033086
v 0.218751 0.416720 0.033086
v 0.233674 0.434905 0.033086
v 0.244764 0.455651 0.033086
v 0.251592 0.478162 0.033086
v 0.253898 0.501573 0.033086
v 0.251592 0.524984 0.033086
v 0.244764 0.547495 0.033086
v 0.233674 0.568241 0.033086
v 0.218751 0.586426 0.033086
v 0.205291 0.597472 0.033086
v 0.241595 0.598565 0.033086
v 0.249548 0.594314 0.033086
v 0.258177 0.591697 0.033086
v 0.267151 0.590813 0.033086
v 0.276125 0.591697 0.033086
v 0.295731 0.527075 0.033086
v 0.291489 0.519139 0.033086
v 0.288877 0.510528 0.033086
v 0.287995 0.501573 0.033086
v 0.288877 0.492618 0.033086
v 0.291489 0.484007 0.033086
v 0.295731 0.476071 0.033086
v 0.301440 0.469115 0.033086
v 0.308396 0.463406 0.033086
v 0.146022 0.313697 0.033086
v 0.151731 0.306741 0.033086
v 0.139066 0.319405 0.033086
v 0.131130 0.323647 0.033086
v 0.122519 0.326259 0.033086
v 0.113564 0.327141 0.033086
v 0.104608 0.326259 0.033086
v 0.095997 0.323647 0.033086
v 0.088061 0.319405 0.033086
v 0.081105 0.313697 0.033086
v 0.075397 0.306741 0.033086
v 0.071155 0.298805 0.033086
v 0.068543 0.290194 0.033086
v 0.067661 0.281238 0.033086
v 0.068543 0.272283 0.033086
v 0.071155 0.263672 0.033086
v 0.075397 0.255736 0.033086
v 0.081105 0.248780 0.033086
v 0.088061 0.243071 0.033086
v 0.095997 0.238829 0.033086
v 0.104608 0.236217 0.033086
v 0.113564 0.235335 0.033086
v 0.122519 0.236217 0.033086
v 0.131130 0.238829 0.033086
v 0.133898 0.185629 0.033086
v 0.195536 0.191700 0.033086
v 0.072260 0.191700 0.033086
v 0.012992 0.209679 0.033086
v -0.041631 0.238875 0.033086
v -0.089508 0.278167 0.033086
v -0.048274 0.319086 0.033086
v -0.128800 0.326044 0.033086
v -0.157996 0.380666 0.033086
v -0.175975 0.439935 0.033086
v -0.182046 0.501573 0.033086
v -0.175975 0.563211 0.033086
v -0.128882 0.500773 0.033086
v -0.127998 0.509747 0.033086
v -0.127998 0.491799 0.033086
v -0.125381 0.483170 0.033086
v -0.121130 0.475217 0.033086
v -0.115409 0.468246 0.033086
v -0.108438 0.462525 0.033086
v -0.100485 0.458275 0.033086
v -0.091856 0.455657 0.033086
v -0.082882 0.454773 0.033086
v -0.073908 0.455657 0.033086
v -0.065279 0.458275 0.033086
v -0.057326 0.462525 0.033086
v -0.050355 0.468246 0.033086
v -0.044634 0.475217 0.033086
v -0.040384 0.483170 0.033086
v -0.037766 0.491799 0.033086
v -0.036882 0.500773 0.033086
v -0.037766 0.509747 0.033086
v -0.040384 0.518376 0.033086
v -0.044634 0.526329 0.033086
v -0.050355 0.533300 0.033086
v -0.052066 0.534704 0.033086
v -0.057326 0.539021 0.033086
v -0.048274 0.604286 0.033086
v -0.053995 0.611257 0.033086
v -0.047153 0.603366 0.033086
v -0.041303 0.598565 0.033086
v -0.024721 0.396729 0.033086
v -0.015747 0.397613 0.033086
v -0.033350 0.394111 0.033086
v -0.041303 0.389860 0.033086
v -0.048274 0.384140 0.033086
v -0.053995 0.377169 0.033086
v -0.058245 0.369216 0.033086
v -0.060863 0.360587 0.033086
v -0.061747 0.351613 0.033086
v -0.060863 0.342639 0.033086
v -0.058245 0.334009 0.033086
v -0.053995 0.326057 0.033086
v -0.006773 0.396729 0.033086
v 0.001857 0.394111 0.033086
v 0.009809 0.389860 0.033086
v 0.016780 0.384140 0.033086
v 0.022501 0.377169 0.033086
v 0.026752 0.369216 0.033086
v 0.029369 0.360587 0.033086
v 0.030253 0.351613 0.033086
v 0.029369 0.342639 0.033086
v 0.026752 0.334009 0.033086
v 0.022501 0.326057 0.033086
v 0.016780 0.319086 0.033086
v 0.009809 0.313365 0.033086
v 0.001857 0.309114 0.033086
v -0.006773 0.306497 0.033086
v -0.015747 0.305613 0.033086
v -0.024721 0.306497 0.033086
v -0.033350 0.309114 0.033086
v -0.041303 0.313365 0.033086
v -0.033350 0.594314 0.033086
v -0.024721 0.591697 0.033086
v -0.015747 0.590813 0.033086
v -0.006773 0.591697 0.033086
v 0.001857 0.594314 0.033086
v 0.009809 0.598565 0.033086
v 0.016780 0.604286 0.033086
v 0.022501 0.611257 0.033086
v 0.026752 0.619209 0.033086
v 0.029369 0.627839 0.033086
v 0.030253 0.636813 0.033086
v 0.029369 0.645787 0.033086
v 0.026752 0.654416 0.033086
v 0.022501 0.662369 0.033086
v 0.016780 0.669340 0.033086
v 0.009809 0.675061 0.033086
v 0.001857 0.679311 0.033086
v -0.006773 0.681929 0.033086
v -0.015747 0.682813 0.033086
v -0.024721 0.681929 0.033086
v -0.033350 0.679311 0.033086
v -0.041303 0.675061 0.033086
v -0.048274 0.669340 0.033086
v -0.089508 0.724979 0.033086
v -0.053995 0.662369 0.033086
v -0.058245 0.654416 0.033086
v -0.060863 0.645787 0.033086
v -0.061747 0.636813 0.033086
v -0.060863 0.627839 0.033086
v -0.058245 0.619209 0.033086
v -0.041631 0.764271 0.033086
v -0.128800 0.677102 0.033086
v -0.157996 0.622479 0.033086
v 0.012992 0.793467 0.033086
v -0.065279 0.543271 0.033086
v -0.073908 0.545889 0.033086
v -0.082882 0.546773 0.033086
v -0.091856 0.545889 0.033086
v -0.100485 0.543271 0.033086
v -0.108438 0.539021 0.033086
v -0.115409 0.533300 0.033086
v -0.121130 0.526329 0.033086
v -0.125381 0.518376 0.033086
v 0.254804 0.209679 0.033086
v 0.309427 0.238875 0.033086
v 0.357304 0.278167 0.033086
v 0.305399 0.326057 0.033086
v 0.396596 0.326044 0.033086
v 0.425792 0.380666 0.033086
v 0.299678 0.319086 0.033086
v 0.309650 0.334009 0.033086
v 0.312267 0.342639 0.033086
v 0.313151 0.351613 0.033086
v 0.312267 0.360587 0.033086
v 0.309650 0.369216 0.033086
v 0.305399 0.377169 0.033086
v 0.299678 0.384140 0.033086
v 0.292707 0.389860 0.033086
v 0.284755 0.394111 0.033086
v 0.276125 0.396729 0.033086
v 0.267151 0.397613 0.033086
v 0.258177 0.396729 0.033086
v 0.249548 0.394111 0.033086
v 0.241595 0.389860 0.033086
v 0.234624 0.384140 0.033086
v 0.228903 0.377169 0.033086
v 0.224653 0.369216 0.033086
v 0.222035 0.360587 0.033086
v 0.221151 0.351613 0.033086
v 0.222035 0.342639 0.033086
v 0.224653 0.334009 0.033086
v 0.158585 0.290194 0.033086
v 0.159467 0.281238 0.033086
v 0.155972 0.298805 0.033086
v 0.158585 0.272283 0.033086
v 0.155972 0.263672 0.033086
v 0.151731 0.255736 0.033086
v 0.146022 0.248780 0.033086
v 0.139066 0.243071 0.033086
v 0.228903 0.326057 0.033086
v 0.234624 0.319086 0.033086
v 0.241595 0.313365 0.033086
v 0.249548 0.309114 0.033086
v 0.258177 0.306497 0.033086
v 0.267151 0.305613 0.033086
v 0.276125 0.306497 0.033086
v 0.284755 0.309114 0.033086
v 0.292707 0.313365 0.033086
v 0.316332 0.459164 0.033086
v 0.324943 0.456552 0.033086
v 0.333898 0.455670 0.033086
v 0.342853 0.456552 0.033086
v 0.351464 0.459164 0.033086
v 0.359400 0.463406 0.033086
v 0.366356 0.469115 0.033086
v 0.372065 0.476071 0.033086
v 0.376307 0.484007 0.033086
v 0.133898 0.817517 -0.064505
v 0.137918 0.767573 -0.064505
v 0.072260 0.811446 -0.064505
v 0.195536 0.811446 -0.064505
v 0.254804 0.793467 -0.064505
v 0.309427 0.764271 -0.064505
v 0.357304 0.724979 -0.064505
v 0.396596 0.677102 -0.064505
v 0.425792 0.622479 -0.064505
v 0.443771 0.563211 -0.064505
v 0.449842 0.501573 -0.064505
v 0.443771 0.439935 -0.064505
v 0.379801 0.501573 -0.064505
v 0.378919 0.492618 -0.064505
v 0.378919 0.510528 -0.064505
v 0.376307 0.519139 -0.064505
v 0.372065 0.527075 -0.064505
v 0.366356 0.534031 -0.064505
v 0.359400 0.539740 -0.064505
v 0.351464 0.543982 -0.064505
v 0.342853 0.546594 -0.064505
v 0.333898 0.547476 -0.064505
v 0.324943 0.546594 -0.064505
v 0.316332 0.543982 -0.064505
v 0.308396 0.539740 -0.064505
v 0.301440 0.534031 -0.064505
v 0.290091 0.597167 -0.064505
v 0.284755 0.594315 -0.064505
v 0.292707 0.598565 -0.064505
v 0.299678 0.604286 -0.064505
v 0.305399 0.611257 -0.064505
v 0.309650 0.619210 -0.064505
v 0.312267 0.627839 -0.064505
v 0.313151 0.636813 -0.064505
v 0.312267 0.645787 -0.064505
v 0.309650 0.654416 -0.064505
v 0.305399 0.662369 -0.064505
v 0.299678 0.669340 -0.064505
v 0.292707 0.675061 -0.064505
v 0.284755 0.679311 -0.064505
v 0.276125 0.681929 -0.064505
v 0.267151 0.682813 -0.064505
v 0.258177 0.681929 -0.064505
v 0.249548 0.679311 -0.064505
v 0.241595 0.675061 -0.064505
v 0.234624 0.669340 -0.064505
v 0.157719 0.680249 -0.064505
v 0.155521 0.679075 -0.064505
v 0.163474 0.683326 -0.064505
v 0.170445 0.689046 -0.064505
v 0.176166 0.696017 -0.064505
v 0.180416 0.703970 -0.064505
v 0.183034 0.712599 -0.064505
v 0.183918 0.721573 -0.064505
v 0.183034 0.730547 -0.064505
v 0.180416 0.739177 -0.064505
v 0.176166 0.747129 -0.064505
v 0.170445 0.754100 -0.064505
v 0.163474 0.759821 -0.064505
v 0.155521 0.764072 -0.064505
v 0.146892 0.766689 -0.064505
v 0.146892 0.676457 -0.064505
v 0.137918 0.675573 -0.064505
v 0.128944 0.676457 -0.064505
v 0.120315 0.679075 -0.064505
v 0.112362 0.683326 -0.064505
v 0.105391 0.689046 -0.064505
v 0.099670 0.696017 -0.064505
v 0.095420 0.703970 -0.064505
v 0.092802 0.712599 -0.064505
v 0.091918 0.721573 -0.064505
v 0.092802 0.730547 -0.064505
v 0.095420 0.739177 -0.064505
v 0.099670 0.747129 -0.064505
v 0.105391 0.754100 -0.064505
v 0.112362 0.759821 -0.064505
v 0.120315 0.764072 -0.064505
v 0.128944 0.766689 -0.064505
v 0.228903 0.662369 -0.064505
v 0.224653 0.654416 -0.064505
v 0.222035 0.645787 -0.064505
v 0.221151 0.636813 -0.064505
v 0.222035 0.627839 -0.064505
v 0.224653 0.619210 -0.064505
v 0.228903 0.611257 -0.064505
v 0.234624 0.604286 -0.064505
v 0.198588 0.602407 -0.064505
v 0.200566 0.601349 -0.064505
v 0.179820 0.612439 -0.064505
v 0.157309 0.619267 -0.064505
v 0.133898 0.621573 -0.064505
v 0.110487 0.619267 -0.064505
v 0.087976 0.612439 -0.064505
v 0.067230 0.601349 -0.064505
v 0.049045 0.586426 -0.064505
v 0.034122 0.568241 -0.064505
v 0.023032 0.547495 -0.064505
v 0.016204 0.524984 -0.064505
v 0.013898 0.501573 -0.064505
v 0.016204 0.478162 -0.064505
v 0.023032 0.455651 -0.064505
v 0.034122 0.434905 -0.064505
v 0.049045 0.416720 -0.064505
v 0.067230 0.401797 -0.064505
v 0.087976 0.390707 -0.064505
v 0.110487 0.383879 -0.064505
v 0.133898 0.381573 -0.064505
v 0.157309 0.383879 -0.064505
v 0.179820 0.390707 -0.064505
v 0.200566 0.401797 -0.064505
v 0.218751 0.416720 -0.064505
v 0.233674 0.434905 -0.064505
v 0.244764 0.455651 -0.064505
v 0.251592 0.478162 -0.064505
v 0.253898 0.501573 -0.064505
v 0.251592 0.524984 -0.064505
v 0.244764 0.547495 -0.064505
v 0.233674 0.568241 -0.064505
v 0.218751 0.586426 -0.064505
v 0.205291 0.597472 -0.064505
v 0.241595 0.598565 -0.064505
v 0.249548 0.594315 -0.064505
v 0.258177 0.591697 -0.064505
v 0.267151 0.590813 -0.064505
v 0.276125 0.591697 -0.064505
v 0.295731 0.527075 -0.064505
v 0.291489 0.519139 -0.064505
v 0.288877 0.510528 -0.064505
v 0.287995 0.501573 -0.064505
v 0.288877 0.492618 -0.064505
v 0.291489 0.484007 -0.064505
v 0.295731 0.476071 -0.064505
v 0.301440 0.469115 -0.064505
v 0.308396 0.463406 -0.064505
v 0.146022 0.313697 -0.064505
v 0.151731 0.306741 -0.064505
v 0.139066 0.319405 -0.064505
v 0.131130 0.323647 -0.064505
v 0.122519 0.326259 -0.064505
v 0.113564 0.327141 -0.064505
v 0.104608 0.326259 -0.064505
v 0.095997 0.323647 -0.064505
v 0.088061 0.319405 -0.064505
v 0.081105 0.313697 -0.064505
v 0.075397 0.306741 -0.064505
v 0.071155 0.298805 -0.064505
v 0.068543 0.290194 -0.064505
v 0.067661 0.281238 -0.064505
v 0.068543 0.272283 -0.064505
v 0.071155 0.263672 -0.064505
v 0.075397 0.255736 -0.064505
v 0.081105 0.248780 -0.064505
v 0.088061 0.243071 -0.064505
v 0.095997 0.238830 -0.064505
v 0.104608 0.236217 -0.064505
v 0.113564 0.235335 -0.064505
v 0.122519 0.236217 -0.064505
v 0.131130 0.238830 -0.064505
v 0.133898 0.185629 -0.064505
v 0.195536 0.191700 -0.064505
v 0.072260 0.191700 -0.064505
v 0.012992 0.209679 -0.064505
v -0.041631 0.238875 -0.064505
v -0.089508 0.278167 -0.064505
v -0.048274 0.319086 -0.064505
v -0.128800 0.326044 -0.064505
v -0.157996 0.380667 -0.064505
v -0.175975 0.439935 -0.064505
v -0.182046 0.501573 -0.064505
v -0.175975 0.563211 -0.064505
v -0.128882 0.500773 -0.064505
v -0.127998 0.509747 -0.064505
v -0.127998 0.491799 -0.064505
v -0.125381 0.483170 -0.064505
v -0.121130 0.475217 -0.064505
v -0.115409 0.468246 -0.064505
v -0.108438 0.462525 -0.064505
v -0.100485 0.458275 -0.064505
v -0.091856 0.455657 -0.064505
v -0.082882 0.454773 -0.064505
v -0.073908 0.455657 -0.064505
v -0.065279 0.458275 -0.064505
v -0.057326 0.462525 -0.064505
v -0.050355 0.468246 -0.064505
v -0.044634 0.475217 -0.064505
v -0.040384 0.483170 -0.064505
v -0.037766 0.491799 -0.064505
v -0.036882 0.500773 -0.064505
v -0.037766 0.509747 -0.064505
v -0.040384 0.518376 -0.064505
v -0.044634 0.526329 -0.064505
v -0.050355 0.533300 -0.064505
v -0.052066 0.534704 -0.064505
v -0.057326 0.539021 -0.064505
v -0.048274 0.604286 -0.064505
v -0.053995 0.611257 -0.064505
v -0.047153 0.603366 -0.064505
v -0.041303 0.598565 -0.064505
v -0.024721 0.396729 -0.064505
v -0.015747 0.397613 -0.064505
v -0.033350 0.394111 -0.064505
v -0.041303 0.389861 -0.064505
v -0.048274 0.384140 -0.064505
v -0.053995 0.377169 -0.064505
v -0.058245 0.369216 -0.064505
v -0.060863 0.360587 -0.064505
v -0.061747 0.351613 -0.064505
v -0.060863 0.342639 -0.064505
v -0.058245 0.334009 -0.064505
v -0.053995 0.326057 -0.064505
v -0.006773 0.396729 -0.064505
v 0.001856 0.394111 -0.064505
v 0.009809 0.389861 -0.064505
v 0.016780 0.384140 -0.064505
v 0.022501 0.377169 -0.064505
v 0.026752 0.369216 -0.064505
v 0.029369 0.360587 -0.064505
v 0.030253 0.351613 -0.064505
v 0.029369 0.342639 -0.064505
v 0.026752 0.334009 -0.064505
v 0.022501 0.326057 -0.064505
v 0.016780 0.319086 -0.064505
v 0.009809 0.313365 -0.064505
v 0.001856 0.309114 -0.064505
v -0.006773 0.306497 -0.064505
v -0.015747 0.305613 -0.064505
v -0.024721 0.306497 -0.064505
v -0.033350 0.309114 -0.064505
v -0.041303 0.313365 -0.064505
v -0.033350 0.594315 -0.064505
v -0.024721 0.591697 -0.064505
v -0.015747 0.590813 -0.064505
v -0.006773 0.591697 -0.064505
v 0.001856 0.594315 -0.064505
v 0.009809 0.598565 -0.064505
v 0.016780 0.604286 -0.064505
v 0.022501 0.611257 -0.064505
v 0.026752 0.619210 -0.064505
v 0.029369 0.627839 -0.064505
v 0.030253 0.636813 -0.064505
v 0.029369 0.645787 -0.064505
v 0.026752 0.654416 -0.064505
v 0.022501 0.662369 -0.064505
v 0.016780 0.669340 -0.064505
v 0.009809 0.675061 -0.064505
v 0.001856 0.679311 -0.064505
v -0.006773 0.681929 -0.064505
v -0.015747 0.682813 -0.064505
v -0.024721 0.681929 -0.064505
v -0.033350 0.679311 -0.064505
v -0.041303 0.675061 -0.064505
v -0.048274 0.669340 -0.064505
v -0.089508 0.724979 -0.064505
v -0.053995 0.662369 -0.064505
v -0.058245 0.654416 -0.064505
v -0.060863 0.645787 -0.064505
v -0.061747 0.636813 -0.064505
v -0.060863 0.627839 -0.064505
v -0.058245 0.619210 -0.064505
v -0.041631 0.764271 -0.064505
v -0.128800 0.677102 -0.064505
v -0.157996 0.622479 -0.064505
v 0.012992 0.793467 -0.064505
v -0.065279 0.543272 -0.064505
v -0.073908 0.545889 -0.064505
v -0.082882 0.546773 -0.064505
v -0.091856 0.545889 -0.064505
v -0.100485 0.543272 -0.064505
v -0.108438 0.539021 -0.064505
v -0.115409 0.533300 -0.064505
v -0.121130 0.526329 -0.064505
v -0.125381 0.518376 -0.064505
v 0.254804 0.209679 -0.064505
v 0.309427 0.238875 -0.064505
v 0.357304 0.278167 -0.064505
v 0.305399 0.326057 -0.064505
v 0.396596 0.326044 -0.064505
v 0.425792 0.380667 -0.064505
v 0.299678 0.319086 -0.064505
v 0.309650 0.334009 -0.064505
v 0.312267 0.342639 -0.064505
v 0.313151 0.351613 -0.064505
v 0.312267 0.360587 -0.064505
v 0.309650 0.369216 -0.064505
v 0.305399 0.377169 -0.064505
v 0.299678 0.384140 -0.064505
v 0.292707 0.389861 -0.064505
v 0.284755 0.394111 -0.064505
v 0.276125 0.396729 -0.064505
v 0.267151 0.397613 -0.064505
v 0.258177 0.396729 -0.064505
v 0.249548 0.394111 -0.064505
v 0.241595 0.389861 -0.064505
v 0.234624 0.384140 -0.064505
v 0.228903 0.377169 -0.064505
v 0.224653 0.369216 -0.064505
v 0.222035 0.360587 -0.064505
v 0.221151 0.351613 -0.064505
v 0.222035 0.342639 -0.064505
v 0.222408 0.341409 -0.064505
v 0.224653 0.334009 -0.064505
v 0.158585 0.290194 -0.064505
v 0.159467 0.281238 -0.064505
v 0.155972 0.298805 -0.064505
v 0.158585 0.272283 -0.064505
v 0.155972 0.263672 -0.064505
v 0.151731 0.255736 -0.064505
v 0.146022 0.248780 -0.064505
v 0.139066 0.243071 -0.064505
v 0.228903 0.326057 -0.064505
v 0.234624 0.319086 -0.064505
v 0.241595 0.313365 -0.064505
v 0.249548 0.309114 -0.064505
v 0.258177 0.306497 -0.064505
v 0.267151 0.305613 -0.064505
v 0.276125 0.306497 -0.064505
v 0.284755 0.309114 -0.064505
v 0.292707 0.313365 -0.064505
v 0.316332 0.459164 -0.064505
v 0.324943 0.456552 -0.064505
v 0.333898 0.455670 -0.064505
v 0.342853 0.456552 -0.064505
v 0.351464 0.459164 -0.064505
v 0.359400 0.463406 -0.064505
v 0.366356 0.469115 -0.064505
v 0.372065 0.476071 -0.064505
v 0.376307 0.484007 -0.064505
v 0.133898 0.817517 -0.084023
v 0.137918 0.767573 -0.084023
v 0.072260 0.811446 -0.084023
v 0.195536 0.811446 -0.084023
v 0.254804 0.793467 -0.084023
v 0.309427 0.764271 -0.084023
v 0.357304 0.724979 -0.084023
v 0.396596 0.677102 -0.084023
v 0.425792 0.622479 -0.084023
v 0.443771 0.563211 -0.084023
v 0.449842 0.501573 -0.084023
v 0.443771 0.439935 -0.084023
v 0.379801 0.501573 -0.084023
v 0.378919 0.492618 -0.084023
v 0.378919 0.510528 -0.084023
v 0.376307 0.519139 -0.084023
v 0.372065 0.527075 -0.084023
v 0.366356 0.534031 -0.084023
v 0.359400 0.539740 -0.084023
v 0.351464 0.543982 -0.084023
v 0.342853 0.546594 -0.084023
v 0.333898 0.547476 -0.084023
v 0.324943 0.546594 -0.084023
v 0.316332 0.543982 -0.084023
v 0.308396 0.539740 -0.084023
v 0.301440 0.534031 -0.084023
v 0.290091 0.597167 -0.084023
v 0.284755 0.594314 -0.084023
v 0.292707 0.598565 -0.084023
v 0.299678 0.604286 -0.084023
v 0.305399 0.611257 -0.084023
v 0.309650 0.619209 -0.084023
v 0.312267 0.627839 -0.084023
v 0.313151 0.636813 -0.084023
v 0.312267 0.645787 -0.084023
v 0.309650 0.654416 -0.084023
v 0.305399 0.662369 -0.084023
v 0.299678 0.669340 -0.084023
v 0.292707 0.675061 -0.084023
v 0.284755 0.679311 -0.084023
v 0.276125 0.681929 -0.084023
v 0.267151 0.682813 -0.084023
v 0.258177 0.681929 -0.084023
v 0.249548 0.679311 -0.084023
v 0.241595 0.675061 -0.084023
v 0.234624 0.669340 -0.084023
v 0.157719 0.680249 -0.084023
v 0.155521 0.679075 -0.084023
v 0.163474 0.683325 -0.084023
v 0.170445 0.689046 -0.084023
v 0.176166 0.696017 -0.084023
v 0.180416 0.703970 -0.084023
v 0.183034 0.712599 -0.084023
v 0.183918 0.721573 -0.084023
v 0.183034 0.730547 -0.084023
v 0.180416 0.739177 -0.084023
v 0.176166 0.747129 -0.084023
v 0.170445 0.754100 -0.084023
v 0.163474 0.759821 -0.084023
v 0.155521 0.764072 -0.084023
v 0.146892 0.766689 -0.084023
v 0.146892 0.676457 -0.084023
v 0.137918 0.675573 -0.084023
v 0.128944 0.676457 -0.084023
v 0.120315 0.679075 -0.084023
v 0.112362 0.683325 -0.084023
v 0.105391 0.689046 -0.084023
v 0.099670 0.696017 -0.084023
v 0.095420 0.703970 -0.084023
v 0.092802 0.712599 -0.084023
v 0.091918 0.721573 -0.084023
v 0.092802 0.730547 -0.084023
v 0.095420 0.739177 -0.084023
v 0.099670 0.747129 -0.084023
v 0.105391 0.754100 -0.084023
v 0.112362 0.759821 -0.084023
v 0.120315 0.764072 -0.084023
v 0.128944 0.766689 -0.084023
v 0.228903 0.662369 -0.084023
v 0.224653 0.654416 -0.084023
v 0.222035 0.645787 -0.084023
v 0.221151 0.636813 -0.084023
v 0.222035 0.627839 -0.084023
v 0.224653 0.619209 -0.084023
v 0.228903 0.611257 -0.084023
v 0.234624 0.604286 -0.084023
v 0.198588 0.602407 -0.084023
v 0.200566 0.601349 -0.084023
v 0.179820 0.612438 -0.084023
v 0.157309 0.619267 -0.084023
v 0.133898 0.621573 -0.084023
v 0.110487 0.619267 -0.084023
v 0.087976 0.612438 -0.084023
v 0.067230 0.601349 -0.084023
v 0.049045 0.586426 -0.084023
v 0.034122 0.568241 -0.084023
v 0.023032 0.547495 -0.084023
v 0.016204 0.524984 -0.084023
v 0.013898 0.501573 -0.084023
v 0.016204 0.478162 -0.084023
v 0.023032 0.455651 -0.084023
v 0.034122 0.434905 -0.084023
v 0.049045 0.416720 -0.084023
v 0.067230 0.401797 -0.084023
v 0.087976 0.390707 -0.084023
v 0.110487 0.383879 -0.084023
v 0.133898 0.381573 -0.084023
v 0.157309 0.383879 -0.084023
v 0.179820 0.390707 -0.084023
v 0.200566 0.401797 -0.084023
v 0.218751 0.416720 -0.084023
v 0.233674 0.434905 -0.084023
v 0.244764 0.455651 -0.084023
v 0.251592 0.478162 -0.084023
v 0.253898 0.501573 -0.084023
v 0.251592 0.524984 -0.084023
v 0.244764 0.547495 -0.084023
v 0.233674 0.568241 -0.084023
v 0.218751 0.586426 -0.084023
v 0.205291 0.597472 -0.084023
v 0.241595 0.598565 -0.084023
v 0.249548 0.594314 -0.084023
v 0.258177 0.591697 -0.084023
v 0.267151 0.590813 -0.084023
v 0.276125 0.591697 -0.084023
v 0.295731 0.527075 -0.084023
v 0.291489 0.519139 -0.084023
v 0.288877 0.510528 -0.084023
v 0.287995 0.501573 -0.084023
v 0.288877 0.492618 -0.084023
v 0.291489 0.484007 -0.084023
v 0.295731 0.476071 -0.084023
v 0.301440 0.469115 -0.084023
v 0.308396 0.463406 -0.084023
v 0.146022 0.313697 -0.084023
v 0.151731 0.306741 -0.084023
v 0.139066 0.319405 -0.084023
v 0.131130 0.323647 -0.084023
v 0.122519 0.326259 -0.084023
v 0.113564 0.327141 -0.084023
v 0.104608 0.326259 -0.084023
v 0.095997 0.323647 -0.084023
v 0.088061 0.319405 -0.084023
v 0.081105 0.313697 -0.084023
v 0.075397 0.306741 -0.084023
v 0.071155 0.298805 -0.084023
v 0.068543 0.290194 -0.084023
v 0.067661 0.281238 -0.084023
v 0.068543 0.272283 -0.084023
v 0.071155 0.263672 -0.084023
v 0.075397 0.255736 -0.084023
v 0.081105 0.248780 -0.084023
v 0.088061 0.243071 -0.084023
v 0.095997 0.238829 -0.084023
v 0.104608 0.236217 -0.084023
v 0.113564 0.235335 -0.084023
v 0.122519 0.236217 -0.084023
v 0.131130 0.238829 -0.084023
v 0.133898 0.185629 -0.084023
v 0.195536 0.191700 -0.084023
v 0.072260 0.191700 -0.084023
v 0.012992 0.209679 -0.084023
v -0.041631 0.238875 -0.084023
v -0.089508 0.278167 -0.084023
v -0.048274 0.319086 -0.084023
v -0.128800 0.326044 -0.084023
v -0.157996 0.380666 -0.084023
v -0.175975 0.439935 -0.084023
v -0.182046 0.501573 -0.084023
v -0.175975 0.563211 -0.084023
v -0.128882 0.500773 -0.084023
v -0.127998 0.509747 -0.084023
v -0.127998 0.491799 -0.084023
v -0.125381 0.483170 -0.084023
v -0.121130 0.475217 -0.084023
v -0.115409 0.468246 -0.084023
v -0.108438 0.462525 -0.084023
v -0.100485 0.458275 -0.084023
v -0.091856 0.455657 -0.084023
v -0.082882 0.454773 -0.084023
v -0.073908 0.455657 -0.084023
v -0.065279 0.458275 -0.084023
v -0.057326 0.462525 -0.084023
v -0.050355 0.468246 -0.084023
v -0.044634 0.475217 -0.084023
v -0.040384 0.483170 -0.084023
v -0.037766 0.491799 -0.084023
v -0.036882 0.500773 -0.084023
v -0.037766 0.509747 -0.084023
v -0.040384 0.518376 -0.084023
v -0.044634 0.526329 -0.084023
v -0.050355 0.533300 -0.084023
v -0.052066 0.534704 -0.084023
v -0.057326 0.539021 -0.084023
v -0.048274 0.604286 -0.084023
v -0.053995 0.611257 -0.084023
v -0.047153 0.603366 -0.084023
v -0.041303 0.598565 -0.084023
v -0.024721 0.396729 -0.084023
v -0.015747 0.397613 -0.084023
v -0.033350 0.394111 -0.084023
v -0.041303 0.389860 -0.084023
v -0.048274 0.384140 -0.084023
v -0.053995 0.377169 -0.084023
v -0.058245 0.369216 -0.084023
v -0.060863 0.360587 -0.084023
v -0.061747 0.351613 -0.084023
v -0.060863 0.342639 -0.084023
v -0.058245 0.334009 -0.084023
v -0.053995 0.326057 -0.084023
v -0.006773 0.396729 -0.084023
v 0.001856 0.394111 -0.084023
v 0.009809 0.389860 -0.084023
v 0.016780 0.384140 -0.084023
v 0.022501 0.377169 -0.084023
v 0.026752 0.369216 -0.084023
v 0.029369 0.360587 -0.084023
v 0.030253 0.351613 -0.084023
v 0.029369 0.342639 -0.084023
v 0.026752 0.334009 -0.084023
v 0.022501 0.326057 -0.084023
v 0.016780 0.319086 -0.084023
v 0.009809 0.313365 -0.084023
v 0.001856 0.309114 -0.084023
v -0.006773 0.306497 -0.084023
v -0.015747 0.305613 -0.084023
v -0.024721 0.306497 -0.084023
v -0.033350 0.309114 -0.084023
v -0.041303 0.313365 -0.084023
v -0.033350 0.594314 -0.084023
v -0.024721 0.591697 -0.084023
v -0.015747 0.590813 -0.084023
v -0.006773 0.591697 -0.084023
v 0.001856 0.594314 -0.084023
v 0.009809 0.598565 -0.084023
v 0.016780 0.604286 -0.084023
v 0.022501 0.611257 -0.084023
v 0.026752 0.619209 -0.084023
v 0.029369 0.627839 -0.084023
v 0.030253 0.636813 -0.084023
v 0.029369 0.645787 -0.084023
v 0.026752 0.654416 -0.084023
v 0.022501 0.662369 -0.084023
v 0.016780 0.669340 -0.084023
v 0.009809 0.675061 -0.084023
v 0.001856 0.679311 -0.084023
v -0.006773 0.681929 -0.084023
v -0.015747 0.682813 -0.084023
v -0.024721 0.681929 -0.084023
v -0.033350 0.679311 -0.084023
v -0.041303 0.675061 -0.084023
v -0.048274 0.669340 -0.084023
v -0.089508 0.724979 -0.084023
v -0.053995 0.662369 -0.084023
v -0.058245 0.654416 -0.084023
v -0.060863 0.645787 -0.084023
v -0.061747 0.636813 -0.084023
v -0.060863 0.627839 -0.084023
v -0.058245 0.619209 -0.084023
v -0.041631 0.764271 -0.084023
v -0.128800 0.677102 -0.084023
v -0.157996 0.622479 -0.084023
v 0.012992 0.793467 -0.084023
v -0.065279 0.543271 -0.084023
v -0.073908 0.545889 -0.084023
v -0.082882 0.546773 -0.084023
v -0.091856 0.545889 -0.084023
v -0.100485 0.543271 -0.084023
v -0.108438 0.539021 -0.084023
v -0.115409 0.533300 -0.084023
v -0.121130 0.526329 -0.084023
v -0.125381 0.518376 -0.084023
v 0.254804 0.209679 -0.084023
v 0.309427 0.238875 -0.084023
v 0.357304 0.278167 -0.084023
v 0.305399 0.326057 -0.084023
v 0.396596 0.326044 -0.084023
v 0.425792 0.380666 -0.084023
v 0.299678 0.319086 -0.084023
v 0.309650 0.334009 -0.084023
v 0.312267 0.342639 -0.084023
v 0.313151 0.351613 -0.084023
v 0.312267 0.360587 -0.084023
v 0.309650 0.369216 -0.084023
v 0.305399 0.377169 -0.084023
v 0.299678 0.384140 -0.084023
v 0.292707 0.389860 -0.084023
v 0.284755 0.394111 -0.084023
v 0.276125 0.396729 -0.084023
v 0.267151 0.397613 -0.084023
v 0.258177 0.396729 -0.084023
v 0.249548 0.394111 -0.084023
v 0.241595 0.389860 -0.084023
v 0.234624 0.384140 -0.084023
v 0.228903 0.377169 -0.084023
v 0.224653 0.369216 -0.084023
v 0.222035 0.360587 -0.084023
v 0.221151 0.351613 -0.084023
v 0.222035 0.342639 -0.084023
v 0.224653 0.334009 -0.084023
v 0.158585 0.290194 -0.084023
v 0.159467 0.281238 -0.084023
v 0.155972 0.298805 -0.084023
v 0.158585 0.272283 -0.084023
v 0.155972 0.263672 -0.084023
v 0.151731 0.255736 -0.084023
v 0.146022 0.248780 -0.084023
v 0.139066 0.243071 -0.084023
v 0.228903 0.326057 -0.084023
v 0.234624 0.319086 -0.084023
v 0.241595 0.313365 -0.084023
v 0.249548 0.309114 -0.084023
v 0.258177 0.306497 -0.084023
v 0.267151 0.305613 -0.084023
v 0.276125 0.306497 -0.084023
v 0.284755 0.309114 -0.084023
v 0.292707 0.313365 -0.084023
v 0.316332 0.459164 -0.084023
v 0.324943 0.456552 -0.084023
v 0.333898 0.455670 -0.084023
v 0.342853 0.456552 -0.084023
v 0.351464 0.459164 -0.084023
v 0.359400 0.463406 -0.084023
v 0.366356 0.469115 -0.084023
v 0.372065 0.476071 -0.084023
v 0.376307 0.484007 -0.084023
vn -0.0980 -0.9952 -0.0000
vn 0.4714 0.8819 -0.0000
vn -0.0000 -0.0000 1.0000
vn 0.4714 -0.8819 -0.0000
vn 0.0980 -0.9952 -0.0000
vn 0.2903 0.9569 -0.0000
vn 0.9569 -0.2903 -0.0000
vn 0.2903 -0.9569 -0.0000
vn 0.6344 0.7730 -0.0000
vn -0.2903 -0.9569 -0.0000
vn -0.4714 -0.8819 -0.0000
vn 0.7730 0.6344 -0.0000
vn -0.6344 -0.7730 -0.0000
vn 0.0980 0.9952 -0.0000
vn 0.8819 0.4714 -0.0000
vn -0.7730 -0.6344 -0.0000
vn -0.0980 0.9952 -0.0000
vn 0.9569 0.2903 -0.0000
vn -0.8819 -0.4714 -0.0000
vn -0.2903 0.9569 -0.0000
vn 0.9952 0.0980 -0.0000
vn -0.9569 -0.2903 -0.0000
vn -0.4714 0.8819 -0.0000
vn 0.9952 -0.0980 -0.0000
vn -0.9952 -0.0980 -0.0000
vn -0.6344 0.7730 -0.0000
vn -0.9952 0.0980 -0.0000
vn -0.7730 0.6344 -0.0000
vn -0.9569 0.2903 -0.0000
vn -0.8819 0.4714 -0.0000
vn 0.6344 -0.7730 -0.0000
vn 0.6781 0.7350 -0.0000
vn 0.7730 -0.6344 -0.0000
vn 0.8819 -0.4714 -0.0000
vn -0.0000 1.0000 -0.0000
vn -0.7071 0.7071 -0.0000
vn -0.9756 -0.2195 -0.0000
vt 0.461976 0.203324
vt 0.461976 0.200560
vt 0.466827 0.200560
vt 0.466827 0.203324
vt 0.896730 0.864900
vt 0.896730 0.847225
vt 0.901582 0.847225
vt 0.901582 0.864900
vt 0.000000 0.000000
vt 0.149251 0.836752
vt 0.149251 0.852666
vt 0.144400 0.852666
vt 0.144400 0.836752
vt 0.461976 0.206042
vt 0.466827 0.206042
vt 0.075398 0.978222
vt 0.076426 0.980782
vt 0.062149 0.987766
vt 0.051776 0.971866
vt 0.044704 0.954248
vt 0.041205 0.935589
vt 0.041414 0.916606
vt 0.062820 0.919828
vt 0.062251 0.922532
vt 0.062220 0.925296
vt 0.062730 0.928013
vt 0.063759 0.930578
vt 0.065270 0.932893
vt 0.067203 0.934869
vt 0.069484 0.936430
vt 0.072026 0.937515
vt 0.074731 0.938084
vt 0.077494 0.938115
vt 0.080211 0.937605
vt 0.082411 0.936723
vt 0.082411 0.961805
vt 0.080101 0.963312
vt 0.078129 0.965241
vt 0.076571 0.967517
vt 0.075488 0.970054
vt 0.074920 0.972753
vt 0.074890 0.975511
vt 0.896730 0.828537
vt 0.901582 0.828537
vt 0.149319 0.710558
vt 0.149319 0.691574
vt 0.154170 0.691574
vt 0.154170 0.710558
vt 0.670080 0.865421
vt 0.669207 0.865678
vt 0.660870 0.849191
vt 0.663516 0.848413
vt 0.665959 0.847134
vt 0.668106 0.845403
vt 0.669875 0.843286
vt 0.671196 0.840864
vt 0.672019 0.838232
vt 0.672313 0.835489
vt 0.672066 0.832742
vt 0.671288 0.830096
vt 0.670009 0.827652
vt 0.668278 0.825505
vt 0.683589 0.810456
vt 0.695505 0.825234
vt 0.704310 0.842053
vt 0.709664 0.860267
vt 0.711362 0.879175
vt 0.709339 0.898052
vt 0.703672 0.916170
vt 0.694579 0.932835
vt 0.682409 0.947406
vt 0.672557 0.935625
vt 0.674329 0.933503
vt 0.675653 0.931077
vt 0.676478 0.928439
vt 0.676772 0.925691
vt 0.676525 0.922938
vt 0.675745 0.920286
vt 0.674464 0.917837
vt 0.672728 0.915685
vt 0.670607 0.913913
vt 0.668181 0.912590
vt 0.665543 0.911765
vt 0.662794 0.911470
vt 0.660041 0.911717
vt 0.658122 0.912281
vt 0.675343 0.893125
vt 0.677994 0.892346
vt 0.680443 0.891064
vt 0.682595 0.889329
vt 0.684367 0.887207
vt 0.685691 0.884781
vt 0.686516 0.882143
vt 0.686810 0.879395
vt 0.686563 0.876642
vt 0.685784 0.873990
vt 0.684502 0.871541
vt 0.682767 0.869389
vt 0.680645 0.867617
vt 0.678219 0.866294
vt 0.675581 0.865468
vt 0.672833 0.865174
vt 0.667428 0.866201
vt 0.658122 0.849438
vt 0.970970 0.503106
vt 0.970937 0.505870
vt 0.954723 0.507517
vt 0.954950 0.488534
vt 0.958877 0.469960
vt 0.966352 0.452510
vt 0.977087 0.436852
vt 0.990759 0.448260
vt 0.989196 0.450540
vt 0.988108 0.453081
vt 0.987536 0.455785
vt 0.987503 0.458549
vt 0.988010 0.461266
vt 0.989037 0.463832
vt 0.990544 0.466148
vt 0.992475 0.468126
vt 0.994755 0.469689
vt 0.997296 0.470778
vt 1.000000 0.471349
vt 0.998602 0.535044
vt 0.998284 0.535354
vt 0.995290 0.514205
vt 0.995775 0.513731
vt 0.997338 0.511452
vt 0.998427 0.508911
vt 0.998998 0.506207
vt 0.999031 0.503443
vt 0.998525 0.500726
vt 0.997498 0.498160
vt 0.995990 0.495843
vt 0.994059 0.493865
vt 0.991779 0.492302
vt 0.989238 0.491214
vt 0.986534 0.490642
vt 0.983770 0.490609
vt 0.981053 0.491116
vt 0.978487 0.492143
vt 0.976171 0.493651
vt 0.974193 0.495582
vt 0.972630 0.497861
vt 0.971541 0.500402
vt 0.996721 0.537634
vt 0.995632 0.540175
vt 0.995061 0.542879
vt 0.995027 0.545643
vt 0.995534 0.548360
vt 0.996561 0.550926
vt 0.998069 0.553242
vt 1.000000 0.555220
vt 0.988876 0.573299
vt 0.975614 0.559715
vt 0.965257 0.543805
vt 0.958203 0.526180
vt 0.971443 0.508587
vt 0.972470 0.511154
vt 0.973978 0.513470
vt 0.975909 0.515448
vt 0.978189 0.517011
vt 0.980730 0.518099
vt 0.983434 0.518671
vt 0.986198 0.518704
vt 0.988915 0.518197
vt 0.991481 0.517170
vt 0.993797 0.515662
vt 0.149251 0.819125
vt 0.144400 0.819125
vt 0.896730 0.880884
vt 0.901582 0.880884
vt 0.461976 0.197856
vt 0.466827 0.197856
vt 0.432869 0.207939
vt 0.432869 0.210513
vt 0.428018 0.210513
vt 0.428018 0.207939
vt 0.461976 0.195316
vt 0.466827 0.195316
vt 0.432869 0.205218
vt 0.428018 0.205218
vt 0.896730 0.894563
vt 0.901581 0.894563
vt 0.461976 0.193037
vt 0.466827 0.193037
vt 0.432869 0.202455
vt 0.428018 0.202455
vt 0.149319 0.639782
vt 0.149319 0.626452
vt 0.154170 0.626452
vt 0.154170 0.639782
vt 0.461948 0.191960
vt 0.459889 0.191960
vt 0.459889 0.187109
vt 0.461948 0.187109
vt 0.432869 0.199755
vt 0.428018 0.199755
vt 0.149319 0.655493
vt 0.154170 0.655493
vt 0.457510 0.191960
vt 0.457510 0.187109
vt 0.432869 0.197222
vt 0.428018 0.197222
vt 0.149319 0.672981
vt 0.154170 0.672981
vt 0.432869 0.194954
vt 0.428018 0.194954
vt 0.432869 0.193037
vt 0.428018 0.193037
vt 0.489186 0.205731
vt 0.489186 0.203520
vt 0.494038 0.203520
vt 0.494038 0.205731
vt 0.489186 0.213659
vt 0.489186 0.210900
vt 0.494038 0.210900
vt 0.494038 0.213659
vt 0.489186 0.208222
vt 0.494038 0.208222
vt 0.385896 0.229329
vt 0.385896 0.211701
vt 0.390747 0.211701
vt 0.390747 0.229328
vt 0.446575 0.191960
vt 0.444196 0.191960
vt 0.444196 0.187109
vt 0.446575 0.187109
vt 0.385896 0.245242
vt 0.390747 0.245242
vt 0.448634 0.191960
vt 0.448634 0.187109
vt 0.447422 0.214358
vt 0.447422 0.216626
vt 0.442571 0.216626
vt 0.442571 0.214358
vt 0.136304 0.712182
vt 0.136304 0.728040
vt 0.131453 0.728040
vt 0.131453 0.712182
vt 0.461976 0.229967
vt 0.461976 0.232246
vt 0.457125 0.232246
vt 0.457125 0.229967
vt 0.447422 0.219159
vt 0.442571 0.219159
vt 0.461976 0.249765
vt 0.461976 0.232246
vt 0.466827 0.232246
vt 0.466827 0.249765
vt 0.461976 0.227427
vt 0.457125 0.227427
vt 0.447422 0.221859
vt 0.442571 0.221859
vt 0.136304 0.694593
vt 0.131453 0.694593
vt 0.461976 0.224723
vt 0.457125 0.224723
vt 0.136304 0.675948
vt 0.131453 0.675948
vt 0.461976 0.221959
vt 0.457125 0.221959
vt 0.136304 0.656964
vt 0.131453 0.656964
vt 0.461976 0.219241
vt 0.457125 0.219241
vt 0.461976 0.216675
vt 0.457125 0.216675
vt 0.160947 0.362867
vt 0.158455 0.362867
vt 0.158455 0.358016
vt 0.160947 0.358016
vt 0.461976 0.214358
vt 0.457125 0.214358
vt 0.457125 0.210558
vt 0.457125 0.212867
vt 0.452274 0.212867
vt 0.452274 0.210558
vt 0.457125 0.207997
vt 0.452274 0.207997
vt 0.498889 0.193037
vt 0.498889 0.195773
vt 0.494038 0.195773
vt 0.494038 0.193037
vt 0.457125 0.205283
vt 0.452274 0.205283
vt 0.373966 0.212174
vt 0.371907 0.212174
vt 0.371907 0.207323
vt 0.373966 0.207323
vt 0.498889 0.198381
vt 0.494038 0.198381
vt 0.457125 0.202519
vt 0.452274 0.202519
vt 0.498889 0.200761
vt 0.494038 0.200760
vt 0.457125 0.199811
vt 0.452274 0.199811
vt 0.498889 0.202819
vt 0.494038 0.202819
vt 0.457125 0.197265
vt 0.452274 0.197265
vt 0.457125 0.194978
vt 0.452274 0.194978
vt 0.410152 0.219815
vt 0.410152 0.226912
vt 0.405301 0.226912
vt 0.405301 0.219815
vt 0.457125 0.193037
vt 0.452274 0.193037
vt 0.410152 0.212606
vt 0.405301 0.212606
vt 0.161159 0.353165
vt 0.158455 0.353165
vt 0.158455 0.348313
vt 0.161159 0.348313
vt 0.432869 0.212840
vt 0.432869 0.214832
vt 0.428018 0.214832
vt 0.428018 0.212840
vt 0.410152 0.205562
vt 0.405301 0.205562
vt 0.432869 0.212269
vt 0.428018 0.212269
vt 0.410152 0.198954
vt 0.405301 0.198954
vt 0.410152 0.193037
vt 0.405301 0.193037
vt 0.425270 0.187109
vt 0.425270 0.189676
vt 0.420419 0.189676
vt 0.420419 0.187109
vt 0.425270 0.191993
vt 0.420419 0.191993
vt 0.493818 0.228665
vt 0.493818 0.230724
vt 0.488967 0.230724
vt 0.488967 0.228665
vt 0.160947 0.367718
vt 0.158638 0.367718
vt 0.158638 0.362867
vt 0.160947 0.362867
vt 0.452274 0.249440
vt 0.452274 0.249807
vt 0.447422 0.249807
vt 0.447422 0.249440
vt 0.452274 0.247528
vt 0.447422 0.247528
vt 0.471678 0.238964
vt 0.471678 0.241664
vt 0.466827 0.241664
vt 0.466827 0.238964
vt 0.471678 0.236431
vt 0.466827 0.236431
vt 0.461976 0.204615
vt 0.461976 0.211418
vt 0.457125 0.211418
vt 0.457125 0.204615
vt 0.471678 0.234163
vt 0.466827 0.234163
vt 0.461976 0.198408
vt 0.457125 0.198408
vt 0.471678 0.232246
vt 0.466827 0.232246
vt 0.461976 0.193037
vt 0.457125 0.193037
vt 0.447422 0.210748
vt 0.447422 0.212958
vt 0.442571 0.212958
vt 0.442571 0.210748
vt 0.405301 0.233756
vt 0.405301 0.239702
vt 0.400449 0.239702
vt 0.400449 0.233756
vt 0.447422 0.208256
vt 0.442571 0.208256
vt 0.405301 0.227129
vt 0.400449 0.227129
vt 0.149251 0.800461
vt 0.144400 0.800461
vt 0.447422 0.205579
vt 0.442571 0.205579
vt 0.405301 0.220075
vt 0.400449 0.220075
vt 0.149251 0.781478
vt 0.144400 0.781478
vt 0.447422 0.202819
vt 0.442571 0.202819
vt 0.405301 0.212865
vt 0.400449 0.212865
vt 0.149251 0.762906
vt 0.144400 0.762906
vt 0.447422 0.200083
vt 0.442571 0.200083
vt 0.405301 0.205777
vt 0.400449 0.205777
vt 0.149251 0.745458
vt 0.144400 0.745458
vt 0.447422 0.197475
vt 0.442571 0.197475
vt 0.405301 0.199081
vt 0.400449 0.199081
vt 0.149251 0.729804
vt 0.144400 0.729804
vt 0.447422 0.195096
vt 0.442571 0.195096
vt 0.405301 0.193037
vt 0.400449 0.193037
vt 0.145237 0.704761
vt 0.145237 0.718902
vt 0.140386 0.718902
vt 0.140386 0.704761
vt 0.447422 0.193037
vt 0.442571 0.193037
vt 0.400449 0.233681
vt 0.400449 0.239704
vt 0.395598 0.239704
vt 0.395598 0.233681
vt 0.145237 0.688420
vt 0.140386 0.688420
vt 0.471678 0.244427
vt 0.466827 0.244427
vt 0.400449 0.227000
vt 0.395598 0.227001
vt 0.145237 0.670508
vt 0.140386 0.670508
vt 0.471678 0.247148
vt 0.466827 0.247148
vt 0.400449 0.219919
vt 0.395598 0.219919
vt 0.145237 0.651713
vt 0.140386 0.651713
vt 0.471678 0.249722
vt 0.466827 0.249722
vt 0.400449 0.212709
vt 0.395598 0.212709
vt 0.136304 0.638371
vt 0.131453 0.638371
vt 0.400449 0.205647
vt 0.395598 0.205647
vt 0.442571 0.193037
vt 0.442571 0.214358
vt 0.437720 0.214358
vt 0.437720 0.193037
vt 0.466267 0.191960
vt 0.464275 0.191960
vt 0.464275 0.187109
vt 0.466267 0.187109
vt 0.400449 0.199004
vt 0.395598 0.199004
vt 0.391312 0.189578
vt 0.391312 0.186824
vt 0.396163 0.186824
vt 0.396163 0.189578
vt 0.461948 0.191960
vt 0.461948 0.187109
vt 0.457125 0.214358
vt 0.457125 0.216299
vt 0.452274 0.216299
vt 0.452274 0.214358
vt 0.400449 0.193037
vt 0.395598 0.193037
vt 0.484116 0.244183
vt 0.484116 0.241642
vt 0.488967 0.241642
vt 0.488967 0.244183
vt 0.457125 0.218586
vt 0.452274 0.218586
vt 0.484116 0.246466
vt 0.488967 0.246465
vt 0.457125 0.221132
vt 0.452274 0.221132
vt 0.484116 0.248402
vt 0.488967 0.248402
vt 0.161163 0.343462
vt 0.158399 0.343462
vt 0.158399 0.338611
vt 0.161163 0.338611
vt 0.457125 0.223839
vt 0.452274 0.223839
vt 0.437720 0.212798
vt 0.437720 0.214786
vt 0.432869 0.214786
vt 0.432869 0.212798
vt 0.457125 0.226603
vt 0.452274 0.226603
vt 0.437720 0.210476
vt 0.432869 0.210476
vt 0.457125 0.229318
vt 0.452274 0.229318
vt 0.437720 0.207908
vt 0.432869 0.207908
vt 0.457125 0.231879
vt 0.452274 0.231879
vt 0.437720 0.205193
vt 0.432869 0.205193
vt 0.457125 0.234188
vt 0.452274 0.234188
vt 0.437720 0.202435
vt 0.432869 0.202435
vt 0.420419 0.189425
vt 0.420419 0.191993
vt 0.415568 0.191993
vt 0.415568 0.189425
vt 0.466827 0.214358
vt 0.466827 0.216675
vt 0.461976 0.216675
vt 0.461976 0.214358
vt 0.486232 0.224723
vt 0.486232 0.227427
vt 0.481381 0.227427
vt 0.481381 0.224723
vt 0.437720 0.199741
vt 0.432869 0.199741
vt 0.466827 0.219241
vt 0.461976 0.219241
vt 0.486232 0.221959
vt 0.481381 0.221959
vt 0.437720 0.197213
vt 0.432869 0.197213
vt 0.466827 0.221959
vt 0.461976 0.221959
vt 0.486232 0.219241
vt 0.481381 0.219241
vt 0.437720 0.194950
vt 0.432869 0.194950
vt 0.466827 0.224723
vt 0.461976 0.224723
vt 0.486232 0.216675
vt 0.481381 0.216675
vt 0.437720 0.193037
vt 0.432869 0.193037
vt 0.466827 0.227427
vt 0.461976 0.227427
vt 0.466827 0.229967
vt 0.461976 0.229967
vt 0.374113 0.207323
vt 0.371907 0.207323
vt 0.371907 0.202471
vt 0.374113 0.202471
vt 0.486232 0.215120
vt 0.481381 0.215120
vt 0.466827 0.232246
vt 0.461976 0.232246
vt 0.486232 0.214358
vt 0.481381 0.214358
vt 0.452274 0.244987
vt 0.447422 0.244987
vt 0.452274 0.231879
vt 0.452274 0.234188
vt 0.447422 0.234188
vt 0.447422 0.231879
vt 0.452274 0.242283
vt 0.447422 0.242283
vt 0.452274 0.229318
vt 0.447422 0.229318
vt 0.391312 0.192249
vt 0.396163 0.192249
vt 0.452274 0.239520
vt 0.447422 0.239520
vt 0.452274 0.226603
vt 0.447422 0.226603
vt 0.452274 0.236802
vt 0.447422 0.236802
vt 0.452274 0.223839
vt 0.447422 0.223839
vt 0.452274 0.234236
vt 0.447422 0.234236
vt 0.381045 0.244742
vt 0.381045 0.247116
vt 0.376193 0.247116
vt 0.376193 0.244742
vt 0.452274 0.221132
vt 0.447422 0.221132
vt 0.381045 0.242687
vt 0.376193 0.242687
vt 0.452274 0.218586
vt 0.447422 0.218586
vt 0.420419 0.187102
vt 0.415568 0.187102
vt 0.452274 0.216299
vt 0.447422 0.216299
vt 0.381045 0.193037
vt 0.376193 0.193037
vt 0.452274 0.214358
vt 0.447422 0.214358
vt 0.476530 0.244123
vt 0.476530 0.246837
vt 0.471678 0.246837
vt 0.471678 0.244123
vt 0.432869 0.234634
vt 0.432869 0.236626
vt 0.428018 0.236626
vt 0.428018 0.234634
vt 0.476530 0.241359
vt 0.471678 0.241359
vt 0.471678 0.208563
vt 0.471678 0.210886
vt 0.466827 0.210886
vt 0.466827 0.208563
vt 0.432869 0.232307
vt 0.428018 0.232307
vt 0.476530 0.238651
vt 0.471678 0.238651
vt 0.471678 0.205995
vt 0.466827 0.205995
vt 0.432869 0.229734
vt 0.428018 0.229734
vt 0.476530 0.236105
vt 0.471678 0.236105
vt 0.471678 0.203280
vt 0.466827 0.203280
vt 0.432869 0.227013
vt 0.428018 0.227013
vt 0.476530 0.233818
vt 0.471678 0.233818
vt 0.471678 0.200522
vt 0.466827 0.200522
vt 0.432869 0.224249
vt 0.428018 0.224249
vt 0.476530 0.231877
vt 0.471678 0.231877
vt 0.471678 0.197828
vt 0.466827 0.197828
vt 0.432869 0.221549
vt 0.428018 0.221549
vt 0.428018 0.246715
vt 0.428018 0.248707
vt 0.423166 0.248707
vt 0.423166 0.246715
vt 0.471678 0.195301
vt 0.466827 0.195301
vt 0.432869 0.219016
vt 0.428018 0.219016
vt 0.428018 0.244388
vt 0.423166 0.244388
vt 0.471678 0.193037
vt 0.466827 0.193037
vt 0.432869 0.216748
vt 0.428018 0.216748
vt 0.428018 0.241815
vt 0.423166 0.241815
vt 0.432869 0.214832
vt 0.428018 0.214832
vt 0.428018 0.239094
vt 0.423166 0.239094
vt 0.428018 0.236330
vt 0.423166 0.236330
vt 0.461976 0.209248
vt 0.461976 0.208608
vt 0.466827 0.208608
vt 0.466827 0.209248
vt 0.428018 0.233630
vt 0.423166 0.233630
vt 0.461976 0.210925
vt 0.466827 0.210925
vt 0.428018 0.231097
vt 0.423166 0.231097
vt 0.452274 0.210558
vt 0.452274 0.212867
vt 0.447422 0.212867
vt 0.447422 0.210558
vt 0.428018 0.228829
vt 0.423166 0.228829
vt 0.498889 0.209851
vt 0.498889 0.212581
vt 0.494038 0.212581
vt 0.494038 0.209851
vt 0.452274 0.207997
vt 0.447422 0.207997
vt 0.428018 0.226912
vt 0.423166 0.226912
vt 0.498889 0.207248
vt 0.494038 0.207248
vt 0.452274 0.205283
vt 0.447422 0.205283
vt 0.498889 0.204874
vt 0.494038 0.204874
vt 0.452274 0.202519
vt 0.447422 0.202519
vt 0.498889 0.202819
vt 0.494038 0.202819
vt 0.452274 0.199811
vt 0.447422 0.199812
vt 0.489186 0.203740
vt 0.489186 0.206014
vt 0.484335 0.206014
vt 0.484335 0.203740
vt 0.452274 0.197265
vt 0.447422 0.197265
vt 0.489186 0.201205
vt 0.484335 0.201205
vt 0.452274 0.194978
vt 0.447422 0.194978
vt 0.493818 0.238447
vt 0.493818 0.241207
vt 0.488967 0.241207
vt 0.488967 0.238447
vt 0.489186 0.198507
vt 0.484335 0.198507
vt 0.452274 0.193037
vt 0.447422 0.193037
vt 0.493818 0.235711
vt 0.488967 0.235711
vt 0.489186 0.195749
vt 0.484335 0.195749
vt 0.447422 0.232244
vt 0.447422 0.234236
vt 0.442571 0.234236
vt 0.442571 0.232244
vt 0.493818 0.233103
vt 0.488967 0.233103
vt 0.489186 0.193037
vt 0.484335 0.193037
vt 0.447422 0.229917
vt 0.442571 0.229917
vt 0.447422 0.227343
vt 0.442571 0.227343
vt 0.149319 0.762650
vt 0.149319 0.746792
vt 0.154170 0.746792
vt 0.154170 0.762650
vt 0.457125 0.234188
vt 0.457125 0.249529
vt 0.452274 0.249529
vt 0.452274 0.234188
vt 0.447422 0.224623
vt 0.442571 0.224623
vt 0.149319 0.729203
vt 0.154170 0.729203
vt 0.385896 0.193037
vt 0.390747 0.193037
vt 0.896730 0.809557
vt 0.901581 0.809557
vt 0.901581 0.864900
vt 0.901581 0.847225
vt 0.906433 0.847225
vt 0.906433 0.864900
vt 0.159021 0.869598
vt 0.159021 0.885512
vt 0.154170 0.885512
vt 0.154170 0.869598
vt 0.901581 0.828537
vt 0.906433 0.828537
vt 0.140386 0.599621
vt 0.140386 0.580637
vt 0.145237 0.580637
vt 0.145237 0.599621
vt 0.159021 0.851971
vt 0.154170 0.851971
vt 0.901581 0.880884
vt 0.906433 0.880884
vt 0.901581 0.894563
vt 0.906433 0.894563
vt 0.140386 0.528844
vt 0.140386 0.515514
vt 0.145237 0.515514
vt 0.145237 0.528844
vt 0.140386 0.544555
vt 0.145237 0.544555
vt 0.140386 0.562044
vt 0.145237 0.562044
vt 0.419085 0.221373
vt 0.419085 0.219162
vt 0.423936 0.219162
vt 0.423936 0.221373
vt 0.419085 0.223864
vt 0.423936 0.223864
vt 0.444196 0.191960
vt 0.441704 0.191960
vt 0.441704 0.187109
vt 0.444196 0.187109
vt 0.419085 0.226541
vt 0.423936 0.226541
vt 0.439494 0.191960
vt 0.439494 0.187109
vt 0.390747 0.229328
vt 0.390747 0.211701
vt 0.395598 0.211701
vt 0.395598 0.229328
vt 0.451013 0.191960
vt 0.451013 0.187109
vt 0.390747 0.245242
vt 0.395598 0.245242
vt 0.453072 0.191960
vt 0.453072 0.187109
vt 0.716213 0.884267
vt 0.716213 0.900125
vt 0.711362 0.900125
vt 0.711362 0.884267
vt 0.716213 0.866678
vt 0.711362 0.866678
vt 0.716213 0.848033
vt 0.711362 0.848033
vt 0.716213 0.829049
vt 0.711362 0.829049
vt 0.494038 0.193037
vt 0.494038 0.195797
vt 0.489186 0.195797
vt 0.489186 0.193037
vt 0.494038 0.198533
vt 0.489186 0.198533
vt 0.494038 0.201141
vt 0.489186 0.201141
vt 0.494038 0.203520
vt 0.489186 0.203520
vt 0.476530 0.221456
vt 0.476530 0.214358
vt 0.481381 0.214358
vt 0.481381 0.221456
vt 0.476530 0.228665
vt 0.481381 0.228665
vt 0.401014 0.192195
vt 0.401014 0.186824
vt 0.405866 0.186824
vt 0.405866 0.192195
vt 0.432300 0.191960
vt 0.430090 0.191960
vt 0.430090 0.187109
vt 0.432300 0.187109
vt 0.381610 0.186824
vt 0.381610 0.192769
vt 0.376758 0.192769
vt 0.376758 0.186824
vt 0.434792 0.191960
vt 0.434792 0.187109
vt 0.159021 0.833307
vt 0.154170 0.833307
vt 0.159021 0.814324
vt 0.154170 0.814324
vt 0.159021 0.795752
vt 0.154170 0.795752
vt 0.405300 0.247394
vt 0.405300 0.244657
vt 0.410152 0.244657
vt 0.410152 0.247394
vt 0.159021 0.778304
vt 0.154170 0.778304
vt 0.405300 0.250001
vt 0.410152 0.250001
vt 0.159021 0.762650
vt 0.154170 0.762650
vt 0.154170 0.938560
vt 0.154170 0.952701
vt 0.149319 0.952701
vt 0.149319 0.938560
vt 0.154170 0.922219
vt 0.149319 0.922219
vt 0.154170 0.904307
vt 0.149319 0.904307
vt 0.154170 0.885512
vt 0.149319 0.885512
vt 0.716213 0.810456
vt 0.711362 0.810456
vt 0.442571 0.214831
vt 0.442571 0.236152
vt 0.437720 0.236152
vt 0.437720 0.214831
vt 0.396163 0.189578
vt 0.396163 0.186824
vt 0.401014 0.186824
vt 0.401014 0.189578
vt 0.376758 0.186802
vt 0.376758 0.192769
vt 0.371907 0.192769
vt 0.371907 0.186802
vt 0.396163 0.192249
vt 0.401014 0.192249
vt 0.374176 0.202471
vt 0.371907 0.202471
vt 0.371907 0.197620
vt 0.374176 0.197620
vt 0.376092 0.202471
vt 0.376092 0.197620
vt 0.373962 0.217025
vt 0.371907 0.217025
vt 0.371907 0.212174
vt 0.373962 0.212174
vt 0.488967 0.239368
vt 0.488967 0.241642
vt 0.484116 0.241642
vt 0.484116 0.239368
vt 0.488967 0.236833
vt 0.484116 0.236833
vt 0.386461 0.189560
vt 0.386461 0.192320
vt 0.381610 0.192320
vt 0.381610 0.189560
vt 0.488967 0.234134
vt 0.484116 0.234134
vt 0.386461 0.186824
vt 0.381610 0.186824
vt 0.488967 0.231376
vt 0.484116 0.231376
vt 0.375953 0.217025
vt 0.373962 0.217025
vt 0.373962 0.212174
vt 0.375953 0.212174
vt 0.488967 0.228665
vt 0.484116 0.228665
vt 0.140386 0.651713
vt 0.140386 0.635855
vt 0.145237 0.635855
vt 0.145237 0.651713
vt 0.476530 0.193037
vt 0.476530 0.208378
vt 0.471678 0.208378
vt 0.471678 0.193037
vt 0.140386 0.618266
vt 0.145237 0.618266
vt 0.390747 0.193037
vt 0.395598 0.193037
vt 0.901581 0.809557
vt 0.906433 0.809557
vt 0.144400 0.908010
vt 0.144400 0.890334
vt 0.149251 0.890334
vt 0.149251 0.908010
vt 0.154170 0.869598
vt 0.154170 0.885512
vt 0.149319 0.885512
vt 0.149319 0.869598
vt 0.144400 0.871647
vt 0.149251 0.871647
vt 0.154170 0.710558
vt 0.154170 0.691574
vt 0.159021 0.691574
vt 0.159021 0.710558
vt 0.919979 0.865421
vt 0.919107 0.865678
vt 0.910769 0.849191
vt 0.913416 0.848413
vt 0.915859 0.847134
vt 0.918006 0.845403
vt 0.919774 0.843286
vt 0.921096 0.840864
vt 0.921919 0.838232
vt 0.922213 0.835489
vt 0.921966 0.832742
vt 0.921188 0.830096
vt 0.919909 0.827652
vt 0.918178 0.825505
vt 0.933488 0.810456
vt 0.945405 0.825234
vt 0.954210 0.842053
vt 0.959564 0.860267
vt 0.961262 0.879175
vt 0.959239 0.898051
vt 0.953571 0.916170
vt 0.944478 0.932835
vt 0.932309 0.947406
vt 0.922457 0.935625
vt 0.924228 0.933503
vt 0.925552 0.931077
vt 0.926377 0.928439
vt 0.926672 0.925691
vt 0.926425 0.922938
vt 0.925645 0.920286
vt 0.924363 0.917837
vt 0.922628 0.915685
vt 0.920507 0.913913
vt 0.918081 0.912590
vt 0.915443 0.911765
vt 0.912694 0.911470
vt 0.909941 0.911717
vt 0.908022 0.912281
vt 0.925242 0.893125
vt 0.927894 0.892345
vt 0.930343 0.891064
vt 0.932495 0.889329
vt 0.934267 0.887207
vt 0.935590 0.884781
vt 0.936416 0.882143
vt 0.936710 0.879394
vt 0.936463 0.876642
vt 0.935683 0.873990
vt 0.934402 0.871541
vt 0.932666 0.869389
vt 0.930545 0.867617
vt 0.928119 0.866294
vt 0.925481 0.865468
vt 0.922732 0.865174
vt 0.917328 0.866201
vt 0.908022 0.849438
vt 0.154170 0.851971
vt 0.149319 0.851971
vt 0.144400 0.923994
vt 0.149251 0.923994
vt 0.144400 0.937673
vt 0.149251 0.937673
vt 0.154170 0.639782
vt 0.154170 0.626452
vt 0.159021 0.626452
vt 0.159021 0.639782
vt 0.154170 0.655493
vt 0.159021 0.655493
vt 0.154170 0.672981
vt 0.159021 0.672981
vt 0.161159 0.348313
vt 0.158399 0.348313
vt 0.158399 0.343462
vt 0.161159 0.343462
vt 0.410717 0.189315
vt 0.410717 0.186824
vt 0.415568 0.186824
vt 0.415568 0.189315
vt 0.410717 0.191993
vt 0.415568 0.191993
vt 0.160947 0.372569
vt 0.158736 0.372569
vt 0.158736 0.367718
vt 0.160947 0.367718
vt 0.381045 0.229329
vt 0.381045 0.211701
vt 0.455451 0.191960
vt 0.453072 0.191960
vt 0.453072 0.187109
vt 0.455451 0.187109
vt 0.381045 0.245242
vt 0.457510 0.191960
vt 0.457510 0.187109
vt 0.721064 0.884267
vt 0.721064 0.900125
vt 0.716213 0.884267
vt 0.466827 0.231877
vt 0.466827 0.214358
vt 0.471678 0.214358
vt 0.471678 0.231877
vt 0.721064 0.866678
vt 0.721064 0.848033
vt 0.721064 0.829049
vt 0.716213 0.829049
vt 0.461976 0.232246
vt 0.461976 0.234738
vt 0.457125 0.234738
vt 0.461976 0.237415
vt 0.457125 0.237415
vt 0.461976 0.240175
vt 0.457125 0.240175
vt 0.461976 0.242911
vt 0.457125 0.242911
vt 0.461976 0.245519
vt 0.457125 0.245519
vt 0.461976 0.247898
vt 0.457125 0.247898
vt 0.461976 0.249957
vt 0.457125 0.249957
vt 0.430090 0.191960
vt 0.427811 0.191960
vt 0.427811 0.187109
vt 0.430090 0.187109
vt 0.425270 0.191960
vt 0.425270 0.187109
vt 0.376029 0.207323
vt 0.374113 0.207323
vt 0.374113 0.202472
vt 0.376029 0.202472
vt 0.437002 0.191960
vt 0.434792 0.191960
vt 0.434792 0.187109
vt 0.437002 0.187109
vt 0.439494 0.191960
vt 0.439494 0.187109
vt 0.154170 0.833307
vt 0.149319 0.833307
vt 0.154170 0.814324
vt 0.149319 0.814324
vt 0.154170 0.795752
vt 0.149319 0.795752
vt 0.405866 0.189560
vt 0.405866 0.186824
vt 0.410717 0.186824
vt 0.410717 0.189560
vt 0.154170 0.778304
vt 0.149319 0.778304
vt 0.405866 0.192168
vt 0.410717 0.192168
vt 0.154170 0.762650
vt 0.149319 0.762650
vt 0.159021 0.938560
vt 0.159021 0.952701
vt 0.154170 0.952701
vt 0.154170 0.938560
vt 0.159021 0.922219
vt 0.154170 0.922219
vt 0.159021 0.904307
vt 0.154170 0.904307
vt 0.160649 0.377421
vt 0.158736 0.377421
vt 0.158736 0.372569
vt 0.160649 0.372569
vt 0.159021 0.885512
vt 0.154170 0.885512
vt 0.721064 0.810456
vt 0.437720 0.214832
vt 0.432869 0.236152
vt 0.432869 0.214832
vt 0.491083 0.217112
vt 0.491083 0.214358
vt 0.495934 0.214358
vt 0.495934 0.217112
vt 0.491083 0.224476
vt 0.491083 0.222270
vt 0.495934 0.222270
vt 0.495934 0.224476
vt 0.491083 0.219783
vt 0.495934 0.219783
vt 0.374195 0.197620
vt 0.371907 0.197620
vt 0.371907 0.192769
vt 0.374195 0.192769
vt 0.376136 0.197620
vt 0.376136 0.192769
vt 0.504148 0.235383
vt 0.504148 0.238083
vt 0.499297 0.238083
vt 0.499297 0.235383
vt 0.504148 0.232850
vt 0.499297 0.232850
vt 0.504148 0.230581
vt 0.499297 0.230581
vt 0.504148 0.228665
vt 0.499297 0.228665
vt 0.161057 0.358016
vt 0.158455 0.358016
vt 0.158455 0.353165
vt 0.161057 0.353165
vt 0.491083 0.225061
vt 0.491083 0.227335
vt 0.486232 0.227335
vt 0.486232 0.225061
vt 0.491083 0.222526
vt 0.486232 0.222526
vt 0.391312 0.189560
vt 0.391312 0.192320
vt 0.386461 0.192320
vt 0.386461 0.189560
vt 0.491083 0.219828
vt 0.486232 0.219828
vt 0.386461 0.186824
vt 0.491083 0.217070
vt 0.486232 0.217070
vt 0.375958 0.212174
vt 0.373966 0.212174
vt 0.373966 0.207323
vt 0.375958 0.207323
vt 0.491083 0.214358
vt 0.486232 0.214358
vt 0.154170 0.762650
vt 0.154170 0.746792
vt 0.159021 0.746792
vt 0.159021 0.762650
vt 0.476530 0.214358
vt 0.476530 0.229699
vt 0.471678 0.229699
vt 0.471678 0.214358
vt 0.154170 0.729203
vt 0.159021 0.729203
vt 0.381045 0.193037
vt 0.144400 0.852666
vt 0.149251 0.852666
s 0
usemtl Circle
f 1279/1532/357 1280/1533/357 1607/1534/357 1606/1535/357
f 1379/1536/358 1378/1537/358 1705/1538/358 1706/1539/358
f 1496/1540/359 1492/1540/359 1491/1540/359 1493/1540/359 1494/1540/359 1228/1540/359 1227/1540/359 1229/1540/359 1230/1540/359 1543/1540/359 1542/1540/359 1541/1540/359 1540/1540/359 1539/1540/359 1538/1540/359 1537/1540/359 1536/1540/359 1535/1540/359 1350/1540/359 1349/1540/359 1351/1540/359 1352/1540/359 1520/1540/359 1518/1540/359 1516/1540/359 1515/1540/359 1514/1540/359 1513/1540/359 1512/1540/359 1511/1540/359 1510/1540/359 1509/1540/359 1508/1540/359 1507/1540/359 1506/1540/359 1505/1540/359 1504/1540/359 1503/1540/359 1502/1540/359 1501/1540/359 1500/1540/359 1499/1540/359 1498/1540/359 1497/1540/359
f 1479/1541/360 1476/1542/360 1803/1543/360 1806/1544/360
f 1278/1545/361 1279/1532/361 1606/1535/361 1605/1546/361
f 1374/1547/359 1373/1548/359 1375/1549/359 1376/1550/359 1489/1551/359 1490/1552/359 1491/1553/359 1492/1554/359 1495/1555/359 1534/1556/359 1533/1557/359 1532/1558/359 1531/1559/359 1530/1560/359 1529/1561/359 1528/1562/359 1527/1563/359 1526/1564/359 1517/1565/359 1516/1566/359 1518/1567/359 1519/1568/359 1521/1569/359 1522/1570/359 1523/1571/359 1524/1572/359 1525/1573/359
f 1378/1537/362 1377/1574/362 1704/1575/362 1705/1538/362
f 1478/1576/363 1386/1577/363 1713/1578/363 1805/1579/363
f 1572/1580/359 1570/1581/359 1568/1582/359 1567/1583/359 1566/1584/359 1565/1585/359 1564/1586/359 1563/1587/359 1562/1588/359 1561/1589/359 1560/1590/359 1559/1591/359 1558/1592/359 1556/1593/359 1554/1594/359 1553/1595/359 1552/1596/359 1551/1597/359 1550/1598/359 1549/1599/359 1548/1600/359 1547/1601/359 1544/1602/359 1545/1603/359 1604/1604/359 1603/1605/359 1602/1606/359 1601/1607/359 1600/1608/359 1599/1609/359 1598/1610/359 1597/1611/359 1596/1612/359 1595/1613/359 1594/1614/359 1593/1615/359 1592/1616/359 1590/1617/359 1588/1618/359 1587/1619/359 1586/1620/359 1585/1621/359 1584/1622/359 1583/1623/359 1582/1624/359 1581/1625/359 1580/1626/359 1579/1627/359 1578/1628/359 1577/1629/359 1576/1630/359 1575/1631/359 1574/1632/359 1573/1633/359
f 1630/1540/359 1628/1540/359 1627/1540/359 1626/1540/359 1625/1540/359 1624/1540/359 1623/1540/359 1622/1540/359 1589/1540/359 1588/1540/359 1590/1540/359 1591/1540/359 1605/1540/359 1606/1540/359 1607/1540/359 1608/1540/359 1609/1540/359 1610/1540/359 1611/1540/359 1612/1540/359 1613/1540/359 1614/1540/359 1615/1540/359 1616/1540/359 1617/1540/359 1618/1540/359 1619/1540/359 1620/1540/359 1621/1540/359 1545/1540/359 1544/1540/359 1546/1540/359 1806/1540/359 1803/1540/359 1796/1540/359 1795/1540/359 1794/1540/359 1793/1540/359 1792/1540/359 1791/1540/359 1790/1540/359 1789/1540/359 1788/1540/359 1787/1540/359 1786/1540/359 1785/1540/359 1784/1540/359 1783/1540/359 1782/1540/359 1781/1540/359 1780/1540/359 1779/1540/359 1778/1540/359 1777/1540/359 1776/1540/359 1775/1540/359 1774/1540/359 1773/1540/359 1741/1540/359 1740/1540/359 1742/1540/359 1743/1540/359 1754/1540/359 1755/1540/359 1756/1540/359 1757/1540/359 1758/1540/359 1759/1540/359 1760/1540/359 1761/1540/359 1762/1540/359 1763/1540/359 1764/1540/359 1765/1540/359 1766/1540/359 1767/1540/359 1768/1540/359 1769/1540/359 1770/1540/359 1771/1540/359 1772/1540/359 1708/1540/359 1707/1540/359 1706/1540/359 1705/1540/359 1704/1540/359 1702/1540/359 1700/1540/359 1699/1540/359 1698/1540/359 1697/1540/359 1696/1540/359 1695/1540/359 1694/1540/359 1693/1540/359 1692/1540/359 1691/1540/359 1690/1540/359 1689/1540/359 1688/1540/359 1687/1540/359 1686/1540/359 1685/1540/359 1684/1540/359 1683/1540/359 1682/1540/359 1681/1540/359 1680/1540/359 1678/1540/359 1676/1540/359 1675/1540/359 1674/1540/359 1673/1540/359 1672/1540/359 1671/1540/359 1670/1540/359 1669/1540/359 1569/1540/359 1571/1540/359 1668/1540/359 1667/1540/359 1666/1540/359 1665/1540/359 1664/1540/359 1629/1540/359 1663/1540/359 1662/1540/359 1661/1540/359 1660/1540/359 1659/1540/359 1658/1540/359 1657/1540/359 1656/1540/359 1655/1540/359 1654/1540/359 1653/1540/359 1652/1540/359 1651/1540/359 1650/1540/359 1649/1540/359 1648/1540/359 1647/1540/359 1646/1540/359 1645/1540/359 1644/1540/359 1643/1540/359 1642/1540/359 1641/1540/359 1640/1540/359 1639/1540/359 1638/1540/359 1637/1540/359 1636/1540/359 1635/1540/359 1634/1540/359 1633/1540/359 1632/1540/359
f 1571/1634/359 1569/1635/359 1568/1582/359 1570/1581/359
f 1663/1540/359 1629/1540/359 1628/1540/359 1630/1540/359 1631/1540/359
f 1716/1636/359 1714/1637/359 1712/1638/359 1711/1639/359 1710/1640/359 1709/1641/359 1707/1642/359 1708/1643/359 1753/1644/359 1752/1645/359 1751/1646/359 1750/1647/359 1749/1648/359 1748/1649/359 1747/1650/359 1746/1651/359 1745/1652/359 1744/1653/359 1742/1654/359 1740/1655/359 1738/1656/359 1736/1657/359 1735/1658/359 1734/1659/359 1733/1660/359 1732/1661/359 1731/1662/359 1730/1663/359 1729/1664/359 1728/1665/359 1727/1666/359 1726/1667/359 1725/1668/359 1724/1669/359 1723/1670/359 1722/1671/359 1721/1672/359 1720/1673/359 1719/1674/359 1718/1675/359 1717/1676/359
f 1736/1657/359 1738/1656/359 1739/1677/359 1802/1678/359 1801/1679/359 1800/1680/359 1799/1681/359 1798/1682/359 1797/1683/359 1795/1684/359 1796/1685/359 1804/1686/359 1805/1687/359 1713/1688/359 1712/1638/359 1714/1637/359 1715/1689/359 1815/1690/359 1814/1691/359 1813/1692/359 1812/1693/359 1811/1694/359 1810/1695/359 1809/1696/359 1808/1697/359 1807/1698/359 1737/1699/359
f 1219/1700/364 1479/1541/364 1806/1544/364 1546/1701/364
f 1380/1702/365 1379/1536/365 1706/1539/365 1707/1703/365
f 1280/1533/366 1281/1704/366 1608/1705/366 1607/1534/366
f 1480/1706/358 1410/1707/358 1737/1708/358 1807/1709/358
f 1281/1704/367 1282/1710/367 1609/1711/367 1608/1705/367
f 1481/1712/362 1480/1706/362 1807/1709/362 1808/1713/362
f 1382/1714/368 1380/1702/368 1707/1703/368 1709/1715/368
f 1282/1710/369 1283/1716/369 1610/1717/369 1609/1711/369
f 1482/1718/370 1481/1712/370 1808/1713/370 1809/1719/370
f 1383/1720/371 1382/1721/371 1709/1722/371 1710/1723/371
f 1283/1724/372 1284/1725/372 1611/1726/372 1610/1727/372
f 1483/1728/373 1482/1718/373 1809/1719/373 1810/1729/373
f 1384/1730/374 1383/1720/374 1710/1723/374 1711/1731/374
f 1284/1725/375 1285/1732/375 1612/1733/375 1611/1726/375
f 1484/1734/376 1483/1728/376 1810/1729/376 1811/1735/376
f 1385/1736/377 1384/1730/377 1711/1731/377 1712/1737/377
f 1285/1540/378 1286/1540/378 1613/1540/378 1612/1540/378
f 1485/1738/379 1484/1734/379 1811/1735/379 1812/1739/379
f 1386/1577/380 1385/1736/380 1712/1737/380 1713/1578/380
f 1286/1540/381 1287/1540/381 1614/1540/381 1613/1540/381
f 1486/1740/382 1485/1738/382 1812/1739/382 1813/1741/382
f 1287/1540/383 1288/1540/383 1615/1540/383 1614/1540/383
f 1487/1742/384 1486/1743/384 1813/1744/384 1814/1745/384
f 1387/1746/383 1388/1747/383 1715/1748/383 1714/1749/383
f 1288/1540/385 1289/1540/385 1616/1540/385 1615/1540/385
f 1488/1750/386 1487/1742/386 1814/1745/386 1815/1751/386
f 1389/1540/381 1387/1540/381 1714/1540/381 1716/1540/381
f 1289/1540/386 1290/1540/386 1617/1540/386 1616/1540/386
f 1388/1747/385 1488/1750/385 1815/1751/385 1715/1748/385
f 1390/1540/378 1389/1540/378 1716/1540/378 1717/1540/378
f 1290/1540/384 1291/1540/384 1618/1540/384 1617/1540/384
f 1489/1752/364 1376/1753/364 1703/1754/364 1816/1755/364
f 1391/1756/375 1390/1757/375 1717/1758/375 1718/1759/375
f 1291/1540/382 1292/1540/382 1619/1540/382 1618/1540/382
f 1490/1760/360 1489/1752/360 1816/1755/360 1817/1761/360
f 1392/1762/372 1391/1756/372 1718/1759/372 1719/1763/372
f 1292/1764/379 1293/1765/379 1620/1766/379 1619/1767/379
f 1491/1768/387 1490/1769/387 1817/1770/387 1818/1771/387
f 1393/1772/369 1392/1773/369 1719/1774/369 1720/1775/369
f 1293/1765/376 1294/1776/376 1621/1777/376 1620/1766/376
f 1492/1778/388 1491/1779/388 1818/1780/388 1819/1781/388
f 1394/1782/367 1393/1772/367 1720/1775/367 1721/1783/367
f 1294/1776/373 1218/1784/373 1545/1785/373 1621/1777/373
f 1493/1786/389 1491/1768/389 1818/1771/389 1820/1787/389
f 1395/1788/366 1394/1782/366 1721/1783/366 1722/1789/366
f 1295/1540/384 1262/1540/384 1589/1540/384 1622/1540/384
f 1494/1790/390 1493/1786/390 1820/1787/390 1821/1791/390
f 1396/1792/357 1395/1788/357 1722/1789/357 1723/1793/357
f 1296/1540/386 1295/1540/386 1622/1540/386 1623/1540/386
f 1228/1794/363 1494/1790/363 1821/1791/363 1555/1795/363
f 1397/1796/361 1396/1792/361 1723/1793/361 1724/1797/361
f 1297/1540/385 1296/1540/385 1623/1540/385 1624/1540/385
f 1495/1540/384 1492/1540/384 1819/1540/384 1822/1540/384
f 1398/1798/364 1397/1796/364 1724/1797/364 1725/1799/364
f 1298/1540/383 1297/1540/383 1624/1540/383 1625/1540/383
f 1492/1800/386 1496/1801/386 1823/1802/386 1819/1803/386
f 1399/1804/360 1398/1798/360 1725/1799/360 1726/1805/360
f 1299/1540/381 1298/1540/381 1625/1540/381 1626/1540/381
f 1496/1540/385 1497/1540/385 1824/1540/385 1823/1540/385
f 1400/1806/387 1399/1807/387 1726/1808/387 1727/1809/387
f 1300/1540/378 1299/1540/378 1626/1540/378 1627/1540/378
f 1497/1540/383 1498/1540/383 1825/1540/383 1824/1540/383
f 1401/1810/389 1400/1806/389 1727/1809/389 1728/1811/389
f 1301/1540/375 1300/1540/375 1627/1540/375 1628/1540/375
f 1498/1812/381 1499/1813/381 1826/1814/381 1825/1815/381
f 1402/1816/390 1401/1810/390 1728/1811/390 1729/1817/390
f 1302/1818/372 1301/1819/372 1628/1820/372 1629/1821/372
f 1499/1813/378 1500/1822/378 1827/1823/378 1826/1814/378
f 1403/1824/363 1402/1816/363 1729/1817/363 1730/1825/363
f 1500/1822/375 1501/1826/375 1828/1827/375 1827/1823/375
f 1404/1828/380 1403/1824/380 1730/1825/380 1731/1829/380
f 1303/1540/358 1304/1540/358 1631/1540/358 1630/1540/358
f 1501/1826/372 1502/1830/372 1829/1831/372 1828/1827/372
f 1405/1832/377 1404/1828/377 1731/1829/377 1732/1833/377
f 1305/1540/358 1303/1540/358 1630/1540/358 1632/1540/358
f 1502/1540/369 1503/1540/369 1830/1540/369 1829/1540/369
f 1406/1834/374 1405/1832/374 1732/1833/374 1733/1835/374
f 1306/1836/362 1305/1837/362 1632/1838/362 1633/1839/362
f 1503/1540/367 1504/1540/367 1831/1540/367 1830/1540/367
f 1407/1840/371 1406/1834/371 1733/1835/371 1734/1841/371
f 1307/1842/370 1306/1836/370 1633/1839/370 1634/1843/370
f 1504/1844/366 1505/1845/366 1832/1846/366 1831/1847/366
f 1408/1848/368 1407/1849/368 1734/1850/368 1735/1851/368
f 1308/1852/373 1307/1842/373 1634/1843/373 1635/1853/373
f 1505/1540/357 1506/1540/357 1833/1540/357 1832/1540/357
f 1409/1854/365 1408/1848/365 1735/1851/365 1736/1855/365
f 1309/1856/376 1308/1852/376 1635/1853/376 1636/1857/376
f 1506/1540/361 1507/1540/361 1834/1540/361 1833/1540/361
f 1410/1707/365 1409/1854/365 1736/1855/365 1737/1708/365
f 1310/1858/379 1309/1856/379 1636/1857/379 1637/1859/379
f 1507/1860/364 1508/1861/364 1835/1862/364 1834/1863/364
f 1311/1540/382 1310/1540/382 1637/1540/382 1638/1540/382
f 1508/1861/360 1509/1864/360 1836/1865/360 1835/1862/360
f 1411/1866/372 1412/1867/372 1739/1868/372 1738/1869/372
f 1312/1540/384 1311/1540/384 1638/1540/384 1639/1540/384
f 1509/1870/387 1510/1871/387 1837/1872/387 1836/1873/387
f 1413/1874/369 1411/1875/369 1738/1876/369 1740/1877/369
f 1313/1540/386 1312/1540/386 1639/1540/386 1640/1540/386
f 1510/1540/389 1511/1540/389 1838/1540/389 1837/1540/389
f 1414/1878/369 1413/1874/369 1740/1877/369 1741/1879/369
f 1314/1540/385 1313/1540/385 1640/1540/385 1641/1540/385
f 1511/1540/390 1512/1540/390 1839/1540/390 1838/1540/390
f 1315/1540/383 1314/1540/383 1641/1540/383 1642/1540/383
f 1512/1540/363 1513/1540/363 1840/1540/363 1839/1540/363
f 1415/1880/373 1416/1881/373 1743/1882/373 1742/1883/373
f 1316/1540/381 1315/1540/381 1642/1540/381 1643/1540/381
f 1513/1540/380 1514/1540/380 1841/1540/380 1840/1540/380
f 1417/1884/376 1415/1880/376 1742/1883/376 1744/1885/376
f 1317/1886/378 1316/1887/378 1643/1888/378 1644/1889/378
f 1514/1540/377 1515/1540/377 1842/1540/377 1841/1540/377
f 1418/1890/379 1417/1884/379 1744/1885/379 1745/1891/379
f 1318/1892/375 1317/1886/375 1644/1889/375 1645/1893/375
f 1419/1894/382 1418/1890/382 1745/1891/382 1746/1895/382
f 1319/1896/372 1318/1892/372 1645/1893/372 1646/1897/372
f 1420/1898/384 1419/1899/384 1746/1900/384 1747/1901/384
f 1320/1902/369 1319/1903/369 1646/1904/369 1647/1905/369
f 1421/1906/386 1420/1898/386 1747/1901/386 1748/1907/386
f 1321/1908/367 1320/1902/367 1647/1905/367 1648/1909/367
f 1217/1910/361 1219/1700/361 1546/1701/361 1544/1911/361
f 1519/1540/381 1518/1540/381 1844/1540/381 1845/1540/381
f 1422/1912/385 1421/1906/385 1748/1907/385 1749/1913/385
f 1322/1914/366 1321/1908/366 1648/1909/366 1649/1915/366
f 1220/1916/357 1217/1910/357 1544/1911/357 1547/1917/357
f 1518/1540/378 1520/1540/378 1846/1540/378 1844/1540/378
f 1423/1918/383 1422/1912/383 1749/1913/383 1750/1919/383
f 1323/1920/357 1322/1914/357 1649/1915/357 1650/1921/357
f 1221/1922/366 1220/1916/366 1547/1917/366 1548/1923/366
f 1520/1540/375 1352/1540/375 1679/1540/375 1846/1540/375
f 1424/1924/381 1423/1918/381 1750/1919/381 1751/1925/381
f 1324/1926/361 1323/1920/361 1650/1921/361 1651/1927/361
f 1222/1928/367 1221/1922/367 1548/1923/367 1549/1929/367
f 1521/1540/383 1519/1540/383 1845/1540/383 1847/1540/383
f 1425/1930/378 1424/1924/378 1751/1925/378 1752/1931/378
f 1325/1932/364 1324/1926/364 1651/1927/364 1652/1933/364
f 1223/1934/369 1222/1928/369 1549/1929/369 1550/1935/369
f 1522/1540/385 1521/1540/385 1847/1540/385 1848/1540/385
f 1426/1936/375 1425/1930/375 1752/1931/375 1753/1937/375
f 1326/1938/360 1325/1932/360 1652/1933/360 1653/1939/360
f 1224/1940/372 1223/1941/372 1550/1942/372 1551/1943/372
f 1523/1540/386 1522/1540/386 1848/1540/386 1849/1540/386
f 1381/1944/372 1426/1936/372 1753/1937/372 1708/1945/372
f 1327/1946/387 1326/1947/387 1653/1948/387 1654/1949/387
f 1225/1950/375 1224/1940/375 1551/1943/375 1552/1951/375
f 1524/1540/384 1523/1540/384 1849/1540/384 1850/1540/384
f 1416/1881/370 1427/1952/370 1754/1953/370 1743/1882/370
f 1328/1954/389 1327/1946/389 1654/1949/389 1655/1955/389
f 1226/1956/378 1225/1950/378 1552/1951/378 1553/1957/378
f 1525/1540/382 1524/1540/382 1850/1540/382 1851/1540/382
f 1427/1952/362 1428/1958/362 1755/1959/362 1754/1953/362
f 1329/1960/390 1328/1954/390 1655/1955/390 1656/1961/390
f 1227/1962/381 1226/1956/381 1553/1957/381 1554/1963/381
f 1374/1540/379 1525/1540/379 1851/1540/379 1701/1540/379
f 1428/1958/358 1429/1964/358 1756/1965/358 1755/1959/358
f 1330/1966/363 1329/1960/363 1656/1961/363 1657/1967/363
f 1227/1968/380 1228/1794/380 1555/1795/380 1554/1969/380
f 1517/1540/371 1526/1540/371 1852/1540/371 1843/1540/371
f 1429/1540/365 1430/1540/365 1757/1540/365 1756/1540/365
f 1331/1970/380 1330/1966/380 1657/1967/380 1658/1971/380
f 1229/1972/391 1227/1973/391 1554/1974/391 1556/1975/391
f 1526/1976/368 1527/1977/368 1853/1978/368 1852/1979/368
f 1430/1540/368 1431/1540/368 1758/1540/368 1757/1540/368
f 1332/1980/377 1331/1970/377 1658/1971/377 1659/1981/377
f 1230/1982/383 1229/1983/383 1556/1984/383 1557/1985/383
f 1527/1977/365 1528/1986/365 1854/1987/365 1853/1978/365
f 1431/1988/371 1432/1989/371 1759/1990/371 1758/1991/371
f 1333/1992/374 1332/1980/374 1659/1981/374 1660/1993/374
f 1231/1994/377 1229/1995/377 1556/1996/377 1558/1997/377
f 1528/1540/358 1529/1540/358 1855/1540/358 1854/1540/358
f 1432/1989/374 1433/1998/374 1760/1999/374 1759/1990/374
f 1334/1540/371 1333/1540/371 1660/1540/371 1661/1540/371
f 1232/2000/374 1231/1994/374 1558/1997/374 1559/2001/374
f 1529/1540/362 1530/1540/362 1856/1540/362 1855/1540/362
f 1433/1998/377 1434/2002/377 1761/2003/377 1760/1999/377
f 1335/1540/368 1334/1540/368 1661/1540/368 1662/1540/368
f 1233/2004/371 1232/2000/371 1559/2001/371 1560/2005/371
f 1530/2006/370 1531/2007/370 1857/2008/370 1856/2009/370
f 1434/2002/380 1435/2010/380 1762/2011/380 1761/2003/380
f 1336/1540/365 1335/1540/365 1662/1540/365 1663/1540/365
f 1234/2012/368 1233/2013/368 1560/2014/368 1561/2015/368
f 1531/1540/373 1532/1540/373 1858/1540/373 1857/1540/373
f 1435/2010/363 1436/2016/363 1763/2017/363 1762/2011/363
f 1304/1540/365 1336/1540/365 1663/1540/365 1631/1540/365
f 1235/2018/365 1234/2012/365 1561/2015/365 1562/2019/365
f 1532/1540/376 1533/1540/376 1859/1540/376 1858/1540/376
f 1436/2016/390 1437/2020/390 1764/2021/390 1763/2017/390
f 1236/2022/358 1235/2018/358 1562/2019/358 1563/2023/358
f 1533/1540/379 1534/1540/379 1860/1540/379 1859/1540/379
f 1437/2020/389 1438/2024/389 1765/2025/389 1764/2021/389
f 1337/1540/369 1302/1540/369 1629/1540/369 1664/1540/369
f 1237/2026/362 1236/2022/362 1563/2023/362 1564/2027/362
f 1534/1540/382 1495/1540/382 1822/1540/382 1860/1540/382
f 1438/2024/387 1439/2028/387 1766/2029/387 1765/2025/387
f 1338/1540/367 1337/1540/367 1664/1540/367 1665/1540/367
f 1238/2030/370 1237/2026/370 1564/2027/370 1565/2031/370
f 1350/2032/358 1535/2033/358 1861/2034/358 1677/2035/358
f 1439/2036/360 1440/2037/360 1767/2038/360 1766/2039/360
f 1339/2040/366 1338/2041/366 1665/2042/366 1666/2043/366
f 1239/2044/373 1238/2030/373 1565/2031/373 1566/2045/373
f 1535/1540/362 1536/1540/362 1862/1540/362 1861/1540/362
f 1440/2037/364 1441/2046/364 1768/2047/364 1767/2038/364
f 1340/2048/357 1339/2040/357 1666/2043/357 1667/2049/357
f 1240/2050/376 1239/2044/376 1566/2045/376 1567/2051/376
f 1536/1540/370 1537/1540/370 1863/1540/370 1862/1540/370
f 1441/2046/361 1442/2052/361 1769/2053/361 1768/2047/361
f 1341/2054/361 1340/2048/361 1667/2049/361 1668/2055/361
f 1241/2056/379 1240/2050/379 1567/2051/379 1568/2057/379
f 1537/1540/373 1538/1540/373 1864/1540/373 1863/1540/373
f 1442/2052/357 1443/2058/357 1770/2059/357 1769/2053/357
f 1244/2060/364 1341/2054/364 1668/2055/364 1571/2061/364
f 1242/2062/382 1241/2056/382 1568/2057/382 1569/2063/382
f 1538/1540/376 1539/1540/376 1865/1540/376 1864/1540/376
f 1443/2058/366 1444/2064/366 1771/2065/366 1770/2059/366
f 1539/1540/379 1540/1540/379 1866/1540/379 1865/1540/379
f 1444/2064/367 1445/2066/367 1772/2067/367 1771/2065/367
f 1342/2068/384 1242/2069/384 1569/2070/384 1669/2071/384
f 1243/2072/360 1244/2060/360 1571/2061/360 1570/2073/360
f 1540/1540/382 1541/1540/382 1867/1540/382 1866/1540/382
f 1445/2066/369 1381/2074/369 1708/2075/369 1772/2067/369
f 1343/1540/386 1342/1540/386 1669/1540/386 1670/1540/386
f 1245/2076/360 1243/2072/360 1570/2073/360 1572/2077/360
f 1541/1540/384 1542/1540/384 1868/1540/384 1867/1540/384
f 1446/2078/367 1414/1878/367 1741/1879/367 1773/2079/367
f 1344/1540/385 1343/1540/385 1670/1540/385 1671/1540/385
f 1246/2080/387 1245/2081/387 1572/2082/387 1573/2083/387
f 1542/1540/386 1543/1540/386 1869/1540/386 1868/1540/386
f 1447/2084/366 1446/2078/366 1773/2079/366 1774/2085/366
f 1345/1540/383 1344/1540/383 1671/1540/383 1672/1540/383
f 1247/2086/389 1246/2080/389 1573/2083/389 1574/2087/389
f 1543/2088/385 1230/1982/385 1557/1985/385 1869/2089/385
f 1448/2090/357 1447/2084/357 1774/2085/357 1775/2091/357
f 1346/1540/381 1345/1540/381 1672/1540/381 1673/1540/381
f 1248/2092/390 1247/2086/390 1574/2087/390 1575/2093/390
f 1449/2094/361 1448/2090/361 1775/2091/361 1776/2095/361
f 1347/1540/378 1346/1540/378 1673/1540/378 1674/1540/378
f 1249/2096/363 1248/2092/363 1575/2093/363 1576/2097/363
f 1450/2098/364 1449/2094/364 1776/2095/364 1777/2099/364
f 1348/2100/375 1347/2101/375 1674/2102/375 1675/2103/375
f 1250/2104/380 1249/2096/380 1576/2097/380 1577/2105/380
f 1451/1540/360 1450/1540/360 1777/1540/360 1778/1540/360
f 1349/2106/372 1348/2100/372 1675/2103/372 1676/2107/372
f 1251/2108/377 1250/2104/377 1577/2105/377 1578/2109/377
f 1452/1540/387 1451/1540/387 1778/1540/387 1779/1540/387
f 1349/2110/365 1350/2032/365 1677/2035/365 1676/2111/365
f 1252/2112/374 1251/2108/374 1578/2109/374 1579/2113/374
f 1453/1540/389 1452/1540/389 1779/1540/389 1780/1540/389
f 1351/2114/392 1349/2106/392 1676/2107/392 1678/2115/392
f 1253/2116/371 1252/2112/371 1579/2113/371 1580/2117/371
f 1454/2118/390 1453/2119/390 1780/2120/390 1781/2121/390
f 1352/1540/372 1351/1540/372 1678/1540/372 1679/1540/372
f 1254/2122/368 1253/2123/368 1580/2124/368 1581/2125/368
f 1455/2126/363 1454/2118/363 1781/2121/363 1782/2127/363
f 1353/2128/365 1351/2129/365 1678/2130/365 1680/2131/365
f 1255/2132/365 1254/2122/365 1581/2125/365 1582/2133/365
f 1456/2134/380 1455/2126/380 1782/2127/380 1783/2135/380
f 1354/2136/358 1353/2128/358 1680/2131/358 1681/2137/358
f 1256/2138/358 1255/2132/358 1582/2133/358 1583/2139/358
f 1457/2140/377 1456/2134/377 1783/2135/377 1784/2141/377
f 1355/2142/362 1354/2136/362 1681/2137/362 1682/2143/362
f 1257/2144/362 1256/2138/362 1583/2139/362 1584/2145/362
f 1458/2146/374 1457/2140/374 1784/2141/374 1785/2147/374
f 1356/2148/370 1355/2142/370 1682/2143/370 1683/2149/370
f 1258/2150/370 1257/2144/370 1584/2145/370 1585/2151/370
f 1459/2152/371 1458/2146/371 1785/2147/371 1786/2153/371
f 1357/2154/373 1356/2148/373 1683/2149/373 1684/2155/373
f 1259/2156/373 1258/2150/373 1585/2151/373 1586/2157/373
f 1460/2158/368 1459/2159/368 1786/2160/368 1787/2161/368
f 1358/2162/376 1357/2154/376 1684/2155/376 1685/2163/376
f 1260/2164/376 1259/2156/376 1586/2157/376 1587/2165/376
f 1461/2166/365 1460/2158/365 1787/2161/365 1788/2167/365
f 1359/2168/379 1358/2162/379 1685/2163/379 1686/2169/379
f 1261/2170/379 1260/2164/379 1587/2165/379 1588/2171/379
f 1462/2172/358 1461/2166/358 1788/2167/358 1789/2173/358
f 1360/1540/382 1359/1540/382 1686/1540/382 1687/1540/382
f 1262/2174/382 1261/2170/382 1588/2171/382 1589/2175/382
f 1463/2176/362 1462/2172/362 1789/2173/362 1790/2177/362
f 1361/1540/384 1360/1540/384 1687/1540/384 1688/1540/384
f 1464/2178/370 1463/2176/370 1790/2177/370 1791/2179/370
f 1362/1540/386 1361/1540/386 1688/1540/386 1689/1540/386
f 1263/2180/360 1264/2181/360 1591/2182/360 1590/2183/360
f 1465/2184/373 1464/2178/373 1791/2179/373 1792/2185/373
f 1363/1540/385 1362/1540/385 1689/1540/385 1690/1540/385
f 1265/2186/360 1263/2180/360 1590/2183/360 1592/2187/360
f 1466/2188/376 1465/2184/376 1792/2185/376 1793/2189/376
f 1364/1540/383 1363/1540/383 1690/1540/383 1691/1540/383
f 1266/2190/387 1265/2191/387 1592/2192/387 1593/2193/387
f 1467/2194/379 1466/2188/379 1793/2189/379 1794/2195/379
f 1365/2196/381 1364/2197/381 1691/2198/381 1692/2199/381
f 1267/2200/389 1266/2190/389 1593/2193/389 1594/2201/389
f 1468/2202/382 1467/2194/382 1794/2195/382 1795/2203/382
f 1366/2204/378 1365/2196/378 1692/2199/378 1693/2205/378
f 1268/2206/390 1267/2200/390 1594/2201/390 1595/2207/390
f 1367/2208/375 1366/2204/375 1693/2205/375 1694/2209/375
f 1269/2210/363 1268/2206/363 1595/2207/363 1596/2211/363
f 1470/1540/384 1468/1540/384 1795/1540/384 1797/1540/384
f 1368/2212/372 1367/2208/372 1694/2209/372 1695/2213/372
f 1270/2214/380 1269/2210/380 1596/2211/380 1597/2215/380
f 1471/1540/386 1470/1540/386 1797/1540/386 1798/1540/386
f 1369/2216/369 1368/2217/369 1695/2218/369 1696/2219/369
f 1271/2220/377 1270/2214/377 1597/2215/377 1598/2221/377
f 1472/1540/385 1471/1540/385 1798/1540/385 1799/1540/385
f 1370/2222/367 1369/2216/367 1696/2219/367 1697/2223/367
f 1272/2224/374 1271/2220/374 1598/2221/374 1599/2225/374
f 1473/2226/383 1472/2227/383 1799/2228/383 1800/2229/383
f 1371/2230/366 1370/2222/366 1697/2223/366 1698/2231/366
f 1273/2232/371 1272/2224/371 1599/2225/371 1600/2233/371
f 1474/2234/381 1473/2226/381 1800/2229/381 1801/2235/381
f 1372/2236/357 1371/2230/357 1698/2231/357 1699/2237/357
f 1274/2238/368 1273/2239/368 1600/2240/368 1601/2241/368
f 1475/2242/378 1474/2234/378 1801/2235/378 1802/2243/378
f 1373/2244/361 1372/2236/361 1699/2237/361 1700/2245/361
f 1275/2246/365 1274/2238/365 1601/2241/365 1602/2247/365
f 1412/1867/375 1475/2242/375 1802/2243/375 1739/1868/375
f 1373/1540/376 1374/1540/376 1701/1540/376 1700/1540/376
f 1276/2248/358 1275/2246/358 1602/2247/358 1603/2249/358
f 1476/2250/387 1469/2251/387 1796/2252/387 1803/2253/387
f 1375/2254/393 1373/2255/393 1700/2256/393 1702/2257/393
f 1277/2258/362 1276/2248/362 1603/2249/362 1604/2259/362
f 1469/2251/389 1477/2260/389 1804/2261/389 1796/2252/389
f 1376/1753/361 1375/2262/361 1702/2263/361 1703/1754/361
f 1218/1784/370 1277/2258/370 1604/2259/370 1545/1785/370
f 1477/2260/390 1478/1576/390 1805/1579/390 1804/2261/390
f 1377/1574/370 1375/2264/370 1702/2265/370 1704/1575/370
f 1264/2181/364 1278/1545/364 1605/1546/364 1591/2182/364
f 1932/1540/357 1933/1540/357 2260/1540/357 2259/1540/357
f 2032/2266/358 2031/2267/358 2358/2268/358 2359/2269/358
f 2149/1540/359 2145/1540/359 2144/1540/359 2146/1540/359 2147/1540/359 1881/1540/359 1880/1540/359 1882/1540/359 1883/1540/359 2196/1540/359 2195/1540/359 2194/1540/359 2193/1540/359 2192/1540/359 2191/1540/359 2190/1540/359 2189/1540/359 2188/1540/359 2003/1540/359 2002/1540/359 2004/1540/359 2005/1540/359 2173/1540/359 2171/1540/359 2169/1540/359 2168/1540/359 2167/1540/359 2166/1540/359 2165/1540/359 2164/1540/359 2163/1540/359 2162/1540/359 2161/1540/359 2160/1540/359 2159/1540/359 2158/1540/359 2157/1540/359 2156/1540/359 2155/1540/359 2154/1540/359 2153/1540/359 2152/1540/359 2151/1540/359 2150/1540/359
f 2132/2270/360 2129/2271/360 2456/2272/360 2459/2273/360
f 1931/1540/361 1932/1540/361 2259/1540/361 2258/1540/361
f 2027/1540/359 2026/1540/359 2028/1540/359 2029/1540/359 2142/1540/359 2143/1540/359 2144/1540/359 2145/1540/359 2148/1540/359 2187/1540/359 2186/1540/359 2185/1540/359 2184/1540/359 2183/1540/359 2182/1540/359 2181/1540/359 2180/1540/359 2179/1540/359 2170/1540/359 2169/1540/359 2171/1540/359 2172/1540/359 2174/1540/359 2175/1540/359 2176/1540/359 2177/1540/359 2178/1540/359
f 2031/2267/362 2030/2274/362 2357/2275/362 2358/2268/362
f 2131/2276/363 2039/2277/363 2366/2278/363 2458/2279/363
f 2225/1540/359 2223/1540/359 2221/1540/359 2220/1540/359 2219/1540/359 2218/1540/359 2217/1540/359 2216/1540/359 2215/1540/359 2214/1540/359 2213/1540/359 2212/1540/359 2211/1540/359 2209/1540/359 2207/1540/359 2206/1540/359 2205/1540/359 2204/1540/359 2203/1540/359 2202/1540/359 2201/1540/359 2200/1540/359 2197/1540/359 2198/1540/359 2257/1540/359 2256/1540/359 2255/1540/359 2254/1540/359 2253/1540/359 2252/1540/359 2251/1540/359 2250/1540/359 2249/1540/359 2248/1540/359 2247/1540/359 2246/1540/359 2245/1540/359 2243/1540/359 2241/1540/359 2240/1540/359 2239/1540/359 2238/1540/359 2237/1540/359 2236/1540/359 2235/1540/359 2234/1540/359 2233/1540/359 2232/1540/359 2231/1540/359 2230/1540/359 2229/1540/359 2228/1540/359 2227/1540/359 2226/1540/359
f 2283/1540/359 2281/1540/359 2280/1540/359 2279/1540/359 2278/1540/359 2277/1540/359 2276/1540/359 2275/1540/359 2242/1540/359 2241/1540/359 2243/1540/359 2244/1540/359 2258/1540/359 2259/1540/359 2260/1540/359 2261/1540/359 2262/1540/359 2263/1540/359 2264/1540/359 2265/1540/359 2266/1540/359 2267/1540/359 2268/1540/359 2269/1540/359 2270/1540/359 2271/1540/359 2272/1540/359 2273/1540/359 2274/1540/359 2198/1540/359 2197/1540/359 2199/1540/359 2459/1540/359 2456/1540/359 2449/1540/359 2448/1540/359 2447/1540/359 2446/1540/359 2445/1540/359 2444/1540/359 2443/1540/359 2442/1540/359 2441/1540/359 2440/1540/359 2439/1540/359 2438/1540/359 2437/1540/359 2436/1540/359 2435/1540/359 2434/1540/359 2433/1540/359 2432/1540/359 2431/1540/359 2430/1540/359 2429/1540/359 2428/1540/359 2427/1540/359 2426/1540/359 2394/1540/359 2393/1540/359 2395/1540/359 2396/1540/359 2407/1540/359 2408/1540/359 2409/1540/359 2410/1540/359 2411/1540/359 2412/1540/359 2413/1540/359 2414/1540/359 2415/1540/359 2416/1540/359 2417/1540/359 2418/1540/359 2419/1540/359 2420/1540/359 2421/1540/359 2422/1540/359 2423/1540/359 2424/1540/359 2425/1540/359 2361/1540/359 2360/1540/359 2359/1540/359 2358/1540/359 2357/1540/359 2355/1540/359 2353/1540/359 2352/1540/359 2351/1540/359 2350/1540/359 2349/1540/359 2348/1540/359 2347/1540/359 2346/1540/359 2345/1540/359 2344/1540/359 2343/1540/359 2342/1540/359 2341/1540/359 2340/1540/359 2339/1540/359 2338/1540/359 2337/1540/359 2336/1540/359 2335/1540/359 2334/1540/359 2333/1540/359 2331/1540/359 2329/1540/359 2328/1540/359 2327/1540/359 2326/1540/359 2325/1540/359 2324/1540/359 2323/1540/359 2322/1540/359 2222/1540/359 2224/1540/359 2321/1540/359 2320/1540/359 2319/1540/359 2318/1540/359 2317/1540/359 2282/1540/359 2316/1540/359 2315/1540/359 2314/1540/359 2313/1540/359 2312/1540/359 2311/1540/359 2310/1540/359 2309/1540/359 2308/1540/359 2307/1540/359 2306/1540/359 2305/1540/359 2304/1540/359 2303/1540/359 2302/1540/359 2301/1540/359 2300/1540/359 2299/1540/359 2298/1540/359 2297/1540/359 2296/1540/359 2295/1540/359 2294/1540/359 2293/1540/359 2292/1540/359 2291/1540/359 2290/1540/359 2289/1540/359 2288/1540/359 2287/1540/359 2286/1540/359 2285/1540/359
f 2224/1540/359 2222/1540/359 2221/1540/359 2223/1540/359
f 2316/1540/359 2282/1540/359 2281/1540/359 2283/1540/359 2284/1540/359
f 2369/1540/359 2367/1540/359 2365/1540/359 2364/1540/359 2363/1540/359 2362/1540/359 2360/1540/359 2361/1540/359 2406/1540/359 2405/1540/359 2404/1540/359 2403/1540/359 2402/1540/359 2401/1540/359 2400/1540/359 2399/1540/359 2398/1540/359 2397/1540/359 2395/1540/359 2393/1540/359 2391/1540/359 2389/1540/359 2388/1540/359 2387/1540/359 2386/1540/359 2385/1540/359 2384/1540/359 2383/1540/359 2382/1540/359 2381/1540/359 2380/1540/359 2379/1540/359 2378/1540/359 2377/1540/359 2376/1540/359 2375/1540/359 2374/1540/359 2373/1540/359 2372/1540/359 2371/1540/359 2370/1540/359
f 2389/1540/359 2391/1540/359 2392/1540/359 2455/1540/359 2454/1540/359 2453/1540/359 2452/1540/359 2451/1540/359 2450/1540/359 2448/1540/359 2449/1540/359 2457/1540/359 2458/1540/359 2366/1540/359 2365/1540/359 2367/1540/359 2368/1540/359 2468/1540/359 2467/1540/359 2466/1540/359 2465/1540/359 2464/1540/359 2463/1540/359 2462/1540/359 2461/1540/359 2460/1540/359 2390/1540/359
f 1872/2280/364 2132/2270/364 2459/2273/364 2199/2281/364
f 2033/2282/365 2032/2266/365 2359/2269/365 2360/2283/365
f 1933/1540/366 1934/1540/366 2261/1540/366 2260/1540/366
f 2133/1540/358 2063/1540/358 2390/1540/358 2460/1540/358
f 1934/1540/367 1935/1540/367 2262/1540/367 2261/1540/367
f 2134/1540/362 2133/1540/362 2460/1540/362 2461/1540/362
f 2035/2284/368 2033/2282/368 2360/2283/368 2362/2285/368
f 1935/1540/369 1936/1540/369 2263/1540/369 2262/1540/369
f 2135/1540/370 2134/1540/370 2461/1540/370 2462/1540/370
f 2036/2286/371 2035/2287/371 2362/2288/371 2363/2289/371
f 1936/1540/372 1937/1540/372 2264/1540/372 2263/1540/372
f 2136/1540/373 2135/1540/373 2462/1540/373 2463/1540/373
f 2037/2290/374 2036/2286/374 2363/2289/374 2364/2291/374
f 1937/1540/375 1938/1540/375 2265/1540/375 2264/1540/375
f 2137/1540/376 2136/1540/376 2463/1540/376 2464/1540/376
f 2038/2292/377 2037/2290/377 2364/2291/377 2365/2293/377
f 1938/1540/378 1939/1540/378 2266/1540/378 2265/1540/378
f 2138/1540/379 2137/1540/379 2464/1540/379 2465/1540/379
f 2039/2277/380 2038/2292/380 2365/2293/380 2366/2278/380
f 1939/1540/381 1940/1540/381 2267/1540/381 2266/1540/381
f 2139/1540/382 2138/1540/382 2465/1540/382 2466/1540/382
f 1940/1540/383 1941/1540/383 2268/1540/383 2267/1540/383
f 2140/2294/384 2139/2295/384 2466/2296/384 2467/2297/384
f 2040/1540/383 2041/1540/383 2368/1540/383 2367/1540/383
f 1941/1540/385 1942/1540/385 2269/1540/385 2268/1540/385
f 2141/2298/386 2140/2294/386 2467/2297/386 2468/2299/386
f 2042/1540/381 2040/1540/381 2367/1540/381 2369/1540/381
f 1942/2300/386 1943/2301/386 2270/2302/386 2269/2303/386
f 2041/2304/385 2141/2298/385 2468/2299/385 2368/2305/385
f 2043/1540/378 2042/1540/378 2369/1540/378 2370/1540/378
f 1943/2301/384 1944/2306/384 2271/2307/384 2270/2302/384
f 2142/2308/364 2029/2309/364 2356/2310/364 2469/2311/364
f 2044/2312/375 2043/1762/375 2370/1763/375 2371/2313/375
f 1944/1540/382 1945/1540/382 2272/1540/382 2271/1540/382
f 2143/2314/360 2142/2308/360 2469/2311/360 2470/2315/360
f 2045/2316/372 2044/2312/372 2371/2313/372 2372/2317/372
f 1945/1540/379 1946/1540/379 2273/1540/379 2272/1540/379
f 2144/2318/387 2143/2319/387 2470/2320/387 2471/2321/387
f 2046/1540/369 2045/1540/369 2372/1540/369 2373/1540/369
f 1946/1540/376 1947/1540/376 2274/1540/376 2273/1540/376
f 2145/1540/388 2144/1540/388 2471/1540/388 2472/1540/388
f 2047/1540/367 2046/1540/367 2373/1540/367 2374/1540/367
f 1947/1540/373 1871/1540/373 2198/1540/373 2274/1540/373
f 2146/2322/389 2144/2318/389 2471/2321/389 2473/2323/389
f 2048/1540/366 2047/1540/366 2374/1540/366 2375/1540/366
f 1948/1540/384 1915/1540/384 2242/1540/384 2275/1540/384
f 2147/2324/390 2146/2322/390 2473/2323/390 2474/2325/390
f 2049/1540/357 2048/1540/357 2375/1540/357 2376/1540/357
f 1949/1540/386 1948/1540/386 2275/1540/386 2276/1540/386
f 1881/2326/363 2147/2324/363 2474/2325/363 2208/2327/363
f 2050/1540/361 2049/1540/361 2376/1540/361 2377/1540/361
f 1950/1540/385 1949/1540/385 2276/1540/385 2277/1540/385
f 2148/1540/384 2145/1540/384 2472/1540/384 2475/1540/384
f 2051/1540/364 2050/1540/364 2377/1540/364 2378/1540/364
f 1951/1540/383 1950/1540/383 2277/1540/383 2278/1540/383
f 2145/1540/386 2149/1540/386 2476/1540/386 2472/1540/386
f 2052/1540/360 2051/1540/360 2378/1540/360 2379/1540/360
f 1952/1540/381 1951/1540/381 2278/1540/381 2279/1540/381
f 2149/1540/385 2150/1540/385 2477/1540/385 2476/1540/385
f 2053/1540/387 2052/1540/387 2379/1540/387 2380/1540/387
f 1953/1540/378 1952/1540/378 2279/1540/378 2280/1540/378
f 2150/2328/383 2151/2329/383 2478/2330/383 2477/2331/383
f 2054/1540/389 2053/1540/389 2380/1540/389 2381/1540/389
f 1954/1540/375 1953/1540/375 2280/1540/375 2281/1540/375
f 2151/2329/381 2152/2332/381 2479/2333/381 2478/2330/381
f 2055/1540/390 2054/1540/390 2381/1540/390 2382/1540/390
f 1955/1540/372 1954/1540/372 2281/1540/372 2282/1540/372
f 2152/2332/378 2153/2334/378 2480/2335/378 2479/2333/378
f 2056/1540/363 2055/1540/363 2382/1540/363 2383/1540/363
f 2153/2334/375 2154/2336/375 2481/2337/375 2480/2335/375
f 2057/1540/380 2056/1540/380 2383/1540/380 2384/1540/380
f 1956/1540/358 1957/1540/358 2284/1540/358 2283/1540/358
f 2154/1540/372 2155/1540/372 2482/1540/372 2481/1540/372
f 2058/1540/377 2057/1540/377 2384/1540/377 2385/1540/377
f 1958/1540/358 1956/1540/358 2283/1540/358 2285/1540/358
f 2155/1540/369 2156/1540/369 2483/1540/369 2482/1540/369
f 2059/1540/374 2058/1540/374 2385/1540/374 2386/1540/374
f 1959/2338/362 1958/2339/362 2285/2340/362 2286/2341/362
f 2156/1540/367 2157/1540/367 2484/1540/367 2483/1540/367
f 2060/1540/371 2059/1540/371 2386/1540/371 2387/1540/371
f 1960/2342/370 1959/2338/370 2286/2341/370 2287/2343/370
f 2157/1540/366 2158/1540/366 2485/1540/366 2484/1540/366
f 2061/1540/368 2060/1540/368 2387/1540/368 2388/1540/368
f 1961/1540/373 1960/1540/373 2287/1540/373 2288/1540/373
f 2158/1540/357 2159/1540/357 2486/1540/357 2485/1540/357
f 2062/1540/365 2061/1540/365 2388/1540/365 2389/1540/365
f 1962/1540/376 1961/1540/376 2288/1540/376 2289/1540/376
f 2159/1540/361 2160/1540/361 2487/1540/361 2486/1540/361
f 2063/1540/365 2062/1540/365 2389/1540/365 2390/1540/365
f 1963/1540/379 1962/1540/379 2289/1540/379 2290/1540/379
f 2160/1540/364 2161/1540/364 2488/1540/364 2487/1540/364
f 1964/1540/382 1963/1540/382 2290/1540/382 2291/1540/382
f 2161/1540/360 2162/1540/360 2489/1540/360 2488/1540/360
f 2064/1540/372 2065/1540/372 2392/1540/372 2391/1540/372
f 1965/1540/384 1964/1540/384 2291/1540/384 2292/1540/384
f 2162/1540/387 2163/1540/387 2490/1540/387 2489/1540/387
f 2066/1540/369 2064/1540/369 2391/1540/369 2393/1540/369
f 1966/1540/386 1965/1540/386 2292/1540/386 2293/1540/386
f 2163/1540/389 2164/1540/389 2491/1540/389 2490/1540/389
f 2067/1540/369 2066/1540/369 2393/1540/369 2394/1540/369
f 1967/1540/385 1966/1540/385 2293/1540/385 2294/1540/385
f 2164/1540/390 2165/1540/390 2492/1540/390 2491/1540/390
f 1968/1540/383 1967/1540/383 2294/1540/383 2295/1540/383
f 2165/1540/363 2166/1540/363 2493/1540/363 2492/1540/363
f 2068/1540/373 2069/1540/373 2396/1540/373 2395/1540/373
f 1969/1540/381 1968/1540/381 2295/1540/381 2296/1540/381
f 2166/1540/380 2167/1540/380 2494/1540/380 2493/1540/380
f 2070/1540/376 2068/1540/376 2395/1540/376 2397/1540/376
f 1970/1540/378 1969/1540/378 2296/1540/378 2297/1540/378
f 2167/1540/377 2168/1540/377 2495/1540/377 2494/1540/377
f 2071/1540/379 2070/1540/379 2397/1540/379 2398/1540/379
f 1971/1540/375 1970/1540/375 2297/1540/375 2298/1540/375
f 2072/1540/382 2071/1540/382 2398/1540/382 2399/1540/382
f 1972/2344/372 1971/2345/372 2298/2346/372 2299/2347/372
f 2073/2348/384 2072/2349/384 2399/2350/384 2400/2351/384
f 1973/2352/369 1972/2353/369 2299/2354/369 2300/2355/369
f 2074/2356/386 2073/2348/386 2400/2351/386 2401/2357/386
f 1974/1540/367 1973/1540/367 2300/1540/367 2301/1540/367
f 1870/2358/361 1872/2280/361 2199/2281/361 2197/2359/361
f 2172/1540/381 2171/1540/381 2497/1540/381 2498/1540/381
f 2075/1540/385 2074/1540/385 2401/1540/385 2402/1540/385
f 1975/1540/366 1974/1540/366 2301/1540/366 2302/1540/366
f 1873/2360/357 1870/2358/357 2197/2359/357 2200/2361/357
f 2171/1540/378 2173/1540/378 2499/1540/378 2497/1540/378
f 2076/1540/383 2075/1540/383 2402/1540/383 2403/1540/383
f 1976/1540/357 1975/1540/357 2302/1540/357 2303/1540/357
f 1874/2362/366 1873/2360/366 2200/2361/366 2201/2363/366
f 2173/1540/375 2005/1540/375 2332/1540/375 2499/1540/375
f 2077/2364/381 2076/2365/381 2403/2366/381 2404/2367/381
f 1977/1540/361 1976/1540/361 2303/1540/361 2304/1540/361
f 1875/2368/367 1874/2362/367 2201/2363/367 2202/2369/367
f 2174/1540/383 2172/1540/383 2498/1540/383 2500/1540/383
f 2078/2370/378 2077/2364/378 2404/2367/378 2405/2371/378
f 1978/1540/364 1977/1540/364 2304/1540/364 2305/1540/364
f 1876/2372/369 1875/2368/369 2202/2369/369 2203/2373/369
f 2175/1540/385 2174/1540/385 2500/1540/385 2501/1540/385
f 2079/1540/375 2078/1540/375 2405/1540/375 2406/1540/375
f 1979/1540/360 1978/1540/360 2305/1540/360 2306/1540/360
f 1877/2374/372 1876/2375/372 2203/2376/372 2204/2377/372
f 2176/1540/386 2175/1540/386 2501/1540/386 2502/1540/386
f 2034/1540/372 2079/1540/372 2406/1540/372 2361/1540/372
f 1980/1540/387 1979/1540/387 2306/1540/387 2307/1540/387
f 1878/2378/375 1877/2374/375 2204/2377/375 2205/2379/375
f 2177/1540/384 2176/1540/384 2502/1540/384 2503/1540/384
f 2069/1540/370 2080/1540/370 2407/1540/370 2396/1540/370
f 1981/1540/389 1980/1540/389 2307/1540/389 2308/1540/389
f 1879/2380/378 1878/2378/378 2205/2379/378 2206/2381/378
f 2178/1540/382 2177/1540/382 2503/1540/382 2504/1540/382
f 2080/1540/362 2081/1540/362 2408/1540/362 2407/1540/362
f 1982/1540/390 1981/1540/390 2308/1540/390 2309/1540/390
f 1880/2382/381 1879/2380/381 2206/2381/381 2207/2383/381
f 2027/1540/379 2178/1540/379 2504/1540/379 2354/1540/379
f 2081/1540/358 2082/1540/358 2409/1540/358 2408/1540/358
f 1983/1540/363 1982/1540/363 2309/1540/363 2310/1540/363
f 1880/2384/380 1881/2326/380 2208/2327/380 2207/2385/380
f 2170/1540/371 2179/1540/371 2505/1540/371 2496/1540/371
f 2082/1540/365 2083/1540/365 2410/1540/365 2409/1540/365
f 1984/1540/380 1983/1540/380 2310/1540/380 2311/1540/380
f 1882/2386/391 1880/2387/391 2207/2388/391 2209/2389/391
f 2179/1540/368 2180/1540/368 2506/1540/368 2505/1540/368
f 2083/1540/368 2084/1540/368 2411/1540/368 2410/1540/368
f 1985/1540/377 1984/1540/377 2311/1540/377 2312/1540/377
f 1883/2390/383 1882/2391/383 2209/2392/383 2210/2393/383
f 2180/1540/365 2181/1540/365 2507/1540/365 2506/1540/365
f 2084/1540/371 2085/1540/371 2412/1540/371 2411/1540/371
f 1986/2394/374 1985/2395/374 2312/2396/374 2313/2397/374
f 1884/1540/377 1882/1540/377 2209/1540/377 2211/1540/377
f 2181/1540/358 2182/1540/358 2508/1540/358 2507/1540/358
f 2085/1540/374 2086/1540/374 2413/1540/374 2412/1540/374
f 1987/1540/371 1986/1540/371 2313/1540/371 2314/1540/371
f 1885/1540/374 1884/1540/374 2211/1540/374 2212/1540/374
f 2182/1540/362 2183/1540/362 2509/1540/362 2508/1540/362
f 2086/1540/377 2087/1540/377 2414/1540/377 2413/1540/377
f 1988/1540/368 1987/1540/368 2314/1540/368 2315/1540/368
f 1886/1540/371 1885/1540/371 2212/1540/371 2213/1540/371
f 2183/1540/370 2184/1540/370 2510/1540/370 2509/1540/370
f 2087/1540/380 2088/1540/380 2415/1540/380 2414/1540/380
f 1989/1540/365 1988/1540/365 2315/1540/365 2316/1540/365
f 1887/1540/368 1886/1540/368 2213/1540/368 2214/1540/368
f 2184/1540/373 2185/1540/373 2511/1540/373 2510/1540/373
f 2088/1540/363 2089/1540/363 2416/1540/363 2415/1540/363
f 1957/1540/365 1989/1540/365 2316/1540/365 2284/1540/365
f 1888/1540/365 1887/1540/365 2214/1540/365 2215/1540/365
f 2185/1540/376 2186/1540/376 2512/1540/376 2511/1540/376
f 2089/1540/390 2090/1540/390 2417/1540/390 2416/1540/390
f 1889/1540/358 1888/1540/358 2215/1540/358 2216/1540/358
f 2186/1540/379 2187/1540/379 2513/1540/379 2512/1540/379
f 2090/1540/389 2091/1540/389 2418/1540/389 2417/1540/389
f 1990/1540/369 1955/1540/369 2282/1540/369 2317/1540/369
f 1890/1540/362 1889/1540/362 2216/1540/362 2217/1540/362
f 2187/1540/382 2148/1540/382 2475/1540/382 2513/1540/382
f 2091/1540/387 2092/1540/387 2419/1540/387 2418/1540/387
f 1991/1540/367 1990/1540/367 2317/1540/367 2318/1540/367
f 1891/1540/370 1890/1540/370 2217/1540/370 2218/1540/370
f 2003/1540/358 2188/1540/358 2514/1540/358 2330/1540/358
f 2092/1540/360 2093/1540/360 2420/1540/360 2419/1540/360
f 1992/1540/366 1991/1540/366 2318/1540/366 2319/1540/366
f 1892/1540/373 1891/1540/373 2218/1540/373 2219/1540/373
f 2188/1540/362 2189/1540/362 2515/1540/362 2514/1540/362
f 2093/1540/364 2094/1540/364 2421/1540/364 2420/1540/364
f 1993/1540/357 1992/1540/357 2319/1540/357 2320/1540/357
f 1893/1540/376 1892/1540/376 2219/1540/376 2220/1540/376
f 2189/1540/370 2190/1540/370 2516/1540/370 2515/1540/370
f 2094/1540/361 2095/1540/361 2422/1540/361 2421/1540/361
f 1994/1540/361 1993/1540/361 2320/1540/361 2321/1540/361
f 1894/1540/379 1893/1540/379 2220/1540/379 2221/1540/379
f 2190/1540/373 2191/1540/373 2517/1540/373 2516/1540/373
f 2095/1540/357 2096/1540/357 2423/1540/357 2422/1540/357
f 1897/1540/364 1994/1540/364 2321/1540/364 2224/1540/364
f 1895/1540/382 1894/1540/382 2221/1540/382 2222/1540/382
f 2191/1540/376 2192/1540/376 2518/1540/376 2517/1540/376
f 2096/1540/366 2097/1540/366 2424/1540/366 2423/1540/366
f 2192/1540/379 2193/1540/379 2519/1540/379 2518/1540/379
f 2097/1540/367 2098/1540/367 2425/1540/367 2424/1540/367
f 1995/1540/384 1895/1540/384 2222/1540/384 2322/1540/384
f 1896/1540/360 1897/1540/360 2224/1540/360 2223/1540/360
f 2193/1540/382 2194/1540/382 2520/1540/382 2519/1540/382
f 2098/1540/369 2034/1540/369 2361/1540/369 2425/1540/369
f 1996/1540/386 1995/1540/386 2322/1540/386 2323/1540/386
f 1898/1540/360 1896/1540/360 2223/1540/360 2225/1540/360
f 2194/1540/384 2195/1540/384 2521/1540/384 2520/1540/384
f 2099/1540/367 2067/1540/367 2394/1540/367 2426/1540/367
f 1997/1540/385 1996/1540/385 2323/1540/385 2324/1540/385
f 1899/1540/387 1898/1540/387 2225/1540/387 2226/1540/387
f 2195/1540/386 2196/1540/386 2522/1540/386 2521/1540/386
f 2100/1540/366 2099/1540/366 2426/1540/366 2427/1540/366
f 1998/1540/383 1997/1540/383 2324/1540/383 2325/1540/383
f 1900/1540/389 1899/1540/389 2226/1540/389 2227/1540/389
f 2196/2398/385 1883/2390/385 2210/2393/385 2522/2399/385
f 2101/1540/357 2100/1540/357 2427/1540/357 2428/1540/357
f 1999/1540/381 1998/1540/381 2325/1540/381 2326/1540/381
f 1901/1540/390 1900/1540/390 2227/1540/390 2228/1540/390
f 2102/1540/361 2101/1540/361 2428/1540/361 2429/1540/361
f 2000/1540/378 1999/1540/378 2326/1540/378 2327/1540/378
f 1902/1540/363 1901/1540/363 2228/1540/363 2229/1540/363
f 2103/1540/364 2102/1540/364 2429/1540/364 2430/1540/364
f 2001/1540/375 2000/1540/375 2327/1540/375 2328/1540/375
f 1903/1540/380 1902/1540/380 2229/1540/380 2230/1540/380
f 2104/1540/360 2103/1540/360 2430/1540/360 2431/1540/360
f 2002/1540/372 2001/1540/372 2328/1540/372 2329/1540/372
f 1904/1540/377 1903/1540/377 2230/1540/377 2231/1540/377
f 2105/1540/387 2104/1540/387 2431/1540/387 2432/1540/387
f 2002/1540/365 2003/1540/365 2330/1540/365 2329/1540/365
f 1905/1540/374 1904/1540/374 2231/1540/374 2232/1540/374
f 2106/1540/389 2105/1540/389 2432/1540/389 2433/1540/389
f 2004/1540/392 2002/1540/392 2329/1540/392 2331/1540/392
f 1906/1540/371 1905/1540/371 2232/1540/371 2233/1540/371
f 2107/1540/390 2106/1540/390 2433/1540/390 2434/1540/390
f 2005/1540/372 2004/1540/372 2331/1540/372 2332/1540/372
f 1907/1540/368 1906/1540/368 2233/1540/368 2234/1540/368
f 2108/1540/363 2107/1540/363 2434/1540/363 2435/1540/363
f 2006/1540/365 2004/1540/365 2331/1540/365 2333/1540/365
f 1908/1540/365 1907/1540/365 2234/1540/365 2235/1540/365
f 2109/1540/380 2108/1540/380 2435/1540/380 2436/1540/380
f 2007/1540/358 2006/1540/358 2333/1540/358 2334/1540/358
f 1909/1540/358 1908/1540/358 2235/1540/358 2236/1540/358
f 2110/1540/377 2109/1540/377 2436/1540/377 2437/1540/377
f 2008/1540/362 2007/1540/362 2334/1540/362 2335/1540/362
f 1910/1540/362 1909/1540/362 2236/1540/362 2237/1540/362
f 2111/1540/374 2110/1540/374 2437/1540/374 2438/1540/374
f 2009/1540/370 2008/1540/370 2335/1540/370 2336/1540/370
f 1911/1540/370 1910/1540/370 2237/1540/370 2238/1540/370
f 2112/1540/371 2111/1540/371 2438/1540/371 2439/1540/371
f 2010/1540/373 2009/1540/373 2336/1540/373 2337/1540/373
f 1912/1540/373 1911/1540/373 2238/1540/373 2239/1540/373
f 2113/1540/368 2112/1540/368 2439/1540/368 2440/1540/368
f 2011/1540/376 2010/1540/376 2337/1540/376 2338/1540/376
f 1913/1540/376 1912/1540/376 2239/1540/376 2240/1540/376
f 2114/1540/365 2113/1540/365 2440/1540/365 2441/1540/365
f 2012/1540/379 2011/1540/379 2338/1540/379 2339/1540/379
f 1914/1540/379 1913/1540/379 2240/1540/379 2241/1540/379
f 2115/1540/358 2114/1540/358 2441/1540/358 2442/1540/358
f 2013/1540/382 2012/1540/382 2339/1540/382 2340/1540/382
f 1915/1540/382 1914/1540/382 2241/1540/382 2242/1540/382
f 2116/1540/362 2115/1540/362 2442/1540/362 2443/1540/362
f 2014/1540/384 2013/1540/384 2340/1540/384 2341/1540/384
f 2117/1540/370 2116/1540/370 2443/1540/370 2444/1540/370
f 2015/1540/386 2014/1540/386 2341/1540/386 2342/1540/386
f 1916/1540/360 1917/1540/360 2244/1540/360 2243/1540/360
f 2118/1540/373 2117/1540/373 2444/1540/373 2445/1540/373
f 2016/1540/385 2015/1540/385 2342/1540/385 2343/1540/385
f 1918/1540/360 1916/1540/360 2243/1540/360 2245/1540/360
f 2119/1540/376 2118/1540/376 2445/1540/376 2446/1540/376
f 2017/1540/383 2016/1540/383 2343/1540/383 2344/1540/383
f 1919/1540/387 1918/1540/387 2245/1540/387 2246/1540/387
f 2120/2400/379 2119/2401/379 2446/2402/379 2447/2403/379
f 2018/1540/381 2017/1540/381 2344/1540/381 2345/1540/381
f 1920/1540/389 1919/1540/389 2246/1540/389 2247/1540/389
f 2121/2404/382 2120/2400/382 2447/2403/382 2448/2405/382
f 2019/1540/378 2018/1540/378 2345/1540/378 2346/1540/378
f 1921/1540/390 1920/1540/390 2247/1540/390 2248/1540/390
f 2020/1540/375 2019/1540/375 2346/1540/375 2347/1540/375
f 1922/1540/363 1921/1540/363 2248/1540/363 2249/1540/363
f 2123/1540/384 2121/1540/384 2448/1540/384 2450/1540/384
f 2021/2406/372 2020/2407/372 2347/2408/372 2348/2409/372
f 1923/1540/380 1922/1540/380 2249/1540/380 2250/1540/380
f 2124/1540/386 2123/1540/386 2450/1540/386 2451/1540/386
f 2022/2410/369 2021/2411/369 2348/2412/369 2349/2413/369
f 1924/1540/377 1923/1540/377 2250/1540/377 2251/1540/377
f 2125/1540/385 2124/1540/385 2451/1540/385 2452/1540/385
f 2023/2414/367 2022/2410/367 2349/2413/367 2350/2415/367
f 1925/1540/374 1924/1540/374 2251/1540/374 2252/1540/374
f 2126/2416/383 2125/2417/383 2452/2418/383 2453/2419/383
f 2024/2420/366 2023/2414/366 2350/2415/366 2351/2421/366
f 1926/1540/371 1925/1540/371 2252/1540/371 2253/1540/371
f 2127/2422/381 2126/2416/381 2453/2419/381 2454/2423/381
f 2025/2424/357 2024/2420/357 2351/2421/357 2352/2425/357
f 1927/2426/368 1926/2427/368 2253/2428/368 2254/2429/368
f 2128/1540/378 2127/1540/378 2454/1540/378 2455/1540/378
f 2026/2430/361 2025/2424/361 2352/2425/361 2353/2431/361
f 1928/1540/365 1927/1540/365 2254/1540/365 2255/1540/365
f 2065/1540/375 2128/1540/375 2455/1540/375 2392/1540/375
f 2026/1540/376 2027/1540/376 2354/1540/376 2353/1540/376
f 1929/1540/358 1928/1540/358 2255/1540/358 2256/1540/358
f 2129/2432/387 2122/2433/387 2449/2434/387 2456/2435/387
f 2028/2436/393 2026/2437/393 2353/2438/393 2355/2439/393
f 1930/1540/362 1929/1540/362 2256/1540/362 2257/1540/362
f 2122/2433/389 2130/2440/389 2457/2441/389 2449/2434/389
f 2029/2309/361 2028/2442/361 2355/2443/361 2356/2310/361
f 1871/1540/370 1930/1540/370 2257/1540/370 2198/1540/370
f 2130/2440/390 2131/2276/390 2458/2279/390 2457/2441/390
f 2030/2274/370 2028/2444/370 2355/2445/370 2357/2275/370
f 1917/1540/364 1931/1540/364 2258/1540/364 2244/1540/364
f 2585/1540/357 2586/1540/357 2913/1540/357 2912/1540/357
f 2685/2446/358 2684/2447/358 3011/2448/358 3012/2449/358
f 2802/1540/359 2798/1540/359 2797/1540/359 2799/1540/359 2800/1540/359 2534/1540/359 2533/1540/359 2535/1540/359 2536/1540/359 2849/1540/359 2848/1540/359 2847/1540/359 2846/1540/359 2845/1540/359 2844/1540/359 2843/1540/359 2842/1540/359 2841/1540/359 2656/1540/359 2655/1540/359 2657/1540/359 2658/1540/359 2826/1540/359 2824/1540/359 2822/1540/359 2821/1540/359 2820/1540/359 2819/1540/359 2818/1540/359 2817/1540/359 2816/1540/359 2815/1540/359 2814/1540/359 2813/1540/359 2812/1540/359 2811/1540/359 2810/1540/359 2809/1540/359 2808/1540/359 2807/1540/359 2806/1540/359 2805/1540/359 2804/1540/359 2803/1540/359
f 2785/2450/360 2782/2451/360 3109/2452/360 3112/2453/360
f 2584/1540/361 2585/1540/361 2912/1540/361 2911/1540/361
f 2680/1540/359 2679/1540/359 2681/1540/359 2682/1540/359 2795/1540/359 2796/1540/359 2797/1540/359 2798/1540/359 2801/1540/359 2840/1540/359 2839/1540/359 2838/1540/359 2837/1540/359 2836/1540/359 2835/1540/359 2834/1540/359 2833/1540/359 2832/1540/359 2823/1540/359 2822/1540/359 2824/1540/359 2825/1540/359 2827/1540/359 2828/1540/359 2829/1540/359 2830/1540/359 2831/1540/359
f 2684/2447/362 2683/2454/362 3010/2455/362 3011/2448/362
f 2784/2456/363 2692/2457/363 3019/2458/363 3111/2459/363
f 2878/2460/359 2876/2461/359 2874/2462/359 2873/2463/359 2872/2464/359 2871/2465/359 2870/2466/359 2869/2467/359 2868/2468/359 2867/2469/359 2866/2470/359 2865/2471/359 2864/2472/359 2862/2473/359 2860/2474/359 2859/2475/359 2858/2476/359 2857/2477/359 2856/2478/359 2855/2479/359 2854/2480/359 2853/2481/359 2850/2482/359 2851/2483/359 2910/2484/359 2909/2485/359 2908/2486/359 2907/2487/359 2906/2488/359 2905/2489/359 2904/2490/359 2903/2491/359 2902/2492/359 2901/2493/359 2900/2494/359 2899/2495/359 2898/2496/359 2896/2497/359 2894/2498/359 2893/2499/359 2892/2500/359 2891/2501/359 2890/2502/359 2889/2503/359 2888/2504/359 2887/2505/359 2886/2506/359 2885/2507/359 2884/2508/359 2883/2509/359 2882/2510/359 2881/2511/359 2880/2512/359 2879/2513/359
f 2936/1540/359 2934/1540/359 2933/1540/359 2932/1540/359 2931/1540/359 2930/1540/359 2929/1540/359 2928/1540/359 2895/1540/359 2894/1540/359 2896/1540/359 2897/1540/359 2911/1540/359 2912/1540/359 2913/1540/359 2914/1540/359 2915/1540/359 2916/1540/359 2917/1540/359 2918/1540/359 2919/1540/359 2920/1540/359 2921/1540/359 2922/1540/359 2923/1540/359 2924/1540/359 2925/1540/359 2926/1540/359 2927/1540/359 2851/1540/359 2850/1540/359 2852/1540/359 3112/1540/359 3109/1540/359 3102/1540/359 3101/1540/359 3100/1540/359 3099/1540/359 3098/1540/359 3097/1540/359 3096/1540/359 3095/1540/359 3094/1540/359 3093/1540/359 3092/1540/359 3091/1540/359 3090/1540/359 3089/1540/359 3088/1540/359 3087/1540/359 3086/1540/359 3085/1540/359 3084/1540/359 3083/1540/359 3082/1540/359 3081/1540/359 3080/1540/359 3079/1540/359 3047/1540/359 3046/1540/359 3048/1540/359 3049/1540/359 3060/1540/359 3061/1540/359 3062/1540/359 3063/1540/359 3064/1540/359 3065/1540/359 3066/1540/359 3067/1540/359 3068/1540/359 3069/1540/359 3070/1540/359 3071/1540/359 3072/1540/359 3073/1540/359 3074/1540/359 3075/1540/359 3076/1540/359 3077/1540/359 3078/1540/359 3014/1540/359 3013/1540/359 3012/1540/359 3011/1540/359 3010/1540/359 3008/1540/359 3006/1540/359 3005/1540/359 3004/1540/359 3003/1540/359 3002/1540/359 3001/1540/359 3000/1540/359 2999/1540/359 2998/1540/359 2997/1540/359 2996/1540/359 2995/1540/359 2994/1540/359 2993/1540/359 2992/1540/359 2991/1540/359 2990/1540/359 2989/1540/359 2988/1540/359 2987/1540/359 2986/1540/359 2984/1540/359 2982/1540/359 2981/1540/359 2980/1540/359 2979/1540/359 2978/1540/359 2977/1540/359 2976/1540/359 2975/1540/359 2875/1540/359 2877/1540/359 2974/1540/359 2973/1540/359 2972/1540/359 2971/1540/359 2970/1540/359 2935/1540/359 2969/1540/359 2968/1540/359 2967/1540/359 2966/1540/359 2965/1540/359 2964/1540/359 2963/1540/359 2962/1540/359 2961/1540/359 2960/1540/359 2959/1540/359 2958/1540/359 2957/1540/359 2956/1540/359 2955/1540/359 2954/1540/359 2953/1540/359 2952/1540/359 2951/1540/359 2950/1540/359 2949/1540/359 2948/1540/359 2947/1540/359 2946/1540/359 2945/1540/359 2944/1540/359 2943/1540/359 2942/1540/359 2941/1540/359 2940/1540/359 2939/1540/359 2938/1540/359
f 2877/2514/359 2875/2515/359 2874/2462/359 2876/2461/359
f 2969/1540/359 2935/1540/359 2934/1540/359 2936/1540/359 2937/1540/359
f 3022/1540/359 3020/1540/359 3018/1540/359 3017/1540/359 3016/1540/359 3015/1540/359 3013/1540/359 3014/1540/359 3059/1540/359 3058/1540/359 3057/1540/359 3056/1540/359 3055/1540/359 3054/1540/359 3053/1540/359 3052/1540/359 3051/1540/359 3050/1540/359 3048/1540/359 3046/1540/359 3044/1540/359 3042/1540/359 3041/1540/359 3040/1540/359 3039/1540/359 3038/1540/359 3037/1540/359 3036/1540/359 3035/1540/359 3034/1540/359 3033/1540/359 3032/1540/359 3031/1540/359 3030/1540/359 3029/1540/359 3028/1540/359 3027/1540/359 3026/1540/359 3025/1540/359 3024/1540/359 3023/1540/359
f 3042/1540/359 3044/1540/359 3045/1540/359 3108/1540/359 3107/1540/359 3106/1540/359 3105/1540/359 3104/1540/359 3103/1540/359 3101/1540/359 3102/1540/359 3110/1540/359 3111/1540/359 3019/1540/359 3018/1540/359 3020/1540/359 3021/1540/359 3121/1540/359 3120/1540/359 3119/1540/359 3118/1540/359 3117/1540/359 3116/1540/359 3115/1540/359 3114/1540/359 3113/1540/359 3043/1540/359
f 2525/2516/364 2785/2450/364 3112/2453/364 2852/2517/364
f 2686/2518/365 2685/2446/365 3012/2449/365 3013/2519/365
f 2586/1540/366 2587/1540/366 2914/1540/366 2913/1540/366
f 2786/1540/358 2716/1540/358 3043/1540/358 3113/1540/358
f 2587/1540/367 2588/1540/367 2915/1540/367 2914/1540/367
f 2787/1540/362 2786/1540/362 3113/1540/362 3114/1540/362
f 2688/2520/368 2686/2518/368 3013/2519/368 3015/2521/368
f 2588/1540/369 2589/1540/369 2916/1540/369 2915/1540/369
f 2788/1540/370 2787/1540/370 3114/1540/370 3115/1540/370
f 2689/2522/371 2688/2523/371 3015/2524/371 3016/2525/371
f 2589/1540/372 2590/1540/372 2917/1540/372 2916/1540/372
f 2789/1540/373 2788/1540/373 3115/1540/373 3116/1540/373
f 2690/2526/374 2689/2522/374 3016/2525/374 3017/2527/374
f 2590/1540/375 2591/1540/375 2918/1540/375 2917/1540/375
f 2790/1540/376 2789/1540/376 3116/1540/376 3117/1540/376
f 2691/2528/377 2690/2526/377 3017/2527/377 3018/2529/377
f 2591/1540/378 2592/1540/378 2919/1540/378 2918/1540/378
f 2791/1540/379 2790/1540/379 3117/1540/379 3118/1540/379
f 2692/2457/380 2691/2528/380 3018/2529/380 3019/2458/380
f 2592/1540/381 2593/1540/381 2920/1540/381 2919/1540/381
f 2792/1540/382 2791/1540/382 3118/1540/382 3119/1540/382
f 2593/2530/383 2594/2531/383 2921/2532/383 2920/2533/383
f 2793/1540/384 2792/1540/384 3119/1540/384 3120/1540/384
f 2693/1540/383 2694/1540/383 3021/1540/383 3020/1540/383
f 2594/1540/385 2595/1540/385 2922/1540/385 2921/1540/385
f 2794/2534/386 2793/2535/386 3120/2536/386 3121/2537/386
f 2695/1540/381 2693/1540/381 3020/1540/381 3022/1540/381
f 2595/1540/386 2596/1540/386 2923/1540/386 2922/1540/386
f 2694/2538/385 2794/2534/385 3121/2537/385 3021/2539/385
f 2696/1540/378 2695/1540/378 3022/1540/378 3023/1540/378
f 2596/2540/384 2597/2541/384 2924/2542/384 2923/2543/384
f 2795/2544/364 2682/2545/364 3009/1753/364 3122/1752/364
f 2697/2546/375 2696/2547/375 3023/2548/375 3024/2549/375
f 2597/1540/382 2598/1540/382 2925/1540/382 2924/1540/382
f 2796/2550/360 2795/2544/360 3122/1752/360 3123/1760/360
f 2698/2551/372 2697/2546/372 3024/2549/372 3025/2552/372
f 2598/1540/379 2599/1540/379 2926/1540/379 2925/1540/379
f 2797/2553/387 2796/2554/387 3123/2319/387 3124/2555/387
f 2699/1540/369 2698/1540/369 3025/1540/369 3026/1540/369
f 2599/1540/376 2600/1540/376 2927/1540/376 2926/1540/376
f 2798/2556/388 2797/2557/388 3124/2558/388 3125/2559/388
f 2700/1540/367 2699/1540/367 3026/1540/367 3027/1540/367
f 2600/1540/373 2524/1540/373 2851/1540/373 2927/1540/373
f 2799/2560/389 2797/2553/389 3124/2555/389 3126/2322/389
f 2701/1540/366 2700/1540/366 3027/1540/366 3028/1540/366
f 2601/1540/384 2568/1540/384 2895/1540/384 2928/1540/384
f 2800/2561/390 2799/2560/390 3126/2322/390 3127/2324/390
f 2702/1540/357 2701/1540/357 3028/1540/357 3029/1540/357
f 2602/1540/386 2601/1540/386 2928/1540/386 2929/1540/386
f 2534/2562/363 2800/2561/363 3127/2324/363 2861/2563/363
f 2703/1540/361 2702/1540/361 3029/1540/361 3030/1540/361
f 2603/1540/385 2602/1540/385 2929/1540/385 2930/1540/385
f 2801/1540/384 2798/1540/384 3125/1540/384 3128/1540/384
f 2704/1540/364 2703/1540/364 3030/1540/364 3031/1540/364
f 2604/1540/383 2603/1540/383 2930/1540/383 2931/1540/383
f 2798/2564/386 2802/2565/386 3129/2566/386 3125/1774/386
f 2705/1540/360 2704/1540/360 3031/1540/360 3032/1540/360
f 2605/1540/381 2604/1540/381 2931/1540/381 2932/1540/381
f 2802/2565/385 2803/2567/385 3130/2568/385 3129/2566/385
f 2706/1540/387 2705/1540/387 3032/1540/387 3033/1540/387
f 2606/1540/378 2605/1540/378 2932/1540/378 2933/1540/378
f 2803/2567/383 2804/2569/383 3131/2570/383 3130/2568/383
f 2707/1540/389 2706/1540/389 3033/1540/389 3034/1540/389
f 2607/1540/375 2606/1540/375 2933/1540/375 2934/1540/375
f 2804/2569/381 2805/2571/381 3132/2572/381 3131/2570/381
f 2708/1540/390 2707/1540/390 3034/1540/390 3035/1540/390
f 2608/1540/372 2607/1540/372 2934/1540/372 2935/1540/372
f 2805/2571/378 2806/2573/378 3133/2574/378 3132/2572/378
f 2709/1540/363 2708/1540/363 3035/1540/363 3036/1540/363
f 2806/2573/375 2807/2575/375 3134/2576/375 3133/2574/375
f 2710/1540/380 2709/1540/380 3036/1540/380 3037/1540/380
f 2609/1540/358 2610/1540/358 2937/1540/358 2936/1540/358
f 2807/2575/372 2808/2577/372 3135/2578/372 3134/2576/372
f 2711/1540/377 2710/1540/377 3037/1540/377 3038/1540/377
f 2611/1540/358 2609/1540/358 2936/1540/358 2938/1540/358
f 2808/2579/369 2809/2580/369 3136/2581/369 3135/2582/369
f 2712/1540/374 2711/1540/374 3038/1540/374 3039/1540/374
f 2612/1540/362 2611/1540/362 2938/1540/362 2939/1540/362
f 2809/2580/367 2810/2583/367 3137/2584/367 3136/2581/367
f 2713/1540/371 2712/1540/371 3039/1540/371 3040/1540/371
f 2613/1540/370 2612/1540/370 2939/1540/370 2940/1540/370
f 2810/1540/366 2811/1540/366 3138/1540/366 3137/1540/366
f 2714/1540/368 2713/1540/368 3040/1540/368 3041/1540/368
f 2614/1540/373 2613/1540/373 2940/1540/373 2941/1540/373
f 2811/1540/357 2812/1540/357 3139/1540/357 3138/1540/357
f 2715/1540/365 2714/1540/365 3041/1540/365 3042/1540/365
f 2615/1540/376 2614/1540/376 2941/1540/376 2942/1540/376
f 2812/1540/361 2813/1540/361 3140/1540/361 3139/1540/361
f 2716/1540/365 2715/1540/365 3042/1540/365 3043/1540/365
f 2616/1540/379 2615/1540/379 2942/1540/379 2943/1540/379
f 2813/1540/364 2814/1540/364 3141/1540/364 3140/1540/364
f 2617/1540/382 2616/1540/382 2943/1540/382 2944/1540/382
f 2814/1540/360 2815/1540/360 3142/1540/360 3141/1540/360
f 2717/1540/372 2718/1540/372 3045/1540/372 3044/1540/372
f 2618/1540/384 2617/1540/384 2944/1540/384 2945/1540/384
f 2815/1540/387 2816/1540/387 3143/1540/387 3142/1540/387
f 2719/1540/369 2717/1540/369 3044/1540/369 3046/1540/369
f 2619/1540/386 2618/1540/386 2945/1540/386 2946/1540/386
f 2816/1540/389 2817/1540/389 3144/1540/389 3143/1540/389
f 2720/1540/369 2719/1540/369 3046/1540/369 3047/1540/369
f 2620/1540/385 2619/1540/385 2946/1540/385 2947/1540/385
f 2817/1540/390 2818/1540/390 3145/1540/390 3144/1540/390
f 2621/1540/383 2620/1540/383 2947/1540/383 2948/1540/383
f 2818/1540/363 2819/1540/363 3146/1540/363 3145/1540/363
f 2721/1540/373 2722/1540/373 3049/1540/373 3048/1540/373
f 2622/1540/381 2621/1540/381 2948/1540/381 2949/1540/381
f 2819/1540/380 2820/1540/380 3147/1540/380 3146/1540/380
f 2723/1540/376 2721/1540/376 3048/1540/376 3050/1540/376
f 2623/1540/378 2622/1540/378 2949/1540/378 2950/1540/378
f 2820/1540/377 2821/1540/377 3148/1540/377 3147/1540/377
f 2724/1540/379 2723/1540/379 3050/1540/379 3051/1540/379
f 2624/1540/375 2623/1540/375 2950/1540/375 2951/1540/375
f 2725/2585/382 2724/2586/382 3051/2587/382 3052/2588/382
f 2625/1540/372 2624/1540/372 2951/1540/372 2952/1540/372
f 2726/2589/384 2725/2590/384 3052/2591/384 3053/2592/384
f 2626/1540/369 2625/1540/369 2952/1540/369 2953/1540/369
f 2727/2593/386 2726/2589/386 3053/2592/386 3054/2594/386
f 2627/1540/367 2626/1540/367 2953/1540/367 2954/1540/367
f 2523/2595/361 2525/2516/361 2852/2517/361 2850/2596/361
f 2825/1540/381 2824/1540/381 3150/1540/381 3151/1540/381
f 2728/1540/385 2727/1540/385 3054/1540/385 3055/1540/385
f 2628/1540/366 2627/1540/366 2954/1540/366 2955/1540/366
f 2526/2597/357 2523/2595/357 2850/2596/357 2853/2598/357
f 2824/1540/378 2826/1540/378 3152/1540/378 3150/1540/378
f 2729/1540/383 2728/1540/383 3055/1540/383 3056/1540/383
f 2629/1540/357 2628/1540/357 2955/1540/357 2956/1540/357
f 2527/2599/366 2526/2597/366 2853/2598/366 2854/2600/366
f 2826/1540/375 2658/1540/375 2985/1540/375 3152/1540/375
f 2730/2601/381 2729/2602/381 3056/2603/381 3057/2604/381
f 2630/1540/361 2629/1540/361 2956/1540/361 2957/1540/361
f 2528/2605/367 2527/2599/367 2854/2600/367 2855/2606/367
f 2827/1540/383 2825/1540/383 3151/1540/383 3153/1540/383
f 2731/2607/378 2730/2601/378 3057/2604/378 3058/2608/378
f 2631/1540/364 2630/1540/364 2957/1540/364 2958/1540/364
f 2529/2609/369 2528/2605/369 2855/2606/369 2856/2610/369
f 2828/1540/385 2827/1540/385 3153/1540/385 3154/1540/385
f 2732/1540/375 2731/1540/375 3058/1540/375 3059/1540/375
f 2632/1540/360 2631/1540/360 2958/1540/360 2959/1540/360
f 2530/2611/372 2529/2612/372 2856/2613/372 2857/2614/372
f 2829/1540/386 2828/1540/386 3154/1540/386 3155/1540/386
f 2687/1540/372 2732/1540/372 3059/1540/372 3014/1540/372
f 2633/1540/387 2632/1540/387 2959/1540/387 2960/1540/387
f 2531/2615/375 2530/2611/375 2857/2614/375 2858/2616/375
f 2830/1540/384 2829/1540/384 3155/1540/384 3156/1540/384
f 2722/1540/370 2733/1540/370 3060/1540/370 3049/1540/370
f 2634/1540/389 2633/1540/389 2960/1540/389 2961/1540/389
f 2532/2617/378 2531/2615/378 2858/2616/378 2859/2618/378
f 2831/2619/382 2830/2620/382 3156/2621/382 3157/2622/382
f 2733/1540/362 2734/1540/362 3061/1540/362 3060/1540/362
f 2635/1540/390 2634/1540/390 2961/1540/390 2962/1540/390
f 2533/2623/381 2532/2617/381 2859/2618/381 2860/2624/381
f 2680/1540/379 2831/1540/379 3157/1540/379 3007/1540/379
f 2734/1540/358 2735/1540/358 3062/1540/358 3061/1540/358
f 2636/1540/363 2635/1540/363 2962/1540/363 2963/1540/363
f 2533/2625/380 2534/2562/380 2861/2563/380 2860/2384/380
f 2823/1540/371 2832/1540/371 3158/1540/371 3149/1540/371
f 2735/1540/365 2736/1540/365 3063/1540/365 3062/1540/365
f 2637/1540/380 2636/1540/380 2963/1540/380 2964/1540/380
f 2535/2626/391 2533/2388/391 2860/2627/391 2862/2628/391
f 2832/1540/368 2833/1540/368 3159/1540/368 3158/1540/368
f 2736/1540/368 2737/1540/368 3064/1540/368 3063/1540/368
f 2638/1540/377 2637/1540/377 2964/1540/377 2965/1540/377
f 2536/2629/383 2535/2630/383 2862/2631/383 2863/2632/383
f 2833/1540/365 2834/1540/365 3160/1540/365 3159/1540/365
f 2737/1540/371 2738/1540/371 3065/1540/371 3064/1540/371
f 2639/1540/374 2638/1540/374 2965/1540/374 2966/1540/374
f 2537/1540/377 2535/1540/377 2862/1540/377 2864/1540/377
f 2834/1540/358 2835/1540/358 3161/1540/358 3160/1540/358
f 2738/1540/374 2739/1540/374 3066/1540/374 3065/1540/374
f 2640/1540/371 2639/1540/371 2966/1540/371 2967/1540/371
f 2538/1540/374 2537/1540/374 2864/1540/374 2865/1540/374
f 2835/1540/362 2836/1540/362 3162/1540/362 3161/1540/362
f 2739/1540/377 2740/1540/377 3067/1540/377 3066/1540/377
f 2641/1540/368 2640/1540/368 2967/1540/368 2968/1540/368
f 2539/1540/371 2538/1540/371 2865/1540/371 2866/1540/371
f 2836/1540/370 2837/1540/370 3163/1540/370 3162/1540/370
f 2740/1540/380 2741/1540/380 3068/1540/380 3067/1540/380
f 2642/1540/365 2641/1540/365 2968/1540/365 2969/1540/365
f 2540/1540/368 2539/1540/368 2866/1540/368 2867/1540/368
f 2837/1540/373 2838/1540/373 3164/1540/373 3163/1540/373
f 2741/1540/363 2742/1540/363 3069/1540/363 3068/1540/363
f 2610/1540/365 2642/1540/365 2969/1540/365 2937/1540/365
f 2541/1540/365 2540/1540/365 2867/1540/365 2868/1540/365
f 2838/1540/376 2839/1540/376 3165/1540/376 3164/1540/376
f 2742/1540/390 2743/1540/390 3070/1540/390 3069/1540/390
f 2542/1540/358 2541/1540/358 2868/1540/358 2869/1540/358
f 2839/1540/379 2840/1540/379 3166/1540/379 3165/1540/379
f 2743/1540/389 2744/1540/389 3071/1540/389 3070/1540/389
f 2643/1540/369 2608/1540/369 2935/1540/369 2970/1540/369
f 2543/1540/362 2542/1540/362 2869/1540/362 2870/1540/362
f 2840/1540/382 2801/1540/382 3128/1540/382 3166/1540/382
f 2744/1540/387 2745/1540/387 3072/1540/387 3071/1540/387
f 2644/1540/367 2643/1540/367 2970/1540/367 2971/1540/367
f 2544/1540/370 2543/1540/370 2870/1540/370 2871/1540/370
f 2656/1540/358 2841/1540/358 3167/1540/358 2983/1540/358
f 2745/1540/360 2746/1540/360 3073/1540/360 3072/1540/360
f 2645/1540/366 2644/1540/366 2971/1540/366 2972/1540/366
f 2545/1540/373 2544/1540/373 2871/1540/373 2872/1540/373
f 2841/1540/362 2842/1540/362 3168/1540/362 3167/1540/362
f 2746/1540/364 2747/1540/364 3074/1540/364 3073/1540/364
f 2646/1540/357 2645/1540/357 2972/1540/357 2973/1540/357
f 2546/1540/376 2545/1540/376 2872/1540/376 2873/1540/376
f 2842/1540/370 2843/1540/370 3169/1540/370 3168/1540/370
f 2747/1540/361 2748/1540/361 3075/1540/361 3074/1540/361
f 2647/1540/361 2646/1540/361 2973/1540/361 2974/1540/361
f 2547/1540/379 2546/1540/379 2873/1540/379 2874/1540/379
f 2843/1540/373 2844/1540/373 3170/1540/373 3169/1540/373
f 2748/1540/357 2749/1540/357 3076/1540/357 3075/1540/357
f 2550/1540/364 2647/1540/364 2974/1540/364 2877/1540/364
f 2548/1540/382 2547/1540/382 2874/1540/382 2875/1540/382
f 2844/1540/376 2845/1540/376 3171/1540/376 3170/1540/376
f 2749/1540/366 2750/1540/366 3077/1540/366 3076/1540/366
f 2845/1540/379 2846/1540/379 3172/1540/379 3171/1540/379
f 2750/1540/367 2751/1540/367 3078/1540/367 3077/1540/367
f 2648/1540/384 2548/1540/384 2875/1540/384 2975/1540/384
f 2549/1540/360 2550/1540/360 2877/1540/360 2876/1540/360
f 2846/1540/382 2847/1540/382 3173/1540/382 3172/1540/382
f 2751/1540/369 2687/1540/369 3014/1540/369 3078/1540/369
f 2649/1540/386 2648/1540/386 2975/1540/386 2976/1540/386
f 2551/1540/360 2549/1540/360 2876/1540/360 2878/1540/360
f 2847/2633/384 2848/2634/384 3174/2635/384 3173/2636/384
f 2752/1540/367 2720/1540/367 3047/1540/367 3079/1540/367
f 2650/1540/385 2649/1540/385 2976/1540/385 2977/1540/385
f 2552/1540/387 2551/1540/387 2878/1540/387 2879/1540/387
f 2848/2634/386 2849/2637/386 3175/2638/386 3174/2635/386
f 2753/1540/366 2752/1540/366 3079/1540/366 3080/1540/366
f 2651/1540/383 2650/1540/383 2977/1540/383 2978/1540/383
f 2553/1540/389 2552/1540/389 2879/1540/389 2880/1540/389
f 2849/2637/385 2536/2629/385 2863/2632/385 3175/2638/385
f 2754/1540/357 2753/1540/357 3080/1540/357 3081/1540/357
f 2652/1540/381 2651/1540/381 2978/1540/381 2979/1540/381
f 2554/1540/390 2553/1540/390 2880/1540/390 2881/1540/390
f 2755/1540/361 2754/1540/361 3081/1540/361 3082/1540/361
f 2653/1540/378 2652/1540/378 2979/1540/378 2980/1540/378
f 2555/1540/363 2554/1540/363 2881/1540/363 2882/1540/363
f 2756/1540/364 2755/1540/364 3082/1540/364 3083/1540/364
f 2654/1540/375 2653/1540/375 2980/1540/375 2981/1540/375
f 2556/1540/380 2555/1540/380 2882/1540/380 2883/1540/380
f 2757/1540/360 2756/1540/360 3083/1540/360 3084/1540/360
f 2655/1540/372 2654/1540/372 2981/1540/372 2982/1540/372
f 2557/1540/377 2556/1540/377 2883/1540/377 2884/1540/377
f 2758/1540/387 2757/1540/387 3084/1540/387 3085/1540/387
f 2655/1540/365 2656/1540/365 2983/1540/365 2982/1540/365
f 2558/2639/374 2557/2640/374 2884/2641/374 2885/2642/374
f 2759/1540/389 2758/1540/389 3085/1540/389 3086/1540/389
f 2657/1540/392 2655/1540/392 2982/1540/392 2984/1540/392
f 2559/2643/371 2558/2639/371 2885/2642/371 2886/2644/371
f 2760/1540/390 2759/1540/390 3086/1540/390 3087/1540/390
f 2658/1540/372 2657/1540/372 2984/1540/372 2985/1540/372
f 2560/1540/368 2559/1540/368 2886/1540/368 2887/1540/368
f 2761/1540/363 2760/1540/363 3087/1540/363 3088/1540/363
f 2659/1540/365 2657/1540/365 2984/1540/365 2986/1540/365
f 2561/1540/365 2560/1540/365 2887/1540/365 2888/1540/365
f 2762/1540/380 2761/1540/380 3088/1540/380 3089/1540/380
f 2660/1540/358 2659/1540/358 2986/1540/358 2987/1540/358
f 2562/1540/358 2561/1540/358 2888/1540/358 2889/1540/358
f 2763/1540/377 2762/1540/377 3089/1540/377 3090/1540/377
f 2661/1540/362 2660/1540/362 2987/1540/362 2988/1540/362
f 2563/1540/362 2562/1540/362 2889/1540/362 2890/1540/362
f 2764/1540/374 2763/1540/374 3090/1540/374 3091/1540/374
f 2662/1540/370 2661/1540/370 2988/1540/370 2989/1540/370
f 2564/1540/370 2563/1540/370 2890/1540/370 2891/1540/370
f 2765/1540/371 2764/1540/371 3091/1540/371 3092/1540/371
f 2663/1540/373 2662/1540/373 2989/1540/373 2990/1540/373
f 2565/1540/373 2564/1540/373 2891/1540/373 2892/1540/373
f 2766/1540/368 2765/1540/368 3092/1540/368 3093/1540/368
f 2664/1540/376 2663/1540/376 2990/1540/376 2991/1540/376
f 2566/1540/376 2565/1540/376 2892/1540/376 2893/1540/376
f 2767/1540/365 2766/1540/365 3093/1540/365 3094/1540/365
f 2665/1540/379 2664/1540/379 2991/1540/379 2992/1540/379
f 2567/1540/379 2566/1540/379 2893/1540/379 2894/1540/379
f 2768/1540/358 2767/1540/358 3094/1540/358 3095/1540/358
f 2666/1540/382 2665/1540/382 2992/1540/382 2993/1540/382
f 2568/1540/382 2567/1540/382 2894/1540/382 2895/1540/382
f 2769/1540/362 2768/1540/362 3095/1540/362 3096/1540/362
f 2667/1540/384 2666/1540/384 2993/1540/384 2994/1540/384
f 2770/1540/370 2769/1540/370 3096/1540/370 3097/1540/370
f 2668/1540/386 2667/1540/386 2994/1540/386 2995/1540/386
f 2569/1540/360 2570/1540/360 2897/1540/360 2896/1540/360
f 2771/2645/373 2770/2646/373 3097/2647/373 3098/2648/373
f 2669/1540/385 2668/1540/385 2995/1540/385 2996/1540/385
f 2571/1540/360 2569/1540/360 2896/1540/360 2898/1540/360
f 2772/2649/376 2771/2645/376 3098/2648/376 3099/2650/376
f 2670/1540/383 2669/1540/383 2996/1540/383 2997/1540/383
f 2572/1540/387 2571/1540/387 2898/1540/387 2899/1540/387
f 2773/2651/379 2772/2649/379 3099/2650/379 3100/2652/379
f 2671/1540/381 2670/1540/381 2997/1540/381 2998/1540/381
f 2573/1540/389 2572/1540/389 2899/1540/389 2900/1540/389
f 2774/2653/382 2773/2651/382 3100/2652/382 3101/2654/382
f 2672/2655/378 2671/2656/378 2998/2657/378 2999/2658/378
f 2574/1540/390 2573/1540/390 2900/1540/390 2901/1540/390
f 2673/1540/375 2672/1540/375 2999/1540/375 3000/1540/375
f 2575/1540/363 2574/1540/363 2901/1540/363 2902/1540/363
f 2776/1540/384 2774/1540/384 3101/1540/384 3103/1540/384
f 2674/1540/372 2673/1540/372 3000/1540/372 3001/1540/372
f 2576/1540/380 2575/1540/380 2902/1540/380 2903/1540/380
f 2777/1540/386 2776/1540/386 3103/1540/386 3104/1540/386
f 2675/2659/369 2674/2660/369 3001/2661/369 3002/2662/369
f 2577/1540/377 2576/1540/377 2903/1540/377 2904/1540/377
f 2778/1540/385 2777/1540/385 3104/1540/385 3105/1540/385
f 2676/2663/367 2675/2659/367 3002/2662/367 3003/2664/367
f 2578/1540/374 2577/1540/374 2904/1540/374 2905/1540/374
f 2779/2665/383 2778/2666/383 3105/2667/383 3106/2668/383
f 2677/2669/366 2676/2663/366 3003/2664/366 3004/2670/366
f 2579/1540/371 2578/1540/371 2905/1540/371 2906/1540/371
f 2780/1983/381 2779/2665/381 3106/2668/381 3107/2671/381
f 2678/2672/357 2677/2669/357 3004/2670/357 3005/2673/357
f 2580/2674/368 2579/2675/368 2906/2676/368 2907/2677/368
f 2781/1540/378 2780/1540/378 3107/1540/378 3108/1540/378
f 2679/2678/361 2678/2672/361 3005/2673/361 3006/2679/361
f 2581/1540/365 2580/1540/365 2907/1540/365 2908/1540/365
f 2718/1540/375 2781/1540/375 3108/1540/375 3045/1540/375
f 2679/1540/376 2680/1540/376 3007/1540/376 3006/1540/376
f 2582/1540/358 2581/1540/358 2908/1540/358 2909/1540/358
f 2782/2680/387 2775/2681/387 3102/2682/387 3109/2683/387
f 2681/2684/393 2679/2685/393 3006/2686/393 3008/2687/393
f 2583/1540/362 2582/1540/362 2909/1540/362 2910/1540/362
f 2775/2681/389 2783/2688/389 3110/2689/389 3102/2682/389
f 2682/2545/361 2681/2690/361 3008/2262/361 3009/1753/361
f 2524/1540/370 2583/1540/370 2910/1540/370 2851/1540/370
f 2783/2688/390 2784/2456/390 3111/2459/390 3110/2689/390
f 2683/2454/370 2681/2691/370 3008/2692/370 3010/2455/370
f 2570/1540/364 2584/1540/364 2911/1540/364 2897/1540/364
o Cylinder.012
v 0.133898 0.817517 -0.740342
v 0.137918 0.767573 -0.740342
v 0.072260 0.811446 -0.740342
v 0.195536 0.811446 -0.740342
v 0.254804 0.793467 -0.740342
v 0.309427 0.764271 -0.740342
v 0.357304 0.724979 -0.740342
v 0.396596 0.677102 -0.740342
v 0.425792 0.622479 -0.740342
v 0.443771 0.563211 -0.740342
v 0.449842 0.501573 -0.740342
v 0.443771 0.439935 -0.740342
v 0.379801 0.501573 -0.740342
v 0.378919 0.492618 -0.740342
v 0.378919 0.510528 -0.740342
v 0.376307 0.519139 -0.740342
v 0.372065 0.527075 -0.740342
v 0.366356 0.534031 -0.740342
v 0.359400 0.539740 -0.740342
v 0.351464 0.543982 -0.740342
v 0.342853 0.546594 -0.740342
v 0.333898 0.547476 -0.740342
v 0.324943 0.546594 -0.740342
v 0.316332 0.543982 -0.740342
v 0.308396 0.539740 -0.740342
v 0.301440 0.534031 -0.740342
v 0.290091 0.597167 -0.740342
v 0.284755 0.594315 -0.740342
v 0.292707 0.598565 -0.740342
v 0.299678 0.604286 -0.740342
v 0.305399 0.611257 -0.740342
v 0.309650 0.619210 -0.740342
v 0.312267 0.627839 -0.740342
v 0.313151 0.636813 -0.740342
v 0.312267 0.645787 -0.740342
v 0.309650 0.654416 -0.740342
v 0.305399 0.662369 -0.740342
v 0.299678 0.669340 -0.740342
v 0.292707 0.675061 -0.740342
v 0.284755 0.679312 -0.740342
v 0.276125 0.681929 -0.740342
v 0.267151 0.682813 -0.740342
v 0.258177 0.681929 -0.740342
v 0.249548 0.679312 -0.740342
v 0.241595 0.675061 -0.740342
v 0.234624 0.669340 -0.740342
v 0.157719 0.680249 -0.740342
v 0.155521 0.679075 -0.740342
v 0.163474 0.683326 -0.740342
v 0.170445 0.689046 -0.740342
v 0.176166 0.696017 -0.740342
v 0.180416 0.703970 -0.740342
v 0.183034 0.712599 -0.740342
v 0.183918 0.721573 -0.740342
v 0.183034 0.730547 -0.740342
v 0.180416 0.739177 -0.740342
v 0.176166 0.747129 -0.740342
v 0.170445 0.754100 -0.740342
v 0.163474 0.759821 -0.740342
v 0.155521 0.764072 -0.740342
v 0.146892 0.766689 -0.740342
v 0.146892 0.676457 -0.740342
v 0.137918 0.675573 -0.740342
v 0.128944 0.676457 -0.740342
v 0.120315 0.679075 -0.740342
v 0.112362 0.683326 -0.740342
v 0.105391 0.689046 -0.740342
v 0.099670 0.696017 -0.740342
v 0.095420 0.703970 -0.740342
v 0.092802 0.712599 -0.740342
v 0.091918 0.721573 -0.740342
v 0.092802 0.730547 -0.740342
v 0.095420 0.739177 -0.740342
v 0.099670 0.747129 -0.740342
v 0.105391 0.754100 -0.740342
v 0.112362 0.759821 -0.740342
v 0.120315 0.764072 -0.740342
v 0.128944 0.766689 -0.740342
v 0.228903 0.662369 -0.740342
v 0.224653 0.654416 -0.740342
v 0.222035 0.645787 -0.740342
v 0.221151 0.636813 -0.740342
v 0.222035 0.627839 -0.740342
v 0.224653 0.619210 -0.740342
v 0.228903 0.611257 -0.740342
v 0.234624 0.604286 -0.740342
v 0.198588 0.602407 -0.740342
v 0.200566 0.601349 -0.740342
v 0.179820 0.612439 -0.740342
v 0.157309 0.619267 -0.740342
v 0.133898 0.621573 -0.740342
v 0.110487 0.619267 -0.740342
v 0.087976 0.612439 -0.740342
v 0.067230 0.601349 -0.740342
v 0.049045 0.586426 -0.740342
v 0.034122 0.568241 -0.740342
v 0.023032 0.547495 -0.740342
v 0.016204 0.524984 -0.740342
v 0.013898 0.501573 -0.740342
v 0.016204 0.478162 -0.740342
v 0.023032 0.455651 -0.740342
v 0.034122 0.434905 -0.740342
v 0.049045 0.416720 -0.740342
v 0.067230 0.401797 -0.740342
v 0.087976 0.390707 -0.740342
v 0.110487 0.383879 -0.740342
v 0.133898 0.381573 -0.740342
v 0.157309 0.383879 -0.740342
v 0.179820 0.390707 -0.740342
v 0.200566 0.401797 -0.740342
v 0.218751 0.416720 -0.740342
v 0.233674 0.434905 -0.740342
v 0.244764 0.455651 -0.740342
v 0.251592 0.478162 -0.740342
v 0.253898 0.501573 -0.740342
v 0.251592 0.524984 -0.740342
v 0.244764 0.547495 -0.740342
v 0.233674 0.568241 -0.740342
v 0.218751 0.586426 -0.740342
v 0.205291 0.597472 -0.740342
v 0.241595 0.598565 -0.740342
v 0.249548 0.594315 -0.740342
v 0.258177 0.591697 -0.740342
v 0.267151 0.590813 -0.740342
v 0.276125 0.591697 -0.740342
v 0.295731 0.527075 -0.740342
v 0.291489 0.519139 -0.740342
v 0.288877 0.510528 -0.740342
v 0.287995 0.501573 -0.740342
v 0.288877 0.492618 -0.740342
v 0.291489 0.484007 -0.740342
v 0.295731 0.476071 -0.740342
v 0.301440 0.469115 -0.740342
v 0.308396 0.463406 -0.740342
v 0.146022 0.313697 -0.740342
v 0.151731 0.306741 -0.740342
v 0.139066 0.319405 -0.740342
v 0.131130 0.323647 -0.740342
v 0.122519 0.326259 -0.740342
v 0.113564 0.327141 -0.740342
v 0.104608 0.326259 -0.740342
v 0.095997 0.323647 -0.740342
v 0.088061 0.319405 -0.740342
v 0.081105 0.313697 -0.740342
v 0.075397 0.306741 -0.740342
v 0.071155 0.298805 -0.740342
v 0.068543 0.290194 -0.740342
v 0.067661 0.281238 -0.740342
v 0.068543 0.272283 -0.740342
v 0.071155 0.263672 -0.740342
v 0.075397 0.255736 -0.740342
v 0.081105 0.248780 -0.740342
v 0.088061 0.243071 -0.740342
v 0.095997 0.238830 -0.740342
v 0.104608 0.236217 -0.740342
v 0.113564 0.235335 -0.740342
v 0.122519 0.236217 -0.740342
v 0.131130 0.238830 -0.740342
v 0.133898 0.185629 -0.740342
v 0.195536 0.191700 -0.740342
v 0.072260 0.191700 -0.740342
v 0.012992 0.209679 -0.740342
v -0.041631 0.238875 -0.740342
v -0.089508 0.278167 -0.740342
v -0.048274 0.319086 -0.740342
v -0.128800 0.326044 -0.740342
v -0.157996 0.380667 -0.740342
v -0.175975 0.439935 -0.740342
v -0.182046 0.501573 -0.740342
v -0.175975 0.563211 -0.740342
v -0.128882 0.500773 -0.740342
v -0.127998 0.509747 -0.740342
v -0.127998 0.491799 -0.740342
v -0.125381 0.483170 -0.740342
v -0.121130 0.475217 -0.740342
v -0.115409 0.468246 -0.740342
v -0.108438 0.462525 -0.740342
v -0.100485 0.458275 -0.740342
v -0.091856 0.455657 -0.740342
v -0.082882 0.454773 -0.740342
v -0.073908 0.455657 -0.740342
v -0.065279 0.458275 -0.740342
v -0.057326 0.462525 -0.740342
v -0.050355 0.468246 -0.740342
v -0.044634 0.475217 -0.740342
v -0.040384 0.483170 -0.740342
v -0.037766 0.491799 -0.740342
v -0.036882 0.500773 -0.740342
v -0.037766 0.509747 -0.740342
v -0.040384 0.518376 -0.740342
v -0.044634 0.526329 -0.740342
v -0.050355 0.533300 -0.740342
v -0.052066 0.534704 -0.740342
v -0.057326 0.539021 -0.740342
v -0.048274 0.604286 -0.740342
v -0.053995 0.611257 -0.740342
v -0.047153 0.603366 -0.740342
v -0.041303 0.598565 -0.740342
v -0.024721 0.396729 -0.740342
v -0.015747 0.397613 -0.740342
v -0.033350 0.394111 -0.740342
v -0.041303 0.389861 -0.740342
v -0.048274 0.384140 -0.740342
v -0.053995 0.377169 -0.740342
v -0.058245 0.369216 -0.740342
v -0.060863 0.360587 -0.740342
v -0.061747 0.351613 -0.740342
v -0.060863 0.342639 -0.740342
v -0.058245 0.334009 -0.740342
v -0.053995 0.326057 -0.740342
v -0.006773 0.396729 -0.740342
v 0.001857 0.394111 -0.740342
v 0.009809 0.389861 -0.740342
v 0.016780 0.384140 -0.740342
v 0.022501 0.377169 -0.740342
v 0.026752 0.369216 -0.740342
v 0.029369 0.360587 -0.740342
v 0.030253 0.351613 -0.740342
v 0.029369 0.342639 -0.740342
v 0.026752 0.334009 -0.740342
v 0.022501 0.326057 -0.740342
v 0.016780 0.319086 -0.740342
v 0.009809 0.313365 -0.740342
v 0.001857 0.309114 -0.740342
v -0.006773 0.306497 -0.740342
v -0.015747 0.305613 -0.740342
v -0.024721 0.306497 -0.740342
v -0.033350 0.309114 -0.740342
v -0.041303 0.313365 -0.740342
v -0.033350 0.594315 -0.740342
v -0.024721 0.591697 -0.740342
v -0.015747 0.590813 -0.740342
v -0.006773 0.591697 -0.740342
v 0.001857 0.594315 -0.740342
v 0.009809 0.598565 -0.740342
v 0.016780 0.604286 -0.740342
v 0.022501 0.611257 -0.740342
v 0.026752 0.619210 -0.740342
v 0.029369 0.627839 -0.740342
v 0.030253 0.636813 -0.740342
v 0.029369 0.645787 -0.740342
v 0.026752 0.654416 -0.740342
v 0.022501 0.662369 -0.740342
v 0.016780 0.669340 -0.740342
v 0.009809 0.675061 -0.740342
v 0.001857 0.679311 -0.740342
v -0.006773 0.681929 -0.740342
v -0.015747 0.682813 -0.740342
v -0.024721 0.681929 -0.740342
v -0.033350 0.679311 -0.740342
v -0.041303 0.675061 -0.740342
v -0.048274 0.669340 -0.740342
v -0.089508 0.724979 -0.740342
v -0.053995 0.662369 -0.740342
v -0.058245 0.654416 -0.740342
v -0.060863 0.645787 -0.740342
v -0.061747 0.636813 -0.740342
v -0.060863 0.627839 -0.740342
v -0.058245 0.619210 -0.740342
v -0.041631 0.764271 -0.740342
v -0.128800 0.677102 -0.740342
v -0.157996 0.622479 -0.740342
v 0.012992 0.793467 -0.740342
v -0.065279 0.543272 -0.740342
v -0.073908 0.545889 -0.740342
v -0.082882 0.546773 -0.740342
v -0.091856 0.545889 -0.740342
v -0.100485 0.543272 -0.740342
v -0.108438 0.539021 -0.740342
v -0.115409 0.533300 -0.740342
v -0.121130 0.526329 -0.740342
v -0.125381 0.518376 -0.740342
v 0.254804 0.209679 -0.740342
v 0.309427 0.238875 -0.740342
v 0.357304 0.278167 -0.740342
v 0.305399 0.326057 -0.740342
v 0.396596 0.326044 -0.740342
v 0.425792 0.380667 -0.740342
v 0.299678 0.319086 -0.740342
v 0.309650 0.334009 -0.740342
v 0.312267 0.342639 -0.740342
v 0.313151 0.351613 -0.740342
v 0.312267 0.360587 -0.740342
v 0.309650 0.369216 -0.740342
v 0.305399 0.377169 -0.740342
v 0.299678 0.384140 -0.740342
v 0.292707 0.389861 -0.740342
v 0.284755 0.394111 -0.740342
v 0.276125 0.396729 -0.740342
v 0.267151 0.397613 -0.740342
v 0.258177 0.396729 -0.740342
v 0.249548 0.394111 -0.740342
v 0.241595 0.389861 -0.740342
v 0.234624 0.384140 -0.740342
v 0.228903 0.377169 -0.740342
v 0.224653 0.369216 -0.740342
v 0.222035 0.360587 -0.740342
v 0.221151 0.351613 -0.740342
v 0.222035 0.342639 -0.740342
v 0.222408 0.341409 -0.740342
v 0.224653 0.334009 -0.740342
v 0.158585 0.290194 -0.740342
v 0.159467 0.281238 -0.740342
v 0.155972 0.298805 -0.740342
v 0.158585 0.272283 -0.740342
v 0.155972 0.263672 -0.740342
v 0.151731 0.255736 -0.740342
v 0.146022 0.248780 -0.740342
v 0.139066 0.243071 -0.740342
v 0.228903 0.326057 -0.740342
v 0.234624 0.319086 -0.740342
v 0.241595 0.313365 -0.740342
v 0.249548 0.309114 -0.740342
v 0.258177 0.306497 -0.740342
v 0.267151 0.305613 -0.740342
v 0.276125 0.306497 -0.740342
v 0.284755 0.309114 -0.740342
v 0.292707 0.313365 -0.740342
v 0.316332 0.459164 -0.740342
v 0.324943 0.456552 -0.740342
v 0.333898 0.455670 -0.740342
v 0.342853 0.456552 -0.740342
v 0.351464 0.459164 -0.740342
v 0.359400 0.463406 -0.740342
v 0.366356 0.469115 -0.740342
v 0.372065 0.476071 -0.740342
v 0.376307 0.484007 -0.740342
v 0.133898 0.817517 -0.776799
v 0.137918 0.767573 -0.776799
v 0.072260 0.811446 -0.776799
v 0.195536 0.811446 -0.776799
v 0.254804 0.793467 -0.776798
v 0.309427 0.764271 -0.776798
v 0.357304 0.724979 -0.776799
v 0.396596 0.677102 -0.776799
v 0.425792 0.622479 -0.776799
v 0.443771 0.563210 -0.776799
v 0.449842 0.501573 -0.776799
v 0.443771 0.439935 -0.776799
v 0.379801 0.501573 -0.776799
v 0.378919 0.492618 -0.776799
v 0.378919 0.510528 -0.776799
v 0.376307 0.519139 -0.776799
v 0.372065 0.527075 -0.776799
v 0.366356 0.534031 -0.776799
v 0.359400 0.539740 -0.776799
v 0.351464 0.543982 -0.776799
v 0.342853 0.546594 -0.776799
v 0.333898 0.547476 -0.776799
v 0.324943 0.546594 -0.776799
v 0.316332 0.543982 -0.776799
v 0.308396 0.539740 -0.776799
v 0.301440 0.534031 -0.776799
v 0.290091 0.597167 -0.776799
v 0.284755 0.594314 -0.776799
v 0.292707 0.598565 -0.776799
v 0.299678 0.604286 -0.776799
v 0.305399 0.611257 -0.776799
v 0.309650 0.619209 -0.776799
v 0.312267 0.627839 -0.776799
v 0.313151 0.636813 -0.776799
v 0.312267 0.645787 -0.776799
v 0.309650 0.654416 -0.776799
v 0.305399 0.662369 -0.776799
v 0.299678 0.669340 -0.776799
v 0.292707 0.675061 -0.776799
v 0.284755 0.679311 -0.776799
v 0.276125 0.681929 -0.776799
v 0.267151 0.682813 -0.776799
v 0.258177 0.681929 -0.776799
v 0.249548 0.679311 -0.776799
v 0.241595 0.675061 -0.776799
v 0.234624 0.669340 -0.776799
v 0.157719 0.680249 -0.776799
v 0.155521 0.679075 -0.776799
v 0.163474 0.683325 -0.776799
v 0.170445 0.689046 -0.776799
v 0.176166 0.696017 -0.776799
v 0.180416 0.703970 -0.776799
v 0.183034 0.712599 -0.776799
v 0.183918 0.721573 -0.776799
v 0.183034 0.730547 -0.776799
v 0.180416 0.739177 -0.776799
v 0.176166 0.747129 -0.776799
v 0.170445 0.754100 -0.776799
v 0.163474 0.759821 -0.776799
v 0.155521 0.764072 -0.776799
v 0.146892 0.766689 -0.776799
v 0.146892 0.676457 -0.776799
v 0.137918 0.675573 -0.776799
v 0.128944 0.676457 -0.776799
v 0.120315 0.679075 -0.776799
v 0.112362 0.683325 -0.776799
v 0.105391 0.689046 -0.776799
v 0.099670 0.696017 -0.776799
v 0.095420 0.703970 -0.776799
v 0.092802 0.712599 -0.776799
v 0.091918 0.721573 -0.776799
v 0.092802 0.730547 -0.776799
v 0.095420 0.739177 -0.776799
v 0.099670 0.747129 -0.776799
v 0.105391 0.754100 -0.776799
v 0.112362 0.759821 -0.776799
v 0.120315 0.764072 -0.776799
v 0.128944 0.766689 -0.776799
v 0.228903 0.662369 -0.776799
v 0.224653 0.654416 -0.776799
v 0.222035 0.645787 -0.776799
v 0.221151 0.636813 -0.776799
v 0.222035 0.627839 -0.776799
v 0.224653 0.619209 -0.776799
v 0.228903 0.611257 -0.776799
v 0.234624 0.604286 -0.776799
v 0.198588 0.602407 -0.776799
v 0.200566 0.601349 -0.776799
v 0.179820 0.612438 -0.776799
v 0.157309 0.619267 -0.776799
v 0.133898 0.621573 -0.776799
v 0.110487 0.619267 -0.776799
v 0.087976 0.612438 -0.776799
v 0.067230 0.601349 -0.776799
v 0.049045 0.586426 -0.776799
v 0.034122 0.568241 -0.776799
v 0.023032 0.547495 -0.776799
v 0.016204 0.524984 -0.776799
v 0.013898 0.501573 -0.776799
v 0.016204 0.478162 -0.776799
v 0.023032 0.455651 -0.776799
v 0.034122 0.434904 -0.776799
v 0.049045 0.416720 -0.776799
v 0.067230 0.401797 -0.776799
v 0.087976 0.390707 -0.776799
v 0.110487 0.383879 -0.776799
v 0.133898 0.381573 -0.776799
v 0.157309 0.383879 -0.776799
v 0.179820 0.390707 -0.776799
v 0.200566 0.401797 -0.776799
v 0.218751 0.416720 -0.776799
v 0.233674 0.434904 -0.776799
v 0.244764 0.455651 -0.776799
v 0.251592 0.478162 -0.776799
v 0.253898 0.501573 -0.776799
v 0.251592 0.524984 -0.776799
v 0.244764 0.547495 -0.776799
v 0.233674 0.568241 -0.776799
v 0.218751 0.586426 -0.776799
v 0.205291 0.597472 -0.776799
v 0.241595 0.598565 -0.776799
v 0.249548 0.594314 -0.776799
v 0.258177 0.591697 -0.776799
v 0.267151 0.590813 -0.776799
v 0.276125 0.591697 -0.776799
v 0.295731 0.527075 -0.776799
v 0.291489 0.519139 -0.776799
v 0.288877 0.510528 -0.776799
v 0.287995 0.501573 -0.776799
v 0.288877 0.492618 -0.776799
v 0.291489 0.484007 -0.776799
v 0.295731 0.476071 -0.776799
v 0.301440 0.469115 -0.776799
v 0.308396 0.463406 -0.776799
v 0.146022 0.313697 -0.776799
v 0.151731 0.306741 -0.776799
v 0.139066 0.319405 -0.776799
v 0.131130 0.323647 -0.776799
v 0.122519 0.326259 -0.776799
v 0.113564 0.327141 -0.776799
v 0.104608 0.326259 -0.776799
v 0.095997 0.323647 -0.776799
v 0.088061 0.319405 -0.776799
v 0.081105 0.313697 -0.776799
v 0.075397 0.306741 -0.776799
v 0.071155 0.298805 -0.776799
v 0.068543 0.290194 -0.776799
v 0.067661 0.281238 -0.776799
v 0.068543 0.272283 -0.776799
v 0.071155 0.263672 -0.776799
v 0.075397 0.255736 -0.776799
v 0.081105 0.248780 -0.776799
v 0.088061 0.243071 -0.776799
v 0.095997 0.238829 -0.776799
v 0.104608 0.236217 -0.776799
v 0.113564 0.235335 -0.776799
v 0.122519 0.236217 -0.776799
v 0.131130 0.238829 -0.776799
v 0.133898 0.185629 -0.776799
v 0.195536 0.191700 -0.776799
v 0.072260 0.191700 -0.776799
v 0.012992 0.209679 -0.776799
v -0.041631 0.238875 -0.776799
v -0.089508 0.278167 -0.776799
v -0.048274 0.319086 -0.776799
v -0.128800 0.326044 -0.776799
v -0.157996 0.380666 -0.776799
v -0.175975 0.439935 -0.776799
v -0.182046 0.501573 -0.776799
v -0.175975 0.563210 -0.776799
v -0.128882 0.500773 -0.776799
v -0.127998 0.509747 -0.776799
v -0.127998 0.491799 -0.776799
v -0.125381 0.483170 -0.776799
v -0.121130 0.475217 -0.776799
v -0.115409 0.468246 -0.776799
v -0.108438 0.462525 -0.776799
v -0.100485 0.458275 -0.776799
v -0.091856 0.455657 -0.776799
v -0.082882 0.454773 -0.776799
v -0.073908 0.455657 -0.776799
v -0.065279 0.458275 -0.776799
v -0.057326 0.462525 -0.776799
v -0.050355 0.468246 -0.776799
v -0.044634 0.475217 -0.776799
v -0.040384 0.483170 -0.776799
v -0.037766 0.491799 -0.776799
v -0.036882 0.500773 -0.776799
v -0.037766 0.509747 -0.776799
v -0.040384 0.518376 -0.776799
v -0.044634 0.526329 -0.776799
v -0.050355 0.533300 -0.776799
v -0.052066 0.534704 -0.776799
v -0.057326 0.539021 -0.776799
v -0.048274 0.604286 -0.776799
v -0.053995 0.611257 -0.776799
v -0.047153 0.603366 -0.776799
v -0.041303 0.598565 -0.776799
v -0.024721 0.396729 -0.776799
v -0.015747 0.397613 -0.776799
v -0.033350 0.394111 -0.776799
v -0.041303 0.389860 -0.776799
v -0.048274 0.384140 -0.776799
v -0.053995 0.377169 -0.776799
v -0.058245 0.369216 -0.776799
v -0.060863 0.360587 -0.776799
v -0.061747 0.351613 -0.776799
v -0.060863 0.342639 -0.776799
v -0.058245 0.334009 -0.776799
v -0.053995 0.326057 -0.776799
v -0.006773 0.396729 -0.776799
v 0.001857 0.394111 -0.776799
v 0.009809 0.389860 -0.776799
v 0.016780 0.384140 -0.776799
v 0.022501 0.377169 -0.776799
v 0.026752 0.369216 -0.776799
v 0.029369 0.360587 -0.776799
v 0.030253 0.351613 -0.776799
v 0.029369 0.342639 -0.776799
v 0.026752 0.334009 -0.776799
v 0.022501 0.326057 -0.776799
v 0.016780 0.319086 -0.776799
v 0.009809 0.313365 -0.776799
v 0.001857 0.309114 -0.776799
v -0.006773 0.306497 -0.776799
v -0.015747 0.305613 -0.776799
v -0.024721 0.306497 -0.776799
v -0.033350 0.309114 -0.776799
v -0.041303 0.313365 -0.776799
v -0.033350 0.594314 -0.776799
v -0.024721 0.591697 -0.776799
v -0.015747 0.590813 -0.776799
v -0.006773 0.591697 -0.776799
v 0.001857 0.594314 -0.776799
v 0.009809 0.598565 -0.776799
v 0.016780 0.604286 -0.776799
v 0.022501 0.611257 -0.776799
v 0.026752 0.619209 -0.776799
v 0.029369 0.627839 -0.776799
v 0.030253 0.636813 -0.776799
v 0.029369 0.645787 -0.776799
v 0.026752 0.654416 -0.776799
v 0.022501 0.662369 -0.776799
v 0.016780 0.669340 -0.776799
v 0.009809 0.675061 -0.776799
v 0.001857 0.679311 -0.776799
v -0.006773 0.681929 -0.776799
v -0.015747 0.682813 -0.776799
v -0.024721 0.681929 -0.776799
v -0.033350 0.679311 -0.776799
v -0.041303 0.675061 -0.776799
v -0.048274 0.669340 -0.776799
v -0.089508 0.724979 -0.776799
v -0.053995 0.662369 -0.776799
v -0.058245 0.654416 -0.776799
v -0.060863 0.645787 -0.776799
v -0.061747 0.636813 -0.776799
v -0.060863 0.627839 -0.776799
v -0.058245 0.619209 -0.776799
v -0.041631 0.764271 -0.776799
v -0.128800 0.677102 -0.776799
v -0.157996 0.622479 -0.776799
v 0.012992 0.793467 -0.776799
v -0.065279 0.543271 -0.776799
v -0.073908 0.545889 -0.776799
v -0.082882 0.546773 -0.776799
v -0.091856 0.545889 -0.776799
v -0.100485 0.543271 -0.776799
v -0.108438 0.539021 -0.776799
v -0.115409 0.533300 -0.776799
v -0.121130 0.526329 -0.776799
v -0.125381 0.518376 -0.776799
v 0.254804 0.209679 -0.776799
v 0.309427 0.238875 -0.776799
v 0.357304 0.278167 -0.776799
v 0.305399 0.326057 -0.776799
v 0.396596 0.326044 -0.776799
v 0.425792 0.380666 -0.776799
v 0.299678 0.319086 -0.776799
v 0.309650 0.334009 -0.776799
v 0.312267 0.342639 -0.776799
v 0.313151 0.351613 -0.776799
v 0.312267 0.360587 -0.776799
v 0.309650 0.369216 -0.776799
v 0.305399 0.377169 -0.776799
v 0.299678 0.384140 -0.776799
v 0.292707 0.389860 -0.776799
v 0.284755 0.394111 -0.776799
v 0.276125 0.396729 -0.776799
v 0.267151 0.397613 -0.776799
v 0.258177 0.396729 -0.776799
v 0.249548 0.394111 -0.776799
v 0.241595 0.389860 -0.776799
v 0.234624 0.384140 -0.776799
v 0.228903 0.377169 -0.776799
v 0.224653 0.369216 -0.776799
v 0.222035 0.360587 -0.776799
v 0.221151 0.351613 -0.776799
v 0.222035 0.342639 -0.776799
v 0.222408 0.341409 -0.776799
v 0.224653 0.334009 -0.776799
v 0.158585 0.290194 -0.776799
v 0.159467 0.281238 -0.776799
v 0.155972 0.298805 -0.776799
v 0.158585 0.272283 -0.776799
v 0.155972 0.263672 -0.776799
v 0.151731 0.255736 -0.776799
v 0.146022 0.248780 -0.776799
v 0.139066 0.243071 -0.776799
v 0.228903 0.326057 -0.776799
v 0.234624 0.319086 -0.776799
v 0.241595 0.313365 -0.776799
v 0.249548 0.309114 -0.776799
v 0.258177 0.306497 -0.776799
v 0.267151 0.305613 -0.776799
v 0.276125 0.306497 -0.776799
v 0.284755 0.309114 -0.776799
v 0.292707 0.313365 -0.776799
v 0.316332 0.459164 -0.776799
v 0.324943 0.456552 -0.776799
v 0.333898 0.455670 -0.776799
v 0.342853 0.456552 -0.776799
v 0.351464 0.459164 -0.776799
v 0.359400 0.463406 -0.776799
v 0.366356 0.469115 -0.776799
v 0.372065 0.476071 -0.776799
v 0.376307 0.484007 -0.776799
v 0.133898 0.817517 -0.831484
v 0.137918 0.767573 -0.831484
v 0.072260 0.811446 -0.831484
v 0.195536 0.811446 -0.831484
v 0.254804 0.793467 -0.831484
v 0.309427 0.764271 -0.831484
v 0.357304 0.724979 -0.831484
v 0.396596 0.677102 -0.831484
v 0.425792 0.622479 -0.831484
v 0.443771 0.563211 -0.831484
v 0.449842 0.501573 -0.831484
v 0.443771 0.439935 -0.831484
v 0.379801 0.501573 -0.831484
v 0.378919 0.492618 -0.831484
v 0.378919 0.510528 -0.831484
v 0.376307 0.519139 -0.831484
v 0.372065 0.527075 -0.831484
v 0.366356 0.534031 -0.831484
v 0.359400 0.539740 -0.831484
v 0.351464 0.543982 -0.831484
v 0.342853 0.546594 -0.831484
v 0.333898 0.547476 -0.831484
v 0.324943 0.546594 -0.831484
v 0.316332 0.543982 -0.831484
v 0.308396 0.539740 -0.831484
v 0.301440 0.534031 -0.831484
v 0.290091 0.597167 -0.831484
v 0.284755 0.594315 -0.831484
v 0.292707 0.598565 -0.831484
v 0.299678 0.604286 -0.831484
v 0.305399 0.611257 -0.831484
v 0.309650 0.619210 -0.831484
v 0.312267 0.627839 -0.831484
v 0.313151 0.636813 -0.831484
v 0.312267 0.645787 -0.831484
v 0.309650 0.654416 -0.831484
v 0.305399 0.662369 -0.831484
v 0.299678 0.669340 -0.831484
v 0.292707 0.675061 -0.831484
v 0.284755 0.679312 -0.831484
v 0.276125 0.681929 -0.831484
v 0.267151 0.682813 -0.831484
v 0.258177 0.681929 -0.831484
v 0.249548 0.679312 -0.831484
v 0.241595 0.675061 -0.831484
v 0.234624 0.669340 -0.831484
v 0.157719 0.680249 -0.831484
v 0.155521 0.679075 -0.831484
v 0.163474 0.683326 -0.831484
v 0.170445 0.689046 -0.831484
v 0.176166 0.696017 -0.831484
v 0.180416 0.703970 -0.831484
v 0.183034 0.712599 -0.831484
v 0.183918 0.721573 -0.831484
v 0.183034 0.730547 -0.831484
v 0.180416 0.739177 -0.831484
v 0.176166 0.747129 -0.831484
v 0.170445 0.754100 -0.831484
v 0.163474 0.759821 -0.831484
v 0.155521 0.764072 -0.831484
v 0.146892 0.766689 -0.831484
v 0.146892 0.676457 -0.831484
v 0.137918 0.675573 -0.831484
v 0.128944 0.676457 -0.831484
v 0.120315 0.679075 -0.831484
v 0.112362 0.683326 -0.831484
v 0.105391 0.689046 -0.831484
v 0.099670 0.696017 -0.831484
v 0.095420 0.703970 -0.831484
v 0.092802 0.712599 -0.831484
v 0.091918 0.721573 -0.831484
v 0.092802 0.730547 -0.831484
v 0.095420 0.739177 -0.831484
v 0.099670 0.747129 -0.831484
v 0.105391 0.754100 -0.831484
v 0.112362 0.759821 -0.831484
v 0.120315 0.764072 -0.831484
v 0.128944 0.766689 -0.831484
v 0.228903 0.662369 -0.831484
v 0.224653 0.654416 -0.831484
v 0.222035 0.645787 -0.831484
v 0.221151 0.636813 -0.831484
v 0.222035 0.627839 -0.831484
v 0.224653 0.619210 -0.831484
v 0.228903 0.611257 -0.831484
v 0.234624 0.604286 -0.831484
v 0.198588 0.602407 -0.831484
v 0.200566 0.601349 -0.831484
v 0.179820 0.612439 -0.831484
v 0.157309 0.619267 -0.831484
v 0.133898 0.621573 -0.831484
v 0.110487 0.619267 -0.831484
v 0.087976 0.612439 -0.831484
v 0.067230 0.601349 -0.831484
v 0.049045 0.586426 -0.831484
v 0.034122 0.568241 -0.831484
v 0.023032 0.547495 -0.831484
v 0.016204 0.524984 -0.831484
v 0.013898 0.501573 -0.831484
v 0.016204 0.478162 -0.831484
v 0.023032 0.455651 -0.831484
v 0.034122 0.434905 -0.831484
v 0.049045 0.416720 -0.831484
v 0.067230 0.401797 -0.831484
v 0.087976 0.390707 -0.831484
v 0.110487 0.383879 -0.831484
v 0.133898 0.381573 -0.831484
v 0.157309 0.383879 -0.831484
v 0.179820 0.390707 -0.831484
v 0.200566 0.401797 -0.831484
v 0.218751 0.416720 -0.831484
v 0.233674 0.434905 -0.831484
v 0.244764 0.455651 -0.831484
v 0.251592 0.478162 -0.831484
v 0.253898 0.501573 -0.831484
v 0.251592 0.524984 -0.831484
v 0.244764 0.547495 -0.831484
v 0.233674 0.568241 -0.831484
v 0.218751 0.586426 -0.831484
v 0.205291 0.597472 -0.831484
v 0.241595 0.598565 -0.831484
v 0.249548 0.594315 -0.831484
v 0.258177 0.591697 -0.831484
v 0.267151 0.590813 -0.831484
v 0.276125 0.591697 -0.831484
v 0.295731 0.527075 -0.831484
v 0.291489 0.519139 -0.831484
v 0.288877 0.510528 -0.831484
v 0.287995 0.501573 -0.831484
v 0.288877 0.492618 -0.831484
v 0.291489 0.484007 -0.831484
v 0.295731 0.476071 -0.831484
v 0.301440 0.469115 -0.831484
v 0.308396 0.463406 -0.831484
v 0.146022 0.313697 -0.831484
v 0.151731 0.306741 -0.831484
v 0.139066 0.319405 -0.831484
v 0.131130 0.323647 -0.831484
v 0.122519 0.326259 -0.831484
v 0.113564 0.327141 -0.831484
v 0.104608 0.326259 -0.831484
v 0.095997 0.323647 -0.831484
v 0.088061 0.319405 -0.831484
v 0.081105 0.313697 -0.831484
v 0.075397 0.306741 -0.831484
v 0.071155 0.298805 -0.831484
v 0.068543 0.290194 -0.831484
v 0.067661 0.281238 -0.831484
v 0.068543 0.272283 -0.831484
v 0.071155 0.263672 -0.831484
v 0.075397 0.255736 -0.831484
v 0.081105 0.248780 -0.831484
v 0.088061 0.243071 -0.831484
v 0.095997 0.238830 -0.831484
v 0.104608 0.236217 -0.831484
v 0.113564 0.235335 -0.831484
v 0.122519 0.236217 -0.831484
v 0.131130 0.238830 -0.831484
v 0.133898 0.185629 -0.831484
v 0.195536 0.191700 -0.831484
v 0.072260 0.191700 -0.831484
v 0.012992 0.209679 -0.831484
v -0.041631 0.238875 -0.831484
v -0.089508 0.278167 -0.831484
v -0.048274 0.319086 -0.831484
v -0.128800 0.326044 -0.831484
v -0.157996 0.380667 -0.831484
v -0.175975 0.439935 -0.831484
v -0.182046 0.501573 -0.831484
v -0.175975 0.563211 -0.831484
v -0.128882 0.500773 -0.831484
v -0.127998 0.509747 -0.831484
v -0.127998 0.491799 -0.831484
v -0.125381 0.483170 -0.831484
v -0.121130 0.475217 -0.831484
v -0.115409 0.468246 -0.831484
v -0.108438 0.462525 -0.831484
v -0.100485 0.458275 -0.831484
v -0.091856 0.455657 -0.831484
v -0.082882 0.454773 -0.831484
v -0.073908 0.455657 -0.831484
v -0.065279 0.458275 -0.831484
v -0.057326 0.462525 -0.831484
v -0.050355 0.468246 -0.831484
v -0.044634 0.475217 -0.831484
v -0.040384 0.483170 -0.831484
v -0.037766 0.491799 -0.831484
v -0.036882 0.500773 -0.831484
v -0.037766 0.509747 -0.831484
v -0.040384 0.518376 -0.831484
v -0.044634 0.526329 -0.831484
v -0.050355 0.533300 -0.831484
v -0.052066 0.534704 -0.831484
v -0.057326 0.539021 -0.831484
v -0.048274 0.604286 -0.831484
v -0.053995 0.611257 -0.831484
v -0.047153 0.603366 -0.831484
v -0.041303 0.598565 -0.831484
v -0.024721 0.396729 -0.831484
v -0.015747 0.397613 -0.831484
v -0.033350 0.394111 -0.831484
v -0.041303 0.389861 -0.831484
v -0.048274 0.384140 -0.831484
v -0.053995 0.377169 -0.831484
v -0.058245 0.369216 -0.831484
v -0.060863 0.360587 -0.831484
v -0.061747 0.351613 -0.831484
v -0.060863 0.342639 -0.831484
v -0.058245 0.334009 -0.831484
v -0.053995 0.326057 -0.831484
v -0.006773 0.396729 -0.831484
v 0.001857 0.394111 -0.831484
v 0.009809 0.389861 -0.831484
v 0.016780 0.384140 -0.831484
v 0.022501 0.377169 -0.831484
v 0.026752 0.369216 -0.831484
v 0.029369 0.360587 -0.831484
v 0.030253 0.351613 -0.831484
v 0.029369 0.342639 -0.831484
v 0.026752 0.334009 -0.831484
v 0.022501 0.326057 -0.831484
v 0.016780 0.319086 -0.831484
v 0.009809 0.313365 -0.831484
v 0.001857 0.309114 -0.831484
v -0.006773 0.306497 -0.831484
v -0.015747 0.305613 -0.831484
v -0.024721 0.306497 -0.831484
v -0.033350 0.309114 -0.831484
v -0.041303 0.313365 -0.831484
v -0.033350 0.594315 -0.831484
v -0.024721 0.591697 -0.831484
v -0.015747 0.590813 -0.831484
v -0.006773 0.591697 -0.831484
v 0.001857 0.594315 -0.831484
v 0.009809 0.598565 -0.831484
v 0.016780 0.604286 -0.831484
v 0.022501 0.611257 -0.831484
v 0.026752 0.619210 -0.831484
v 0.029369 0.627839 -0.831484
v 0.030253 0.636813 -0.831484
v 0.029369 0.645787 -0.831484
v 0.026752 0.654416 -0.831484
v 0.022501 0.662369 -0.831484
v 0.016780 0.669340 -0.831484
v 0.009809 0.675061 -0.831484
v 0.001857 0.679311 -0.831484
v -0.006773 0.681929 -0.831484
v -0.015747 0.682813 -0.831484
v -0.024721 0.681929 -0.831484
v -0.033350 0.679311 -0.831484
v -0.041303 0.675061 -0.831484
v -0.048274 0.669340 -0.831484
v -0.089508 0.724979 -0.831484
v -0.053995 0.662369 -0.831484
v -0.058245 0.654416 -0.831484
v -0.060863 0.645787 -0.831484
v -0.061747 0.636813 -0.831484
v -0.060863 0.627839 -0.831484
v -0.058245 0.619210 -0.831484
v -0.041631 0.764271 -0.831484
v -0.128800 0.677102 -0.831484
v -0.157996 0.622479 -0.831484
v 0.012992 0.793467 -0.831484
v -0.065279 0.543272 -0.831484
v -0.073908 0.545889 -0.831484
v -0.082882 0.546773 -0.831484
v -0.091856 0.545889 -0.831484
v -0.100485 0.543272 -0.831484
v -0.108438 0.539021 -0.831484
v -0.115409 0.533300 -0.831484
v -0.121130 0.526329 -0.831484
v -0.125381 0.518376 -0.831484
v 0.254804 0.209679 -0.831484
v 0.309427 0.238875 -0.831484
v 0.357304 0.278167 -0.831484
v 0.305399 0.326057 -0.831484
v 0.396596 0.326044 -0.831484
v 0.425792 0.380667 -0.831484
v 0.299678 0.319086 -0.831484
v 0.309650 0.334009 -0.831484
v 0.312267 0.342639 -0.831484
v 0.313151 0.351613 -0.831484
v 0.312267 0.360587 -0.831484
v 0.309650 0.369216 -0.831484
v 0.305399 0.377169 -0.831484
v 0.299678 0.384140 -0.831484
v 0.292707 0.389861 -0.831484
v 0.284755 0.394111 -0.831484
v 0.276125 0.396729 -0.831484
v 0.267151 0.397613 -0.831484
v 0.258177 0.396729 -0.831484
v 0.249548 0.394111 -0.831484
v 0.241595 0.389861 -0.831484
v 0.234624 0.384140 -0.831484
v 0.228903 0.377169 -0.831484
v 0.224653 0.369216 -0.831484
v 0.222035 0.360587 -0.831484
v 0.221151 0.351613 -0.831484
v 0.222035 0.342639 -0.831484
v 0.222408 0.341409 -0.831484
v 0.224653 0.334009 -0.831484
v 0.158585 0.290194 -0.831484
v 0.159467 0.281238 -0.831484
v 0.155972 0.298805 -0.831484
v 0.158585 0.272283 -0.831484
v 0.155972 0.263672 -0.831484
v 0.151731 0.255736 -0.831484
v 0.146022 0.248780 -0.831484
v 0.139066 0.243071 -0.831484
v 0.228903 0.326057 -0.831484
v 0.234624 0.319086 -0.831484
v 0.241595 0.313365 -0.831484
v 0.249548 0.309114 -0.831484
v 0.258177 0.306497 -0.831484
v 0.267151 0.305613 -0.831484
v 0.276125 0.306497 -0.831484
v 0.284755 0.309114 -0.831484
v 0.292707 0.313365 -0.831484
v 0.316332 0.459164 -0.831484
v 0.324943 0.456552 -0.831484
v 0.333898 0.455670 -0.831484
v 0.342853 0.456552 -0.831484
v 0.351464 0.459164 -0.831484
v 0.359400 0.463406 -0.831484
v 0.366356 0.469115 -0.831484
v 0.372065 0.476071 -0.831484
v 0.376307 0.484007 -0.831484
v 0.133898 0.817517 -0.867941
v 0.137918 0.767573 -0.867941
v 0.072260 0.811446 -0.867941
v 0.195536 0.811446 -0.867941
v 0.254804 0.793467 -0.867941
v 0.309427 0.764271 -0.867941
v 0.357304 0.724979 -0.867941
v 0.396596 0.677102 -0.867941
v 0.425792 0.622479 -0.867941
v 0.443771 0.563210 -0.867941
v 0.449842 0.501573 -0.867941
v 0.443771 0.439935 -0.867941
v 0.379801 0.501573 -0.867941
v 0.378919 0.492618 -0.867941
v 0.378919 0.510528 -0.867941
v 0.376307 0.519139 -0.867941
v 0.372065 0.527075 -0.867941
v 0.366356 0.534031 -0.867941
v 0.359400 0.539740 -0.867941
v 0.351464 0.543982 -0.867941
v 0.342853 0.546594 -0.867941
v 0.333898 0.547476 -0.867941
v 0.324943 0.546594 -0.867941
v 0.316332 0.543982 -0.867941
v 0.308396 0.539740 -0.867941
v 0.301440 0.534031 -0.867941
v 0.290091 0.597167 -0.867941
v 0.284755 0.594314 -0.867941
v 0.292707 0.598565 -0.867941
v 0.299678 0.604286 -0.867941
v 0.305399 0.611257 -0.867941
v 0.309650 0.619209 -0.867941
v 0.312267 0.627839 -0.867941
v 0.313151 0.636813 -0.867941
v 0.312267 0.645787 -0.867941
v 0.309650 0.654416 -0.867941
v 0.305399 0.662369 -0.867941
v 0.299678 0.669340 -0.867941
v 0.292707 0.675061 -0.867941
v 0.284755 0.679311 -0.867941
v 0.276125 0.681929 -0.867941
v 0.267151 0.682813 -0.867941
v 0.258177 0.681929 -0.867941
v 0.249548 0.679311 -0.867941
v 0.241595 0.675061 -0.867941
v 0.234624 0.669340 -0.867941
v 0.157719 0.680249 -0.867941
v 0.155521 0.679075 -0.867941
v 0.163474 0.683325 -0.867941
v 0.170445 0.689046 -0.867941
v 0.176166 0.696017 -0.867941
v 0.180416 0.703970 -0.867941
v 0.183034 0.712599 -0.867941
v 0.183918 0.721573 -0.867941
v 0.183034 0.730547 -0.867941
v 0.180416 0.739177 -0.867941
v 0.176166 0.747129 -0.867941
v 0.170445 0.754100 -0.867941
v 0.163474 0.759821 -0.867941
v 0.155521 0.764072 -0.867941
v 0.146892 0.766689 -0.867941
v 0.146892 0.676457 -0.867941
v 0.137918 0.675573 -0.867941
v 0.128944 0.676457 -0.867941
v 0.120315 0.679075 -0.867941
v 0.112362 0.683325 -0.867941
v 0.105391 0.689046 -0.867941
v 0.099670 0.696017 -0.867941
v 0.095420 0.703970 -0.867941
v 0.092802 0.712599 -0.867941
v 0.091918 0.721573 -0.867941
v 0.092802 0.730547 -0.867941
v 0.095420 0.739177 -0.867941
v 0.099670 0.747129 -0.867941
v 0.105391 0.754100 -0.867941
v 0.112362 0.759821 -0.867941
v 0.120315 0.764072 -0.867941
v 0.128944 0.766689 -0.867941
v 0.228903 0.662369 -0.867941
v 0.224653 0.654416 -0.867941
v 0.222035 0.645787 -0.867941
v 0.221151 0.636813 -0.867941
v 0.222035 0.627839 -0.867941
v 0.224653 0.619209 -0.867941
v 0.228903 0.611257 -0.867941
v 0.234624 0.604286 -0.867941
v 0.198588 0.602407 -0.867941
v 0.200566 0.601349 -0.867941
v 0.179820 0.612438 -0.867941
v 0.157309 0.619267 -0.867941
v 0.133898 0.621573 -0.867941
v 0.110487 0.619267 -0.867941
v 0.087976 0.612438 -0.867941
v 0.067230 0.601349 -0.867941
v 0.049045 0.586426 -0.867941
v 0.034122 0.568241 -0.867941
v 0.023032 0.547495 -0.867941
v 0.016204 0.524984 -0.867941
v 0.013898 0.501573 -0.867941
v 0.016204 0.478162 -0.867941
v 0.023032 0.455651 -0.867941
v 0.034122 0.434904 -0.867941
v 0.049045 0.416720 -0.867941
v 0.067230 0.401797 -0.867941
v 0.087976 0.390707 -0.867941
v 0.110487 0.383879 -0.867941
v 0.133898 0.381573 -0.867941
v 0.157309 0.383879 -0.867941
v 0.179820 0.390707 -0.867941
v 0.200566 0.401797 -0.867941
v 0.218751 0.416720 -0.867941
v 0.233674 0.434904 -0.867941
v 0.244764 0.455651 -0.867941
v 0.251592 0.478162 -0.867941
v 0.253898 0.501573 -0.867941
v 0.251592 0.524984 -0.867941
v 0.244764 0.547495 -0.867941
v 0.233674 0.568241 -0.867941
v 0.218751 0.586426 -0.867941
v 0.205291 0.597472 -0.867941
v 0.241595 0.598565 -0.867941
v 0.249548 0.594314 -0.867941
v 0.258177 0.591697 -0.867941
v 0.267151 0.590813 -0.867941
v 0.276125 0.591697 -0.867941
v 0.295731 0.527075 -0.867941
v 0.291489 0.519139 -0.867941
v 0.288877 0.510528 -0.867941
v 0.287995 0.501573 -0.867941
v 0.288877 0.492618 -0.867941
v 0.291489 0.484007 -0.867941
v 0.295731 0.476071 -0.867941
v 0.301440 0.469115 -0.867941
v 0.308396 0.463406 -0.867941
v 0.146022 0.313697 -0.867941
v 0.151731 0.306741 -0.867941
v 0.139066 0.319405 -0.867941
v 0.131130 0.323647 -0.867941
v 0.122519 0.326259 -0.867941
v 0.113564 0.327141 -0.867941
v 0.104608 0.326259 -0.867941
v 0.095997 0.323647 -0.867941
v 0.088061 0.319405 -0.867941
v 0.081105 0.313697 -0.867941
v 0.075397 0.306741 -0.867941
v 0.071155 0.298805 -0.867941
v 0.068543 0.290194 -0.867941
v 0.067661 0.281238 -0.867941
v 0.068543 0.272283 -0.867941
v 0.071155 0.263672 -0.867941
v 0.075397 0.255736 -0.867941
v 0.081105 0.248780 -0.867941
v 0.088061 0.243071 -0.867941
v 0.095997 0.238829 -0.867941
v 0.104608 0.236217 -0.867941
v 0.113564 0.235335 -0.867941
v 0.122519 0.236217 -0.867941
v 0.131130 0.238829 -0.867941
v 0.133898 0.185629 -0.867941
v 0.195536 0.191700 -0.867941
v 0.072260 0.191700 -0.867941
v 0.012992 0.209679 -0.867941
v -0.041631 0.238875 -0.867941
v -0.089508 0.278167 -0.867941
v -0.048274 0.319086 -0.867941
v -0.128800 0.326044 -0.867941
v -0.157996 0.380666 -0.867941
v -0.175975 0.439935 -0.867941
v -0.182046 0.501573 -0.867941
v -0.175975 0.563210 -0.867941
v -0.128882 0.500773 -0.867941
v -0.127998 0.509747 -0.867941
v -0.127998 0.491799 -0.867941
v -0.125381 0.483170 -0.867941
v -0.121130 0.475217 -0.867941
v -0.115409 0.468246 -0.867941
v -0.108438 0.462525 -0.867941
v -0.100485 0.458275 -0.867941
v -0.091856 0.455657 -0.867941
v -0.082882 0.454773 -0.867941
v -0.073908 0.455657 -0.867941
v -0.065279 0.458275 -0.867941
v -0.057326 0.462525 -0.867941
v -0.050355 0.468246 -0.867941
v -0.044634 0.475217 -0.867941
v -0.040384 0.483170 -0.867941
v -0.037766 0.491799 -0.867941
v -0.036882 0.500773 -0.867941
v -0.037766 0.509747 -0.867941
v -0.040384 0.518376 -0.867941
v -0.044634 0.526329 -0.867941
v -0.050355 0.533300 -0.867941
v -0.052066 0.534704 -0.867941
v -0.057326 0.539021 -0.867941
v -0.048274 0.604286 -0.867941
v -0.053995 0.611257 -0.867941
v -0.047153 0.603366 -0.867941
v -0.041303 0.598565 -0.867941
v -0.024721 0.396729 -0.867941
v -0.015747 0.397613 -0.867941
v -0.033350 0.394111 -0.867941
v -0.041303 0.389860 -0.867941
v -0.048274 0.384140 -0.867941
v -0.053995 0.377169 -0.867941
v -0.058245 0.369216 -0.867941
v -0.060863 0.360587 -0.867941
v -0.061747 0.351613 -0.867941
v -0.060863 0.342639 -0.867941
v -0.058245 0.334009 -0.867941
v -0.053995 0.326057 -0.867941
v -0.006773 0.396729 -0.867941
v 0.001857 0.394111 -0.867941
v 0.009809 0.389860 -0.867941
v 0.016780 0.384140 -0.867941
v 0.022501 0.377169 -0.867941
v 0.026752 0.369216 -0.867941
v 0.029369 0.360587 -0.867941
v 0.030253 0.351613 -0.867941
v 0.029369 0.342639 -0.867941
v 0.026752 0.334009 -0.867941
v 0.022501 0.326057 -0.867941
v 0.016780 0.319086 -0.867941
v 0.009809 0.313365 -0.867941
v 0.001857 0.309114 -0.867941
v -0.006773 0.306497 -0.867941
v -0.015747 0.305613 -0.867941
v -0.024721 0.306497 -0.867941
v -0.033350 0.309114 -0.867941
v -0.041303 0.313365 -0.867941
v -0.033350 0.594314 -0.867941
v -0.024721 0.591697 -0.867941
v -0.015747 0.590813 -0.867941
v -0.006773 0.591697 -0.867941
v 0.001857 0.594314 -0.867941
v 0.009809 0.598565 -0.867941
v 0.016780 0.604286 -0.867941
v 0.022501 0.611257 -0.867941
v 0.026752 0.619209 -0.867941
v 0.029369 0.627839 -0.867941
v 0.030253 0.636813 -0.867941
v 0.029369 0.645787 -0.867941
v 0.026752 0.654416 -0.867941
v 0.022501 0.662369 -0.867941
v 0.016780 0.669340 -0.867941
v 0.009809 0.675061 -0.867941
v 0.001857 0.679311 -0.867941
v -0.006773 0.681929 -0.867941
v -0.015747 0.682813 -0.867941
v -0.024721 0.681929 -0.867941
v -0.033350 0.679311 -0.867941
v -0.041303 0.675061 -0.867941
v -0.048274 0.669340 -0.867941
v -0.089508 0.724979 -0.867941
v -0.053995 0.662369 -0.867941
v -0.058245 0.654416 -0.867941
v -0.060863 0.645787 -0.867941
v -0.061747 0.636813 -0.867941
v -0.060863 0.627839 -0.867941
v -0.058245 0.619209 -0.867941
v -0.041631 0.764271 -0.867941
v -0.128800 0.677102 -0.867941
v -0.157996 0.622479 -0.867941
v 0.012992 0.793467 -0.867941
v -0.065279 0.543271 -0.867941
v -0.073908 0.545889 -0.867941
v -0.082882 0.546773 -0.867941
v -0.091856 0.545889 -0.867941
v -0.100485 0.543271 -0.867941
v -0.108438 0.539021 -0.867941
v -0.115409 0.533300 -0.867941
v -0.121130 0.526329 -0.867941
v -0.125381 0.518376 -0.867941
v 0.254804 0.209679 -0.867941
v 0.309427 0.238875 -0.867941
v 0.357304 0.278167 -0.867941
v 0.305399 0.326057 -0.867941
v 0.396596 0.326044 -0.867941
v 0.425792 0.380666 -0.867941
v 0.299678 0.319086 -0.867941
v 0.309650 0.334009 -0.867941
v 0.312267 0.342639 -0.867941
v 0.313151 0.351613 -0.867941
v 0.312267 0.360587 -0.867941
v 0.309650 0.369216 -0.867941
v 0.305399 0.377169 -0.867941
v 0.299678 0.384140 -0.867941
v 0.292707 0.389860 -0.867941
v 0.284755 0.394111 -0.867941
v 0.276125 0.396729 -0.867941
v 0.267151 0.397613 -0.867941
v 0.258177 0.396729 -0.867941
v 0.249548 0.394111 -0.867941
v 0.241595 0.389860 -0.867941
v 0.234624 0.384140 -0.867941
v 0.228903 0.377169 -0.867941
v 0.224653 0.369216 -0.867941
v 0.222035 0.360587 -0.867941
v 0.221151 0.351613 -0.867941
v 0.222035 0.342639 -0.867941
v 0.222408 0.341409 -0.867941
v 0.224653 0.334009 -0.867941
v 0.158585 0.290194 -0.867941
v 0.159467 0.281238 -0.867941
v 0.155972 0.298805 -0.867941
v 0.158585 0.272283 -0.867941
v 0.155972 0.263672 -0.867941
v 0.151731 0.255736 -0.867941
v 0.146022 0.248780 -0.867941
v 0.139066 0.243071 -0.867941
v 0.228903 0.326057 -0.867941
v 0.234624 0.319086 -0.867941
v 0.241595 0.313365 -0.867941
v 0.249548 0.309114 -0.867941
v 0.258177 0.306497 -0.867941
v 0.267151 0.305613 -0.867941
v 0.276125 0.306497 -0.867941
v 0.284755 0.309114 -0.867941
v 0.292707 0.313365 -0.867941
v 0.316332 0.459164 -0.867941
v 0.324943 0.456552 -0.867941
v 0.333898 0.455670 -0.867941
v 0.342853 0.456552 -0.867941
v 0.351464 0.459164 -0.867941
v 0.359400 0.463406 -0.867941
v 0.366356 0.469115 -0.867941
v 0.372065 0.476071 -0.867941
v 0.376307 0.484007 -0.867941
vn -0.0000 -0.0000 -1.0000
vn -0.0000 -0.0000 1.0000
vn 0.7730 -0.6344 -0.0000
vn 0.0980 0.9952 -0.0000
vn -0.9569 -0.2903 -0.0000
vn 0.6344 -0.7730 -0.0000
vn 0.2903 0.9569 -0.0000
vn 0.8819 -0.4714 -0.0000
vn -0.9952 -0.0980 -0.0000
vn 0.4714 -0.8819 -0.0000
vn 0.4714 0.8819 -0.0000
vn 0.9569 -0.2903 -0.0000
vn -0.9952 0.0980 -0.0000
vn -0.8819 -0.4714 -0.0000
vn 0.6344 0.7730 -0.0000
vn 0.9952 -0.0980 -0.0000
vn -0.7730 -0.6344 -0.0000
vn 0.7730 0.6344 -0.0000
vn 0.9952 0.0980 -0.0000
vn -0.6344 -0.7730 -0.0000
vn 0.8819 0.4714 -0.0000
vn 0.9569 0.2903 -0.0000
vn -0.4714 -0.8819 -0.0000
vn -0.2903 -0.9569 -0.0000
vn -0.0980 -0.9952 -0.0000
vn 0.0980 -0.9952 -0.0000
vn 0.2903 -0.9569 -0.0000
vn -0.0980 0.9952 -0.0000
vn -0.2903 0.9569 -0.0000
vn -0.4714 0.8819 -0.0000
vn -0.6344 0.7730 -0.0000
vn -0.7730 0.6344 -0.0000
vn -0.8819 0.4714 -0.0000
vn -0.9569 0.2903 -0.0000
vt 0.000000 0.000000
vt 0.160773 0.248875
vt 0.158964 0.249282
vt 0.158252 0.230821
vt 0.160773 0.229703
vt 0.007012 0.978222
vt 0.007521 0.975511
vt 0.007490 0.972753
vt 0.006923 0.970054
vt 0.005839 0.967517
vt 0.004282 0.965241
vt 0.002310 0.963312
vt -0.000000 0.961805
vt -0.000000 0.936722
vt 0.002200 0.937605
vt 0.004916 0.938115
vt 0.007680 0.938084
vt 0.010385 0.937515
vt 0.012927 0.936430
vt 0.015208 0.934869
vt 0.017141 0.932893
vt 0.018651 0.930578
vt 0.019681 0.928013
vt 0.020190 0.925296
vt 0.020160 0.922532
vt 0.019591 0.919828
vt 0.040997 0.916606
vt 0.041205 0.935589
vt 0.037706 0.954248
vt 0.030635 0.971866
vt 0.020262 0.987766
vt 0.005985 0.980782
vt 0.140386 0.486487
vt 0.140386 0.502192
vt 0.131453 0.502192
vt 0.131453 0.486487
vt 0.140386 0.469003
vt 0.131453 0.469003
vt 0.140386 0.450412
vt 0.131453 0.450412
vt 0.423166 0.233788
vt 0.423166 0.240955
vt 0.414234 0.240955
vt 0.414234 0.233788
vt 0.414233 0.236813
vt 0.414233 0.239561
vt 0.405301 0.239561
vt 0.405301 0.236813
vt 0.423166 0.226912
vt 0.414234 0.226912
vt 0.414233 0.234072
vt 0.405301 0.234072
vt 0.414233 0.231442
vt 0.405301 0.231442
vt 0.414233 0.229024
vt 0.405301 0.229024
vt 0.414233 0.226912
vt 0.405301 0.226912
vt 0.428018 0.216845
vt 0.428018 0.219162
vt 0.419085 0.219162
vt 0.419085 0.216845
vt 0.428018 0.214281
vt 0.419085 0.214281
vt 0.428018 0.211568
vt 0.419085 0.211568
vt 0.428018 0.208810
vt 0.419085 0.208810
vt 0.428018 0.206113
vt 0.419085 0.206113
vt 0.414233 0.242210
vt 0.414233 0.244657
vt 0.405301 0.244657
vt 0.405301 0.242210
vt 0.436951 0.243800
vt 0.436951 0.246548
vt 0.428018 0.246548
vt 0.428018 0.243801
vt 0.436951 0.241165
vt 0.428018 0.241165
vt 0.436951 0.238742
vt 0.428018 0.238742
vt 0.436951 0.236626
vt 0.428018 0.236626
vt 0.371907 0.216206
vt 0.371907 0.218528
vt 0.362974 0.218528
vt 0.362974 0.216206
vt 0.371907 0.213636
vt 0.362974 0.213636
vt 0.371907 0.210917
vt 0.362974 0.210917
vt 0.371907 0.208154
vt 0.362974 0.208154
vt 0.419085 0.206033
vt 0.419085 0.208603
vt 0.410152 0.208603
vt 0.410152 0.206033
vt 0.419085 0.203314
vt 0.410152 0.203314
vt 0.419085 0.200550
vt 0.410152 0.200550
vt 0.419085 0.197848
vt 0.410152 0.197848
vt 0.419085 0.195311
vt 0.410152 0.195311
vt 0.419085 0.193037
vt 0.410152 0.193037
vt 0.160709 0.311812
vt 0.158399 0.311812
vt 0.158399 0.302879
vt 0.160709 0.302879
vt 0.160681 0.320745
vt 0.158399 0.320745
vt 0.158399 0.311812
vt 0.160681 0.311812
vt 0.419085 0.221278
vt 0.419085 0.223932
vt 0.410152 0.223932
vt 0.410152 0.221278
vt 0.419085 0.218525
vt 0.410152 0.218525
vt 0.419085 0.215777
vt 0.410152 0.215777
vt 0.419085 0.213142
vt 0.410152 0.213142
vt 0.498641 0.223291
vt 0.495934 0.223291
vt 0.495934 0.214358
vt 0.498641 0.214358
vt 0.419085 0.210719
vt 0.410152 0.210719
vt 0.501187 0.223291
vt 0.501187 0.214358
vt 0.419085 0.208603
vt 0.410152 0.208603
vt 0.428018 0.203792
vt 0.419085 0.206113
vt 0.419085 0.203792
vt 0.428018 0.201222
vt 0.419085 0.201222
vt 0.140386 0.242631
vt 0.140386 0.229703
vt 0.149319 0.229703
vt 0.149319 0.242631
vt 0.428018 0.198503
vt 0.419085 0.198503
vt 0.158252 0.229703
vt 0.158252 0.244515
vt 0.149319 0.244515
vt 0.149319 0.229703
vt 0.158252 0.574848
vt 0.158252 0.593408
vt 0.149319 0.593408
vt 0.149319 0.574848
vt 0.428018 0.195739
vt 0.419085 0.195739
vt 0.158252 0.261360
vt 0.149319 0.261360
vt 0.158252 0.555866
vt 0.149319 0.555866
vt 0.158252 0.279589
vt 0.149319 0.279589
vt 0.158252 0.537191
vt 0.149319 0.537191
vt 0.140386 0.258023
vt 0.149319 0.258023
vt 0.158252 0.519541
vt 0.149319 0.519541
vt 0.140386 0.275287
vt 0.149319 0.275287
vt 0.158252 0.503595
vt 0.149319 0.503595
vt 0.158252 0.352113
vt 0.158252 0.366649
vt 0.149319 0.366649
vt 0.149319 0.352113
vt 0.158252 0.335474
vt 0.149319 0.335474
vt 0.158252 0.317372
vt 0.149319 0.317372
vt 0.158252 0.298502
vt 0.149319 0.298502
vt 0.160959 0.276081
vt 0.158252 0.276081
vt 0.158252 0.267148
vt 0.160959 0.267148
vt 0.496533 0.237598
vt 0.493818 0.237598
vt 0.493818 0.228665
vt 0.496533 0.228665
vt 0.499297 0.237598
vt 0.499297 0.228665
vt 0.160818 0.293946
vt 0.158256 0.293946
vt 0.158256 0.285013
vt 0.160818 0.285013
vt 0.158252 0.610832
vt 0.149319 0.610832
vt 0.160339 0.329678
vt 0.158399 0.329678
vt 0.158399 0.320745
vt 0.160339 0.320745
vt 0.158252 0.626452
vt 0.149319 0.626452
vt 0.506165 0.201970
vt 0.504141 0.201970
vt 0.504141 0.193037
vt 0.506165 0.193037
vt 0.140386 0.379324
vt 0.140386 0.395188
vt 0.131453 0.395188
vt 0.131453 0.379324
vt 0.508518 0.201970
vt 0.508518 0.193037
vt 0.428018 0.193037
vt 0.419085 0.193037
vt 0.140386 0.412781
vt 0.131453 0.412781
vt 0.140386 0.431428
vt 0.131453 0.431428
vt 0.445883 0.243800
vt 0.445883 0.246548
vt 0.436951 0.246548
vt 0.436951 0.243801
vt 0.445883 0.241165
vt 0.436951 0.241165
vt 0.445883 0.238742
vt 0.436951 0.238742
vt 0.445883 0.236626
vt 0.436951 0.236626
vt 0.371907 0.201061
vt 0.371907 0.208154
vt 0.362974 0.208154
vt 0.362974 0.201061
vt 0.371907 0.193851
vt 0.362974 0.193851
vt 0.371907 0.186802
vt 0.362974 0.186802
vt 0.478839 0.237598
vt 0.476530 0.237598
vt 0.476530 0.228665
vt 0.478839 0.228665
vt 0.481401 0.237598
vt 0.481401 0.228665
vt 0.484116 0.237598
vt 0.484116 0.228665
vt 0.140386 0.293760
vt 0.149319 0.293760
vt 0.140386 0.312732
vt 0.149319 0.312732
vt 0.140386 0.331474
vt 0.149319 0.331474
vt 0.503732 0.223291
vt 0.501187 0.223291
vt 0.501187 0.214358
vt 0.503732 0.214358
vt 0.140386 0.349265
vt 0.149319 0.349265
vt 0.506019 0.223291
vt 0.506019 0.214358
vt 0.140386 0.365422
vt 0.149319 0.365422
vt 0.140386 0.379324
vt 0.149319 0.379324
vt 0.140386 0.515514
vt 0.131453 0.515514
vt 0.149319 0.486487
vt 0.149319 0.502192
vt 0.140386 0.502192
vt 0.140386 0.486487
vt 0.149319 0.469003
vt 0.140386 0.469003
vt 0.149319 0.450412
vt 0.140386 0.450412
vt 0.501585 0.211752
vt 0.498889 0.211752
vt 0.498889 0.202819
vt 0.501585 0.202819
vt 0.504117 0.211752
vt 0.504117 0.202819
vt 0.160709 0.302879
vt 0.158256 0.302879
vt 0.158256 0.293946
vt 0.160709 0.293946
vt 0.479277 0.201970
vt 0.476530 0.201970
vt 0.476530 0.193037
vt 0.479277 0.193037
vt 0.481913 0.201970
vt 0.481913 0.193037
vt 0.484335 0.201970
vt 0.484335 0.193037
vt 0.416803 0.249888
vt 0.414233 0.249888
vt 0.414233 0.240955
vt 0.416803 0.240955
vt 0.419522 0.249888
vt 0.419522 0.240955
vt 0.422286 0.249888
vt 0.422286 0.240955
vt 0.160959 0.285013
vt 0.158256 0.285013
vt 0.158256 0.276081
vt 0.160959 0.276081
vt 0.501607 0.247016
vt 0.499297 0.247016
vt 0.499297 0.238083
vt 0.501607 0.238083
vt 0.504168 0.247016
vt 0.504168 0.238083
vt 0.161005 0.258215
vt 0.158252 0.258215
vt 0.158252 0.249282
vt 0.161005 0.249282
vt 0.501596 0.201970
vt 0.498889 0.201970
vt 0.498889 0.193037
vt 0.501596 0.193037
vt 0.131453 0.242631
vt 0.131453 0.229703
vt 0.140386 0.229703
vt 0.140386 0.242631
vt 0.158252 0.366649
vt 0.158252 0.381461
vt 0.149319 0.381461
vt 0.149319 0.366649
vt 0.140386 0.586767
vt 0.140386 0.605327
vt 0.131453 0.605327
vt 0.131453 0.586767
vt 0.404531 0.247218
vt 0.404531 0.249981
vt 0.395598 0.249981
vt 0.395598 0.247218
vt 0.158252 0.398306
vt 0.149319 0.398306
vt 0.140386 0.567785
vt 0.131453 0.567785
vt 0.158252 0.416535
vt 0.149319 0.416535
vt 0.140386 0.549111
vt 0.131453 0.549111
vt 0.131453 0.258023
vt 0.140386 0.258023
vt 0.140386 0.531461
vt 0.131453 0.531461
vt 0.131453 0.275287
vt 0.140386 0.275287
vt 0.158252 0.489059
vt 0.158252 0.503595
vt 0.149319 0.503595
vt 0.149319 0.489059
vt 0.158252 0.472420
vt 0.149319 0.472420
vt 0.158252 0.454318
vt 0.149319 0.454318
vt 0.158252 0.435448
vt 0.149319 0.435448
vt 0.496533 0.246531
vt 0.493818 0.246531
vt 0.493818 0.237598
vt 0.496533 0.237598
vt 0.484116 0.210903
vt 0.481401 0.210903
vt 0.481401 0.201970
vt 0.484116 0.201970
vt 0.499297 0.246531
vt 0.499297 0.237598
vt 0.478839 0.210903
vt 0.478839 0.201970
vt 0.140386 0.622752
vt 0.131453 0.622752
vt 0.160339 0.338611
vt 0.158399 0.338611
vt 0.158399 0.329678
vt 0.160339 0.329678
vt 0.476530 0.210903
vt 0.476530 0.201970
vt 0.140386 0.638371
vt 0.131453 0.638371
vt 0.478554 0.246531
vt 0.476530 0.246531
vt 0.476530 0.237598
vt 0.478554 0.237598
vt 0.404531 0.239704
vt 0.404531 0.241978
vt 0.395598 0.241978
vt 0.395598 0.239704
vt 0.149319 0.379324
vt 0.149319 0.395188
vt 0.140386 0.395188
vt 0.140386 0.379324
vt 0.480906 0.246531
vt 0.480906 0.237598
vt 0.404531 0.244515
vt 0.395598 0.244515
vt 0.483496 0.246531
vt 0.483496 0.237598
vt 0.149319 0.412781
vt 0.140386 0.412781
vt 0.149319 0.431428
vt 0.140386 0.431428
vt 0.160999 0.267148
vt 0.158252 0.267148
vt 0.158252 0.258215
vt 0.160999 0.258215
vt 0.131453 0.293760
vt 0.140386 0.293760
vt 0.131453 0.312732
vt 0.140386 0.312732
vt 0.131453 0.331473
vt 0.140386 0.331473
vt 0.506662 0.211752
vt 0.504117 0.211752
vt 0.504117 0.202819
vt 0.506662 0.202819
vt 0.131453 0.349265
vt 0.140386 0.349265
vt 0.508949 0.211752
vt 0.508949 0.202819
vt 0.131453 0.365422
vt 0.140386 0.365422
vt 0.131453 0.379324
vt 0.140386 0.379324
vt 0.149319 0.515514
vt 0.140386 0.515514
s 0
usemtl Circle
f 3204/2693/394 3205/2693/394 3206/2693/394 3207/2693/394 3208/2693/394 3209/2693/394 3210/2693/394 3211/2693/394 3212/2693/394 3213/2693/394 3214/2693/394 3215/2693/394 3216/2693/394 3217/2693/394 3218/2693/394 3219/2693/394 3220/2693/394 3222/2693/394 3224/2693/394 3225/2693/394 3226/2693/394 3227/2693/394 3228/2693/394 3229/2693/394 3230/2693/394 3231/2693/394 3232/2693/394 3233/2693/394 3234/2693/394 3235/2693/394 3236/2693/394 3177/2693/394 3176/2693/394 3179/2693/394 3180/2693/394 3181/2693/394 3182/2693/394 3183/2693/394 3184/2693/394 3185/2693/394 3186/2693/394 3188/2693/394 3190/2693/394 3191/2693/394 3192/2693/394 3193/2693/394 3194/2693/394 3195/2693/394 3196/2693/394 3197/2693/394 3198/2693/394 3199/2693/394 3200/2693/394 3202/2693/394
f 3262/2693/394 3264/2693/394 3265/2693/394 3266/2693/394 3267/2693/394 3268/2693/394 3269/2693/394 3270/2693/394 3271/2693/394 3272/2693/394 3273/2693/394 3274/2693/394 3275/2693/394 3276/2693/394 3277/2693/394 3278/2693/394 3279/2693/394 3280/2693/394 3281/2693/394 3282/2693/394 3283/2693/394 3284/2693/394 3285/2693/394 3286/2693/394 3287/2693/394 3288/2693/394 3289/2693/394 3290/2693/394 3291/2693/394 3292/2693/394 3293/2693/394 3294/2693/394 3295/2693/394 3261/2693/394 3296/2693/394 3297/2693/394 3298/2693/394 3299/2693/394 3300/2693/394 3203/2693/394 3201/2693/394 3301/2693/394 3302/2693/394 3303/2693/394 3304/2693/394 3305/2693/394 3306/2693/394 3307/2693/394 3308/2693/394 3310/2693/394 3312/2693/394 3313/2693/394 3314/2693/394 3315/2693/394 3316/2693/394 3317/2693/394 3318/2693/394 3319/2693/394 3320/2693/394 3321/2693/394 3322/2693/394 3323/2693/394 3324/2693/394 3325/2693/394 3326/2693/394 3327/2693/394 3328/2693/394 3329/2693/394 3330/2693/394 3331/2693/394 3332/2693/394 3334/2693/394 3336/2693/394 3337/2693/394 3338/2693/394 3339/2693/394 3340/2693/394 3404/2693/394 3403/2693/394 3402/2693/394 3401/2693/394 3400/2693/394 3399/2693/394 3398/2693/394 3397/2693/394 3396/2693/394 3395/2693/394 3394/2693/394 3393/2693/394 3392/2693/394 3391/2693/394 3390/2693/394 3389/2693/394 3388/2693/394 3387/2693/394 3386/2693/394 3375/2693/394 3374/2693/394 3372/2693/394 3373/2693/394 3405/2693/394 3406/2693/394 3407/2693/394 3408/2693/394 3409/2693/394 3410/2693/394 3411/2693/394 3412/2693/394 3413/2693/394 3414/2693/394 3415/2693/394 3416/2693/394 3417/2693/394 3418/2693/394 3419/2693/394 3420/2693/394 3421/2693/394 3422/2693/394 3423/2693/394 3424/2693/394 3425/2693/394 3426/2693/394 3427/2693/394 3428/2693/394 3435/2693/394 3438/2693/394 3178/2693/394 3176/2693/394 3177/2693/394 3253/2693/394 3252/2693/394 3251/2693/394 3250/2693/394 3249/2693/394 3248/2693/394 3247/2693/394 3246/2693/394 3245/2693/394 3244/2693/394 3243/2693/394 3242/2693/394 3241/2693/394 3240/2693/394 3239/2693/394 3238/2693/394 3237/2693/394 3223/2693/394 3222/2693/394 3220/2693/394 3221/2693/394 3254/2693/394 3255/2693/394 3256/2693/394 3257/2693/394 3258/2693/394 3259/2693/394 3260/2693/394
f 3455/2693/394 3456/2693/394 3457/2693/394 3458/2693/394 3459/2693/394 3460/2693/394 3461/2693/394 3462/2693/394 3463/2693/394 3464/2693/394 3465/2693/394 3466/2693/394 3467/2693/394 3468/2693/394 3469/2693/394 3470/2693/394 3471/2693/394 3472/2693/394 3473/2693/394 3474/2693/394 3475/2693/394 3477/2693/394 3479/2693/394 3311/2693/394 3310/2693/394 3308/2693/394 3309/2693/394 3494/2693/394 3495/2693/394 3496/2693/394 3497/2693/394 3498/2693/394 3499/2693/394 3500/2693/394 3501/2693/394 3502/2693/394 3189/2693/394 3188/2693/394 3186/2693/394 3187/2693/394 3453/2693/394 3452/2693/394 3450/2693/394 3451/2693/394
f 3203/2694/394 3202/2695/394 3200/2696/394 3201/2697/394
f 3295/2693/394 3263/2693/394 3262/2693/394 3260/2693/394 3261/2693/394
f 3333/2698/394 3484/2699/394 3483/2700/394 3482/2701/394 3481/2702/394 3480/2703/394 3478/2704/394 3477/2705/394 3475/2706/394 3476/2707/394 3485/2708/394 3486/2709/394 3487/2710/394 3488/2711/394 3489/2712/394 3490/2713/394 3491/2714/394 3492/2715/394 3493/2716/394 3454/2717/394 3451/2718/394 3450/2719/394 3449/2720/394 3448/2721/394 3335/2722/394 3334/2723/394 3332/2724/394
f 3348/2693/394 3349/2693/394 3350/2693/394 3351/2693/394 3352/2693/394 3353/2693/394 3354/2693/394 3355/2693/394 3356/2693/394 3357/2693/394 3358/2693/394 3359/2693/394 3360/2693/394 3361/2693/394 3362/2693/394 3363/2693/394 3364/2693/394 3365/2693/394 3366/2693/394 3367/2693/394 3368/2693/394 3370/2693/394 3372/2693/394 3374/2693/394 3376/2693/394 3377/2693/394 3378/2693/394 3379/2693/394 3380/2693/394 3381/2693/394 3382/2693/394 3383/2693/394 3384/2693/394 3385/2693/394 3340/2693/394 3339/2693/394 3341/2693/394 3342/2693/394 3343/2693/394 3344/2693/394 3346/2693/394
f 3368/2693/394 3369/2693/394 3439/2693/394 3440/2693/394 3441/2693/394 3442/2693/394 3443/2693/394 3444/2693/394 3445/2693/394 3446/2693/394 3447/2693/394 3347/2693/394 3346/2693/394 3344/2693/394 3345/2693/394 3437/2693/394 3436/2693/394 3428/2693/394 3427/2693/394 3429/2693/394 3430/2693/394 3431/2693/394 3432/2693/394 3433/2693/394 3434/2693/394 3371/2693/394 3370/2693/394
f 3531/2693/395 3529/2693/395 3527/2693/395 3526/2693/395 3525/2693/395 3524/2693/395 3523/2693/395 3522/2693/395 3521/2693/395 3520/2693/395 3519/2693/395 3518/2693/395 3517/2693/395 3515/2693/395 3513/2693/395 3512/2693/395 3511/2693/395 3510/2693/395 3509/2693/395 3508/2693/395 3507/2693/395 3506/2693/395 3503/2693/395 3504/2693/395 3563/2693/395 3562/2693/395 3561/2693/395 3560/2693/395 3559/2693/395 3558/2693/395 3557/2693/395 3556/2693/395 3555/2693/395 3554/2693/395 3553/2693/395 3552/2693/395 3551/2693/395 3549/2693/395 3547/2693/395 3546/2693/395 3545/2693/395 3544/2693/395 3543/2693/395 3542/2693/395 3541/2693/395 3540/2693/395 3539/2693/395 3538/2693/395 3537/2693/395 3536/2693/395 3535/2693/395 3534/2693/395 3533/2693/395 3532/2693/395
f 3589/2693/395 3587/2693/395 3586/2693/395 3585/2693/395 3584/2693/395 3583/2693/395 3582/2693/395 3581/2693/395 3548/2693/395 3547/2693/395 3549/2693/395 3550/2693/395 3564/2693/395 3565/2693/395 3566/2693/395 3567/2693/395 3568/2693/395 3569/2693/395 3570/2693/395 3571/2693/395 3572/2693/395 3573/2693/395 3574/2693/395 3575/2693/395 3576/2693/395 3577/2693/395 3578/2693/395 3579/2693/395 3580/2693/395 3504/2693/395 3503/2693/395 3505/2693/395 3765/2693/395 3762/2693/395 3755/2693/395 3754/2693/395 3753/2693/395 3752/2693/395 3751/2693/395 3750/2693/395 3749/2693/395 3748/2693/395 3747/2693/395 3746/2693/395 3745/2693/395 3744/2693/395 3743/2693/395 3742/2693/395 3741/2693/395 3740/2693/395 3739/2693/395 3738/2693/395 3737/2693/395 3736/2693/395 3735/2693/395 3734/2693/395 3733/2693/395 3732/2693/395 3700/2693/395 3699/2693/395 3701/2693/395 3702/2693/395 3713/2693/395 3714/2693/395 3715/2693/395 3716/2693/395 3717/2693/395 3718/2693/395 3719/2693/395 3720/2693/395 3721/2693/395 3722/2693/395 3723/2693/395 3724/2693/395 3725/2693/395 3726/2693/395 3727/2693/395 3728/2693/395 3729/2693/395 3730/2693/395 3731/2693/395 3667/2693/395 3666/2693/395 3665/2693/395 3664/2693/395 3663/2693/395 3661/2693/395 3659/2693/395 3658/2693/395 3657/2693/395 3656/2693/395 3655/2693/395 3654/2693/395 3653/2693/395 3652/2693/395 3651/2693/395 3650/2693/395 3649/2693/395 3648/2693/395 3647/2693/395 3646/2693/395 3645/2693/395 3644/2693/395 3643/2693/395 3642/2693/395 3641/2693/395 3640/2693/395 3639/2693/395 3637/2693/395 3635/2693/395 3634/2693/395 3633/2693/395 3632/2693/395 3631/2693/395 3630/2693/395 3629/2693/395 3628/2693/395 3528/2693/395 3530/2693/395 3627/2693/395 3626/2693/395 3625/2693/395 3624/2693/395 3623/2693/395 3588/2693/395 3622/2693/395 3621/2693/395 3620/2693/395 3619/2693/395 3618/2693/395 3617/2693/395 3616/2693/395 3615/2693/395 3614/2693/395 3613/2693/395 3612/2693/395 3611/2693/395 3610/2693/395 3609/2693/395 3608/2693/395 3607/2693/395 3606/2693/395 3605/2693/395 3604/2693/395 3603/2693/395 3602/2693/395 3601/2693/395 3600/2693/395 3599/2693/395 3598/2693/395 3597/2693/395 3596/2693/395 3595/2693/395 3594/2693/395 3593/2693/395 3592/2693/395 3591/2693/395
f 3782/2693/395 3778/2693/395 3777/2693/395 3779/2693/395 3780/2693/395 3514/2693/395 3513/2693/395 3515/2693/395 3516/2693/395 3829/2693/395 3828/2693/395 3827/2693/395 3826/2693/395 3825/2693/395 3824/2693/395 3823/2693/395 3822/2693/395 3821/2693/395 3636/2693/395 3635/2693/395 3637/2693/395 3638/2693/395 3806/2693/395 3804/2693/395 3802/2693/395 3801/2693/395 3800/2693/395 3799/2693/395 3798/2693/395 3797/2693/395 3796/2693/395 3795/2693/395 3794/2693/395 3793/2693/395 3792/2693/395 3791/2693/395 3790/2693/395 3789/2693/395 3788/2693/395 3787/2693/395 3786/2693/395 3785/2693/395 3784/2693/395 3783/2693/395
f 3530/2693/395 3528/2693/395 3527/2693/395 3529/2693/395
f 3622/2693/395 3588/2693/395 3587/2693/395 3589/2693/395 3590/2693/395
f 3660/2693/395 3659/2693/395 3661/2693/395 3662/2693/395 3775/2693/395 3776/2693/395 3777/2693/395 3778/2693/395 3781/2693/395 3820/2693/395 3819/2693/395 3818/2693/395 3817/2693/395 3816/2693/395 3815/2693/395 3814/2693/395 3813/2693/395 3812/2693/395 3803/2693/395 3802/2693/395 3804/2693/395 3805/2693/395 3807/2693/395 3808/2693/395 3809/2693/395 3810/2693/395 3811/2693/395
f 3675/2693/395 3673/2693/395 3671/2693/395 3670/2693/395 3669/2693/395 3668/2693/395 3666/2693/395 3667/2693/395 3712/2693/395 3711/2693/395 3710/2693/395 3709/2693/395 3708/2693/395 3707/2693/395 3706/2693/395 3705/2693/395 3704/2693/395 3703/2693/395 3701/2693/395 3699/2693/395 3697/2693/395 3695/2693/395 3694/2693/395 3693/2693/395 3692/2693/395 3691/2693/395 3690/2693/395 3689/2693/395 3688/2693/395 3687/2693/395 3686/2693/395 3685/2693/395 3684/2693/395 3683/2693/395 3682/2693/395 3681/2693/395 3680/2693/395 3679/2693/395 3678/2693/395 3677/2693/395 3676/2693/395
f 3695/2693/395 3697/2693/395 3698/2693/395 3761/2693/395 3760/2693/395 3759/2693/395 3758/2693/395 3757/2693/395 3756/2693/395 3754/2693/395 3755/2693/395 3763/2693/395 3764/2693/395 3672/2693/395 3671/2693/395 3673/2693/395 3674/2693/395 3774/2693/395 3773/2693/395 3772/2693/395 3771/2693/395 3770/2693/395 3769/2693/395 3768/2693/395 3767/2693/395 3766/2693/395 3696/2693/395
f 3482/2693/396 3483/2693/396 3810/2693/396 3809/2693/396
f 3375/2693/397 3386/2693/397 3713/2693/397 3702/2693/397
f 3287/2693/396 3286/2693/396 3613/2693/396 3614/2693/396
f 3185/2725/398 3184/2726/398 3511/2727/398 3512/2728/398
f 3483/2693/399 3484/2693/399 3811/2693/399 3810/2693/399
f 3386/2693/400 3387/2693/400 3714/2693/400 3713/2693/400
f 3288/2693/401 3287/2693/401 3614/2693/401 3615/2693/401
f 3186/2729/402 3185/2725/402 3512/2728/402 3513/2730/402
f 3484/2693/403 3333/2693/403 3660/2693/403 3811/2693/403
f 3387/2693/404 3388/2693/404 3715/2693/404 3714/2693/404
f 3289/2693/405 3288/2693/405 3615/2693/405 3616/2693/405
f 3187/2731/406 3186/2729/406 3513/2730/406 3514/2732/406
f 3485/2693/407 3476/2693/407 3803/2693/407 3812/2693/407
f 3388/2693/408 3389/2693/408 3716/2693/408 3715/2693/408
f 3290/2693/409 3289/2693/409 3616/2693/409 3617/2693/409
f 3486/2693/410 3485/2693/410 3812/2693/410 3813/2693/410
f 3389/2693/411 3390/2693/411 3717/2693/411 3716/2693/411
f 3291/2733/412 3290/2734/412 3617/2735/412 3618/2736/412
f 3188/2737/409 3189/2738/409 3516/2739/409 3515/2740/409
f 3487/2693/413 3486/2693/413 3813/2693/413 3814/2693/413
f 3390/2693/414 3391/2693/414 3718/2693/414 3717/2693/414
f 3292/2741/415 3291/2733/415 3618/2736/415 3619/2742/415
f 3190/2743/412 3188/2737/412 3515/2740/412 3517/2744/412
f 3488/2693/416 3487/2693/416 3814/2693/416 3815/2693/416
f 3391/2693/415 3392/2693/415 3719/2693/415 3718/2693/415
f 3293/2693/414 3292/2693/414 3619/2693/414 3620/2693/414
f 3191/2745/415 3190/2743/415 3517/2744/415 3518/2746/415
f 3489/2693/417 3488/2693/417 3815/2693/417 3816/2693/417
f 3392/2693/412 3393/2693/412 3720/2693/412 3719/2693/412
f 3294/2693/411 3293/2693/411 3620/2693/411 3621/2693/411
f 3192/2747/414 3191/2745/414 3518/2746/414 3519/2748/414
f 3490/2693/418 3489/2693/418 3816/2693/418 3817/2693/418
f 3393/2693/409 3394/2693/409 3721/2693/409 3720/2693/409
f 3295/2693/408 3294/2693/408 3621/2693/408 3622/2693/408
f 3193/2749/411 3192/2747/411 3519/2748/411 3520/2750/411
f 3491/2693/419 3490/2693/419 3817/2693/419 3818/2693/419
f 3394/2693/405 3395/2693/405 3722/2693/405 3721/2693/405
f 3263/2693/408 3295/2693/408 3622/2693/408 3590/2693/408
f 3194/2751/408 3193/2752/408 3520/2753/408 3521/2754/408
f 3492/2693/420 3491/2693/420 3818/2693/420 3819/2693/420
f 3395/2693/401 3396/2693/401 3723/2693/401 3722/2693/401
f 3195/2755/404 3194/2751/404 3521/2754/404 3522/2756/404
f 3493/2693/403 3492/2693/403 3819/2693/403 3820/2693/403
f 3396/2693/396 3397/2693/396 3724/2693/396 3723/2693/396
f 3296/2693/413 3261/2693/413 3588/2693/413 3623/2693/413
f 3196/2757/400 3195/2755/400 3522/2756/400 3523/2758/400
f 3454/2693/399 3493/2693/399 3820/2693/399 3781/2693/399
f 3397/2693/399 3398/2693/399 3725/2693/399 3724/2693/399
f 3297/2693/416 3296/2693/416 3623/2693/416 3624/2693/416
f 3197/2759/397 3196/2757/397 3523/2758/397 3524/2760/397
f 3494/2693/416 3309/2693/416 3636/2693/416 3821/2693/416
f 3398/2693/403 3399/2693/403 3726/2693/403 3725/2693/403
f 3298/2693/417 3297/2693/417 3624/2693/417 3625/2693/417
f 3198/2761/421 3197/2759/421 3524/2760/421 3525/2762/421
f 3495/2693/417 3494/2693/417 3821/2693/417 3822/2693/417
f 3399/2693/420 3400/2693/420 3727/2693/420 3726/2693/420
f 3299/2693/418 3298/2693/418 3625/2693/418 3626/2693/418
f 3199/2693/422 3198/2693/422 3525/2693/422 3526/2693/422
f 3496/2693/418 3495/2693/418 3822/2693/418 3823/2693/418
f 3400/2693/419 3401/2693/419 3728/2693/419 3727/2693/419
f 3300/2693/419 3299/2693/419 3626/2693/419 3627/2693/419
f 3200/2693/423 3199/2693/423 3526/2693/423 3527/2693/423
f 3497/2693/419 3496/2693/419 3823/2693/419 3824/2693/419
f 3401/2693/418 3402/2693/418 3729/2693/418 3728/2693/418
f 3203/2693/420 3300/2693/420 3627/2693/420 3530/2693/420
f 3201/2693/424 3200/2693/424 3527/2693/424 3528/2693/424
f 3498/2693/420 3497/2693/420 3824/2693/420 3825/2693/420
f 3402/2693/417 3403/2693/417 3730/2693/417 3729/2693/417
f 3499/2693/403 3498/2693/403 3825/2693/403 3826/2693/403
f 3403/2693/416 3404/2693/416 3731/2693/416 3730/2693/416
f 3301/2693/425 3201/2693/425 3528/2693/425 3628/2693/425
f 3202/2693/403 3203/2693/403 3530/2693/403 3529/2693/403
f 3500/2693/399 3499/2693/399 3826/2693/399 3827/2693/399
f 3404/2693/413 3340/2693/413 3667/2693/413 3731/2693/413
f 3302/2693/426 3301/2693/426 3628/2693/426 3629/2693/426
f 3204/2693/403 3202/2693/403 3529/2693/403 3531/2693/403
f 3501/2693/396 3500/2693/396 3827/2693/396 3828/2693/396
f 3405/2693/416 3373/2693/416 3700/2693/416 3732/2693/416
f 3303/2693/427 3302/2693/427 3629/2693/427 3630/2693/427
f 3205/2693/399 3204/2693/399 3531/2693/399 3532/2693/399
f 3502/2763/401 3501/2764/401 3828/2765/401 3829/2766/401
f 3406/2693/417 3405/2693/417 3732/2693/417 3733/2693/417
f 3304/2693/406 3303/2693/406 3630/2693/406 3631/2693/406
f 3206/2693/396 3205/2693/396 3532/2693/396 3533/2693/396
f 3189/2738/405 3502/2763/405 3829/2766/405 3516/2739/405
f 3407/2693/418 3406/2693/418 3733/2693/418 3734/2693/418
f 3305/2693/402 3304/2693/402 3631/2693/402 3632/2693/402
f 3207/2693/401 3206/2693/401 3533/2693/401 3534/2693/401
f 3408/2693/419 3407/2693/419 3734/2693/419 3735/2693/419
f 3306/2693/398 3305/2693/398 3632/2693/398 3633/2693/398
f 3208/2693/405 3207/2693/405 3534/2693/405 3535/2693/405
f 3409/2693/420 3408/2693/420 3735/2693/420 3736/2693/420
f 3307/2693/407 3306/2693/407 3633/2693/407 3634/2693/407
f 3209/2693/409 3208/2693/409 3535/2693/409 3536/2693/409
f 3410/2693/403 3409/2693/403 3736/2693/403 3737/2693/403
f 3308/2693/410 3307/2693/410 3634/2693/410 3635/2693/410
f 3210/2767/412 3209/2768/412 3536/2769/412 3537/2770/412
f 3411/2693/399 3410/2693/399 3737/2693/399 3738/2693/399
f 3309/2693/413 3308/2693/413 3635/2693/413 3636/2693/413
f 3211/2771/415 3210/2767/415 3537/2770/415 3538/2772/415
f 3412/2693/396 3411/2693/396 3738/2693/396 3739/2693/396
f 3212/2773/414 3211/2771/414 3538/2772/414 3539/2774/414
f 3413/2693/401 3412/2693/401 3739/2693/401 3740/2693/401
f 3310/2693/411 3311/2693/411 3638/2693/411 3637/2693/411
f 3213/2775/411 3212/2773/411 3539/2774/411 3540/2776/411
f 3414/2693/405 3413/2693/405 3740/2693/405 3741/2693/405
f 3312/2693/408 3310/2693/408 3637/2693/408 3639/2693/408
f 3214/2777/408 3213/2778/408 3540/2779/408 3541/2780/408
f 3415/2693/409 3414/2693/409 3741/2693/409 3742/2693/409
f 3313/2693/404 3312/2693/404 3639/2693/404 3640/2693/404
f 3215/2781/404 3214/2777/404 3541/2780/404 3542/2782/404
f 3416/2693/412 3415/2693/412 3742/2693/412 3743/2693/412
f 3314/2693/400 3313/2693/400 3640/2693/400 3641/2693/400
f 3216/2783/400 3215/2781/400 3542/2782/400 3543/2784/400
f 3417/2693/415 3416/2693/415 3743/2693/415 3744/2693/415
f 3315/2693/397 3314/2693/397 3641/2693/397 3642/2693/397
f 3217/2785/397 3216/2783/397 3543/2784/397 3544/2786/397
f 3418/2693/414 3417/2693/414 3744/2693/414 3745/2693/414
f 3316/2693/421 3315/2693/421 3642/2693/421 3643/2693/421
f 3218/2693/421 3217/2693/421 3544/2693/421 3545/2693/421
f 3419/2693/411 3418/2693/411 3745/2693/411 3746/2693/411
f 3317/2693/422 3316/2693/422 3643/2693/422 3644/2693/422
f 3219/2693/422 3218/2693/422 3545/2693/422 3546/2693/422
f 3420/2693/408 3419/2693/408 3746/2693/408 3747/2693/408
f 3318/2693/423 3317/2693/423 3644/2693/423 3645/2693/423
f 3220/2693/423 3219/2693/423 3546/2693/423 3547/2693/423
f 3421/2787/404 3420/2788/404 3747/2789/404 3748/2790/404
f 3319/2693/424 3318/2693/424 3645/2693/424 3646/2693/424
f 3221/2693/424 3220/2693/424 3547/2693/424 3548/2693/424
f 3422/2791/400 3421/2787/400 3748/2790/400 3749/2792/400
f 3320/2693/425 3319/2693/425 3646/2693/425 3647/2693/425
f 3423/2793/397 3422/2791/397 3749/2792/397 3750/2794/397
f 3321/2693/426 3320/2693/426 3647/2693/426 3648/2693/426
f 3222/2693/403 3223/2693/403 3550/2693/403 3549/2693/403
f 3424/2795/421 3423/2793/421 3750/2794/421 3751/2796/421
f 3322/2693/427 3321/2693/427 3648/2693/427 3649/2693/427
f 3224/2693/403 3222/2693/403 3549/2693/403 3551/2693/403
f 3425/2797/422 3424/2795/422 3751/2796/422 3752/2798/422
f 3323/2693/406 3322/2693/406 3649/2693/406 3650/2693/406
f 3225/2693/399 3224/2693/399 3551/2693/399 3552/2693/399
f 3426/2799/423 3425/2797/423 3752/2798/423 3753/2800/423
f 3324/2693/402 3323/2693/402 3650/2693/402 3651/2693/402
f 3226/2693/396 3225/2693/396 3552/2693/396 3553/2693/396
f 3427/2801/424 3426/2802/424 3753/2803/424 3754/2804/424
f 3325/2805/398 3324/2806/398 3651/2807/398 3652/2808/398
f 3227/2693/401 3226/2693/401 3553/2693/401 3554/2693/401
f 3326/2693/407 3325/2693/407 3652/2693/407 3653/2693/407
f 3228/2809/405 3227/2810/405 3554/2811/405 3555/2812/405
f 3429/2693/425 3427/2693/425 3754/2693/425 3756/2693/425
f 3327/2693/410 3326/2693/410 3653/2693/410 3654/2693/410
f 3229/2813/409 3228/2809/409 3555/2812/409 3556/2814/409
f 3430/2693/426 3429/2693/426 3756/2693/426 3757/2693/426
f 3328/2693/413 3327/2693/413 3654/2693/413 3655/2693/413
f 3230/2815/412 3229/2813/412 3556/2814/412 3557/2816/412
f 3431/2693/427 3430/2693/427 3757/2693/427 3758/2693/427
f 3329/2693/416 3328/2693/416 3655/2693/416 3656/2693/416
f 3231/2817/415 3230/2815/415 3557/2816/415 3558/2818/415
f 3432/2819/406 3431/2820/406 3758/2821/406 3759/2822/406
f 3330/2693/417 3329/2693/417 3656/2693/417 3657/2693/417
f 3232/2823/414 3231/2817/414 3558/2818/414 3559/2824/414
f 3433/2825/402 3432/2819/402 3759/2822/402 3760/2826/402
f 3331/2693/418 3330/2693/418 3657/2693/418 3658/2693/418
f 3233/2827/411 3232/2823/411 3559/2824/411 3560/2828/411
f 3434/2693/398 3433/2693/398 3760/2693/398 3761/2693/398
f 3332/2693/419 3331/2693/419 3658/2693/419 3659/2693/419
f 3234/2829/408 3233/2761/408 3560/2830/408 3561/2831/408
f 3371/2693/407 3434/2693/407 3761/2693/407 3698/2693/407
f 3333/2693/420 3332/2693/420 3659/2693/420 3660/2693/420
f 3235/2832/404 3234/2829/404 3561/2831/404 3562/2833/404
f 3435/2834/399 3428/2835/399 3755/2836/399 3762/2837/399
f 3236/2838/400 3235/2832/400 3562/2833/400 3563/2839/400
f 3428/2840/396 3436/2841/396 3763/2842/396 3755/2843/396
f 3334/2844/421 3335/2845/421 3662/2846/421 3661/2847/421
f 3177/2848/397 3236/2838/397 3563/2839/397 3504/2849/397
f 3436/2841/401 3437/2850/401 3764/2851/401 3763/2842/401
f 3336/2852/397 3334/2844/397 3661/2847/397 3663/2853/397
f 3223/2693/420 3237/2693/420 3564/2693/420 3550/2693/420
f 3437/2850/405 3345/2854/405 3672/2855/405 3764/2851/405
f 3337/2856/400 3336/2852/400 3663/2853/400 3664/2857/400
f 3237/2693/419 3238/2693/419 3565/2693/419 3564/2693/419
f 3438/2858/403 3435/2834/403 3762/2837/403 3765/2859/403
f 3338/2860/404 3337/2856/404 3664/2857/404 3665/2861/404
f 3238/2693/418 3239/2693/418 3566/2693/418 3565/2693/418
f 3178/2862/420 3438/2858/420 3765/2859/420 3505/2863/420
f 3339/2864/408 3338/2860/408 3665/2861/408 3666/2865/408
f 3239/2693/417 3240/2693/417 3567/2693/417 3566/2693/417
f 3439/2693/404 3369/2693/404 3696/2693/404 3766/2693/404
f 3240/2693/416 3241/2693/416 3568/2693/416 3567/2693/416
f 3440/2693/400 3439/2693/400 3766/2693/400 3767/2693/400
f 3341/2866/411 3339/2867/411 3666/2868/411 3668/2869/411
f 3241/2693/413 3242/2693/413 3569/2693/413 3568/2693/413
f 3441/2693/397 3440/2693/397 3767/2693/397 3768/2693/397
f 3342/2870/414 3341/2866/414 3668/2869/414 3669/2871/414
f 3242/2693/410 3243/2693/410 3570/2693/410 3569/2693/410
f 3442/2693/421 3441/2693/421 3768/2693/421 3769/2693/421
f 3343/2872/415 3342/2870/415 3669/2871/415 3670/2873/415
f 3243/2693/407 3244/2693/407 3571/2693/407 3570/2693/407
f 3443/2693/422 3442/2693/422 3769/2693/422 3770/2693/422
f 3344/2874/412 3343/2872/412 3670/2873/412 3671/2875/412
f 3244/2693/398 3245/2693/398 3572/2693/398 3571/2693/398
f 3444/2693/423 3443/2693/423 3770/2693/423 3771/2693/423
f 3345/2854/409 3344/2874/409 3671/2875/409 3672/2855/409
f 3245/2693/402 3246/2693/402 3573/2693/402 3572/2693/402
f 3445/2693/424 3444/2693/424 3771/2693/424 3772/2693/424
f 3246/2876/406 3247/2877/406 3574/2878/406 3573/2879/406
f 3446/2693/425 3445/2693/425 3772/2693/425 3773/2693/425
f 3346/2693/406 3347/2693/406 3674/2693/406 3673/2693/406
f 3247/2693/427 3248/2693/427 3575/2693/427 3574/2693/427
f 3447/2880/426 3446/2881/426 3773/2882/426 3774/2883/426
f 3348/2693/402 3346/2693/402 3673/2693/402 3675/2693/402
f 3248/2693/426 3249/2693/426 3576/2693/426 3575/2693/426
f 3347/2884/427 3447/2880/427 3774/2883/427 3674/2885/427
f 3349/2693/398 3348/2693/398 3675/2693/398 3676/2693/398
f 3249/2886/425 3250/2887/425 3577/2888/425 3576/2889/425
f 3335/2845/422 3448/2890/422 3775/2891/422 3662/2846/422
f 3350/2892/407 3349/2893/407 3676/2894/407 3677/2895/407
f 3250/2693/424 3251/2693/424 3578/2693/424 3577/2693/424
f 3448/2890/423 3449/2896/423 3776/2897/423 3775/2891/423
f 3351/2898/410 3350/2899/410 3677/2900/410 3678/2901/410
f 3251/2693/423 3252/2693/423 3579/2693/423 3578/2693/423
f 3449/2902/424 3450/2903/424 3777/2904/424 3776/2905/424
f 3352/2906/413 3351/2898/413 3678/2901/413 3679/2907/413
f 3252/2693/422 3253/2693/422 3580/2693/422 3579/2693/422
f 3353/2693/416 3352/2693/416 3679/2693/416 3680/2693/416
f 3253/2908/421 3177/2848/421 3504/2849/421 3580/2909/421
f 3450/2903/425 3452/2910/425 3779/2911/425 3777/2904/425
f 3354/2693/417 3353/2693/417 3680/2693/417 3681/2693/417
f 3254/2693/425 3221/2693/425 3548/2693/425 3581/2693/425
f 3452/2910/426 3453/2912/426 3780/2913/426 3779/2911/426
f 3355/2693/418 3354/2693/418 3681/2693/418 3682/2693/418
f 3255/2693/426 3254/2693/426 3581/2693/426 3582/2693/426
f 3453/2912/427 3187/2731/427 3514/2732/427 3780/2913/427
f 3356/2693/419 3355/2693/419 3682/2693/419 3683/2693/419
f 3256/2693/427 3255/2693/427 3582/2693/427 3583/2693/427
f 3451/2693/396 3454/2693/396 3781/2693/396 3778/2693/396
f 3357/2693/420 3356/2693/420 3683/2693/420 3684/2693/420
f 3257/2693/406 3256/2693/406 3583/2693/406 3584/2693/406
f 3455/2693/401 3451/2693/401 3778/2693/401 3782/2693/401
f 3358/2693/403 3357/2693/403 3684/2693/403 3685/2693/403
f 3258/2693/402 3257/2693/402 3584/2693/402 3585/2693/402
f 3456/2693/405 3455/2693/405 3782/2693/405 3783/2693/405
f 3359/2693/399 3358/2693/399 3685/2693/399 3686/2693/399
f 3259/2693/398 3258/2693/398 3585/2693/398 3586/2693/398
f 3457/2693/409 3456/2693/409 3783/2693/409 3784/2693/409
f 3360/2693/396 3359/2693/396 3686/2693/396 3687/2693/396
f 3260/2693/407 3259/2693/407 3586/2693/407 3587/2693/407
f 3458/2914/412 3457/2915/412 3784/2916/412 3785/2917/412
f 3361/2693/401 3360/2693/401 3687/2693/401 3688/2693/401
f 3261/2693/410 3260/2693/410 3587/2693/410 3588/2693/410
f 3459/2918/415 3458/2914/415 3785/2917/415 3786/2919/415
f 3362/2693/405 3361/2693/405 3688/2693/405 3689/2693/405
f 3460/2920/414 3459/2918/414 3786/2919/414 3787/2921/414
f 3363/2693/409 3362/2693/409 3689/2693/409 3690/2693/409
f 3262/2693/404 3263/2693/404 3590/2693/404 3589/2693/404
f 3461/2922/411 3460/2920/411 3787/2921/411 3788/2923/411
f 3364/2693/412 3363/2693/412 3690/2693/412 3691/2693/412
f 3264/2693/404 3262/2693/404 3589/2693/404 3591/2693/404
f 3462/2693/408 3461/2693/408 3788/2693/408 3789/2693/408
f 3365/2693/415 3364/2693/415 3691/2693/415 3692/2693/415
f 3265/2924/400 3264/2925/400 3591/2926/400 3592/2927/400
f 3463/2693/404 3462/2693/404 3789/2693/404 3790/2693/404
f 3366/2693/414 3365/2693/414 3692/2693/414 3693/2693/414
f 3266/2928/397 3265/2924/397 3592/2927/397 3593/2929/397
f 3464/2693/400 3463/2693/400 3790/2693/400 3791/2693/400
f 3367/2693/411 3366/2693/411 3693/2693/411 3694/2693/411
f 3267/2930/421 3266/2928/421 3593/2929/421 3594/2931/421
f 3465/2693/397 3464/2693/397 3791/2693/397 3792/2693/397
f 3368/2693/408 3367/2693/408 3694/2693/408 3695/2693/408
f 3268/2693/422 3267/2693/422 3594/2693/422 3595/2693/422
f 3466/2693/421 3465/2693/421 3792/2693/421 3793/2693/421
f 3369/2693/408 3368/2693/408 3695/2693/408 3696/2693/408
f 3269/2693/423 3268/2693/423 3595/2693/423 3596/2693/423
f 3467/2693/422 3466/2693/422 3793/2693/422 3794/2693/422
f 3270/2693/424 3269/2693/424 3596/2693/424 3597/2693/424
f 3468/2693/423 3467/2693/423 3794/2693/423 3795/2693/423
f 3370/2693/410 3371/2693/410 3698/2693/410 3697/2693/410
f 3271/2693/425 3270/2693/425 3597/2693/425 3598/2693/425
f 3469/2693/424 3468/2693/424 3795/2693/424 3796/2693/424
f 3372/2693/413 3370/2693/413 3697/2693/413 3699/2693/413
f 3272/2693/426 3271/2693/426 3598/2693/426 3599/2693/426
f 3470/2693/425 3469/2693/425 3796/2693/425 3797/2693/425
f 3373/2693/413 3372/2693/413 3699/2693/413 3700/2693/413
f 3273/2693/427 3272/2693/427 3599/2693/427 3600/2693/427
f 3471/2693/426 3470/2693/426 3797/2693/426 3798/2693/426
f 3274/2693/406 3273/2693/406 3600/2693/406 3601/2693/406
f 3472/2693/427 3471/2693/427 3798/2693/427 3799/2693/427
f 3374/2693/421 3375/2693/421 3702/2693/421 3701/2693/421
f 3275/2693/402 3274/2693/402 3601/2693/402 3602/2693/402
f 3473/2693/406 3472/2693/406 3799/2693/406 3800/2693/406
f 3376/2693/422 3374/2693/422 3701/2693/422 3703/2693/422
f 3276/2693/398 3275/2693/398 3602/2693/398 3603/2693/398
f 3474/2693/402 3473/2693/402 3800/2693/402 3801/2693/402
f 3377/2693/423 3376/2693/423 3703/2693/423 3704/2693/423
f 3277/2693/407 3276/2693/407 3603/2693/407 3604/2693/407
f 3475/2693/398 3474/2693/398 3801/2693/398 3802/2693/398
f 3378/2932/424 3377/2933/424 3704/2934/424 3705/2935/424
f 3278/2693/410 3277/2693/410 3604/2693/410 3605/2693/410
f 3476/2693/398 3475/2693/398 3802/2693/398 3803/2693/398
f 3379/2936/425 3378/2932/425 3705/2935/425 3706/2937/425
f 3279/2693/413 3278/2693/413 3605/2693/413 3606/2693/413
f 3380/2938/426 3379/2936/426 3706/2937/426 3707/2939/426
f 3280/2693/416 3279/2693/416 3606/2693/416 3607/2693/416
f 3176/2940/419 3178/2862/419 3505/2863/419 3503/2941/419
f 3477/2693/412 3478/2693/412 3805/2693/412 3804/2693/412
f 3381/2693/427 3380/2693/427 3707/2693/427 3708/2693/427
f 3281/2693/417 3280/2693/417 3607/2693/417 3608/2693/417
f 3179/2942/418 3176/2940/418 3503/2941/418 3506/2943/418
f 3479/2693/415 3477/2693/415 3804/2693/415 3806/2693/415
f 3382/2693/406 3381/2693/406 3708/2693/406 3709/2693/406
f 3282/2693/418 3281/2693/418 3608/2693/418 3609/2693/418
f 3180/2944/417 3179/2942/417 3506/2943/417 3507/2945/417
f 3311/2693/414 3479/2693/414 3806/2693/414 3638/2693/414
f 3383/2946/402 3382/2947/402 3709/2948/402 3710/2949/402
f 3283/2693/419 3282/2693/419 3609/2693/419 3610/2693/419
f 3181/2950/416 3180/2944/416 3507/2945/416 3508/2951/416
f 3478/2693/409 3480/2693/409 3807/2693/409 3805/2693/409
f 3384/2952/398 3383/2946/398 3710/2949/398 3711/2953/398
f 3284/2693/420 3283/2693/420 3610/2693/420 3611/2693/420
f 3182/2954/413 3181/2950/413 3508/2951/413 3509/2955/413
f 3480/2693/405 3481/2693/405 3808/2693/405 3807/2693/405
f 3385/2693/407 3384/2693/407 3711/2693/407 3712/2693/407
f 3285/2693/403 3284/2693/403 3611/2693/403 3612/2693/403
f 3183/2956/410 3182/2954/410 3509/2955/410 3510/2957/410
f 3481/2693/401 3482/2693/401 3809/2693/401 3808/2693/401
f 3340/2693/410 3385/2693/410 3712/2693/410 3667/2693/410
f 3286/2693/399 3285/2693/399 3612/2693/399 3613/2693/399
f 3184/2726/407 3183/2958/407 3510/2959/407 3511/2727/407
f 3858/2693/394 3859/2693/394 3860/2693/394 3861/2693/394 3862/2693/394 3863/2693/394 3864/2693/394 3865/2693/394 3866/2693/394 3867/2693/394 3868/2693/394 3869/2693/394 3870/2693/394 3871/2693/394 3872/2693/394 3873/2693/394 3874/2693/394 3876/2693/394 3878/2693/394 3879/2693/394 3880/2693/394 3881/2693/394 3882/2693/394 3883/2693/394 3884/2693/394 3885/2693/394 3886/2693/394 3887/2693/394 3888/2693/394 3889/2693/394 3890/2693/394 3831/2693/394 3830/2693/394 3833/2693/394 3834/2693/394 3835/2693/394 3836/2693/394 3837/2693/394 3838/2693/394 3839/2693/394 3840/2693/394 3842/2693/394 3844/2693/394 3845/2693/394 3846/2693/394 3847/2693/394 3848/2693/394 3849/2693/394 3850/2693/394 3851/2693/394 3852/2693/394 3853/2693/394 3854/2693/394 3856/2693/394
f 3916/2693/394 3918/2693/394 3919/2693/394 3920/2693/394 3921/2693/394 3922/2693/394 3923/2693/394 3924/2693/394 3925/2693/394 3926/2693/394 3927/2693/394 3928/2693/394 3929/2693/394 3930/2693/394 3931/2693/394 3932/2693/394 3933/2693/394 3934/2693/394 3935/2693/394 3936/2693/394 3937/2693/394 3938/2693/394 3939/2693/394 3940/2693/394 3941/2693/394 3942/2693/394 3943/2693/394 3944/2693/394 3945/2693/394 3946/2693/394 3947/2693/394 3948/2693/394 3949/2693/394 3915/2693/394 3950/2693/394 3951/2693/394 3952/2693/394 3953/2693/394 3954/2693/394 3857/2693/394 3855/2693/394 3955/2693/394 3956/2693/394 3957/2693/394 3958/2693/394 3959/2693/394 3960/2693/394 3961/2693/394 3962/2693/394 3964/2693/394 3966/2693/394 3967/2693/394 3968/2693/394 3969/2693/394 3970/2693/394 3971/2693/394 3972/2693/394 3973/2693/394 3974/2693/394 3975/2693/394 3976/2693/394 3977/2693/394 3978/2693/394 3979/2693/394 3980/2693/394 3981/2693/394 3982/2693/394 3983/2693/394 3984/2693/394 3985/2693/394 3986/2693/394 3988/2693/394 3990/2693/394 3991/2693/394 3992/2693/394 3993/2693/394 3994/2693/394 4058/2693/394 4057/2693/394 4056/2693/394 4055/2693/394 4054/2693/394 4053/2693/394 4052/2693/394 4051/2693/394 4050/2693/394 4049/2693/394 4048/2693/394 4047/2693/394 4046/2693/394 4045/2693/394 4044/2693/394 4043/2693/394 4042/2693/394 4041/2693/394 4040/2693/394 4029/2693/394 4028/2693/394 4026/2693/394 4027/2693/394 4059/2693/394 4060/2693/394 4061/2693/394 4062/2693/394 4063/2693/394 4064/2693/394 4065/2693/394 4066/2693/394 4067/2693/394 4068/2693/394 4069/2693/394 4070/2693/394 4071/2693/394 4072/2693/394 4073/2693/394 4074/2693/394 4075/2693/394 4076/2693/394 4077/2693/394 4078/2693/394 4079/2693/394 4080/2693/394 4081/2693/394 4082/2693/394 4089/2693/394 4092/2693/394 3832/2693/394 3830/2693/394 3831/2693/394 3907/2693/394 3906/2693/394 3905/2693/394 3904/2693/394 3903/2693/394 3902/2693/394 3901/2693/394 3900/2693/394 3899/2693/394 3898/2693/394 3897/2693/394 3896/2693/394 3895/2693/394 3894/2693/394 3893/2693/394 3892/2693/394 3891/2693/394 3877/2693/394 3876/2693/394 3874/2693/394 3875/2693/394 3908/2693/394 3909/2693/394 3910/2693/394 3911/2693/394 3912/2693/394 3913/2693/394 3914/2693/394
f 4109/2693/394 4110/2693/394 4111/2693/394 4112/2693/394 4113/2693/394 4114/2693/394 4115/2693/394 4116/2693/394 4117/2693/394 4118/2693/394 4119/2693/394 4120/2693/394 4121/2693/394 4122/2693/394 4123/2693/394 4124/2693/394 4125/2693/394 4126/2693/394 4127/2693/394 4128/2693/394 4129/2693/394 4131/2693/394 4133/2693/394 3965/2693/394 3964/2693/394 3962/2693/394 3963/2693/394 4148/2693/394 4149/2693/394 4150/2693/394 4151/2693/394 4152/2693/394 4153/2693/394 4154/2693/394 4155/2693/394 4156/2693/394 3843/2693/394 3842/2693/394 3840/2693/394 3841/2693/394 4107/2693/394 4106/2693/394 4104/2693/394 4105/2693/394
f 3857/2693/394 3856/2693/394 3854/2693/394 3855/2693/394
f 3949/2693/394 3917/2693/394 3916/2693/394 3914/2693/394 3915/2693/394
f 3987/2693/394 4138/2693/394 4137/2693/394 4136/2693/394 4135/2693/394 4134/2693/394 4132/2693/394 4131/2693/394 4129/2693/394 4130/2693/394 4139/2693/394 4140/2693/394 4141/2693/394 4142/2693/394 4143/2693/394 4144/2693/394 4145/2693/394 4146/2693/394 4147/2693/394 4108/2693/394 4105/2693/394 4104/2693/394 4103/2693/394 4102/2693/394 3989/2693/394 3988/2693/394 3986/2693/394
f 4002/2693/394 4003/2693/394 4004/2693/394 4005/2693/394 4006/2693/394 4007/2693/394 4008/2693/394 4009/2693/394 4010/2693/394 4011/2693/394 4012/2693/394 4013/2693/394 4014/2693/394 4015/2693/394 4016/2693/394 4017/2693/394 4018/2693/394 4019/2693/394 4020/2693/394 4021/2693/394 4022/2693/394 4024/2693/394 4026/2693/394 4028/2693/394 4030/2693/394 4031/2693/394 4032/2693/394 4033/2693/394 4034/2693/394 4035/2693/394 4036/2693/394 4037/2693/394 4038/2693/394 4039/2693/394 3994/2693/394 3993/2693/394 3995/2693/394 3996/2693/394 3997/2693/394 3998/2693/394 4000/2693/394
f 4022/2693/394 4023/2693/394 4093/2693/394 4094/2693/394 4095/2693/394 4096/2693/394 4097/2693/394 4098/2693/394 4099/2693/394 4100/2693/394 4101/2693/394 4001/2693/394 4000/2693/394 3998/2693/394 3999/2693/394 4091/2693/394 4090/2693/394 4082/2693/394 4081/2693/394 4083/2693/394 4084/2693/394 4085/2693/394 4086/2693/394 4087/2693/394 4088/2693/394 4025/2693/394 4024/2693/394
f 4185/2693/395 4183/2693/395 4181/2693/395 4180/2693/395 4179/2693/395 4178/2693/395 4177/2693/395 4176/2693/395 4175/2693/395 4174/2693/395 4173/2693/395 4172/2693/395 4171/2693/395 4169/2693/395 4167/2693/395 4166/2693/395 4165/2693/395 4164/2693/395 4163/2693/395 4162/2693/395 4161/2693/395 4160/2693/395 4157/2693/395 4158/2693/395 4217/2693/395 4216/2693/395 4215/2693/395 4214/2693/395 4213/2693/395 4212/2693/395 4211/2693/395 4210/2693/395 4209/2693/395 4208/2693/395 4207/2693/395 4206/2693/395 4205/2693/395 4203/2693/395 4201/2693/395 4200/2693/395 4199/2693/395 4198/2693/395 4197/2693/395 4196/2693/395 4195/2693/395 4194/2693/395 4193/2693/395 4192/2693/395 4191/2693/395 4190/2693/395 4189/2693/395 4188/2693/395 4187/2693/395 4186/2693/395
f 4243/2693/395 4241/2693/395 4240/2693/395 4239/2693/395 4238/2693/395 4237/2693/395 4236/2693/395 4235/2693/395 4202/2693/395 4201/2693/395 4203/2693/395 4204/2693/395 4218/2693/395 4219/2693/395 4220/2693/395 4221/2693/395 4222/2693/395 4223/2693/395 4224/2693/395 4225/2693/395 4226/2693/395 4227/2693/395 4228/2693/395 4229/2693/395 4230/2693/395 4231/2693/395 4232/2693/395 4233/2693/395 4234/2693/395 4158/2693/395 4157/2693/395 4159/2693/395 4419/2693/395 4416/2693/395 4409/2693/395 4408/2693/395 4407/2693/395 4406/2693/395 4405/2693/395 4404/2693/395 4403/2693/395 4402/2693/395 4401/2693/395 4400/2693/395 4399/2693/395 4398/2693/395 4397/2693/395 4396/2693/395 4395/2693/395 4394/2693/395 4393/2693/395 4392/2693/395 4391/2693/395 4390/2693/395 4389/2693/395 4388/2693/395 4387/2693/395 4386/2693/395 4354/2693/395 4353/2693/395 4355/2693/395 4356/2693/395 4367/2693/395 4368/2693/395 4369/2693/395 4370/2693/395 4371/2693/395 4372/2693/395 4373/2693/395 4374/2693/395 4375/2693/395 4376/2693/395 4377/2693/395 4378/2693/395 4379/2693/395 4380/2693/395 4381/2693/395 4382/2693/395 4383/2693/395 4384/2693/395 4385/2693/395 4321/2693/395 4320/2693/395 4319/2693/395 4318/2693/395 4317/2693/395 4315/2693/395 4313/2693/395 4312/2693/395 4311/2693/395 4310/2693/395 4309/2693/395 4308/2693/395 4307/2693/395 4306/2693/395 4305/2693/395 4304/2693/395 4303/2693/395 4302/2693/395 4301/2693/395 4300/2693/395 4299/2693/395 4298/2693/395 4297/2693/395 4296/2693/395 4295/2693/395 4294/2693/395 4293/2693/395 4291/2693/395 4289/2693/395 4288/2693/395 4287/2693/395 4286/2693/395 4285/2693/395 4284/2693/395 4283/2693/395 4282/2693/395 4182/2693/395 4184/2693/395 4281/2693/395 4280/2693/395 4279/2693/395 4278/2693/395 4277/2693/395 4242/2693/395 4276/2693/395 4275/2693/395 4274/2693/395 4273/2693/395 4272/2693/395 4271/2693/395 4270/2693/395 4269/2693/395 4268/2693/395 4267/2693/395 4266/2693/395 4265/2693/395 4264/2693/395 4263/2693/395 4262/2693/395 4261/2693/395 4260/2693/395 4259/2693/395 4258/2693/395 4257/2693/395 4256/2693/395 4255/2693/395 4254/2693/395 4253/2693/395 4252/2693/395 4251/2693/395 4250/2693/395 4249/2693/395 4248/2693/395 4247/2693/395 4246/2693/395 4245/2693/395
f 4436/2693/395 4432/2693/395 4431/2693/395 4433/2693/395 4434/2693/395 4168/2693/395 4167/2693/395 4169/2693/395 4170/2693/395 4483/2693/395 4482/2693/395 4481/2693/395 4480/2693/395 4479/2693/395 4478/2693/395 4477/2693/395 4476/2693/395 4475/2693/395 4290/2693/395 4289/2693/395 4291/2693/395 4292/2693/395 4460/2693/395 4458/2693/395 4456/2693/395 4455/2693/395 4454/2693/395 4453/2693/395 4452/2693/395 4451/2693/395 4450/2693/395 4449/2693/395 4448/2693/395 4447/2693/395 4446/2693/395 4445/2693/395 4444/2693/395 4443/2693/395 4442/2693/395 4441/2693/395 4440/2693/395 4439/2693/395 4438/2693/395 4437/2693/395
f 4184/2693/395 4182/2693/395 4181/2693/395 4183/2693/395
f 4276/2693/395 4242/2693/395 4241/2693/395 4243/2693/395 4244/2693/395
f 4314/2693/395 4313/2693/395 4315/2693/395 4316/2693/395 4429/2693/395 4430/2693/395 4431/2693/395 4432/2693/395 4435/2693/395 4474/2693/395 4473/2693/395 4472/2693/395 4471/2693/395 4470/2693/395 4469/2693/395 4468/2693/395 4467/2693/395 4466/2693/395 4457/2693/395 4456/2693/395 4458/2693/395 4459/2693/395 4461/2693/395 4462/2693/395 4463/2693/395 4464/2693/395 4465/2693/395
f 4329/2693/395 4327/2693/395 4325/2693/395 4324/2693/395 4323/2693/395 4322/2693/395 4320/2693/395 4321/2693/395 4366/2693/395 4365/2693/395 4364/2693/395 4363/2693/395 4362/2693/395 4361/2693/395 4360/2693/395 4359/2693/395 4358/2693/395 4357/2693/395 4355/2693/395 4353/2693/395 4351/2693/395 4349/2693/395 4348/2693/395 4347/2693/395 4346/2693/395 4345/2693/395 4344/2693/395 4343/2693/395 4342/2693/395 4341/2693/395 4340/2693/395 4339/2693/395 4338/2693/395 4337/2693/395 4336/2693/395 4335/2693/395 4334/2693/395 4333/2693/395 4332/2693/395 4331/2693/395 4330/2693/395
f 4349/2693/395 4351/2693/395 4352/2693/395 4415/2693/395 4414/2693/395 4413/2693/395 4412/2693/395 4411/2693/395 4410/2693/395 4408/2693/395 4409/2693/395 4417/2693/395 4418/2693/395 4326/2693/395 4325/2693/395 4327/2693/395 4328/2693/395 4428/2693/395 4427/2693/395 4426/2693/395 4425/2693/395 4424/2693/395 4423/2693/395 4422/2693/395 4421/2693/395 4420/2693/395 4350/2693/395
f 4136/2693/396 4137/2693/396 4464/2693/396 4463/2693/396
f 4029/2693/397 4040/2693/397 4367/2693/397 4356/2693/397
f 3941/2693/396 3940/2693/396 4267/2693/396 4268/2693/396
f 3839/2960/398 3838/2961/398 4165/2962/398 4166/2963/398
f 4137/2693/399 4138/2693/399 4465/2693/399 4464/2693/399
f 4040/2693/400 4041/2693/400 4368/2693/400 4367/2693/400
f 3942/2693/401 3941/2693/401 4268/2693/401 4269/2693/401
f 3840/2964/402 3839/2960/402 4166/2963/402 4167/2965/402
f 4138/2693/403 3987/2693/403 4314/2693/403 4465/2693/403
f 4041/2693/404 4042/2693/404 4369/2693/404 4368/2693/404
f 3943/2693/405 3942/2693/405 4269/2693/405 4270/2693/405
f 3841/2966/406 3840/2964/406 4167/2965/406 4168/2967/406
f 4139/2693/407 4130/2693/407 4457/2693/407 4466/2693/407
f 4042/2693/408 4043/2693/408 4370/2693/408 4369/2693/408
f 3944/2693/409 3943/2693/409 4270/2693/409 4271/2693/409
f 4140/2693/410 4139/2693/410 4466/2693/410 4467/2693/410
f 4043/2693/411 4044/2693/411 4371/2693/411 4370/2693/411
f 3945/2693/412 3944/2693/412 4271/2693/412 4272/2693/412
f 3842/2693/409 3843/2693/409 4170/2693/409 4169/2693/409
f 4141/2693/413 4140/2693/413 4467/2693/413 4468/2693/413
f 4044/2693/414 4045/2693/414 4372/2693/414 4371/2693/414
f 3946/2693/415 3945/2693/415 4272/2693/415 4273/2693/415
f 3844/2693/412 3842/2693/412 4169/2693/412 4171/2693/412
f 4142/2693/416 4141/2693/416 4468/2693/416 4469/2693/416
f 4045/2693/415 4046/2693/415 4373/2693/415 4372/2693/415
f 3947/2693/414 3946/2693/414 4273/2693/414 4274/2693/414
f 3845/2693/415 3844/2693/415 4171/2693/415 4172/2693/415
f 4143/2693/417 4142/2693/417 4469/2693/417 4470/2693/417
f 4046/2693/412 4047/2693/412 4374/2693/412 4373/2693/412
f 3948/2693/411 3947/2693/411 4274/2693/411 4275/2693/411
f 3846/2693/414 3845/2693/414 4172/2693/414 4173/2693/414
f 4144/2693/418 4143/2693/418 4470/2693/418 4471/2693/418
f 4047/2693/409 4048/2693/409 4375/2693/409 4374/2693/409
f 3949/2693/408 3948/2693/408 4275/2693/408 4276/2693/408
f 3847/2693/411 3846/2693/411 4173/2693/411 4174/2693/411
f 4145/2693/419 4144/2693/419 4471/2693/419 4472/2693/419
f 4048/2693/405 4049/2693/405 4376/2693/405 4375/2693/405
f 3917/2693/408 3949/2693/408 4276/2693/408 4244/2693/408
f 3848/2693/408 3847/2693/408 4174/2693/408 4175/2693/408
f 4146/2693/420 4145/2693/420 4472/2693/420 4473/2693/420
f 4049/2693/401 4050/2693/401 4377/2693/401 4376/2693/401
f 3849/2693/404 3848/2693/404 4175/2693/404 4176/2693/404
f 4147/2693/403 4146/2693/403 4473/2693/403 4474/2693/403
f 4050/2693/396 4051/2693/396 4378/2693/396 4377/2693/396
f 3950/2693/413 3915/2693/413 4242/2693/413 4277/2693/413
f 3850/2693/400 3849/2693/400 4176/2693/400 4177/2693/400
f 4108/2693/399 4147/2693/399 4474/2693/399 4435/2693/399
f 4051/2693/399 4052/2693/399 4379/2693/399 4378/2693/399
f 3951/2693/416 3950/2693/416 4277/2693/416 4278/2693/416
f 3851/2693/397 3850/2693/397 4177/2693/397 4178/2693/397
f 4148/2693/416 3963/2693/416 4290/2693/416 4475/2693/416
f 4052/2693/403 4053/2693/403 4380/2693/403 4379/2693/403
f 3952/2693/417 3951/2693/417 4278/2693/417 4279/2693/417
f 3852/2968/421 3851/2969/421 4178/2970/421 4179/2971/421
f 4149/2693/417 4148/2693/417 4475/2693/417 4476/2693/417
f 4053/2693/420 4054/2693/420 4381/2693/420 4380/2693/420
f 3953/2693/418 3952/2693/418 4279/2693/418 4280/2693/418
f 3853/2972/422 3852/2968/422 4179/2971/422 4180/2973/422
f 4150/2693/418 4149/2693/418 4476/2693/418 4477/2693/418
f 4054/2693/419 4055/2693/419 4382/2693/419 4381/2693/419
f 3954/2693/419 3953/2693/419 4280/2693/419 4281/2693/419
f 3854/2693/423 3853/2693/423 4180/2693/423 4181/2693/423
f 4151/2693/419 4150/2693/419 4477/2693/419 4478/2693/419
f 4055/2693/418 4056/2693/418 4383/2693/418 4382/2693/418
f 3857/2693/420 3954/2693/420 4281/2693/420 4184/2693/420
f 3855/2693/424 3854/2693/424 4181/2693/424 4182/2693/424
f 4152/2693/420 4151/2693/420 4478/2693/420 4479/2693/420
f 4056/2693/417 4057/2693/417 4384/2693/417 4383/2693/417
f 4153/2693/403 4152/2693/403 4479/2693/403 4480/2693/403
f 4057/2693/416 4058/2693/416 4385/2693/416 4384/2693/416
f 3955/2693/425 3855/2693/425 4182/2693/425 4282/2693/425
f 3856/2693/403 3857/2693/403 4184/2693/403 4183/2693/403
f 4154/2693/399 4153/2693/399 4480/2693/399 4481/2693/399
f 4058/2693/413 3994/2693/413 4321/2693/413 4385/2693/413
f 3956/2693/426 3955/2693/426 4282/2693/426 4283/2693/426
f 3858/2693/403 3856/2693/403 4183/2693/403 4185/2693/403
f 4155/2693/396 4154/2693/396 4481/2693/396 4482/2693/396
f 4059/2693/416 4027/2693/416 4354/2693/416 4386/2693/416
f 3957/2693/427 3956/2693/427 4283/2693/427 4284/2693/427
f 3859/2693/399 3858/2693/399 4185/2693/399 4186/2693/399
f 4156/2693/401 4155/2693/401 4482/2693/401 4483/2693/401
f 4060/2693/417 4059/2693/417 4386/2693/417 4387/2693/417
f 3958/2693/406 3957/2693/406 4284/2693/406 4285/2693/406
f 3860/2693/396 3859/2693/396 4186/2693/396 4187/2693/396
f 3843/2693/405 4156/2693/405 4483/2693/405 4170/2693/405
f 4061/2693/418 4060/2693/418 4387/2693/418 4388/2693/418
f 3959/2693/402 3958/2693/402 4285/2693/402 4286/2693/402
f 3861/2974/401 3860/2975/401 4187/2976/401 4188/2977/401
f 4062/2693/419 4061/2693/419 4388/2693/419 4389/2693/419
f 3960/2693/398 3959/2693/398 4286/2693/398 4287/2693/398
f 3862/2693/405 3861/2693/405 4188/2693/405 4189/2693/405
f 4063/2693/420 4062/2693/420 4389/2693/420 4390/2693/420
f 3961/2693/407 3960/2693/407 4287/2693/407 4288/2693/407
f 3863/2693/409 3862/2693/409 4189/2693/409 4190/2693/409
f 4064/2693/403 4063/2693/403 4390/2693/403 4391/2693/403
f 3962/2693/410 3961/2693/410 4288/2693/410 4289/2693/410
f 3864/2978/412 3863/2979/412 4190/2980/412 4191/2981/412
f 4065/2693/399 4064/2693/399 4391/2693/399 4392/2693/399
f 3963/2693/413 3962/2693/413 4289/2693/413 4290/2693/413
f 3865/2982/415 3864/2978/415 4191/2981/415 4192/2983/415
f 4066/2693/396 4065/2693/396 4392/2693/396 4393/2693/396
f 3866/2984/414 3865/2982/414 4192/2983/414 4193/2985/414
f 4067/2693/401 4066/2693/401 4393/2693/401 4394/2693/401
f 3964/2693/411 3965/2693/411 4292/2693/411 4291/2693/411
f 3867/2693/411 3866/2693/411 4193/2693/411 4194/2693/411
f 4068/2693/405 4067/2693/405 4394/2693/405 4395/2693/405
f 3966/2693/408 3964/2693/408 4291/2693/408 4293/2693/408
f 3868/2693/408 3867/2693/408 4194/2693/408 4195/2693/408
f 4069/2693/409 4068/2693/409 4395/2693/409 4396/2693/409
f 3967/2693/404 3966/2693/404 4293/2693/404 4294/2693/404
f 3869/2986/404 3868/2987/404 4195/2988/404 4196/2989/404
f 4070/2693/412 4069/2693/412 4396/2693/412 4397/2693/412
f 3968/2693/400 3967/2693/400 4294/2693/400 4295/2693/400
f 3870/2990/400 3869/2986/400 4196/2989/400 4197/2991/400
f 4071/2693/415 4070/2693/415 4397/2693/415 4398/2693/415
f 3969/2693/397 3968/2693/397 4295/2693/397 4296/2693/397
f 3871/2992/397 3870/2990/397 4197/2991/397 4198/2993/397
f 4072/2693/414 4071/2693/414 4398/2693/414 4399/2693/414
f 3970/2693/421 3969/2693/421 4296/2693/421 4297/2693/421
f 3872/2693/421 3871/2693/421 4198/2693/421 4199/2693/421
f 4073/2693/411 4072/2693/411 4399/2693/411 4400/2693/411
f 3971/2693/422 3970/2693/422 4297/2693/422 4298/2693/422
f 3873/2693/422 3872/2693/422 4199/2693/422 4200/2693/422
f 4074/2693/408 4073/2693/408 4400/2693/408 4401/2693/408
f 3972/2693/423 3971/2693/423 4298/2693/423 4299/2693/423
f 3874/2693/423 3873/2693/423 4200/2693/423 4201/2693/423
f 4075/2693/404 4074/2693/404 4401/2693/404 4402/2693/404
f 3973/2693/424 3972/2693/424 4299/2693/424 4300/2693/424
f 3875/2693/424 3874/2693/424 4201/2693/424 4202/2693/424
f 4076/2693/400 4075/2693/400 4402/2693/400 4403/2693/400
f 3974/2693/425 3973/2693/425 4300/2693/425 4301/2693/425
f 4077/2693/397 4076/2693/397 4403/2693/397 4404/2693/397
f 3975/2693/426 3974/2693/426 4301/2693/426 4302/2693/426
f 3876/2693/403 3877/2693/403 4204/2693/403 4203/2693/403
f 4078/2994/421 4077/2995/421 4404/2996/421 4405/2997/421
f 3976/2693/427 3975/2693/427 4302/2693/427 4303/2693/427
f 3878/2693/403 3876/2693/403 4203/2693/403 4205/2693/403
f 4079/2693/422 4078/2693/422 4405/2693/422 4406/2693/422
f 3977/2693/406 3976/2693/406 4303/2693/406 4304/2693/406
f 3879/2693/399 3878/2693/399 4205/2693/399 4206/2693/399
f 4080/2693/423 4079/2693/423 4406/2693/423 4407/2693/423
f 3978/2693/402 3977/2693/402 4304/2693/402 4305/2693/402
f 3880/2693/396 3879/2693/396 4206/2693/396 4207/2693/396
f 4081/2998/424 4080/2999/424 4407/3000/424 4408/3001/424
f 3979/2693/398 3978/2693/398 4305/2693/398 4306/2693/398
f 3881/2693/401 3880/2693/401 4207/2693/401 4208/2693/401
f 3980/2693/407 3979/2693/407 4306/2693/407 4307/2693/407
f 3882/2693/405 3881/2693/405 4208/2693/405 4209/2693/405
f 4083/3002/425 4081/2998/425 4408/3001/425 4410/3003/425
f 3981/2693/410 3980/2693/410 4307/2693/410 4308/2693/410
f 3883/3004/409 3882/3005/409 4209/3006/409 4210/3007/409
f 4084/2693/426 4083/2693/426 4410/2693/426 4411/2693/426
f 3982/2693/413 3981/2693/413 4308/2693/413 4309/2693/413
f 3884/2693/412 3883/2693/412 4210/2693/412 4211/2693/412
f 4085/2693/427 4084/2693/427 4411/2693/427 4412/2693/427
f 3983/2693/416 3982/2693/416 4309/2693/416 4310/2693/416
f 3885/2693/415 3884/2693/415 4211/2693/415 4212/2693/415
f 4086/3008/406 4085/3009/406 4412/3010/406 4413/3011/406
f 3984/2693/417 3983/2693/417 4310/2693/417 4311/2693/417
f 3886/2693/414 3885/2693/414 4212/2693/414 4213/2693/414
f 4087/2899/402 4086/3008/402 4413/3011/402 4414/2900/402
f 3985/2693/418 3984/2693/418 4311/2693/418 4312/2693/418
f 3887/2693/411 3886/2693/411 4213/2693/411 4214/2693/411
f 4088/2693/398 4087/2693/398 4414/2693/398 4415/2693/398
f 3986/2693/419 3985/2693/419 4312/2693/419 4313/2693/419
f 3888/2693/408 3887/2693/408 4214/2693/408 4215/2693/408
f 4025/2693/407 4088/2693/407 4415/2693/407 4352/2693/407
f 3987/2693/420 3986/2693/420 4313/2693/420 4314/2693/420
f 3889/2693/404 3888/2693/404 4215/2693/404 4216/2693/404
f 4089/3012/399 4082/3013/399 4409/3014/399 4416/3015/399
f 3890/2693/400 3889/2693/400 4216/2693/400 4217/2693/400
f 4082/3016/396 4090/3017/396 4417/3018/396 4409/3019/396
f 3988/3020/421 3989/3021/421 4316/3022/421 4315/3023/421
f 3831/3024/397 3890/3025/397 4217/3026/397 4158/3027/397
f 4090/3017/401 4091/3028/401 4418/3029/401 4417/3018/401
f 3990/3030/397 3988/3020/397 4315/3023/397 4317/3031/397
f 3877/2693/420 3891/2693/420 4218/2693/420 4204/2693/420
f 4091/3028/405 3999/3032/405 4326/3033/405 4418/3029/405
f 3991/3034/400 3990/3030/400 4317/3031/400 4318/3035/400
f 3891/2693/419 3892/2693/419 4219/2693/419 4218/2693/419
f 4092/3036/403 4089/3012/403 4416/3015/403 4419/3037/403
f 3992/3038/404 3991/3034/404 4318/3035/404 4319/3039/404
f 3892/2693/418 3893/2693/418 4220/2693/418 4219/2693/418
f 3832/3040/420 4092/3036/420 4419/3037/420 4159/3041/420
f 3993/2958/408 3992/3038/408 4319/3039/408 4320/2959/408
f 3893/2693/417 3894/2693/417 4221/2693/417 4220/2693/417
f 4093/2693/404 4023/2693/404 4350/2693/404 4420/2693/404
f 3894/2693/416 3895/2693/416 4222/2693/416 4221/2693/416
f 4094/2693/400 4093/2693/400 4420/2693/400 4421/2693/400
f 3995/3042/411 3993/3043/411 4320/3044/411 4322/3045/411
f 3895/2693/413 3896/2693/413 4223/2693/413 4222/2693/413
f 4095/2693/397 4094/2693/397 4421/2693/397 4422/2693/397
f 3996/3046/414 3995/3042/414 4322/3045/414 4323/3047/414
f 3896/2693/410 3897/2693/410 4224/2693/410 4223/2693/410
f 4096/2693/421 4095/2693/421 4422/2693/421 4423/2693/421
f 3997/3048/415 3996/3046/415 4323/3047/415 4324/3049/415
f 3897/2693/407 3898/2693/407 4225/2693/407 4224/2693/407
f 4097/2693/422 4096/2693/422 4423/2693/422 4424/2693/422
f 3998/3050/412 3997/3048/412 4324/3049/412 4325/3051/412
f 3898/2693/398 3899/2693/398 4226/2693/398 4225/2693/398
f 4098/2693/423 4097/2693/423 4424/2693/423 4425/2693/423
f 3999/3032/409 3998/3050/409 4325/3051/409 4326/3033/409
f 3899/2693/402 3900/2693/402 4227/2693/402 4226/2693/402
f 4099/2693/424 4098/2693/424 4425/2693/424 4426/2693/424
f 3900/2693/406 3901/2693/406 4228/2693/406 4227/2693/406
f 4100/2693/425 4099/2693/425 4426/2693/425 4427/2693/425
f 4000/2693/406 4001/2693/406 4328/2693/406 4327/2693/406
f 3901/2693/427 3902/2693/427 4229/2693/427 4228/2693/427
f 4101/3052/426 4100/3053/426 4427/3054/426 4428/3055/426
f 4002/2693/402 4000/2693/402 4327/2693/402 4329/2693/402
f 3902/3056/426 3903/3057/426 4230/3058/426 4229/3059/426
f 4001/3060/427 4101/3052/427 4428/3055/427 4328/3061/427
f 4003/2693/398 4002/2693/398 4329/2693/398 4330/2693/398
f 3903/3057/425 3904/3062/425 4231/3063/425 4230/3058/425
f 3989/3021/422 4102/3064/422 4429/3065/422 4316/3022/422
f 4004/3066/407 4003/3067/407 4330/3068/407 4331/3069/407
f 3904/3062/424 3905/3070/424 4232/3071/424 4231/3063/424
f 4102/3064/423 4103/3072/423 4430/3073/423 4429/3065/423
f 4005/3074/410 4004/3075/410 4331/3076/410 4332/3077/410
f 3905/3078/423 3906/3079/423 4233/3080/423 4232/3081/423
f 4103/3082/424 4104/3083/424 4431/3084/424 4430/3085/424
f 4006/3086/413 4005/3074/413 4332/3077/413 4333/3087/413
f 3906/3079/422 3907/3088/422 4234/3089/422 4233/3080/422
f 4007/3090/416 4006/3086/416 4333/3087/416 4334/3091/416
f 3907/3088/421 3831/3024/421 4158/3027/421 4234/3089/421
f 4104/3083/425 4106/3092/425 4433/3093/425 4431/3084/425
f 4008/2693/417 4007/2693/417 4334/2693/417 4335/2693/417
f 3908/2693/425 3875/2693/425 4202/2693/425 4235/2693/425
f 4106/3092/426 4107/3094/426 4434/3095/426 4433/3093/426
f 4009/2693/418 4008/2693/418 4335/2693/418 4336/2693/418
f 3909/2693/426 3908/2693/426 4235/2693/426 4236/2693/426
f 4107/3094/427 3841/2966/427 4168/2967/427 4434/3095/427
f 4010/2693/419 4009/2693/419 4336/2693/419 4337/2693/419
f 3910/2693/427 3909/2693/427 4236/2693/427 4237/2693/427
f 4105/2693/396 4108/2693/396 4435/2693/396 4432/2693/396
f 4011/2693/420 4010/2693/420 4337/2693/420 4338/2693/420
f 3911/2693/406 3910/2693/406 4237/2693/406 4238/2693/406
f 4109/2693/401 4105/2693/401 4432/2693/401 4436/2693/401
f 4012/2693/403 4011/2693/403 4338/2693/403 4339/2693/403
f 3912/2693/402 3911/2693/402 4238/2693/402 4239/2693/402
f 4110/2693/405 4109/2693/405 4436/2693/405 4437/2693/405
f 4013/2693/399 4012/2693/399 4339/2693/399 4340/2693/399
f 3913/2693/398 3912/2693/398 4239/2693/398 4240/2693/398
f 4111/2693/409 4110/2693/409 4437/2693/409 4438/2693/409
f 4014/2693/396 4013/2693/396 4340/2693/396 4341/2693/396
f 3914/2693/407 3913/2693/407 4240/2693/407 4241/2693/407
f 4112/3096/412 4111/3097/412 4438/3098/412 4439/3099/412
f 4015/2693/401 4014/2693/401 4341/2693/401 4342/2693/401
f 3915/2693/410 3914/2693/410 4241/2693/410 4242/2693/410
f 4113/2693/415 4112/2693/415 4439/2693/415 4440/2693/415
f 4016/2693/405 4015/2693/405 4342/2693/405 4343/2693/405
f 4114/2693/414 4113/2693/414 4440/2693/414 4441/2693/414
f 4017/2693/409 4016/2693/409 4343/2693/409 4344/2693/409
f 3916/2693/404 3917/2693/404 4244/2693/404 4243/2693/404
f 4115/2693/411 4114/2693/411 4441/2693/411 4442/2693/411
f 4018/2693/412 4017/2693/412 4344/2693/412 4345/2693/412
f 3918/2693/404 3916/2693/404 4243/2693/404 4245/2693/404
f 4116/2693/408 4115/2693/408 4442/2693/408 4443/2693/408
f 4019/2693/415 4018/2693/415 4345/2693/415 4346/2693/415
f 3919/2693/400 3918/2693/400 4245/2693/400 4246/2693/400
f 4117/2693/404 4116/2693/404 4443/2693/404 4444/2693/404
f 4020/2693/414 4019/2693/414 4346/2693/414 4347/2693/414
f 3920/2693/397 3919/2693/397 4246/2693/397 4247/2693/397
f 4118/2693/400 4117/2693/400 4444/2693/400 4445/2693/400
f 4021/2693/411 4020/2693/411 4347/2693/411 4348/2693/411
f 3921/2693/421 3920/2693/421 4247/2693/421 4248/2693/421
f 4119/2693/397 4118/2693/397 4445/2693/397 4446/2693/397
f 4022/2693/408 4021/2693/408 4348/2693/408 4349/2693/408
f 3922/2693/422 3921/2693/422 4248/2693/422 4249/2693/422
f 4120/2693/421 4119/2693/421 4446/2693/421 4447/2693/421
f 4023/2693/408 4022/2693/408 4349/2693/408 4350/2693/408
f 3923/2693/423 3922/2693/423 4249/2693/423 4250/2693/423
f 4121/2693/422 4120/2693/422 4447/2693/422 4448/2693/422
f 3924/2693/424 3923/2693/424 4250/2693/424 4251/2693/424
f 4122/2693/423 4121/2693/423 4448/2693/423 4449/2693/423
f 4024/2693/410 4025/2693/410 4352/2693/410 4351/2693/410
f 3925/2693/425 3924/2693/425 4251/2693/425 4252/2693/425
f 4123/2693/424 4122/2693/424 4449/2693/424 4450/2693/424
f 4026/2693/413 4024/2693/413 4351/2693/413 4353/2693/413
f 3926/2693/426 3925/2693/426 4252/2693/426 4253/2693/426
f 4124/2693/425 4123/2693/425 4450/2693/425 4451/2693/425
f 4027/2693/413 4026/2693/413 4353/2693/413 4354/2693/413
f 3927/2693/427 3926/2693/427 4253/2693/427 4254/2693/427
f 4125/2693/426 4124/2693/426 4451/2693/426 4452/2693/426
f 3928/2693/406 3927/2693/406 4254/2693/406 4255/2693/406
f 4126/2693/427 4125/2693/427 4452/2693/427 4453/2693/427
f 4028/2693/421 4029/2693/421 4356/2693/421 4355/2693/421
f 3929/2693/402 3928/2693/402 4255/2693/402 4256/2693/402
f 4127/2693/406 4126/2693/406 4453/2693/406 4454/2693/406
f 4030/2693/422 4028/2693/422 4355/2693/422 4357/2693/422
f 3930/2693/398 3929/2693/398 4256/2693/398 4257/2693/398
f 4128/2693/402 4127/2693/402 4454/2693/402 4455/2693/402
f 4031/2693/423 4030/2693/423 4357/2693/423 4358/2693/423
f 3931/2693/407 3930/2693/407 4257/2693/407 4258/2693/407
f 4129/2693/398 4128/2693/398 4455/2693/398 4456/2693/398
f 4032/2693/424 4031/2693/424 4358/2693/424 4359/2693/424
f 3932/2693/410 3931/2693/410 4258/2693/410 4259/2693/410
f 4130/2693/398 4129/2693/398 4456/2693/398 4457/2693/398
f 4033/2693/425 4032/2693/425 4359/2693/425 4360/2693/425
f 3933/2693/413 3932/2693/413 4259/2693/413 4260/2693/413
f 4034/2693/426 4033/2693/426 4360/2693/426 4361/2693/426
f 3934/2693/416 3933/2693/416 4260/2693/416 4261/2693/416
f 3830/3100/419 3832/3040/419 4159/3041/419 4157/3101/419
f 4131/2693/412 4132/2693/412 4459/2693/412 4458/2693/412
f 4035/2693/427 4034/2693/427 4361/2693/427 4362/2693/427
f 3935/2693/417 3934/2693/417 4261/2693/417 4262/2693/417
f 3833/3102/418 3830/3100/418 4157/3101/418 4160/3103/418
f 4133/2693/415 4131/2693/415 4458/2693/415 4460/2693/415
f 4036/2693/406 4035/2693/406 4362/2693/406 4363/2693/406
f 3936/2693/418 3935/2693/418 4262/2693/418 4263/2693/418
f 3834/3104/417 3833/3102/417 4160/3103/417 4161/3105/417
f 3965/2693/414 4133/2693/414 4460/2693/414 4292/2693/414
f 4037/3106/402 4036/3107/402 4363/3108/402 4364/3109/402
f 3937/2693/419 3936/2693/419 4263/2693/419 4264/2693/419
f 3835/3110/416 3834/3104/416 4161/3105/416 4162/3111/416
f 4132/2693/409 4134/2693/409 4461/2693/409 4459/2693/409
f 4038/3112/398 4037/3106/398 4364/3109/398 4365/3113/398
f 3938/2693/420 3937/2693/420 4264/2693/420 4265/2693/420
f 3836/3114/413 3835/3110/413 4162/3111/413 4163/3115/413
f 4134/2693/405 4135/2693/405 4462/2693/405 4461/2693/405
f 4039/2693/407 4038/2693/407 4365/2693/407 4366/2693/407
f 3939/2693/403 3938/2693/403 4265/2693/403 4266/2693/403
f 3837/3116/410 3836/3114/410 4163/3115/410 4164/3117/410
f 4135/2693/401 4136/2693/401 4463/2693/401 4462/2693/401
f 3994/2693/410 4039/2693/410 4366/2693/410 4321/2693/410
f 3940/2693/399 3939/2693/399 4266/2693/399 4267/2693/399
f 3838/2961/407 3837/3118/407 4164/3119/407 4165/2962/407
o Cylinder.013
v 0.511507 0.501573 -2.660519
v 0.511507 0.501573 -1.905301
v 0.504251 0.427905 -2.660519
v 0.504251 0.427905 -1.905301
v 0.482763 0.357068 -2.660519
v 0.482763 0.357068 -1.905301
v 0.447868 0.291785 -2.660519
v 0.447868 0.291785 -1.905301
v 0.400908 0.234563 -2.660519
v 0.400908 0.234563 -1.905301
v 0.343686 0.187603 -2.660519
v 0.343686 0.187603 -1.905301
v 0.278403 0.152708 -2.660519
v 0.278403 0.152708 -1.905301
v 0.207566 0.131220 -2.660519
v 0.207566 0.131220 -1.905301
v 0.133898 0.123964 -2.660519
v 0.133898 0.123964 -1.905301
v 0.060230 0.131220 -2.660519
v 0.060230 0.131220 -1.905301
v -0.010607 0.152708 -2.660519
v -0.010607 0.152708 -1.905301
v -0.075890 0.187603 -2.660519
v -0.075890 0.187603 -1.905301
v -0.133112 0.234563 -2.660519
v -0.133112 0.234563 -1.905301
v -0.180072 0.291785 -2.660519
v -0.180072 0.291785 -1.905301
v -0.214967 0.357068 -2.660519
v -0.214967 0.357068 -1.905301
v -0.236455 0.427905 -2.660519
v -0.236455 0.427905 -1.905301
v -0.243711 0.501573 -2.660519
v -0.243711 0.501573 -1.905301
v -0.236455 0.575241 -2.660519
v -0.236455 0.575241 -1.905301
v -0.214967 0.646078 -2.660519
v -0.214967 0.646078 -1.905301
v -0.180072 0.711361 -2.660519
v -0.180072 0.711361 -1.905301
v -0.133112 0.768583 -2.660519
v -0.133112 0.768583 -1.905301
v -0.075890 0.815543 -2.660519
v -0.075890 0.815543 -1.905301
v -0.010607 0.850438 -2.660519
v -0.010607 0.850438 -1.905301
v 0.060230 0.871926 -2.660519
v 0.060230 0.871926 -1.905301
v 0.133898 0.879182 -2.660519
v 0.133898 0.879182 -1.905301
v 0.207566 0.871926 -2.660519
v 0.207566 0.871926 -1.905301
v 0.278403 0.850438 -2.660519
v 0.278403 0.850438 -1.905301
v 0.343686 0.815543 -2.660519
v 0.343686 0.815543 -1.905301
v 0.400908 0.768583 -2.660519
v 0.400908 0.768583 -1.905301
v 0.447868 0.711361 -2.660519
v 0.447868 0.711361 -1.905301
v 0.482763 0.646078 -2.660519
v 0.482763 0.646078 -1.905301
v 0.504251 0.575241 -2.660519
v 0.504251 0.575241 -1.905301
v 0.390563 0.501573 -1.738298
v 0.385631 0.451500 -1.738298
v 0.371025 0.403352 -1.738298
v 0.347307 0.358978 -1.738298
v 0.315387 0.320084 -1.738298
v 0.276493 0.288164 -1.738298
v 0.232119 0.264446 -1.738298
v 0.183971 0.249840 -1.738298
v 0.133898 0.244908 -1.738298
v 0.083825 0.249840 -1.738298
v 0.035677 0.264446 -1.738298
v -0.008697 0.288164 -1.738298
v -0.047592 0.320084 -1.738298
v -0.079511 0.358978 -1.738298
v -0.103229 0.403352 -1.738298
v -0.117835 0.451500 -1.738298
v -0.122767 0.501573 -1.738298
v -0.117835 0.551646 -1.738298
v -0.103229 0.599794 -1.738298
v -0.079511 0.644168 -1.738298
v -0.047592 0.683063 -1.738298
v -0.008697 0.714982 -1.738298
v 0.035677 0.738701 -1.738298
v 0.083825 0.753306 -1.738298
v 0.133898 0.758238 -1.738298
v 0.183971 0.753306 -1.738298
v 0.232119 0.738701 -1.738298
v 0.276493 0.714982 -1.738298
v 0.315387 0.683063 -1.738298
v 0.347307 0.644168 -1.738298
v 0.371025 0.599794 -1.738298
v 0.385631 0.551646 -1.738298
v 0.277678 0.501573 -1.649594
v 0.274915 0.473523 -1.649594
v 0.266733 0.446551 -1.649594
v 0.253447 0.421693 -1.649594
v 0.235566 0.399905 -1.649594
v 0.213778 0.382024 -1.649594
v 0.188920 0.368738 -1.649594
v 0.161948 0.360556 -1.649594
v 0.133898 0.357793 -1.649594
v 0.105848 0.360556 -1.649594
v 0.078876 0.368738 -1.649594
v 0.054018 0.382024 -1.649594
v 0.032230 0.399905 -1.649594
v 0.014349 0.421693 -1.649594
v 0.001063 0.446551 -1.649594
v -0.007119 0.473523 -1.649594
v -0.009882 0.501573 -1.649594
v -0.007119 0.529623 -1.649594
v 0.001063 0.556595 -1.649594
v 0.014349 0.581453 -1.649594
v 0.032230 0.603241 -1.649594
v 0.054018 0.621122 -1.649594
v 0.078876 0.634408 -1.649594
v 0.105848 0.642590 -1.649594
v 0.133898 0.645353 -1.649594
v 0.161948 0.642590 -1.649594
v 0.188920 0.634408 -1.649594
v 0.213778 0.621122 -1.649594
v 0.235566 0.603241 -1.649594
v 0.253447 0.581453 -1.649594
v 0.266733 0.556595 -1.649594
v 0.274915 0.529623 -1.649594
v 0.251530 0.501573 -2.759576
v 0.249270 0.478624 -2.759576
v 0.242576 0.456557 -2.759576
v 0.231706 0.436220 -2.759576
v 0.217077 0.418395 -2.759576
v 0.199251 0.403765 -2.759576
v 0.178914 0.392895 -2.759576
v 0.156847 0.386201 -2.759576
v 0.133898 0.383941 -2.759576
v 0.110949 0.386201 -2.759576
v 0.088882 0.392895 -2.759576
v 0.068545 0.403765 -2.759576
v 0.050719 0.418395 -2.759576
v 0.036090 0.436220 -2.759576
v 0.025220 0.456557 -2.759576
v 0.018526 0.478624 -2.759576
v 0.016266 0.501573 -2.759576
v 0.018526 0.524522 -2.759576
v 0.025220 0.546589 -2.759576
v 0.036090 0.566926 -2.759576
v 0.050719 0.584752 -2.759576
v 0.068545 0.599381 -2.759576
v 0.088882 0.610251 -2.759576
v 0.110949 0.616945 -2.759576
v 0.133898 0.619205 -2.759576
v 0.156847 0.616945 -2.759576
v 0.178914 0.610251 -2.759576
v 0.199251 0.599381 -2.759576
v 0.217077 0.584752 -2.759576
v 0.231706 0.566926 -2.759576
v 0.242576 0.546589 -2.759576
v 0.249270 0.524522 -2.759576
v 0.251530 0.501573 -2.643464
v 0.249270 0.478624 -2.643464
v 0.242576 0.456557 -2.643464
v 0.231706 0.436220 -2.643464
v 0.217077 0.418395 -2.643464
v 0.199251 0.403765 -2.643464
v 0.178914 0.392895 -2.643464
v 0.156847 0.386201 -2.643464
v 0.133898 0.383941 -2.643464
v 0.110949 0.386201 -2.643464
v 0.088882 0.392895 -2.643464
v 0.068545 0.403765 -2.643464
v 0.050719 0.418395 -2.643464
v 0.036090 0.436220 -2.643464
v 0.025220 0.456557 -2.643464
v 0.018526 0.478624 -2.643464
v 0.016266 0.501573 -2.643464
v 0.018526 0.524522 -2.643464
v 0.025220 0.546589 -2.643464
v 0.036090 0.566926 -2.643464
v 0.050719 0.584752 -2.643464
v 0.068545 0.599381 -2.643464
v 0.088882 0.610251 -2.643464
v 0.110949 0.616945 -2.643464
v 0.133898 0.619205 -2.643464
v 0.156847 0.616945 -2.643464
v 0.178914 0.610251 -2.643464
v 0.199251 0.599381 -2.643464
v 0.217077 0.584752 -2.643464
v 0.231706 0.566926 -2.643464
v 0.242576 0.546589 -2.643464
v 0.249270 0.524522 -2.643464
vn 0.9952 -0.0980 -0.0000
vn 0.9569 -0.2903 -0.0000
vn 0.8819 -0.4714 -0.0000
vn 0.7730 -0.6344 -0.0000
vn 0.6344 -0.7730 -0.0000
vn 0.4714 -0.8819 -0.0000
vn 0.2903 -0.9569 -0.0000
vn 0.0980 -0.9952 -0.0000
vn -0.0980 -0.9952 -0.0000
vn -0.2903 -0.9569 -0.0000
vn -0.4714 -0.8819 -0.0000
vn -0.6344 -0.7730 -0.0000
vn -0.7730 -0.6344 -0.0000
vn -0.8819 -0.4714 -0.0000
vn -0.9569 -0.2903 -0.0000
vn -0.9952 -0.0980 -0.0000
vn -0.9952 0.0980 -0.0000
vn -0.9569 0.2903 -0.0000
vn -0.8819 0.4714 -0.0000
vn -0.7730 0.6344 -0.0000
vn -0.6344 0.7730 -0.0000
vn -0.4714 0.8819 -0.0000
vn -0.2903 0.9569 -0.0000
vn -0.0980 0.9952 -0.0000
vn 0.0980 0.9952 -0.0000
vn 0.2903 0.9569 -0.0000
vn 0.4714 0.8819 -0.0000
vn 0.6344 0.7730 -0.0000
vn 0.7730 0.6344 -0.0000
vn 0.8819 0.4714 -0.0000
vn 0.0795 -0.8074 0.5847
vn 0.9569 0.2903 -0.0000
vn 0.9952 0.0980 -0.0000
vn 0.3558 0.0350 -0.9339
vn -0.2921 0.5465 0.7848
vn -0.8074 0.0795 0.5847
vn 0.2355 0.7763 0.5847
vn 0.6271 -0.5147 0.5847
vn -0.6271 -0.5147 0.5847
vn -0.3824 0.7155 0.5847
vn 0.7763 0.2355 0.5847
vn -0.0795 -0.8074 0.5847
vn -0.7763 0.2355 0.5847
vn 0.3824 0.7155 0.5847
vn 0.5147 -0.6271 0.5847
vn -0.7155 -0.3824 0.5847
vn -0.2355 0.7763 0.5847
vn 0.8074 -0.0795 0.5847
vn 0.8074 0.0795 0.5847
vn -0.2355 -0.7763 0.5847
vn -0.7155 0.3824 0.5847
vn 0.5147 0.6271 0.5847
vn 0.3824 -0.7155 0.5847
vn -0.7763 -0.2355 0.5847
vn -0.0795 0.8074 0.5847
vn 0.7763 -0.2355 0.5847
vn -0.3824 -0.7155 0.5847
vn -0.6271 0.5147 0.5847
vn 0.6271 0.5147 0.5847
vn 0.2355 -0.7763 0.5847
vn -0.8074 -0.0795 0.5847
vn 0.0795 0.8074 0.5847
vn 0.7155 -0.3824 0.5847
vn -0.5147 -0.6271 0.5847
vn -0.5147 0.6271 0.5847
vn 0.7155 0.3824 0.5847
vn -0.0000 -0.0000 1.0000
vn -0.0607 -0.6167 0.7848
vn -0.1799 0.5930 0.7848
vn -0.1799 -0.5930 0.7848
vn -0.0607 0.6167 0.7848
vn -0.2921 -0.5465 0.7848
vn 0.0607 0.6167 0.7848
vn -0.3931 -0.4790 0.7848
vn 0.1799 0.5930 0.7848
vn -0.4790 -0.3931 0.7848
vn 0.2921 0.5465 0.7848
vn -0.5465 -0.2921 0.7848
vn 0.6167 -0.0607 0.7848
vn 0.3931 0.4790 0.7848
vn -0.5930 -0.1799 0.7848
vn 0.5930 -0.1799 0.7848
vn 0.4790 0.3931 0.7848
vn -0.6167 -0.0607 0.7848
vn 0.5465 -0.2921 0.7848
vn 0.5465 0.2921 0.7848
vn -0.6167 0.0607 0.7848
vn 0.4790 -0.3931 0.7848
vn 0.5930 0.1799 0.7848
vn -0.5930 0.1799 0.7848
vn 0.3931 -0.4790 0.7848
vn 0.6167 0.0607 0.7848
vn -0.5465 0.2921 0.7848
vn 0.2921 -0.5465 0.7848
vn -0.4790 0.3931 0.7848
vn 0.1799 -0.5930 0.7848
vn -0.3931 0.4790 0.7848
vn 0.0607 -0.6167 0.7848
vn -0.1038 -0.3422 -0.9339
vn -0.3153 0.1686 -0.9339
vn 0.2268 0.2764 -0.9339
vn 0.1686 -0.3153 -0.9339
vn -0.3422 -0.1038 -0.9339
vn -0.0350 0.3558 -0.9339
vn 0.3422 -0.1038 -0.9339
vn -0.1686 -0.3153 -0.9339
vn -0.2764 0.2268 -0.9339
vn 0.2764 0.2268 -0.9339
vn 0.1038 -0.3422 -0.9339
vn -0.3558 -0.0350 -0.9339
vn 0.0350 0.3558 -0.9339
vn 0.3153 -0.1686 -0.9339
vn -0.2268 -0.2764 -0.9339
vn -0.2268 0.2764 -0.9339
vn 0.3153 0.1686 -0.9339
vn 0.0350 -0.3558 -0.9339
vn -0.3558 0.0350 -0.9339
vn 0.1038 0.3422 -0.9339
vn 0.2764 -0.2268 -0.9339
vn -0.2764 -0.2268 -0.9339
vn -0.1686 0.3153 -0.9339
vn 0.3422 0.1038 -0.9339
vn -0.0350 -0.3558 -0.9339
vn -0.3422 0.1038 -0.9339
vn 0.1686 0.3153 -0.9339
vn 0.2268 -0.2764 -0.9339
vn -0.3153 -0.1686 -0.9339
vn -0.1038 0.3422 -0.9339
vn 0.3558 -0.0350 -0.9339
vn -0.0000 -0.0000 -1.0000
vt 0.086366 0.479754
vt 0.086366 0.292952
vt 0.103282 0.292952
vt 0.103282 0.479754
vt 0.118506 0.292952
vt 0.118506 0.479754
vt 0.131453 0.292952
vt 0.131453 0.479754
vt 0.000000 0.202099
vt 0.018056 0.069798
vt 0.031326 0.079534
vt 0.013269 0.211834
vt 0.046777 0.087423
vt 0.028721 0.219723
vt 0.063817 0.093162
vt 0.045760 0.225462
vt 0.081790 0.096532
vt 0.063733 0.228832
vt 0.100005 0.097403
vt 0.081949 0.229703
vt 0.117764 0.095741
vt 0.099707 0.228041
vt 0.134382 0.091609
vt 0.116326 0.223910
vt 0.161714 0.250051
vt 0.161714 0.063249
vt 0.174661 0.063249
vt 0.174661 0.250051
vt 0.189885 0.063249
vt 0.189885 0.250051
vt 0.206801 0.063249
vt 0.206801 0.250051
vt 0.224759 0.063249
vt 0.224759 0.250051
vt 0.243069 0.063249
vt 0.243069 0.250051
vt 0.261027 0.063249
vt 0.261027 0.250051
vt 0.277943 0.063249
vt 0.277943 0.250051
vt 0.293167 0.063249
vt 0.293167 0.250051
vt 0.306114 0.063249
vt 0.306114 0.250051
vt 0.000000 0.729804
vt 0.000000 0.543002
vt 0.015224 0.543002
vt 0.015224 0.729804
vt 0.032140 0.543002
vt 0.032140 0.729804
vt 0.050098 0.543002
vt 0.050098 0.729804
vt 0.068408 0.543002
vt 0.068408 0.729804
vt 0.086366 0.543002
vt 0.086366 0.729804
vt 0.103282 0.543002
vt 0.103282 0.729804
vt 0.118506 0.543002
vt 0.118506 0.729804
vt 0.131453 0.543002
vt 0.131453 0.729804
vt -0.000000 0.479754
vt -0.000000 0.292952
vt 0.015224 0.292952
vt 0.015224 0.479754
vt 0.032140 0.292952
vt 0.032140 0.479754
vt 0.050098 0.292952
vt 0.050098 0.479754
vt 0.087805 0.046446
vt 0.100187 0.047037
vt 0.068408 0.292952
vt 0.068408 0.479754
vt 0.770843 0.819563
vt 0.787690 0.812854
vt 0.804073 0.877541
vt 0.798825 0.879631
vt 0.312500 1.000000
vt 0.343750 1.000000
vt 0.252343 0.021941
vt 0.263841 0.021941
vt 0.089180 0.501694
vt 0.099528 0.501694
vt 0.044485 0.028275
vt 0.053504 0.034892
vt 0.203987 0.021941
vt 0.215485 0.021941
vt 0.040824 0.501694
vt 0.053030 0.501694
vt 0.053030 0.251644
vt 0.065476 0.251644
vt 0.112257 0.045908
vt 0.274189 0.021941
vt 0.108328 0.501694
vt 0.064007 0.040254
vt 0.227692 0.021941
vt 0.065476 0.501694
vt 0.077682 0.251644
vt 0.089180 0.251644
vt 0.123553 0.043100
vt 0.282989 0.021941
vt 0.018978 0.251644
vt 0.029326 0.251644
vt 0.075589 0.044155
vt 0.240137 0.021941
vt 0.077682 0.501694
vt 0.007479 0.058591
vt 0.000000 0.046343
vt 0.032212 0.012332
vt 0.037296 0.020657
vt 0.149223 0.085168
vt 0.133641 0.038722
vt 0.018978 0.501694
vt 0.029326 0.501694
vt 0.040824 0.251644
vt 0.161714 0.076664
vt 0.142131 0.032941
vt 0.296822 0.485388
vt 0.250000 0.490000
vt 0.203178 0.485388
vt 0.158156 0.471731
vt 0.116663 0.449553
vt 0.080294 0.419706
vt 0.050447 0.383337
vt 0.028269 0.341844
vt 0.014612 0.296822
vt 0.010000 0.250000
vt 0.014612 0.203178
vt 0.028269 0.158156
vt 0.050447 0.116663
vt 0.080294 0.080294
vt 0.116663 0.050447
vt 0.158156 0.028269
vt 0.203178 0.014612
vt 0.250000 0.010000
vt 0.296822 0.014612
vt 0.341844 0.028269
vt 0.383337 0.050447
vt 0.419706 0.080294
vt 0.449553 0.116663
vt 0.471731 0.158156
vt 0.485388 0.203178
vt 0.490000 0.250000
vt 0.485388 0.296822
vt 0.471731 0.341844
vt 0.449553 0.383337
vt 0.419706 0.419706
vt 0.383337 0.449553
vt 0.341844 0.471731
vt 0.098750 0.011795
vt 0.105512 0.011162
vt 0.055767 0.479754
vt 0.062739 0.479754
vt 0.111840 0.009589
vt 0.069577 0.479754
vt 0.117491 0.007137
vt 0.076018 0.479754
vt 0.122247 0.003899
vt 0.081814 0.479754
vt 0.148699 0.025981
vt 0.125926 0.000000
vt 0.156250 1.000000
vt 0.187500 1.000000
vt 0.562500 1.000000
vt 0.593750 1.000000
vt 0.968750 1.000000
vt 1.000000 1.000000
vt 0.125000 1.000000
vt 0.531250 1.000000
vt 0.937500 1.000000
vt 0.093750 1.000000
vt 0.500000 1.000000
vt 0.906250 1.000000
vt 0.048929 0.229703
vt 0.055767 0.229703
vt 0.468750 1.000000
vt 0.875000 1.000000
vt 0.062739 0.229703
vt 0.250679 -0.000000
vt 0.256476 -0.000000
vt 0.843750 1.000000
vt 0.069577 0.229703
vt 0.010178 0.501694
vt 0.031762 0.479754
vt 0.036691 0.479754
vt 0.078483 0.007995
vt 0.084971 0.010181
vt 0.042488 0.479754
vt 0.091814 0.011464
vt 0.375000 1.000000
vt 0.968750 0.500000
vt 0.937500 0.500000
vt 0.718750 0.500000
vt 0.687500 0.500000
vt 0.805575 0.993463
vt 0.787690 0.989693
vt 0.804073 0.932630
vt 0.809645 0.933804
vt 0.725677 0.873632
vt 0.732656 0.856989
vt 0.786929 0.891290
vt 0.784755 0.896474
vt 0.873705 0.830986
vt 0.886599 0.843964
vt 0.834885 0.887232
vt 0.830868 0.883189
vt 0.873705 0.973835
vt 0.858543 0.983698
vt 0.826145 0.930762
vt 0.830868 0.927690
vt 0.732656 0.944102
vt 0.725677 0.927275
vt 0.784755 0.913185
vt 0.786929 0.918427
vt 0.805575 0.809557
vt 0.823811 0.809798
vt 0.815325 0.876589
vt 0.809645 0.876514
vt 0.656250 0.500000
vt 0.770843 0.982538
vt 0.798825 0.930401
vt 0.742787 0.842063
vt 0.790085 0.886640
vt 0.896730 0.859159
vt 0.838041 0.891966
vt 0.841695 0.990407
vt 0.820897 0.932852
vt 0.722120 0.909463
vt 0.783647 0.907636
vt 0.841695 0.813568
vt 0.820897 0.877763
vt 0.625000 0.500000
vt 0.755681 0.972275
vt 0.794102 0.927204
vt 0.755681 0.829425
vt 0.794102 0.882703
vt 0.781250 0.500000
vt 0.750000 0.500000
vt 0.823811 0.993704
vt 0.815325 0.933879
vt 0.722120 0.891350
vt 0.783647 0.901994
vt 0.858543 0.820722
vt 0.826145 0.879992
vt 0.896730 0.946271
vt 0.886599 0.961198
vt 0.834885 0.923753
vt 0.838041 0.919103
vt 0.742787 0.959296
vt 0.790085 0.923161
vt 0.750000 0.490000
vt 0.796822 0.485388
vt 0.841844 0.471731
vt 0.883337 0.449553
vt 0.919706 0.419706
vt 0.949553 0.383337
vt 0.971731 0.341844
vt 0.985388 0.296822
vt 0.990000 0.250000
vt 0.985388 0.203178
vt 0.971731 0.158156
vt 0.949553 0.116663
vt 0.919706 0.080294
vt 0.883337 0.050447
vt 0.841844 0.028269
vt 0.796822 0.014612
vt 0.750000 0.010000
vt 0.703178 0.014612
vt 0.658156 0.028269
vt 0.616663 0.050447
vt 0.580294 0.080294
vt 0.550447 0.116663
vt 0.528269 0.158156
vt 0.514612 0.203178
vt 0.510000 0.250000
vt 0.514612 0.296822
vt 0.528269 0.341844
vt 0.550447 0.383337
vt 0.580294 0.419706
vt 0.616663 0.449553
vt 0.658156 0.471731
vt 0.703178 0.485388
vt 0.125000 0.500000
vt 0.093750 0.500000
vt 0.306114 0.202408
vt 0.306114 0.196814
vt 0.334834 0.196814
vt 0.334834 0.202408
vt 0.906250 0.500000
vt 0.062500 0.500000
vt 0.306114 0.191544
vt 0.334834 0.191544
vt 0.875000 0.500000
vt 0.031250 0.500000
vt 0.306114 0.186802
vt 0.334834 0.186802
vt 0.843750 0.500000
vt 0.000000 0.500000
vt 0.437500 0.500000
vt 0.406250 0.500000
vt 0.812500 0.500000
vt 0.375000 0.500000
vt 0.343750 0.500000
vt 0.312500 0.500000
vt 0.281250 0.500000
vt 0.250000 0.500000
vt 0.218750 0.500000
vt 0.187500 0.500000
vt 0.306114 0.218976
vt 0.306114 0.213706
vt 0.334834 0.213706
vt 0.334834 0.218976
vt 0.156250 0.500000
vt 0.306114 0.208112
vt 0.334834 0.208112
vt 1.000000 0.500000
s 0
usemtl Circle
f 4484/3120/428 4485/3121/428 4487/3122/428 4486/3123/428
f 4486/3123/429 4487/3122/429 4489/3124/429 4488/3125/429
f 4488/3125/430 4489/3124/430 4491/3126/430 4490/3127/430
f 4490/3128/431 4491/3129/431 4493/3130/431 4492/3131/431
f 4492/3131/432 4493/3130/432 4495/3132/432 4494/3133/432
f 4494/3133/433 4495/3132/433 4497/3134/433 4496/3135/433
f 4496/3135/434 4497/3134/434 4499/3136/434 4498/3137/434
f 4498/3137/435 4499/3136/435 4501/3138/435 4500/3139/435
f 4500/3139/436 4501/3138/436 4503/3140/436 4502/3141/436
f 4502/3141/437 4503/3140/437 4505/3142/437 4504/3143/437
f 4504/3144/438 4505/3145/438 4507/3146/438 4506/3147/438
f 4506/3147/439 4507/3146/439 4509/3148/439 4508/3149/439
f 4508/3149/440 4509/3148/440 4511/3150/440 4510/3151/440
f 4510/3151/441 4511/3150/441 4513/3152/441 4512/3153/441
f 4512/3153/442 4513/3152/442 4515/3154/442 4514/3155/442
f 4514/3155/443 4515/3154/443 4517/3156/443 4516/3157/443
f 4516/3157/444 4517/3156/444 4519/3158/444 4518/3159/444
f 4518/3159/445 4519/3158/445 4521/3160/445 4520/3161/445
f 4520/3161/446 4521/3160/446 4523/3162/446 4522/3163/446
f 4522/3164/447 4523/3165/447 4525/3166/447 4524/3167/447
f 4524/3167/448 4525/3166/448 4527/3168/448 4526/3169/448
f 4526/3169/449 4527/3168/449 4529/3170/449 4528/3171/449
f 4528/3171/450 4529/3170/450 4531/3172/450 4530/3173/450
f 4530/3173/451 4531/3172/451 4533/3174/451 4532/3175/451
f 4532/3175/452 4533/3174/452 4535/3176/452 4534/3177/452
f 4534/3177/453 4535/3176/453 4537/3178/453 4536/3179/453
f 4536/3179/454 4537/3178/454 4539/3180/454 4538/3181/454
f 4538/3182/455 4539/3183/455 4541/3184/455 4540/3185/455
f 4540/3185/456 4541/3184/456 4543/3186/456 4542/3187/456
f 4542/3187/457 4543/3186/457 4545/3188/457 4544/3189/457
f 4501/3138/458 4499/3136/458 4555/3190/458 4556/3191/458
f 4544/3189/459 4545/3188/459 4547/3192/459 4546/3193/459
f 4546/3193/460 4547/3192/460 4485/3121/460 4484/3120/460
f 4546/3194/461 4484/3195/461 4612/3196/461 4643/3197/461
f 4570/3198/462 4569/3199/462 4601/3199/462 4602/3198/462
f 4519/3158/463 4517/3156/463 4564/3200/463 4565/3201/463
f 4537/3178/464 4535/3176/464 4573/3202/464 4574/3203/464
f 4493/3130/465 4491/3129/465 4551/3204/465 4552/3205/465
f 4511/3150/466 4509/3148/466 4560/3206/466 4561/3207/466
f 4529/3170/467 4527/3168/467 4569/3208/467 4570/3209/467
f 4547/3192/468 4545/3188/468 4578/3210/468 4579/3211/468
f 4503/3140/469 4501/3138/469 4556/3191/469 4557/3212/469
f 4521/3160/470 4519/3158/470 4565/3201/470 4566/3213/470
f 4539/3180/471 4537/3178/471 4574/3203/471 4575/3214/471
f 4495/3132/472 4493/3130/472 4552/3205/472 4553/3215/472
f 4513/3152/473 4511/3150/473 4561/3207/473 4562/3216/473
f 4531/3172/474 4529/3170/474 4570/3209/474 4571/3217/474
f 4487/3122/475 4485/3121/475 4548/3218/475 4549/3219/475
f 4485/3121/476 4547/3192/476 4579/3211/476 4548/3218/476
f 4505/3142/477 4503/3140/477 4557/3212/477 4558/3220/477
f 4523/3162/478 4521/3160/478 4566/3213/478 4567/3221/478
f 4541/3184/479 4539/3183/479 4575/3222/479 4576/3223/479
f 4497/3134/480 4495/3132/480 4553/3215/480 4554/3224/480
f 4515/3154/481 4513/3152/481 4562/3216/481 4563/3225/481
f 4533/3174/482 4531/3172/482 4571/3217/482 4572/3226/482
f 4489/3227/483 4487/3228/483 4549/3229/483 4550/3230/483
f 4507/3231/484 4505/3142/484 4558/3220/484 4559/3232/484
f 4525/3166/485 4523/3165/485 4567/3233/485 4568/3234/485
f 4543/3186/486 4541/3184/486 4576/3223/486 4577/3235/486
f 4499/3136/487 4497/3134/487 4554/3224/487 4555/3190/487
f 4517/3156/488 4515/3154/488 4563/3225/488 4564/3200/488
f 4535/3176/489 4533/3174/489 4572/3226/489 4573/3202/489
f 4491/3129/490 4489/3227/490 4550/3230/490 4551/3204/490
f 4509/3236/491 4507/3231/491 4559/3232/491 4560/3237/491
f 4527/3168/492 4525/3166/492 4568/3234/492 4569/3208/492
f 4545/3188/493 4543/3186/493 4577/3235/493 4578/3210/493
f 4581/3238/494 4580/3239/494 4611/3240/494 4610/3241/494 4609/3242/494 4608/3243/494 4607/3244/494 4606/3245/494 4605/3246/494 4604/3247/494 4603/3248/494 4602/3249/494 4601/3250/494 4600/3251/494 4599/3252/494 4598/3253/494 4597/3254/494 4596/3255/494 4595/3256/494 4594/3257/494 4593/3258/494 4592/3259/494 4591/3260/494 4590/3261/494 4589/3262/494 4588/3263/494 4587/3264/494 4586/3265/494 4585/3266/494 4584/3267/494 4583/3268/494 4582/3269/494
f 4557/3212/495 4556/3191/495 4588/3270/495 4589/3271/495
f 4571/3217/496 4570/3209/496 4602/3272/496 4603/3273/496
f 4558/3220/497 4557/3212/497 4589/3271/497 4590/3274/497
f 4572/3226/498 4571/3217/498 4603/3273/498 4604/3275/498
f 4559/3232/499 4558/3220/499 4590/3274/499 4591/3276/499
f 4573/3202/500 4572/3226/500 4604/3275/500 4605/3277/500
f 4560/3237/501 4559/3232/501 4591/3276/501 4592/3278/501
f 4574/3203/502 4573/3202/502 4605/3277/502 4606/3279/502
f 4561/3280/503 4560/3237/503 4592/3278/503 4593/3281/503
f 4575/3282/504 4574/3283/504 4606/3283/504 4607/3282/504
f 4562/3284/505 4561/3285/505 4593/3285/505 4594/3284/505
f 4549/3286/506 4548/3287/506 4580/3287/506 4581/3286/506
f 4576/3288/507 4575/3282/507 4607/3282/507 4608/3288/507
f 4563/3289/508 4562/3284/508 4594/3284/508 4595/3289/508
f 4550/3290/509 4549/3286/509 4581/3286/509 4582/3290/509
f 4577/3291/510 4576/3288/510 4608/3288/510 4609/3291/510
f 4564/3292/511 4563/3289/511 4595/3289/511 4596/3292/511
f 4551/3293/512 4550/3290/512 4582/3290/512 4583/3293/512
f 4578/3210/513 4577/3235/513 4609/3294/513 4610/3295/513
f 4565/3296/514 4564/3292/514 4596/3292/514 4597/3296/514
f 4552/3297/515 4551/3293/515 4583/3293/515 4584/3297/515
f 4579/3211/516 4578/3210/516 4610/3295/516 4611/3298/516
f 4566/3213/517 4565/3201/517 4597/3299/517 4598/3300/517
f 4553/3301/518 4552/3297/518 4584/3297/518 4585/3301/518
f 4548/3218/519 4579/3211/519 4611/3298/519 4580/3302/519
f 4567/3233/520 4566/3303/520 4598/3304/520 4599/3305/520
f 4554/3224/521 4553/3215/521 4585/3306/521 4586/3307/521
f 4568/3234/522 4567/3233/522 4599/3305/522 4600/3308/522
f 4555/3190/523 4554/3224/523 4586/3307/523 4587/3309/523
f 4569/3199/524 4568/3310/524 4600/3310/524 4601/3199/524
f 4556/3191/525 4555/3190/525 4587/3309/525 4588/3270/525
f 4613/3311/445 4614/3312/445 4646/3312/445 4645/3311/445
f 4502/3313/526 4504/3314/526 4622/3314/526 4621/3313/526
f 4520/3315/527 4522/3316/527 4631/3317/527 4630/3318/527
f 4538/3319/528 4540/3320/528 4640/3321/528 4639/3322/528
f 4494/3323/529 4496/3324/529 4618/3325/529 4617/3326/529
f 4512/3327/530 4514/3328/530 4627/3329/530 4626/3330/530
f 4530/3331/531 4532/3332/531 4636/3333/531 4635/3334/531
f 4486/3335/532 4488/3336/532 4614/3337/532 4613/3338/532
f 4504/3314/533 4506/3339/533 4623/3339/533 4622/3314/533
f 4522/3316/534 4524/3340/534 4632/3341/534 4631/3317/534
f 4540/3320/535 4542/3342/535 4641/3343/535 4640/3321/535
f 4496/3324/536 4498/3344/536 4619/3345/536 4618/3325/536
f 4514/3328/537 4516/3346/537 4628/3347/537 4627/3329/537
f 4532/3332/538 4534/3348/538 4637/3349/538 4636/3333/538
f 4488/3336/539 4490/3350/539 4615/3351/539 4614/3337/539
f 4506/3339/540 4508/3352/540 4624/3352/540 4623/3339/540
f 4524/3340/541 4526/3353/541 4633/3354/541 4632/3341/541
f 4542/3342/542 4544/3355/542 4642/3356/542 4641/3343/542
f 4498/3357/543 4500/3358/543 4620/3358/543 4619/3357/543
f 4516/3346/544 4518/3359/544 4629/3360/544 4628/3347/544
f 4534/3348/545 4536/3361/545 4638/3362/545 4637/3349/545
f 4490/3350/546 4492/3363/546 4616/3364/546 4615/3351/546
f 4508/3365/547 4510/3366/547 4625/3367/547 4624/3368/547
f 4526/3353/548 4528/3369/548 4634/3370/548 4633/3354/548
f 4544/3355/549 4546/3194/549 4643/3197/549 4642/3356/549
f 4500/3358/550 4502/3313/550 4621/3313/550 4620/3358/550
f 4518/3359/551 4520/3315/551 4630/3318/551 4629/3360/551
f 4536/3361/552 4538/3319/552 4639/3322/552 4638/3362/552
f 4492/3363/553 4494/3323/553 4617/3326/553 4616/3364/553
f 4510/3366/554 4512/3327/554 4626/3330/554 4625/3367/554
f 4528/3369/555 4530/3331/555 4635/3334/555 4634/3370/555
f 4484/3195/556 4486/3335/556 4613/3338/556 4612/3196/556
f 4644/3371/557 4645/3372/557 4646/3373/557 4647/3374/557 4648/3375/557 4649/3376/557 4650/3377/557 4651/3378/557 4652/3379/557 4653/3380/557 4654/3381/557 4655/3382/557 4656/3383/557 4657/3384/557 4658/3385/557 4659/3386/557 4660/3387/557 4661/3388/557 4662/3389/557 4663/3390/557 4664/3391/557 4665/3392/557 4666/3393/557 4667/3394/557 4668/3395/557 4669/3396/557 4670/3397/557 4671/3398/557 4672/3399/557 4673/3400/557 4674/3401/557 4675/3402/557
f 4640/3403/440 4641/3404/440 4673/3404/440 4672/3403/440
f 4627/3405/460 4628/3406/460 4660/3407/460 4659/3408/460
f 4614/3312/446 4615/3409/446 4647/3409/446 4646/3312/446
f 4641/3404/441 4642/3410/441 4674/3410/441 4673/3404/441
f 4628/3406/428 4629/3411/428 4661/3412/428 4660/3407/428
f 4615/3409/447 4616/3413/447 4648/3413/447 4647/3409/447
f 4642/3410/442 4643/3414/442 4675/3414/442 4674/3410/442
f 4629/3411/429 4630/3415/429 4662/3416/429 4661/3412/429
f 4616/3413/448 4617/3417/448 4649/3417/448 4648/3413/448
f 4643/3414/443 4612/3418/443 4644/3418/443 4675/3414/443
f 4630/3419/430 4631/3420/430 4663/3420/430 4662/3419/430
f 4617/3417/449 4618/3421/449 4650/3421/449 4649/3417/449
f 4631/3420/431 4632/3422/431 4664/3422/431 4663/3420/431
f 4618/3421/450 4619/3357/450 4651/3357/450 4650/3421/450
f 4632/3422/432 4633/3423/432 4665/3423/432 4664/3422/432
f 4619/3357/451 4620/3358/451 4652/3358/451 4651/3357/451
f 4633/3423/433 4634/3424/433 4666/3424/433 4665/3423/433
f 4620/3358/452 4621/3313/452 4653/3313/452 4652/3358/452
f 4634/3424/434 4635/3425/434 4667/3425/434 4666/3424/434
f 4621/3313/453 4622/3314/453 4654/3314/453 4653/3313/453
f 4635/3425/435 4636/3426/435 4668/3426/435 4667/3425/435
f 4622/3314/454 4623/3339/454 4655/3339/454 4654/3314/454
f 4636/3426/436 4637/3427/436 4669/3427/436 4668/3426/436
f 4623/3339/455 4624/3352/455 4656/3352/455 4655/3339/455
f 4637/3427/437 4638/3428/437 4670/3428/437 4669/3427/437
f 4624/3429/456 4625/3430/456 4657/3431/456 4656/3432/456
f 4638/3428/438 4639/3433/438 4671/3433/438 4670/3428/438
f 4625/3430/457 4626/3434/457 4658/3435/457 4657/3431/457
f 4612/3436/444 4613/3311/444 4645/3311/444 4644/3436/444
f 4639/3433/439 4640/3403/439 4672/3403/439 4671/3433/439
f 4626/3434/459 4627/3405/459 4659/3408/459 4658/3435/459
o Cylinder.017
v 0.382157 0.298838 -2.259561
v 0.301243 0.290277 -2.259561
v 0.382157 0.298838 -2.165066
v 0.301243 0.290277 -2.165066
v 0.377310 0.968376 -2.165066
v 0.377310 0.968376 -2.259561
vn 0.1052 -0.9944 -0.0000
vn -0.9938 0.1115 -0.0000
vn -0.0000 -0.0000 -1.0000
vn 1.0000 0.0072 -0.0000
vn -0.0000 -0.0000 1.0000
vt 0.375000 0.750000
vt 0.625000 0.750000
vt 0.875000 0.750000
vt 0.375000 0.000000
vt 0.625000 0.500000
vt 0.875000 0.500000
s 0
usemtl Circle
f 4678/3437/558 4679/3438/558 4677/3439/558 4676/3440/558
f 4680/3441/559 4681/3442/559 4677/3439/559 4679/3438/559
f 4677/3439/560 4681/3442/560 4676/3440/560
f 4678/3437/561 4676/3440/561 4681/3442/561 4680/3441/561
f 4678/3437/562 4680/3441/562 4679/3438/562
o Cylinder.018
v -0.151954 0.298838 -2.165066
v -0.071039 0.290277 -2.165066
v -0.151954 0.298838 -2.259561
v -0.071039 0.290277 -2.259561
v -0.147106 0.968376 -2.259561
v -0.147106 0.968376 -2.165066
vn -0.1052 -0.9944 -0.0000
vn 0.9938 0.1115 -0.0000
vn -0.0000 -0.0000 1.0000
vn -1.0000 0.0072 -0.0000
vn -0.0000 -0.0000 -1.0000
vt 0.375000 0.750000
vt 0.625000 0.750000
vt 0.875000 0.750000
vt 0.375000 0.000000
vt 0.625000 0.500000
vt 0.875000 0.500000
s 0
usemtl Handel2
f 4684/3443/563 4685/3444/563 4683/3445/563 4682/3446/563
f 4686/3447/564 4687/3448/564 4683/3445/564 4685/3444/564
f 4683/3445/565 4687/3448/565 4682/3446/565
f 4684/3443/566 4682/3446/566 4687/3448/566 4686/3447/566
f 4684/3443/567 4686/3447/567 4685/3444/567
o Cylinder.019
v -0.147924 0.938146 -2.263441
v 0.378848 0.938146 -2.263441
v -0.147924 0.928392 -2.262480
v 0.378848 0.928392 -2.262480
v -0.147924 0.919012 -2.259635
v 0.378848 0.919012 -2.259635
v -0.147924 0.910368 -2.255014
v 0.378848 0.910368 -2.255014
v -0.147924 0.902791 -2.248796
v 0.378848 0.902791 -2.248796
v -0.147924 0.896573 -2.241220
v 0.378848 0.896573 -2.241220
v -0.147924 0.891952 -2.232575
v 0.378848 0.891952 -2.232575
v -0.147924 0.889107 -2.223195
v 0.378848 0.889107 -2.223195
v -0.147924 0.888146 -2.213441
v 0.378848 0.888146 -2.213441
v -0.147924 0.889107 -2.203686
v 0.378848 0.889107 -2.203686
v -0.147924 0.891952 -2.194307
v 0.378848 0.891952 -2.194307
v -0.147924 0.896573 -2.185662
v 0.378848 0.896573 -2.185662
v -0.147924 0.902791 -2.178086
v 0.378848 0.902791 -2.178086
v -0.147924 0.910368 -2.171867
v 0.378848 0.910368 -2.171867
v -0.147924 0.919012 -2.167247
v 0.378848 0.919012 -2.167247
v -0.147924 0.928392 -2.164402
v 0.378848 0.928392 -2.164402
v -0.147924 0.938146 -2.163441
v 0.378848 0.938146 -2.163441
v -0.147924 0.947901 -2.164402
v 0.378848 0.947901 -2.164402
v -0.147924 0.957280 -2.167247
v 0.378848 0.957280 -2.167247
v -0.147924 0.965925 -2.171867
v 0.378848 0.965925 -2.171867
v -0.147924 0.973501 -2.178086
v 0.378848 0.973501 -2.178086
v -0.147924 0.979720 -2.185662
v 0.378848 0.979720 -2.185662
v -0.147924 0.984340 -2.194307
v 0.378848 0.984340 -2.194307
v -0.147924 0.987185 -2.203686
v 0.378848 0.987185 -2.203686
v -0.147924 0.988146 -2.213441
v 0.378848 0.988146 -2.213441
v -0.147924 0.987185 -2.223195
v 0.378848 0.987185 -2.223195
v -0.147924 0.984340 -2.232575
v 0.378848 0.984340 -2.232575
v -0.147924 0.979720 -2.241220
v 0.378848 0.979720 -2.241220
v -0.147924 0.973501 -2.248796
v 0.378848 0.973501 -2.248796
v -0.147924 0.965925 -2.255014
v 0.378848 0.965925 -2.255014
v -0.147924 0.957280 -2.259635
v 0.378848 0.957280 -2.259635
v -0.147924 0.947901 -2.262480
v 0.378848 0.947901 -2.262480
vn -0.0000 -0.0980 -0.9952
vn -0.0000 -0.2903 -0.9569
vn -0.0000 -0.4714 -0.8819
vn -0.0000 -0.6344 -0.7730
vn -0.0000 -0.7730 -0.6344
vn -0.0000 -0.8819 -0.4714
vn -0.0000 -0.9569 -0.2903
vn -0.0000 -0.9952 -0.0980
vn -0.0000 -0.9952 0.0980
vn -0.0000 -0.9569 0.2903
vn -0.0000 -0.8819 0.4714
vn -0.0000 -0.7730 0.6344
vn -0.0000 -0.6344 0.7730
vn -0.0000 -0.4714 0.8819
vn -0.0000 -0.2903 0.9569
vn -0.0000 -0.0980 0.9952
vn -0.0000 0.0980 0.9952
vn -0.0000 0.2903 0.9569
vn -0.0000 0.4714 0.8819
vn -0.0000 0.6344 0.7730
vn -0.0000 0.7730 0.6344
vn -0.0000 0.8819 0.4714
vn -0.0000 0.9569 0.2903
vn -0.0000 0.9952 0.0980
vn -0.0000 0.9952 -0.0980
vn -0.0000 0.9569 -0.2903
vn -0.0000 0.8819 -0.4714
vn -0.0000 0.7730 -0.6344
vn -0.0000 0.6344 -0.7730
vn -0.0000 0.4714 -0.8819
vn 1.0000 -0.0000 -0.0000
vn -0.0000 0.2903 -0.9569
vn -0.0000 0.0980 -0.9952
vn -1.0000 -0.0000 -0.0000
vt 0.243069 0.997258
vt 0.243069 0.810456
vt 0.261027 0.810456
vt 0.261027 0.997258
vt 0.277943 0.810456
vt 0.277943 0.997258
vt 0.293167 0.810456
vt 0.293167 0.997258
vt 0.000000 0.916606
vt 0.000000 0.729804
vt 0.012947 0.729804
vt 0.012947 0.916606
vt 0.028171 0.729804
vt 0.028171 0.916606
vt 0.045087 0.729804
vt 0.045087 0.916606
vt 0.063045 0.729804
vt 0.063045 0.916606
vt 0.081355 0.729804
vt 0.081355 0.916606
vt 0.099313 0.729804
vt 0.099313 0.916606
vt 0.116229 0.729804
vt 0.116229 0.916606
vt 0.131453 0.729804
vt 0.131453 0.916606
vt 0.144400 0.729804
vt 0.144400 0.916606
vt 0.306114 0.810456
vt 0.306114 0.997258
vt 0.321338 0.810456
vt 0.321338 0.997258
vt 0.338254 0.810456
vt 0.338254 0.997258
vt 0.356212 0.810456
vt 0.356212 0.997258
vt 0.374522 0.810456
vt 0.374522 0.997258
vt 0.392480 0.810456
vt 0.392480 0.997258
vt 0.409396 0.810456
vt 0.409396 0.997258
vt 0.424620 0.810456
vt 0.424620 0.997258
vt 0.866520 0.186802
vt 0.866520 0.000000
vt 0.881744 0.000000
vt 0.881744 0.186802
vt 0.898660 0.000000
vt 0.898660 0.186802
vt 0.916618 0.000000
vt 0.916618 0.186802
vt 0.934927 0.000000
vt 0.934927 0.186802
vt 0.952885 0.000000
vt 0.952885 0.186802
vt 0.969801 0.000000
vt 0.969801 0.186802
vt 0.985025 0.000000
vt 0.985025 0.186802
vt 0.161714 0.997258
vt 0.161714 0.810456
vt 0.174661 0.810456
vt 0.174661 0.997258
vt 0.189885 0.810456
vt 0.189885 0.997258
vt 0.206801 0.810456
vt 0.206801 0.997258
vt 0.755818 0.602003
vt 0.742871 0.589056
vt 0.732699 0.573832
vt 0.725692 0.556916
vt 0.722120 0.538958
vt 0.722120 0.520649
vt 0.725692 0.502691
vt 0.732699 0.485775
vt 0.742871 0.470551
vt 0.755818 0.457604
vt 0.771042 0.447431
vt 0.787958 0.440424
vt 0.805916 0.436852
vt 0.824226 0.436852
vt 0.842184 0.440424
vt 0.859100 0.447431
vt 0.874324 0.457604
vt 0.887271 0.470551
vt 0.897443 0.485775
vt 0.904450 0.502691
vt 0.908022 0.520649
vt 0.908022 0.538958
vt 0.904450 0.556916
vt 0.897443 0.573832
vt 0.887271 0.589056
vt 0.874324 0.602003
vt 0.859100 0.612176
vt 0.842184 0.619183
vt 0.824226 0.622755
vt 0.805916 0.622755
vt 0.787958 0.619183
vt 0.771042 0.612176
vt 0.224759 0.810456
vt 0.224759 0.997258
vt 0.742871 0.775858
vt 0.732699 0.760634
vt 0.725692 0.743718
vt 0.722120 0.725760
vt 0.722120 0.707451
vt 0.725692 0.689493
vt 0.732699 0.672577
vt 0.742871 0.657353
vt 0.755818 0.644406
vt 0.771042 0.634233
vt 0.787958 0.627226
vt 0.805916 0.623654
vt 0.824226 0.623654
vt 0.842184 0.627226
vt 0.859100 0.634233
vt 0.874324 0.644406
vt 0.887271 0.657353
vt 0.897443 0.672577
vt 0.904450 0.689493
vt 0.908022 0.707451
vt 0.908022 0.725760
vt 0.904450 0.743718
vt 0.897443 0.760634
vt 0.887271 0.775858
vt 0.874324 0.788805
vt 0.859100 0.798978
vt 0.842184 0.805984
vt 0.824226 0.809557
vt 0.805916 0.809557
vt 0.787958 0.805984
vt 0.771042 0.798978
vt 0.755818 0.788805
s 0
usemtl Handel2
f 4688/3449/568 4689/3450/568 4691/3451/568 4690/3452/568
f 4690/3452/569 4691/3451/569 4693/3453/569 4692/3454/569
f 4692/3454/570 4693/3453/570 4695/3455/570 4694/3456/570
f 4694/3457/571 4695/3458/571 4697/3459/571 4696/3460/571
f 4696/3460/572 4697/3459/572 4699/3461/572 4698/3462/572
f 4698/3462/573 4699/3461/573 4701/3463/573 4700/3464/573
f 4700/3464/574 4701/3463/574 4703/3465/574 4702/3466/574
f 4702/3466/575 4703/3465/575 4705/3467/575 4704/3468/575
f 4704/3468/576 4705/3467/576 4707/3469/576 4706/3470/576
f 4706/3470/577 4707/3469/577 4709/3471/577 4708/3472/577
f 4708/3472/578 4709/3471/578 4711/3473/578 4710/3474/578
f 4710/3474/579 4711/3473/579 4713/3475/579 4712/3476/579
f 4712/3456/580 4713/3455/580 4715/3477/580 4714/3478/580
f 4714/3478/581 4715/3477/581 4717/3479/581 4716/3480/581
f 4716/3480/582 4717/3479/582 4719/3481/582 4718/3482/582
f 4718/3482/583 4719/3481/583 4721/3483/583 4720/3484/583
f 4720/3484/584 4721/3483/584 4723/3485/584 4722/3486/584
f 4722/3486/585 4723/3485/585 4725/3487/585 4724/3488/585
f 4724/3488/586 4725/3487/586 4727/3489/586 4726/3490/586
f 4726/3490/587 4727/3489/587 4729/3491/587 4728/3492/587
f 4728/3493/588 4729/3494/588 4731/3495/588 4730/3496/588
f 4730/3496/589 4731/3495/589 4733/3497/589 4732/3498/589
f 4732/3498/590 4733/3497/590 4735/3499/590 4734/3500/590
f 4734/3500/591 4735/3499/591 4737/3501/591 4736/3502/591
f 4736/3502/592 4737/3501/592 4739/3503/592 4738/3504/592
f 4738/3504/593 4739/3503/593 4741/3505/593 4740/3506/593
f 4740/3506/594 4741/3505/594 4743/3507/594 4742/3508/594
f 4742/3509/595 4743/3510/595 4745/3511/595 4744/3512/595
f 4744/3512/596 4745/3511/596 4747/3513/596 4746/3514/596
f 4746/3514/597 4747/3513/597 4749/3515/597 4748/3516/597
f 4691/3517/598 4689/3518/598 4751/3519/598 4749/3520/598 4747/3521/598 4745/3522/598 4743/3523/598 4741/3524/598 4739/3525/598 4737/3526/598 4735/3527/598 4733/3528/598 4731/3529/598 4729/3530/598 4727/3531/598 4725/3532/598 4723/3533/598 4721/3534/598 4719/3535/598 4717/3536/598 4715/3537/598 4713/3538/598 4711/3539/598 4709/3540/598 4707/3541/598 4705/3542/598 4703/3543/598 4701/3544/598 4699/3545/598 4697/3546/598 4695/3547/598 4693/3548/598
f 4748/3516/599 4749/3515/599 4751/3549/599 4750/3550/599
f 4750/3550/600 4751/3549/600 4689/3450/600 4688/3449/600
f 4688/3551/601 4690/3552/601 4692/3553/601 4694/3554/601 4696/3555/601 4698/3556/601 4700/3557/601 4702/3558/601 4704/3559/601 4706/3560/601 4708/3561/601 4710/3562/601 4712/3563/601 4714/3564/601 4716/3565/601 4718/3566/601 4720/3567/601 4722/3568/601 4724/3569/601 4726/3570/601 4728/3571/601 4730/3572/601 4732/3573/601 4734/3574/601 4736/3575/601 4738/3576/601 4740/3577/601 4742/3578/601 4744/3579/601 4746/3580/601 4748/3581/601 4750/3582/601
