# Blender 4.4.3
# www.blender.org
mtllib Mini_gun.mtl
o Cube
v -0.842669 0.069400 0.613567
v -0.931787 0.069400 0.613701
v -0.842669 0.307005 0.613567
v -0.931787 0.307005 0.613701
v -0.842536 0.069400 0.702685
v -0.931653 0.069400 0.702818
v -0.842536 0.307005 0.702685
v -0.931653 0.307005 0.702818
v -0.883945 0.343326 0.654967
v -0.890387 0.343326 0.654976
v -0.883936 0.343326 0.661409
v -0.890378 0.343326 0.661418
v -0.842669 0.188203 0.613567
v -0.931787 0.188203 0.613701
v -0.842536 0.188203 0.702685
v -0.931653 0.188203 0.702818
v -0.931787 0.247604 0.613701
v -0.842536 0.247604 0.702685
v -0.842669 0.247604 0.613567
v -0.931653 0.247604 0.702818
v -0.842669 0.217903 0.613567
v -0.931653 0.217903 0.702818
v -0.931787 0.217903 0.613701
v -0.842536 0.217903 0.702685
v -0.842669 0.128801 0.613567
v -0.931653 0.128801 0.702818
v -0.931787 0.128801 0.613701
v -0.842536 0.128801 0.702685
v -0.931787 0.158502 0.613701
v -0.842536 0.158502 0.702685
v -0.842669 0.158502 0.613567
v -0.931653 0.158502 0.702818
v -0.924055 0.173352 0.621409
v -0.850268 0.173352 0.694976
v -0.850378 0.173352 0.621299
v -0.923945 0.173352 0.695086
v -0.857658 0.203053 0.628601
v -0.916665 0.203053 0.687784
v -0.916753 0.203053 0.628690
v -0.857570 0.203053 0.687696
v -0.921033 0.232754 0.624422
v -0.853290 0.232754 0.691963
v -0.853391 0.232754 0.624321
v -0.920932 0.232754 0.692064
v -0.850603 0.143651 0.621525
v -0.923720 0.143651 0.694861
v -0.923829 0.143651 0.621634
v -0.850493 0.143651 0.694751
vn -0.0015 -0.0000 -1.0000
vn 0.0010 0.7512 0.6601
vn 0.0015 -0.0000 1.0000
vn -0.0000 -1.0000 -0.0000
vn 1.0000 -0.0000 -0.0015
vn -1.0000 -0.0000 0.0015
vn -0.0000 1.0000 -0.0000
vn 0.6601 0.7512 -0.0010
vn -0.6601 0.7512 0.0010
vn -0.0010 0.7512 -0.6601
vn -0.7033 0.7109 0.0011
vn 0.7033 0.7109 -0.0011
vn 0.0011 0.7109 0.7033
vn -0.0013 -0.4613 -0.8873
vn -0.0012 -0.5859 -0.8104
vn -0.0011 -0.7109 -0.7033
vn 0.0012 0.5859 0.8104
vn 0.8104 0.5859 -0.0012
vn -0.8104 0.5859 0.0012
vn -0.8817 0.4718 0.0013
vn 0.8817 0.4718 -0.0013
vn 0.0013 0.4718 0.8817
vn 0.0013 0.4613 0.8873
vn 0.8873 0.4613 -0.0013
vn -0.8873 0.4613 0.0013
vn -0.0013 -0.4718 -0.8817
vn -0.8873 -0.4613 0.0013
vn 0.8873 -0.4613 -0.0013
vn 0.0013 -0.4613 0.8873
vn -0.0013 0.4613 -0.8873
vn -0.0011 0.7109 -0.7033
vn 0.0011 -0.7109 0.7033
vn 0.7033 -0.7109 -0.0011
vn -0.7033 -0.7109 0.0011
vn -0.8104 -0.5859 0.0012
vn 0.8104 -0.5859 -0.0012
vn 0.0012 -0.5859 0.8104
vn -0.0012 0.5859 -0.8104
vn -0.0013 0.4718 -0.8817
vn 0.0013 -0.4718 0.8817
vn 0.8817 -0.4718 -0.0013
vn -0.8817 -0.4718 0.0013
vt 0.471321 0.997258
vt 0.471321 0.810456
vt 0.518021 0.810456
vt 0.518021 0.997258
vt 0.161714 0.250051
vt 0.348516 0.250051
vt 0.261867 0.336700
vt 0.248364 0.336700
vt 0.564721 0.810456
vt 0.564721 0.997258
vt 0.492916 0.186802
vt 0.306114 0.186802
vt 0.306114 0.000000
vt 0.492916 0.000000
vt 0.954723 0.436852
vt 0.954723 0.623654
vt 0.908022 0.623654
vt 0.908022 0.436852
vt 0.954723 0.623654
vt 0.954723 0.810456
vt 0.908022 0.810456
vt 0.908022 0.623654
vt 0.261867 0.350203
vt 0.248364 0.350203
vt 0.348516 0.436852
vt 0.161714 0.436852
vt 0.379982 0.281517
vt 0.379982 0.405387
vt 0.348516 0.436852
vt 0.348516 0.250051
vt 0.503852 0.405387
vt 0.503852 0.281517
vt 0.535318 0.250051
vt 0.535318 0.436852
vt 0.332334 0.453035
vt 0.177897 0.453035
vt 0.161714 0.436852
vt 0.348516 0.436852
vt 0.611422 0.810456
vt 0.611422 0.997258
vt 0.955622 0.250051
vt 0.955622 0.436852
vt 0.908922 0.436852
vt 0.908922 0.250051
vt 0.471320 0.810456
vt 0.471320 0.997258
vt 0.424620 0.997258
vt 0.424620 0.810456
vt 0.512810 0.459360
vt 0.371024 0.459360
vt 0.348516 0.436852
vt 0.648252 0.031466
vt 0.524382 0.031466
vt 0.492916 0.000000
vt 0.679718 0.000000
vt 0.699612 0.272559
vt 0.557826 0.272559
vt 0.535318 0.250051
vt 0.722120 0.250051
vt 0.699612 0.414344
vt 0.722120 0.436852
vt 0.557826 0.414344
vt 0.658122 0.810456
vt 0.658122 0.997258
vt 0.551973 0.453507
vt 0.551973 0.606999
vt 0.535318 0.623654
vt 0.705465 0.606999
vt 0.705465 0.453507
vt 0.722120 0.623654
vt 0.332334 0.639836
vt 0.177897 0.639836
vt 0.161714 0.623654
vt 0.348516 0.623654
vt 0.332334 0.794274
vt 0.348516 0.810456
vt 0.177897 0.794274
vt 0.161714 0.810456
vt 0.518663 0.640309
vt 0.365171 0.640309
vt 0.348516 0.623654
vt 0.177897 0.607472
vt 0.332334 0.607472
vt 0.679718 0.186802
vt 0.492916 0.186802
vt 0.524382 0.155336
vt 0.648252 0.155336
vt 0.371024 0.601146
vt 0.512810 0.601146
vt 0.535318 0.810456
vt 0.348516 0.810456
vt 0.365171 0.793801
vt 0.518663 0.793801
s 0
usemtl button
f 19/1/1 17/2/1 4/3/1 3/4/1
f 8/5/2 7/6/2 11/7/2 12/8/2
f 28/4/3 26/3/3 6/9/3 5/10/3
f 5/11/4 6/12/4 2/13/4 1/14/4
f 25/15/5 28/16/5 5/17/5 1/18/5
f 26/19/6 27/20/6 2/21/6 6/22/6
f 9/23/7 10/24/7 12/8/7 11/7/7
f 7/6/8 3/25/8 9/23/8 11/7/8
f 4/26/9 8/5/9 12/8/9 10/24/9
f 3/25/10 4/26/10 10/24/10 9/23/10
f 38/27/11 39/28/11 14/29/11 16/30/11
f 37/31/12 40/32/12 15/33/12 13/34/12
f 40/32/13 38/27/13 16/30/13 15/33/13
f 35/35/14 33/36/14 14/37/14 13/38/14
f 7/10/3 8/9/3 20/39/3 18/40/3
f 3/41/5 7/42/5 18/43/5 19/44/5
f 8/45/6 4/46/6 17/47/6 20/48/6
f 43/49/15 41/50/15 17/51/15 19/34/15
f 37/52/16 39/53/16 23/54/16 21/55/16
f 42/56/17 44/57/17 22/58/17 24/59/17
f 43/60/18 42/56/18 24/59/18 21/61/18
f 44/57/19 41/62/19 23/34/19 22/58/19
f 1/40/1 2/39/1 27/63/1 25/64/1
f 46/65/20 47/66/20 27/67/20 26/34/20
f 45/68/21 48/69/21 28/61/21 25/70/21
f 48/69/22 46/65/22 26/34/22 28/61/22
f 34/71/23 36/72/23 32/73/23 30/74/23
f 35/75/24 34/71/24 30/74/24 31/76/24
f 36/72/25 33/77/25 29/78/25 32/73/25
f 45/79/26 47/80/26 29/81/26 31/67/26
f 16/73/27 14/37/27 33/36/27 36/82/27
f 13/38/28 15/74/28 34/83/28 35/35/28
f 15/74/29 16/73/29 36/82/29 34/83/29
f 31/76/30 29/78/30 33/77/30 35/75/30
f 13/34/31 14/29/31 39/28/31 37/31/31
f 24/84/32 22/85/32 38/86/32 40/87/32
f 21/55/33 24/84/33 40/87/33 37/52/33
f 22/85/34 23/54/34 39/53/34 38/86/34
f 20/81/35 17/51/35 41/50/35 44/88/35
f 19/34/36 18/67/36 42/89/36 43/49/36
f 18/67/37 20/81/37 44/88/37 42/89/37
f 21/61/38 23/34/38 41/62/38 43/60/38
f 25/70/39 27/67/39 47/66/39 45/68/39
f 30/90/40 32/91/40 46/92/40 48/93/40
f 31/67/41 30/90/41 48/93/41 45/79/41
f 32/91/42 29/81/42 47/80/42 46/92/42
o Cylinder.013
v -1.288207 -0.246045 0.378173
v -1.289336 -0.246045 -0.377044
v -1.280951 -0.319713 0.378162
v -1.282081 -0.319713 -0.377055
v -1.259463 -0.390549 0.378130
v -1.260593 -0.390549 -0.377087
v -1.224569 -0.455833 0.378078
v -1.225698 -0.455833 -0.377139
v -1.177608 -0.513054 0.378007
v -1.178737 -0.513054 -0.377209
v -1.120387 -0.560015 0.377922
v -1.121516 -0.560015 -0.377295
v -1.055103 -0.594910 0.377824
v -1.056232 -0.594910 -0.377392
v -0.984267 -0.616398 0.377718
v -0.985396 -0.616398 -0.377498
v -0.910599 -0.623653 0.377608
v -0.911728 -0.623653 -0.377608
v -0.836931 -0.616398 0.377498
v -0.838060 -0.616398 -0.377718
v -0.766094 -0.594910 0.377392
v -0.767224 -0.594910 -0.377824
v -0.700811 -0.560015 0.377295
v -0.701940 -0.560015 -0.377922
v -0.643590 -0.513054 0.377209
v -0.644719 -0.513054 -0.378007
v -0.596629 -0.455833 0.377139
v -0.597758 -0.455833 -0.378078
v -0.561734 -0.390549 0.377087
v -0.562864 -0.390549 -0.378130
v -0.540246 -0.319712 0.377055
v -0.541376 -0.319712 -0.378162
v -0.532991 -0.246045 0.377044
v -0.534120 -0.246045 -0.378173
v -0.540246 -0.172377 0.377055
v -0.541376 -0.172377 -0.378162
v -0.561734 -0.101540 0.377087
v -0.562864 -0.101540 -0.378130
v -0.596629 -0.036257 0.377139
v -0.597758 -0.036257 -0.378078
v -0.643590 0.020965 0.377209
v -0.644719 0.020965 -0.378007
v -0.700811 0.067925 0.377295
v -0.701940 0.067925 -0.377922
v -0.766095 0.102820 0.377392
v -0.767224 0.102820 -0.377824
v -0.836931 0.124308 0.377498
v -0.838060 0.124308 -0.377718
v -0.910599 0.131564 0.377608
v -0.911728 0.131564 -0.377608
v -0.984267 0.124308 0.377718
v -0.985396 0.124308 -0.377498
v -1.055103 0.102820 0.377824
v -1.056233 0.102820 -0.377392
v -1.120387 0.067925 0.377922
v -1.121516 0.067925 -0.377295
v -1.177608 0.020965 0.378007
v -1.178737 0.020965 -0.377209
v -1.224569 -0.036257 0.378078
v -1.225698 -0.036257 -0.377139
v -1.259463 -0.101540 0.378130
v -1.260593 -0.101540 -0.377087
v -1.280951 -0.172377 0.378162
v -1.282081 -0.172377 -0.377055
v -1.168642 -0.246045 -0.544228
v -1.163711 -0.296118 -0.544235
v -1.149105 -0.344266 -0.544257
v -1.125387 -0.388640 -0.544292
v -1.093467 -0.427534 -0.544340
v -1.054573 -0.459454 -0.544398
v -1.010199 -0.483172 -0.544465
v -0.962051 -0.497778 -0.544537
v -0.911978 -0.502710 -0.544611
v -0.861905 -0.497778 -0.544686
v -0.813756 -0.483172 -0.544758
v -0.769383 -0.459454 -0.544825
v -0.730488 -0.427534 -0.544883
v -0.698569 -0.388640 -0.544931
v -0.674851 -0.344266 -0.544966
v -0.660245 -0.296118 -0.544988
v -0.655313 -0.246045 -0.544995
v -0.660245 -0.195972 -0.544988
v -0.674851 -0.147823 -0.544966
v -0.698569 -0.103449 -0.544931
v -0.730489 -0.064555 -0.544883
v -0.769383 -0.032636 -0.544825
v -0.813757 -0.008917 -0.544758
v -0.861905 0.005688 -0.544686
v -0.911978 0.010620 -0.544611
v -0.962051 0.005688 -0.544537
v -1.010199 -0.008917 -0.544465
v -1.054573 -0.032636 -0.544398
v -1.093467 -0.064555 -0.544340
v -1.125387 -0.103449 -0.544292
v -1.149105 -0.147823 -0.544257
v -1.163711 -0.195972 -0.544235
v -1.055890 -0.246045 -0.633100
v -1.053128 -0.274095 -0.633105
v -1.044946 -0.301067 -0.633117
v -1.031659 -0.325925 -0.633137
v -1.013778 -0.347713 -0.633163
v -0.991990 -0.365593 -0.633196
v -0.967133 -0.378880 -0.633233
v -0.940160 -0.387062 -0.633273
v -0.912110 -0.389825 -0.633315
v -0.884060 -0.387062 -0.633357
v -0.857088 -0.378880 -0.633398
v -0.832231 -0.365593 -0.633435
v -0.810443 -0.347712 -0.633467
v -0.792562 -0.325925 -0.633494
v -0.779275 -0.301067 -0.633514
v -0.771093 -0.274095 -0.633526
v -0.768331 -0.246045 -0.633530
v -0.771093 -0.217995 -0.633526
v -0.779275 -0.191022 -0.633514
v -0.792562 -0.166165 -0.633494
v -0.810443 -0.144377 -0.633467
v -0.832231 -0.126496 -0.633435
v -0.857088 -0.113209 -0.633398
v -0.884060 -0.105027 -0.633357
v -0.912110 -0.102265 -0.633315
v -0.940160 -0.105027 -0.633273
v -0.967133 -0.113209 -0.633233
v -0.991990 -0.126496 -0.633196
v -1.013778 -0.144377 -0.633163
v -1.031659 -0.166165 -0.633137
v -1.044946 -0.191022 -0.633117
v -1.053128 -0.217995 -0.633105
v -1.028083 -0.246045 0.476841
v -1.025823 -0.268994 0.476838
v -1.019129 -0.291061 0.476828
v -1.008258 -0.311398 0.476811
v -0.993629 -0.329223 0.476789
v -0.975804 -0.343852 0.476763
v -0.955467 -0.354723 0.476732
v -0.933400 -0.361417 0.476699
v -0.910451 -0.363677 0.476665
v -0.887502 -0.361417 0.476631
v -0.865435 -0.354723 0.476598
v -0.845098 -0.343852 0.476567
v -0.827272 -0.329223 0.476541
v -0.812643 -0.311398 0.476519
v -0.801773 -0.291061 0.476503
v -0.795079 -0.268994 0.476493
v -0.792819 -0.246045 0.476489
v -0.795079 -0.223096 0.476493
v -0.801773 -0.201029 0.476503
v -0.812643 -0.180692 0.476519
v -0.827272 -0.162866 0.476541
v -0.845098 -0.148237 0.476567
v -0.865435 -0.137367 0.476598
v -0.887502 -0.130673 0.476631
v -0.910451 -0.128412 0.476665
v -0.933400 -0.130673 0.476699
v -0.955467 -0.137367 0.476732
v -0.975804 -0.148237 0.476763
v -0.993629 -0.162866 0.476789
v -1.008258 -0.180692 0.476811
v -1.019129 -0.201029 0.476828
v -1.025823 -0.223096 0.476838
v -1.028257 -0.246045 0.360729
v -1.025996 -0.268994 0.360726
v -1.019302 -0.291061 0.360716
v -1.008432 -0.311398 0.360700
v -0.993803 -0.329223 0.360678
v -0.975977 -0.343852 0.360651
v -0.955640 -0.354723 0.360621
v -0.933573 -0.361417 0.360588
v -0.910624 -0.363677 0.360554
v -0.887676 -0.361417 0.360519
v -0.865609 -0.354723 0.360486
v -0.845272 -0.343852 0.360456
v -0.827446 -0.329223 0.360429
v -0.812817 -0.311398 0.360407
v -0.801947 -0.291061 0.360391
v -0.795253 -0.268994 0.360381
v -0.792992 -0.246045 0.360378
v -0.795253 -0.223096 0.360381
v -0.801947 -0.201029 0.360391
v -0.812817 -0.180692 0.360407
v -0.827446 -0.162866 0.360429
v -0.845272 -0.148237 0.360456
v -0.865609 -0.137367 0.360486
v -0.887676 -0.130673 0.360519
v -0.910624 -0.128412 0.360554
v -0.933573 -0.130673 0.360588
v -0.955640 -0.137367 0.360621
v -0.975977 -0.148237 0.360651
v -0.993803 -0.162866 0.360678
v -1.008432 -0.180692 0.360700
v -1.019302 -0.201029 0.360716
v -1.025996 -0.223096 0.360726
vn -0.9952 -0.0980 0.0015
vn -0.9569 -0.2903 0.0014
vn -0.8819 -0.4714 0.0013
vn -0.7730 -0.6344 0.0012
vn -0.6344 -0.7730 0.0009
vn -0.4714 -0.8819 0.0007
vn -0.2903 -0.9569 0.0004
vn -0.0980 -0.9952 0.0001
vn 0.0980 -0.9952 -0.0001
vn 0.2903 -0.9569 -0.0004
vn 0.4714 -0.8819 -0.0007
vn 0.6344 -0.7730 -0.0009
vn 0.7730 -0.6344 -0.0012
vn 0.8819 -0.4714 -0.0013
vn 0.9569 -0.2903 -0.0014
vn 0.9952 -0.0980 -0.0015
vn 0.9952 0.0980 -0.0015
vn 0.9569 0.2903 -0.0014
vn 0.8819 0.4714 -0.0013
vn 0.7730 0.6344 -0.0012
vn 0.6344 0.7730 -0.0009
vn 0.4714 0.8819 -0.0007
vn 0.2903 0.9569 -0.0004
vn 0.0980 0.9952 -0.0001
vn -0.0980 0.9952 0.0001
vn -0.2903 0.9569 0.0004
vn -0.4714 0.8819 0.0007
vn -0.6344 0.7730 0.0009
vn -0.7730 0.6344 0.0012
vn -0.8819 0.4714 0.0013
vn -0.0804 -0.8074 -0.5846
vn -0.9569 0.2903 0.0014
vn -0.9952 0.0980 0.0015
vn -0.3544 0.0350 0.9344
vn 0.2910 0.5465 -0.7853
vn 0.8065 0.0795 -0.5859
vn -0.2364 0.7763 -0.5843
vn -0.6280 -0.5147 -0.5837
vn 0.6262 -0.5147 -0.5856
vn 0.3816 0.7155 -0.5853
vn -0.7772 0.2355 -0.5835
vn 0.0786 -0.8074 -0.5848
vn 0.7755 0.2355 -0.5858
vn -0.3833 0.7155 -0.5841
vn -0.5155 -0.6271 -0.5839
vn 0.7146 -0.3824 -0.5858
vn 0.2346 0.7763 -0.5850
vn -0.8082 -0.0795 -0.5835
vn -0.8082 0.0795 -0.5835
vn 0.2346 -0.7763 -0.5850
vn 0.7146 0.3824 -0.5858
vn -0.5155 0.6271 -0.5839
vn -0.3833 -0.7155 -0.5841
vn 0.7755 -0.2355 -0.5858
vn 0.0786 0.8074 -0.5848
vn -0.7772 -0.2355 -0.5835
vn 0.3816 -0.7155 -0.5853
vn 0.6262 0.5147 -0.5856
vn -0.6280 0.5147 -0.5837
vn -0.2364 -0.7763 -0.5843
vn 0.8065 -0.0795 -0.5859
vn -0.0804 0.8074 -0.5846
vn -0.7163 -0.3824 -0.5836
vn 0.5138 -0.6271 -0.5855
vn 0.5138 0.6271 -0.5855
vn -0.7163 0.3824 -0.5836
vn -0.0015 -0.0000 -1.0000
vn 0.0596 -0.6167 -0.7849
vn 0.1787 0.5930 -0.7851
vn 0.1787 -0.5930 -0.7851
vn 0.0596 0.6167 -0.7849
vn 0.2910 -0.5465 -0.7853
vn -0.0619 0.6167 -0.7847
vn 0.3920 -0.4790 -0.7854
vn -0.1811 0.5930 -0.7846
vn 0.4779 -0.3931 -0.7856
vn -0.2933 0.5465 -0.7844
vn 0.5454 -0.2921 -0.7857
vn -0.6179 -0.0607 -0.7839
vn -0.3943 0.4790 -0.7842
vn 0.5918 -0.1799 -0.7857
vn -0.5942 -0.1799 -0.7839
vn -0.4802 0.3931 -0.7841
vn 0.6155 -0.0607 -0.7858
vn -0.5477 -0.2921 -0.7840
vn -0.5477 0.2921 -0.7840
vn 0.6155 0.0607 -0.7858
vn -0.4802 -0.3931 -0.7841
vn -0.5942 0.1799 -0.7839
vn 0.5918 0.1799 -0.7857
vn -0.3943 -0.4790 -0.7842
vn -0.6179 0.0607 -0.7839
vn 0.5454 0.2921 -0.7857
vn -0.2933 -0.5465 -0.7844
vn 0.4779 0.3931 -0.7856
vn -0.1811 -0.5930 -0.7846
vn 0.3920 0.4790 -0.7854
vn -0.0619 -0.6167 -0.7847
vn 0.1052 -0.3422 0.9337
vn 0.3167 0.1686 0.9334
vn -0.2254 0.2764 0.9342
vn -0.1672 -0.3153 0.9341
vn 0.3436 -0.1038 0.9334
vn 0.0364 0.3558 0.9338
vn -0.3408 -0.1038 0.9344
vn 0.1699 -0.3153 0.9336
vn 0.2778 0.2268 0.9335
vn -0.2750 0.2268 0.9343
vn -0.1024 -0.3422 0.9340
vn 0.3572 -0.0350 0.9334
vn -0.0337 0.3558 0.9339
vn -0.3139 -0.1686 0.9344
vn 0.2282 -0.2764 0.9336
vn 0.2282 0.2764 0.9336
vn -0.3139 0.1686 0.9344
vn -0.0337 -0.3558 0.9339
vn 0.3572 0.0350 0.9334
vn -0.1024 0.3422 0.9340
vn -0.2750 -0.2268 0.9343
vn 0.2778 -0.2268 0.9335
vn 0.1699 0.3153 0.9336
vn -0.3408 0.1038 0.9344
vn 0.0364 -0.3558 0.9338
vn 0.3436 0.1038 0.9334
vn -0.1672 0.3153 0.9341
vn -0.2254 -0.2764 0.9342
vn 0.3167 -0.1686 0.9334
vn 0.1052 0.3422 0.9337
vn -0.3544 -0.0350 0.9344
vn 0.0015 -0.0000 1.0000
vt 0.086366 0.479754
vt 0.086366 0.292952
vt 0.103282 0.292952
vt 0.103282 0.479754
vt 0.118506 0.292952
vt 0.118506 0.479754
vt 0.131453 0.292952
vt 0.131453 0.479754
vt 0.000000 0.202099
vt 0.018056 0.069798
vt 0.031326 0.079534
vt 0.013269 0.211834
vt 0.046777 0.087423
vt 0.028721 0.219723
vt 0.063817 0.093162
vt 0.045760 0.225462
vt 0.081790 0.096532
vt 0.063733 0.228832
vt 0.100005 0.097403
vt 0.081949 0.229703
vt 0.117764 0.095741
vt 0.099707 0.228041
vt 0.134382 0.091609
vt 0.116326 0.223910
vt 0.161714 0.250051
vt 0.161714 0.063249
vt 0.174661 0.063249
vt 0.174661 0.250051
vt 0.189885 0.063249
vt 0.189885 0.250051
vt 0.206801 0.063249
vt 0.206801 0.250051
vt 0.224759 0.063249
vt 0.224759 0.250051
vt 0.243069 0.063249
vt 0.243069 0.250051
vt 0.261027 0.063249
vt 0.261027 0.250051
vt 0.277943 0.063249
vt 0.277943 0.250051
vt 0.293167 0.063249
vt 0.293167 0.250051
vt 0.306114 0.063249
vt 0.306114 0.250051
vt 0.000000 0.729804
vt 0.000000 0.543002
vt 0.015224 0.543002
vt 0.015224 0.729804
vt 0.032140 0.543002
vt 0.032140 0.729804
vt 0.050098 0.543002
vt 0.050098 0.729804
vt 0.068408 0.543002
vt 0.068408 0.729804
vt 0.086366 0.543002
vt 0.086366 0.729804
vt 0.103282 0.543002
vt 0.103282 0.729804
vt 0.118506 0.543002
vt 0.118506 0.729804
vt 0.131453 0.543002
vt 0.131453 0.729804
vt -0.000000 0.479754
vt -0.000000 0.292952
vt 0.015224 0.292952
vt 0.015224 0.479754
vt 0.032140 0.292952
vt 0.032140 0.479754
vt 0.050098 0.292952
vt 0.050098 0.479754
vt 0.087805 0.046446
vt 0.100187 0.047037
vt 0.068408 0.292952
vt 0.068408 0.479754
vt 0.770843 0.819563
vt 0.787690 0.812854
vt 0.804073 0.877541
vt 0.798825 0.879631
vt 0.312500 1.000000
vt 0.343750 1.000000
vt 0.252343 0.021941
vt 0.263841 0.021941
vt 0.089180 0.501694
vt 0.099528 0.501694
vt 0.044485 0.028275
vt 0.053504 0.034892
vt 0.203987 0.021941
vt 0.215485 0.021941
vt 0.040824 0.501694
vt 0.053030 0.501694
vt 0.053030 0.251644
vt 0.065476 0.251644
vt 0.112257 0.045908
vt 0.274189 0.021941
vt 0.108328 0.501694
vt 0.064007 0.040254
vt 0.227692 0.021941
vt 0.065476 0.501694
vt 0.077682 0.251644
vt 0.089180 0.251644
vt 0.123553 0.043100
vt 0.282989 0.021941
vt 0.018978 0.251644
vt 0.029326 0.251644
vt 0.075589 0.044155
vt 0.240137 0.021941
vt 0.077682 0.501694
vt 0.007479 0.058591
vt 0.000000 0.046343
vt 0.032212 0.012332
vt 0.037296 0.020657
vt 0.149223 0.085168
vt 0.133641 0.038722
vt 0.018978 0.501694
vt 0.029326 0.501694
vt 0.040824 0.251644
vt 0.161714 0.076664
vt 0.142131 0.032941
vt 0.296822 0.485388
vt 0.250000 0.490000
vt 0.203178 0.485388
vt 0.158156 0.471731
vt 0.116663 0.449553
vt 0.080294 0.419706
vt 0.050447 0.383337
vt 0.028269 0.341844
vt 0.014612 0.296822
vt 0.010000 0.250000
vt 0.014612 0.203178
vt 0.028269 0.158156
vt 0.050447 0.116663
vt 0.080294 0.080294
vt 0.116663 0.050447
vt 0.158156 0.028269
vt 0.203178 0.014612
vt 0.250000 0.010000
vt 0.296822 0.014612
vt 0.341844 0.028269
vt 0.383337 0.050447
vt 0.419706 0.080294
vt 0.449553 0.116663
vt 0.471731 0.158156
vt 0.485388 0.203178
vt 0.490000 0.250000
vt 0.485388 0.296822
vt 0.471731 0.341844
vt 0.449553 0.383337
vt 0.419706 0.419706
vt 0.383337 0.449553
vt 0.341844 0.471731
vt 0.098750 0.011795
vt 0.105512 0.011162
vt 0.055767 0.479754
vt 0.062739 0.479754
vt 0.111840 0.009589
vt 0.069577 0.479754
vt 0.117491 0.007137
vt 0.076018 0.479754
vt 0.122247 0.003899
vt 0.081814 0.479754
vt 0.148699 0.025981
vt 0.125926 0.000000
vt 0.156250 1.000000
vt 0.187500 1.000000
vt 0.562500 1.000000
vt 0.593750 1.000000
vt 0.968750 1.000000
vt 1.000000 1.000000
vt 0.125000 1.000000
vt 0.531250 1.000000
vt 0.937500 1.000000
vt 0.093750 1.000000
vt 0.500000 1.000000
vt 0.906250 1.000000
vt 0.048929 0.229703
vt 0.055767 0.229703
vt 0.468750 1.000000
vt 0.875000 1.000000
vt 0.062739 0.229703
vt 0.250679 -0.000000
vt 0.256476 -0.000000
vt 0.843750 1.000000
vt 0.069577 0.229703
vt 0.010178 0.501694
vt 0.031762 0.479754
vt 0.036691 0.479754
vt 0.078483 0.007995
vt 0.084971 0.010181
vt 0.042488 0.479754
vt 0.091814 0.011464
vt 0.375000 1.000000
vt 0.968750 0.500000
vt 0.937500 0.500000
vt 0.718750 0.500000
vt 0.687500 0.500000
vt 0.805575 0.993463
vt 0.787690 0.989693
vt 0.804073 0.932630
vt 0.809645 0.933804
vt 0.725677 0.873632
vt 0.732656 0.856989
vt 0.786929 0.891290
vt 0.784755 0.896474
vt 0.873705 0.830986
vt 0.886599 0.843964
vt 0.834885 0.887232
vt 0.830868 0.883189
vt 0.873705 0.973835
vt 0.858543 0.983698
vt 0.826145 0.930762
vt 0.830868 0.927690
vt 0.732656 0.944102
vt 0.725677 0.927275
vt 0.784755 0.913185
vt 0.786929 0.918427
vt 0.805575 0.809557
vt 0.823811 0.809798
vt 0.815325 0.876589
vt 0.809645 0.876514
vt 0.656250 0.500000
vt 0.770843 0.982538
vt 0.798825 0.930401
vt 0.742787 0.842063
vt 0.790085 0.886640
vt 0.896730 0.859159
vt 0.838041 0.891966
vt 0.841695 0.990407
vt 0.820897 0.932852
vt 0.722120 0.909463
vt 0.783647 0.907636
vt 0.841695 0.813568
vt 0.820897 0.877763
vt 0.625000 0.500000
vt 0.755681 0.972275
vt 0.794102 0.927204
vt 0.755681 0.829425
vt 0.794102 0.882703
vt 0.781250 0.500000
vt 0.750000 0.500000
vt 0.823811 0.993704
vt 0.815325 0.933879
vt 0.722120 0.891350
vt 0.783647 0.901994
vt 0.858543 0.820722
vt 0.826145 0.879992
vt 0.896730 0.946271
vt 0.886599 0.961198
vt 0.834885 0.923753
vt 0.838041 0.919103
vt 0.742787 0.959296
vt 0.790085 0.923161
vt 0.750000 0.490000
vt 0.796822 0.485388
vt 0.841844 0.471731
vt 0.883337 0.449553
vt 0.919706 0.419706
vt 0.949553 0.383337
vt 0.971731 0.341844
vt 0.985388 0.296822
vt 0.990000 0.250000
vt 0.985388 0.203178
vt 0.971731 0.158156
vt 0.949553 0.116663
vt 0.919706 0.080294
vt 0.883337 0.050447
vt 0.841844 0.028269
vt 0.796822 0.014612
vt 0.750000 0.010000
vt 0.703178 0.014612
vt 0.658156 0.028269
vt 0.616663 0.050447
vt 0.580294 0.080294
vt 0.550447 0.116663
vt 0.528269 0.158156
vt 0.514612 0.203178
vt 0.510000 0.250000
vt 0.514612 0.296822
vt 0.528269 0.341844
vt 0.550447 0.383337
vt 0.580294 0.419706
vt 0.616663 0.449553
vt 0.658156 0.471731
vt 0.703178 0.485388
vt 0.125000 0.500000
vt 0.093750 0.500000
vt 0.306114 0.202408
vt 0.306114 0.196814
vt 0.334834 0.196814
vt 0.334834 0.202408
vt 0.906250 0.500000
vt 0.062500 0.500000
vt 0.306114 0.191544
vt 0.334834 0.191544
vt 0.875000 0.500000
vt 0.031250 0.500000
vt 0.306114 0.186802
vt 0.334834 0.186802
vt 0.843750 0.500000
vt 0.000000 0.500000
vt 0.437500 0.500000
vt 0.406250 0.500000
vt 0.812500 0.500000
vt 0.375000 0.500000
vt 0.343750 0.500000
vt 0.312500 0.500000
vt 0.281250 0.500000
vt 0.250000 0.500000
vt 0.218750 0.500000
vt 0.187500 0.500000
vt 0.306114 0.218976
vt 0.306114 0.213706
vt 0.334834 0.213706
vt 0.334834 0.218976
vt 0.156250 0.500000
vt 0.306114 0.208112
vt 0.334834 0.208112
vt 1.000000 0.500000
s 0
usemtl Circle
f 49/94/43 50/95/43 52/96/43 51/97/43
f 51/97/44 52/96/44 54/98/44 53/99/44
f 53/99/45 54/98/45 56/100/45 55/101/45
f 55/102/46 56/103/46 58/104/46 57/105/46
f 57/105/47 58/104/47 60/106/47 59/107/47
f 59/107/48 60/106/48 62/108/48 61/109/48
f 61/109/49 62/108/49 64/110/49 63/111/49
f 63/111/50 64/110/50 66/112/50 65/113/50
f 65/113/51 66/112/51 68/114/51 67/115/51
f 67/115/52 68/114/52 70/116/52 69/117/52
f 69/118/53 70/119/53 72/120/53 71/121/53
f 71/121/54 72/120/54 74/122/54 73/123/54
f 73/123/55 74/122/55 76/124/55 75/125/55
f 75/125/56 76/124/56 78/126/56 77/127/56
f 77/127/57 78/126/57 80/128/57 79/129/57
f 79/129/58 80/128/58 82/130/58 81/131/58
f 81/131/59 82/130/59 84/132/59 83/133/59
f 83/133/60 84/132/60 86/134/60 85/135/60
f 85/135/61 86/134/61 88/136/61 87/137/61
f 87/138/62 88/139/62 90/140/62 89/141/62
f 89/141/63 90/140/63 92/142/63 91/143/63
f 91/143/64 92/142/64 94/144/64 93/145/64
f 93/145/65 94/144/65 96/146/65 95/147/65
f 95/147/66 96/146/66 98/148/66 97/149/66
f 97/149/67 98/148/67 100/150/67 99/151/67
f 99/151/68 100/150/68 102/152/68 101/153/68
f 101/153/69 102/152/69 104/154/69 103/155/69
f 103/156/70 104/157/70 106/158/70 105/159/70
f 105/159/71 106/158/71 108/160/71 107/161/71
f 107/161/72 108/160/72 110/162/72 109/163/72
f 66/112/73 64/110/73 120/164/73 121/165/73
f 109/163/74 110/162/74 112/166/74 111/167/74
f 111/167/75 112/166/75 50/95/75 49/94/75
f 111/168/76 49/169/76 177/170/76 208/171/76
f 135/172/77 134/173/77 166/173/77 167/172/77
f 84/132/78 82/130/78 129/174/78 130/175/78
f 102/152/79 100/150/79 138/176/79 139/177/79
f 58/104/80 56/103/80 116/178/80 117/179/80
f 76/124/81 74/122/81 125/180/81 126/181/81
f 94/144/82 92/142/82 134/182/82 135/183/82
f 112/166/83 110/162/83 143/184/83 144/185/83
f 68/114/84 66/112/84 121/165/84 122/186/84
f 86/134/85 84/132/85 130/175/85 131/187/85
f 104/154/86 102/152/86 139/177/86 140/188/86
f 60/106/87 58/104/87 117/179/87 118/189/87
f 78/126/88 76/124/88 126/181/88 127/190/88
f 96/146/89 94/144/89 135/183/89 136/191/89
f 52/96/90 50/95/90 113/192/90 114/193/90
f 50/95/91 112/166/91 144/185/91 113/192/91
f 70/116/92 68/114/92 122/186/92 123/194/92
f 88/136/93 86/134/93 131/187/93 132/195/93
f 106/158/94 104/157/94 140/196/94 141/197/94
f 62/108/95 60/106/95 118/189/95 119/198/95
f 80/128/96 78/126/96 127/190/96 128/199/96
f 98/148/97 96/146/97 136/191/97 137/200/97
f 54/201/98 52/202/98 114/203/98 115/204/98
f 72/205/99 70/116/99 123/194/99 124/206/99
f 90/140/100 88/139/100 132/207/100 133/208/100
f 108/160/101 106/158/101 141/197/101 142/209/101
f 64/110/102 62/108/102 119/198/102 120/164/102
f 82/130/103 80/128/103 128/199/103 129/174/103
f 100/150/104 98/148/104 137/200/104 138/176/104
f 56/103/105 54/201/105 115/204/105 116/178/105
f 74/210/106 72/205/106 124/206/106 125/211/106
f 92/142/107 90/140/107 133/208/107 134/182/107
f 110/162/108 108/160/108 142/209/108 143/184/108
f 146/212/109 145/213/109 176/214/109 175/215/109 174/216/109 173/217/109 172/218/109 171/219/109 170/220/109 169/221/109 168/222/109 167/223/109 166/224/109 165/225/109 164/226/109 163/227/109 162/228/109 161/229/109 160/230/109 159/231/109 158/232/109 157/233/109 156/234/109 155/235/109 154/236/109 153/237/109 152/238/109 151/239/109 150/240/109 149/241/109 148/242/109 147/243/109
f 122/186/110 121/165/110 153/244/110 154/245/110
f 136/191/111 135/183/111 167/246/111 168/247/111
f 123/194/112 122/186/112 154/245/112 155/248/112
f 137/200/113 136/191/113 168/247/113 169/249/113
f 124/206/114 123/194/114 155/248/114 156/250/114
f 138/176/115 137/200/115 169/249/115 170/251/115
f 125/211/116 124/206/116 156/250/116 157/252/116
f 139/177/117 138/176/117 170/251/117 171/253/117
f 126/254/118 125/211/118 157/252/118 158/255/118
f 140/256/119 139/257/119 171/257/119 172/256/119
f 127/258/120 126/259/120 158/259/120 159/258/120
f 114/260/121 113/261/121 145/261/121 146/260/121
f 141/262/122 140/256/122 172/256/122 173/262/122
f 128/263/123 127/258/123 159/258/123 160/263/123
f 115/264/124 114/260/124 146/260/124 147/264/124
f 142/265/125 141/262/125 173/262/125 174/265/125
f 129/266/126 128/263/126 160/263/126 161/266/126
f 116/267/127 115/264/127 147/264/127 148/267/127
f 143/184/128 142/209/128 174/268/128 175/269/128
f 130/270/129 129/266/129 161/266/129 162/270/129
f 117/271/130 116/267/130 148/267/130 149/271/130
f 144/185/131 143/184/131 175/269/131 176/272/131
f 131/187/132 130/175/132 162/273/132 163/274/132
f 118/275/133 117/271/133 149/271/133 150/275/133
f 113/192/134 144/185/134 176/272/134 145/276/134
f 132/207/135 131/277/135 163/278/135 164/279/135
f 119/198/136 118/189/136 150/280/136 151/281/136
f 133/208/137 132/207/137 164/279/137 165/282/137
f 120/164/138 119/198/138 151/281/138 152/283/138
f 134/173/139 133/284/139 165/284/139 166/173/139
f 121/165/140 120/164/140 152/283/140 153/244/140
f 178/285/60 179/286/60 211/286/60 210/285/60
f 67/287/141 69/288/141 187/288/141 186/287/141
f 85/289/142 87/290/142 196/291/142 195/292/142
f 103/293/143 105/294/143 205/295/143 204/296/143
f 59/297/144 61/298/144 183/299/144 182/300/144
f 77/301/145 79/302/145 192/303/145 191/304/145
f 95/305/146 97/306/146 201/307/146 200/308/146
f 51/309/147 53/310/147 179/311/147 178/312/147
f 69/288/148 71/313/148 188/313/148 187/288/148
f 87/290/149 89/314/149 197/315/149 196/291/149
f 105/294/150 107/316/150 206/317/150 205/295/150
f 61/298/151 63/318/151 184/319/151 183/299/151
f 79/302/152 81/320/152 193/321/152 192/303/152
f 97/306/153 99/322/153 202/323/153 201/307/153
f 53/310/154 55/324/154 180/325/154 179/311/154
f 71/313/155 73/326/155 189/326/155 188/313/155
f 89/314/156 91/327/156 198/328/156 197/315/156
f 107/316/157 109/329/157 207/330/157 206/317/157
f 63/331/158 65/332/158 185/332/158 184/331/158
f 81/320/159 83/333/159 194/334/159 193/321/159
f 99/322/160 101/335/160 203/336/160 202/323/160
f 55/324/161 57/337/161 181/338/161 180/325/161
f 73/339/162 75/340/162 190/341/162 189/342/162
f 91/327/163 93/343/163 199/344/163 198/328/163
f 109/329/164 111/168/164 208/171/164 207/330/164
f 65/332/165 67/287/165 186/287/165 185/332/165
f 83/333/166 85/289/166 195/292/166 194/334/166
f 101/335/167 103/293/167 204/296/167 203/336/167
f 57/337/168 59/297/168 182/300/168 181/338/168
f 75/340/169 77/301/169 191/304/169 190/341/169
f 93/343/170 95/305/170 200/308/170 199/344/170
f 49/169/171 51/309/171 178/312/171 177/170/171
f 209/345/172 210/346/172 211/347/172 212/348/172 213/349/172 214/350/172 215/351/172 216/352/172 217/353/172 218/354/172 219/355/172 220/356/172 221/357/172 222/358/172 223/359/172 224/360/172 225/361/172 226/362/172 227/363/172 228/364/172 229/365/172 230/366/172 231/367/172 232/368/172 233/369/172 234/370/172 235/371/172 236/372/172 237/373/172 238/374/172 239/375/172 240/376/172
f 205/377/55 206/378/55 238/378/55 237/377/55
f 192/379/75 193/380/75 225/381/75 224/382/75
f 179/286/61 180/383/61 212/383/61 211/286/61
f 206/378/56 207/384/56 239/384/56 238/378/56
f 193/380/43 194/385/43 226/386/43 225/381/43
f 180/383/62 181/387/62 213/387/62 212/383/62
f 207/384/57 208/388/57 240/388/57 239/384/57
f 194/385/44 195/389/44 227/390/44 226/386/44
f 181/387/63 182/391/63 214/391/63 213/387/63
f 208/388/58 177/392/58 209/392/58 240/388/58
f 195/393/45 196/394/45 228/394/45 227/393/45
f 182/391/64 183/395/64 215/395/64 214/391/64
f 196/394/46 197/396/46 229/396/46 228/394/46
f 183/395/65 184/331/65 216/331/65 215/395/65
f 197/396/47 198/397/47 230/397/47 229/396/47
f 184/331/66 185/332/66 217/332/66 216/331/66
f 198/397/48 199/398/48 231/398/48 230/397/48
f 185/332/67 186/287/67 218/287/67 217/332/67
f 199/398/49 200/399/49 232/399/49 231/398/49
f 186/287/68 187/288/68 219/288/68 218/287/68
f 200/399/50 201/400/50 233/400/50 232/399/50
f 187/288/69 188/313/69 220/313/69 219/288/69
f 201/400/51 202/401/51 234/401/51 233/400/51
f 188/313/70 189/326/70 221/326/70 220/313/70
f 202/401/52 203/402/52 235/402/52 234/401/52
f 189/403/71 190/404/71 222/405/71 221/406/71
f 203/402/53 204/407/53 236/407/53 235/402/53
f 190/404/72 191/408/72 223/409/72 222/405/72
f 177/410/59 178/285/59 210/285/59 209/410/59
f 204/407/54 205/377/54 237/377/54 236/407/54
f 191/408/74 192/379/74 224/382/74 223/409/74
o Cube.001
v -0.835816 -0.160932 0.419768
v -0.835861 -0.097061 0.389985
v -0.835390 -0.027947 0.704954
v -0.835465 -0.028313 0.654714
v -0.935621 -0.160932 0.419917
v -0.935666 -0.097061 0.390134
v -0.935195 -0.027947 0.705103
v -0.935270 -0.028313 0.654863
vn 1.0000 -0.0000 -0.0015
vn -0.0000 1.0000 -0.0073
vn -1.0000 -0.0000 0.0015
vn -0.0014 -0.4226 -0.9063
vn 0.0006 -0.9063 0.4226
vn -0.0004 0.9679 -0.2514
vt 0.375000 0.000000
vt 0.625000 0.000000
vt 0.625000 0.250000
vt 0.375000 0.250000
vt 0.722120 0.810456
vt 0.535318 0.810456
vt 0.535318 0.623654
vt 0.722120 0.623654
vt 0.375000 0.500000
vt 0.625000 0.500000
vt 0.625000 0.750000
vt 0.375000 0.750000
vt 0.625000 1.000000
vt 0.375000 1.000000
vt 0.866520 0.000000
vt 0.866520 0.186802
vt 0.679718 0.186802
vt 0.679718 0.000000
vt 0.875000 0.500000
vt 0.875000 0.750000
s 0
usemtl Handel2
f 241/411/173 242/412/173 244/413/173 243/414/173
f 243/415/174 244/416/174 248/417/174 247/418/174
f 247/419/175 248/420/175 246/421/175 245/422/175
f 245/422/176 246/421/176 242/423/176 241/424/176
f 243/425/177 247/426/177 245/427/177 241/428/177
f 248/420/178 244/429/178 242/430/178 246/421/178
o Cube.002
v -0.837610 -0.029279 0.358228
v -0.837610 0.070721 0.358228
v -0.837088 -0.029279 0.707497
v -0.837088 0.070721 0.707497
v -0.937610 -0.029279 0.358378
v -0.937610 0.070721 0.358378
v -0.937087 -0.029279 0.707646
v -0.937087 0.070721 0.707646
vn 1.0000 -0.0000 -0.0015
vn 0.0015 -0.0000 1.0000
vn -1.0000 -0.0000 0.0015
vn -0.0015 -0.0000 -1.0000
vn -0.0000 -1.0000 -0.0000
vn -0.0000 1.0000 -0.0000
vt 0.375000 0.000000
vt 0.625000 0.000000
vt 0.625000 0.250000
vt 0.375000 0.250000
vt 0.908922 0.436852
vt 0.722120 0.436852
vt 0.722120 0.250051
vt 0.908922 0.250051
vt 0.375000 0.500000
vt 0.625000 0.500000
vt 0.625000 0.750000
vt 0.375000 0.750000
vt 0.625000 1.000000
vt 0.375000 1.000000
vt 0.125000 0.500000
vt 0.125000 0.750000
vt 0.875000 0.500000
vt 0.875000 0.750000
s 0
usemtl Handel2
f 249/431/179 250/432/179 252/433/179 251/434/179
f 251/435/180 252/436/180 256/437/180 255/438/180
f 255/439/181 256/440/181 254/441/181 253/442/181
f 253/442/182 254/441/182 250/443/182 249/444/182
f 251/445/183 255/439/183 253/442/183 249/446/183
f 256/440/184 252/447/184 250/448/184 254/441/184
o Cylinder.001
v -1.068985 -0.246045 -2.490197
v -1.069867 -0.255000 -2.490196
v -1.064795 -0.246045 0.311379
v -1.069867 -0.237090 -2.490196
v -1.072479 -0.228479 -2.490192
v -1.065677 -0.237090 0.311381
v -1.068289 -0.228479 0.311385
v -1.072531 -0.220543 0.311391
v -1.078240 -0.213587 0.311399
v -1.076721 -0.220543 -2.490185
v -1.082429 -0.213587 -2.490177
v -1.089385 -0.207878 -2.490167
v -1.097321 -0.203636 -2.490155
v -1.085196 -0.207878 0.311410
v -1.093132 -0.203636 0.311422
v -1.101743 -0.201024 0.311435
v -1.110698 -0.200142 0.311448
v -1.105932 -0.201024 -2.490142
v -1.114888 -0.200142 -2.490129
v -1.123843 -0.201024 -2.490115
v -1.132454 -0.203636 -2.490102
v -1.119654 -0.201024 0.311461
v -1.121604 -0.212279 -2.490118
v -1.128062 -0.214238 -2.490109
v -1.114888 -0.211618 -2.490129
v -1.117415 -0.212279 0.311458
v -1.123873 -0.214238 0.311468
v -1.110698 -0.211618 0.311448
v -1.103982 -0.212279 0.311438
v -1.097524 -0.214238 0.311428
v -1.108171 -0.212279 -2.490139
v -1.101713 -0.214238 -2.490148
v -1.095761 -0.217420 -2.490157
v -1.090544 -0.221701 -2.490165
v -1.091572 -0.217420 0.311419
v -1.086355 -0.221701 0.311412
v -1.082073 -0.226918 0.311405
v -1.078892 -0.232870 0.311400
v -1.086262 -0.226918 -2.490171
v -1.083081 -0.232870 -2.490176
v -1.081122 -0.239329 -2.490179
v -1.080460 -0.246045 -2.490180
v -1.076933 -0.239329 0.311397
v -1.076271 -0.246045 0.311397
v -1.076933 -0.252761 0.311397
v -1.078892 -0.259220 0.311400
v -1.081122 -0.252761 -2.490179
v -1.083081 -0.259220 -2.490176
v -1.086262 -0.265172 -2.490171
v -1.090544 -0.270389 -2.490165
v -1.082073 -0.265172 0.311405
v -1.086355 -0.270389 0.311412
v -1.091572 -0.274670 0.311419
v -1.097524 -0.277852 0.311428
v -1.095761 -0.274670 -2.490157
v -1.101713 -0.277852 -2.490148
v -1.108171 -0.279811 -2.490139
v -1.114888 -0.280472 -2.490129
v -1.105932 -0.291066 -2.490142
v -1.103982 -0.279811 0.311438
v -1.110698 -0.280472 0.311448
v -1.117415 -0.279811 0.311458
v -1.123873 -0.277852 0.311468
v -1.121604 -0.279811 -2.490118
v -1.128062 -0.277852 -2.490109
v -1.134015 -0.274670 -2.490100
v -1.139232 -0.270389 -2.490092
v -1.129825 -0.274670 0.311477
v -1.135042 -0.270389 0.311484
v -1.139324 -0.265172 0.311491
v -1.142505 -0.259220 0.311496
v -1.143513 -0.265172 -2.490086
v -1.146694 -0.259220 -2.490081
v -1.148654 -0.252761 -2.490078
v -1.149315 -0.246045 -2.490077
v -1.144464 -0.252761 0.311498
v -1.145126 -0.246045 0.311499
v -1.144464 -0.239329 0.311498
v -1.142505 -0.232870 0.311496
v -1.148654 -0.239329 -2.490078
v -1.146694 -0.232870 -2.490081
v -1.143513 -0.226918 -2.490086
v -1.139232 -0.221701 -2.490092
v -1.139324 -0.226918 0.311491
v -1.135042 -0.221701 0.311484
v -1.129825 -0.217420 0.311477
v -1.134015 -0.217420 -2.490100
v -1.128265 -0.288454 0.311474
v -1.119654 -0.291066 0.311461
v -1.132454 -0.288454 -2.490102
v -1.136201 -0.284212 0.311486
v -1.140390 -0.284212 -2.490090
v -1.143157 -0.278503 0.311497
v -1.147346 -0.278503 -2.490080
v -1.148865 -0.271547 0.311505
v -1.153055 -0.271547 -2.490071
v -1.153107 -0.263611 0.311511
v -1.157297 -0.263611 -2.490065
v -1.155720 -0.255000 0.311515
v -1.159909 -0.255000 -2.490061
v -1.156601 -0.246045 0.311517
v -1.160791 -0.246045 -2.490060
v -1.155720 -0.237090 0.311515
v -1.159909 -0.237090 -2.490061
v -1.153107 -0.228479 0.311511
v -1.157297 -0.228479 -2.490065
v -1.148865 -0.220543 0.311505
v -1.153055 -0.220543 -2.490071
v -1.143157 -0.213587 0.311497
v -1.147346 -0.213587 -2.490080
v -1.136201 -0.207878 0.311486
v -1.140390 -0.207878 -2.490090
v -1.128265 -0.203636 0.311474
v -1.123843 -0.291066 -2.490115
v -1.114888 -0.291948 -2.490129
v -1.110698 -0.291948 0.311448
v -1.101743 -0.291066 0.311435
v -1.093132 -0.288454 0.311422
v -1.085196 -0.284212 0.311410
v -1.097321 -0.288454 -2.490155
v -1.089385 -0.284212 -2.490167
v -1.082429 -0.278503 -2.490177
v -1.076721 -0.271547 -2.490185
v -1.078240 -0.278503 0.311399
v -1.072531 -0.271547 0.311391
v -1.068289 -0.263611 0.311385
v -1.065677 -0.255000 0.311381
v -1.072479 -0.263611 -2.490192
vn -0.0015 -0.0000 -1.0000
vn 0.9952 -0.0980 -0.0015
vn 0.9952 0.0980 -0.0015
vn 0.9569 0.2903 -0.0014
vn 0.0015 -0.0000 1.0000
vn 0.8819 0.4714 -0.0013
vn 0.7730 0.6344 -0.0012
vn 0.6344 0.7730 -0.0009
vn 0.4714 0.8819 -0.0007
vn 0.2903 0.9569 -0.0004
vn 0.0980 0.9952 -0.0001
vn -0.0980 0.9952 0.0001
vn -0.2903 0.9569 0.0004
vn 0.2903 -0.9569 -0.0004
vn 0.0980 -0.9952 -0.0001
vn -0.0980 -0.9952 0.0001
vn -0.2903 -0.9569 0.0004
vn -0.4714 -0.8819 0.0007
vn -0.6344 -0.7730 0.0009
vn -0.7730 -0.6344 0.0012
vn -0.8819 -0.4714 0.0013
vn -0.9569 -0.2903 0.0014
vn -0.9952 -0.0980 0.0015
vn -0.9952 0.0980 0.0015
vn -0.9569 0.2903 0.0014
vn -0.8819 0.4714 0.0013
vn -0.7730 0.6344 0.0012
vn -0.6344 0.7730 0.0009
vn -0.4714 0.8819 0.0007
vn 0.9569 -0.2903 -0.0014
vn 0.8819 -0.4714 -0.0013
vn 0.7730 -0.6344 -0.0012
vn 0.6344 -0.7730 -0.0009
vn 0.4714 -0.8819 -0.0007
vt 0.362123 0.222494
vt 0.362123 0.218976
vt 0.364868 0.219246
vt 0.367508 0.220047
vt 0.369940 0.221347
vt 0.372072 0.223097
vt 0.373822 0.225229
vt 0.375122 0.227662
vt 0.375923 0.230301
vt 0.376193 0.233046
vt 0.375923 0.235791
vt 0.375122 0.238430
vt 0.373822 0.240863
vt 0.372072 0.242995
vt 0.369940 0.244745
vt 0.367508 0.246045
vt 0.364868 0.246846
vt 0.362123 0.247116
vt 0.362123 0.243599
vt 0.364182 0.243396
vt 0.366162 0.242795
vt 0.367986 0.241820
vt 0.369585 0.240508
vt 0.370897 0.238909
vt 0.371873 0.237084
vt 0.372473 0.235105
vt 0.372676 0.233046
vt 0.372473 0.230987
vt 0.371873 0.229008
vt 0.370897 0.227183
vt 0.369585 0.225584
vt 0.367986 0.224272
vt 0.366162 0.223297
vt 0.364182 0.222696
vt 1.000000 0.500000
vt 1.000000 1.000000
vt 0.968750 1.000000
vt 0.968750 0.500000
vt 0.031250 0.500000
vt 0.031250 1.000000
vt 0.000000 1.000000
vt 0.000000 0.500000
vt 0.062500 0.500000
vt 0.062500 1.000000
vt 0.399665 0.350003
vt 0.416298 0.318883
vt 0.471731 0.341844
vt 0.449553 0.383337
vt 0.419706 0.419706
vt 0.383337 0.449553
vt 0.341844 0.471731
vt 0.296822 0.485388
vt 0.250000 0.490000
vt 0.203178 0.485388
vt 0.158156 0.471731
vt 0.116663 0.449553
vt 0.080294 0.419706
vt 0.050447 0.383337
vt 0.028269 0.341844
vt 0.014612 0.296822
vt 0.010000 0.250000
vt 0.014612 0.203178
vt 0.028269 0.158156
vt 0.050447 0.116663
vt 0.080294 0.080294
vt 0.116663 0.050447
vt 0.158156 0.028269
vt 0.203178 0.014612
vt 0.250000 0.010000
vt 0.296822 0.014612
vt 0.341844 0.028269
vt 0.383337 0.050447
vt 0.419706 0.080294
vt 0.449553 0.116663
vt 0.471731 0.158156
vt 0.416298 0.181117
vt 0.399665 0.149997
vt 0.377279 0.122721
vt 0.350003 0.100335
vt 0.318883 0.083702
vt 0.285116 0.073459
vt 0.250000 0.070000
vt 0.214884 0.073459
vt 0.181117 0.083702
vt 0.149997 0.100335
vt 0.122721 0.122721
vt 0.100335 0.149997
vt 0.083702 0.181117
vt 0.073459 0.214884
vt 0.070000 0.250000
vt 0.073459 0.285116
vt 0.083702 0.318883
vt 0.100335 0.350003
vt 0.122721 0.377279
vt 0.149997 0.399665
vt 0.181117 0.416298
vt 0.214884 0.426541
vt 0.250000 0.430000
vt 0.285116 0.426541
vt 0.318883 0.416298
vt 0.350003 0.399665
vt 0.377279 0.377279
vt 0.093750 0.500000
vt 0.093750 1.000000
vt 0.125000 0.500000
vt 0.125000 1.000000
vt 0.156250 0.500000
vt 0.156250 1.000000
vt 0.187500 0.500000
vt 0.187500 1.000000
vt 0.218750 0.500000
vt 0.218750 1.000000
vt 0.250000 0.500000
vt 0.250000 1.000000
vt 0.281250 0.500000
vt 0.281250 1.000000
vt 0.312500 0.500000
vt 0.312500 1.000000
vt 0.937500 0.500000
vt 0.937500 1.000000
vt 0.906250 0.500000
vt 0.906250 1.000000
vt 0.875000 0.500000
vt 0.875000 1.000000
vt 0.843750 1.000000
vt 0.843750 0.500000
vt 0.812500 1.000000
vt 0.812500 0.500000
vt 0.781250 1.000000
vt 0.781250 0.500000
vt 0.750000 0.500000
vt 0.750000 1.000000
vt 0.485388 0.203178
vt 0.490000 0.250000
vt 0.485388 0.296822
vt 0.426541 0.285116
vt 0.430000 0.250000
vt 0.426541 0.214884
vt 0.718750 1.000000
vt 0.718750 0.500000
vt 0.687500 1.000000
vt 0.687500 0.500000
vt 0.656250 1.000000
vt 0.656250 0.500000
vt 0.625000 1.000000
vt 0.625000 0.500000
vt 0.593750 1.000000
vt 0.593750 0.500000
vt 0.562500 1.000000
vt 0.562500 0.500000
vt 0.531250 1.000000
vt 0.531250 0.500000
vt 0.500000 0.500000
vt 0.500000 1.000000
vt 0.468750 1.000000
vt 0.468750 0.500000
vt 0.437500 1.000000
vt 0.437500 0.500000
vt 0.406250 1.000000
vt 0.406250 0.500000
vt 0.375000 1.000000
vt 0.375000 0.500000
vt 0.343750 0.500000
vt 0.343750 1.000000
s 0
usemtl small_tube
f 279/449/185 276/450/185 275/451/185 274/452/185 269/453/185 268/454/185 267/455/185 266/456/185 261/457/185 260/458/185 257/459/185 258/460/185 384/461/185 379/462/185 378/463/185 377/464/185 376/465/185 315/466/185 313/467/185 312/468/185 311/469/185 306/470/185 305/471/185 304/472/185 303/473/185 298/474/185 297/475/185 296/476/185 295/477/185 290/478/185 289/479/185 288/480/185 287/481/185 281/482/185
f 257/483/186 259/484/186 383/485/186 258/486/186
f 260/487/187 262/488/187 259/489/187 257/490/187
f 261/491/188 263/492/188 262/488/188 260/487/188
f 309/493/189 310/494/189 374/495/189 375/496/189 380/497/189 381/498/189 382/499/189 383/500/189 259/501/189 262/502/189 263/503/189 264/504/189 265/505/189 270/506/189 271/507/189 272/508/189 273/509/189 278/510/189 369/511/189 367/512/189 365/513/189 363/514/189 361/515/189 359/516/189 357/517/189 355/518/189 353/519/189 351/520/189 349/521/189 347/522/189 344/523/189 319/524/189 324/525/189 325/526/189 326/527/189 327/528/189 332/529/189 333/530/189 334/531/189 335/532/189 340/533/189 341/534/189 342/535/189 283/536/189 282/537/189 284/538/189 285/539/189 286/540/189 291/541/189 292/542/189 293/543/189 294/544/189 299/545/189 300/546/189 301/547/189 302/548/189 307/549/189 308/550/189
f 266/551/190 264/552/190 263/492/190 261/491/190
f 267/553/191 265/554/191 264/552/191 266/551/191
f 268/555/192 270/556/192 265/554/192 267/553/192
f 269/557/193 271/558/193 270/556/193 268/555/193
f 274/559/194 272/560/194 271/558/194 269/557/194
f 275/561/195 273/562/195 272/560/195 274/559/195
f 276/563/196 278/564/196 273/562/196 275/561/196
f 277/565/197 369/566/197 278/564/197 276/563/197
f 283/566/198 280/565/198 279/563/198 282/564/198
f 282/564/199 279/563/199 281/561/199 284/562/199
f 284/562/200 281/561/200 287/559/200 285/560/200
f 288/557/201 286/558/201 285/560/201 287/559/201
f 286/558/202 288/557/202 289/555/202 291/556/202
f 291/556/203 289/555/203 290/553/203 292/554/203
f 295/551/204 293/552/204 292/554/204 290/553/204
f 293/552/205 295/551/205 296/491/205 294/492/205
f 294/492/206 296/491/206 297/487/206 299/488/206
f 299/488/207 297/487/207 298/490/207 300/489/207
f 300/484/208 298/483/208 303/486/208 301/485/208
f 304/567/209 302/568/209 301/485/209 303/486/209
f 302/568/210 304/567/210 305/569/210 307/570/210
f 307/570/211 305/569/211 306/571/211 308/572/211
f 309/573/212 308/572/212 306/571/212 311/574/212
f 310/575/213 309/573/213 311/574/213 312/576/213
f 316/577/197 310/575/197 312/576/197 313/578/197
f 313/578/196 314/579/196 317/580/196 316/577/196
f 344/523/189 345/581/189 372/582/189 373/583/189 374/495/189 310/494/189 316/584/189 317/585/189 318/586/189 319/524/189
f 318/587/195 317/580/195 314/579/195 320/588/195
f 319/589/194 318/587/194 320/588/194 321/590/194
f 324/591/193 319/589/193 321/590/193 322/592/193
f 325/593/192 324/591/192 322/592/192 323/594/192
f 326/595/191 325/593/191 323/594/191 328/596/191
f 327/597/190 326/595/190 328/596/190 329/598/190
f 332/599/188 327/597/188 329/598/188 330/600/188
f 330/600/187 331/601/187 333/602/187 332/599/187
f 334/603/186 333/602/186 331/601/186 336/604/186
f 335/605/214 334/603/214 336/604/214 337/606/214
f 340/607/215 335/605/215 337/606/215 338/608/215
f 341/609/216 340/607/216 338/608/216 339/610/216
f 343/611/217 342/612/217 341/609/217 339/610/217
f 342/612/218 343/611/218 280/565/218 283/566/218
f 370/588/201 345/587/201 344/589/201 346/590/201
f 346/590/202 344/589/202 347/591/202 348/592/202
f 348/592/203 347/591/203 349/593/203 350/594/203
f 350/594/204 349/593/204 351/595/204 352/596/204
f 352/596/205 351/595/205 353/597/205 354/598/205
f 354/598/206 353/597/206 355/599/206 356/600/206
f 356/600/207 355/599/207 357/602/207 358/601/207
f 358/601/208 357/602/208 359/603/208 360/604/208
f 360/604/209 359/603/209 361/605/209 362/606/209
f 362/606/210 361/605/210 363/607/210 364/608/210
f 364/608/211 363/607/211 365/609/211 366/610/211
f 366/610/212 365/609/212 367/612/212 368/611/212
f 368/611/213 367/612/213 369/566/213 277/565/213
f 371/579/200 372/580/200 345/587/200 370/588/200
f 315/578/199 373/577/199 372/580/199 371/579/199
f 376/576/198 374/575/198 373/577/198 315/578/198
f 377/574/218 375/573/218 374/575/218 376/576/218
f 378/571/217 380/572/217 375/573/217 377/574/217
f 379/569/216 381/570/216 380/572/216 378/571/216
f 384/567/215 382/568/215 381/570/215 379/569/215
f 258/486/214 383/485/214 382/568/214 384/567/214
o Cylinder.002
v -0.848650 -0.466379 -2.490526
v -0.849532 -0.475335 -2.490525
v -0.844460 -0.466379 0.311050
v -0.849532 -0.457424 -2.490525
v -0.852144 -0.448813 -2.490521
v -0.845342 -0.457424 0.311051
v -0.847954 -0.448813 0.311055
v -0.852196 -0.440877 0.311061
v -0.857905 -0.433921 0.311070
v -0.856386 -0.440877 -2.490515
v -0.862094 -0.433921 -2.490506
v -0.869050 -0.428212 -2.490496
v -0.876987 -0.423970 -2.490484
v -0.864861 -0.428212 0.311080
v -0.872797 -0.423970 0.311092
v -0.881408 -0.421358 0.311105
v -0.890363 -0.420476 0.311119
v -0.885598 -0.421358 -2.490471
v -0.894553 -0.420476 -2.490458
v -0.903508 -0.421358 -2.490444
v -0.912119 -0.423970 -2.490432
v -0.899319 -0.421358 0.311132
v -0.901269 -0.432614 -2.490448
v -0.907728 -0.434573 -2.490438
v -0.894553 -0.431952 -2.490458
v -0.897080 -0.432614 0.311129
v -0.903538 -0.434573 0.311138
v -0.890363 -0.431952 0.311119
v -0.883647 -0.432614 0.311108
v -0.877189 -0.434573 0.311099
v -0.887836 -0.432614 -2.490468
v -0.881378 -0.434573 -2.490478
v -0.875426 -0.437754 -2.490487
v -0.870209 -0.442036 -2.490494
v -0.871237 -0.437754 0.311090
v -0.866020 -0.442036 0.311082
v -0.861738 -0.447253 0.311076
v -0.858557 -0.453205 0.311071
v -0.865928 -0.447253 -2.490501
v -0.862746 -0.453205 -2.490505
v -0.860787 -0.459663 -2.490508
v -0.860125 -0.466379 -2.490509
v -0.856598 -0.459663 0.311068
v -0.855936 -0.466379 0.311067
v -0.856598 -0.473096 0.311068
v -0.858557 -0.479554 0.311071
v -0.860787 -0.473096 -2.490508
v -0.862746 -0.479554 -2.490505
v -0.865928 -0.485506 -2.490501
v -0.870209 -0.490723 -2.490494
v -0.861738 -0.485506 0.311076
v -0.866020 -0.490723 0.311082
v -0.871237 -0.495005 0.311090
v -0.877189 -0.498186 0.311099
v -0.875426 -0.495005 -2.490487
v -0.881378 -0.498186 -2.490478
v -0.887836 -0.500145 -2.490468
v -0.894553 -0.500807 -2.490458
v -0.885598 -0.511400 -2.490471
v -0.883647 -0.500145 0.311108
v -0.890363 -0.500807 0.311119
v -0.897080 -0.500145 0.311129
v -0.903538 -0.498186 0.311138
v -0.901269 -0.500145 -2.490448
v -0.907728 -0.498186 -2.490438
v -0.913680 -0.495005 -2.490429
v -0.918897 -0.490723 -2.490422
v -0.909490 -0.495005 0.311147
v -0.914707 -0.490723 0.311155
v -0.918989 -0.485506 0.311161
v -0.922170 -0.479554 0.311166
v -0.923178 -0.485506 -2.490415
v -0.926360 -0.479554 -2.490410
v -0.928319 -0.473096 -2.490407
v -0.928980 -0.466379 -2.490407
v -0.924129 -0.473096 0.311169
v -0.924791 -0.466379 0.311170
v -0.924129 -0.459663 0.311169
v -0.922170 -0.453205 0.311166
v -0.928319 -0.459663 -2.490407
v -0.926360 -0.453205 -2.490410
v -0.923178 -0.447253 -2.490415
v -0.918897 -0.442036 -2.490422
v -0.918989 -0.447253 0.311161
v -0.914707 -0.442036 0.311155
v -0.909490 -0.437754 0.311147
v -0.913680 -0.437754 -2.490429
v -0.907930 -0.508788 0.311145
v -0.899319 -0.511400 0.311132
v -0.912119 -0.508788 -2.490432
v -0.915866 -0.504546 0.311157
v -0.920055 -0.504546 -2.490420
v -0.922822 -0.498838 0.311167
v -0.927011 -0.498838 -2.490409
v -0.928530 -0.491882 0.311176
v -0.932720 -0.491882 -2.490401
v -0.932772 -0.483946 0.311182
v -0.936962 -0.483946 -2.490395
v -0.935385 -0.475335 0.311186
v -0.939574 -0.475335 -2.490391
v -0.936267 -0.466379 0.311187
v -0.940456 -0.466379 -2.490389
v -0.935385 -0.457424 0.311186
v -0.939574 -0.457424 -2.490391
v -0.932772 -0.448813 0.311182
v -0.936962 -0.448813 -2.490395
v -0.928530 -0.440877 0.311176
v -0.932720 -0.440877 -2.490401
v -0.922822 -0.433921 0.311167
v -0.927011 -0.433921 -2.490409
v -0.915866 -0.428212 0.311157
v -0.920055 -0.428212 -2.490420
v -0.907930 -0.423970 0.311145
v -0.903508 -0.511400 -2.490444
v -0.894553 -0.512282 -2.490458
v -0.890363 -0.512282 0.311119
v -0.881408 -0.511400 0.311105
v -0.872797 -0.508788 0.311092
v -0.864861 -0.504546 0.311080
v -0.876987 -0.508788 -2.490484
v -0.869050 -0.504546 -2.490496
v -0.862094 -0.498838 -2.490506
v -0.856386 -0.491882 -2.490515
v -0.857905 -0.498838 0.311070
v -0.852196 -0.491882 0.311061
v -0.847954 -0.483946 0.311055
v -0.845342 -0.475335 0.311051
v -0.852144 -0.483946 -2.490521
vn -0.0015 -0.0000 -1.0000
vn 0.9952 -0.0980 -0.0015
vn 0.9952 0.0980 -0.0015
vn 0.9569 0.2903 -0.0014
vn 0.0015 -0.0000 1.0000
vn 0.8819 0.4714 -0.0013
vn 0.7730 0.6344 -0.0012
vn 0.6344 0.7730 -0.0009
vn 0.4714 0.8819 -0.0007
vn 0.2903 0.9569 -0.0004
vn 0.0980 0.9952 -0.0001
vn -0.0980 0.9952 0.0001
vn -0.2903 0.9569 0.0004
vn 0.2903 -0.9569 -0.0004
vn 0.0980 -0.9952 -0.0001
vn -0.0980 -0.9952 0.0001
vn -0.2903 -0.9569 0.0004
vn -0.4714 -0.8819 0.0007
vn -0.6344 -0.7730 0.0009
vn -0.7730 -0.6344 0.0012
vn -0.8819 -0.4714 0.0013
vn -0.9569 -0.2903 0.0014
vn -0.9952 -0.0980 0.0015
vn -0.9952 0.0980 0.0015
vn -0.9569 0.2903 0.0014
vn -0.8819 0.4714 0.0013
vn -0.7730 0.6344 0.0012
vn -0.6344 0.7730 0.0009
vn -0.4714 0.8819 0.0007
vn 0.9569 -0.2903 -0.0014
vn 0.8819 -0.4714 -0.0013
vn 0.7730 -0.6344 -0.0012
vn 0.6344 -0.7730 -0.0009
vn 0.4714 -0.8819 -0.0007
vt 0.354815 0.224821
vt 0.357047 0.222102
vt 0.358997 0.224052
vt 0.360530 0.226346
vt 0.361585 0.228894
vt 0.362123 0.231599
vt 0.362123 0.234357
vt 0.361585 0.237063
vt 0.360530 0.239611
vt 0.358997 0.241904
vt 0.357047 0.243855
vt 0.354754 0.245387
vt 0.352205 0.246443
vt 0.349500 0.246981
vt 0.346742 0.246981
vt 0.344037 0.246443
vt 0.341488 0.245387
vt 0.339195 0.243855
vt 0.341427 0.241136
vt 0.343147 0.242285
vt 0.345058 0.243076
vt 0.347087 0.243480
vt 0.349155 0.243480
vt 0.351184 0.243076
vt 0.353095 0.242285
vt 0.354815 0.241136
vt 0.356278 0.239673
vt 0.357428 0.237953
vt 0.358219 0.236042
vt 0.358623 0.234013
vt 0.358623 0.231944
vt 0.358219 0.229915
vt 0.357428 0.228004
vt 0.356278 0.226284
vt 1.000000 0.500000
vt 1.000000 1.000000
vt 0.968750 1.000000
vt 0.968750 0.500000
vt 0.031250 0.500000
vt 0.031250 1.000000
vt 0.000000 1.000000
vt 0.000000 0.500000
vt 0.062500 0.500000
vt 0.062500 1.000000
vt 0.399665 0.350003
vt 0.416298 0.318883
vt 0.471731 0.341844
vt 0.449553 0.383337
vt 0.419706 0.419706
vt 0.383337 0.449553
vt 0.341844 0.471731
vt 0.296822 0.485388
vt 0.250000 0.490000
vt 0.203178 0.485388
vt 0.158156 0.471731
vt 0.116663 0.449553
vt 0.080294 0.419706
vt 0.050447 0.383337
vt 0.028269 0.341844
vt 0.014612 0.296822
vt 0.010000 0.250000
vt 0.014612 0.203178
vt 0.028269 0.158156
vt 0.050447 0.116663
vt 0.080294 0.080294
vt 0.116663 0.050447
vt 0.158156 0.028269
vt 0.203178 0.014612
vt 0.250000 0.010000
vt 0.296822 0.014612
vt 0.341844 0.028269
vt 0.383337 0.050447
vt 0.419706 0.080294
vt 0.449553 0.116663
vt 0.471731 0.158156
vt 0.416298 0.181117
vt 0.399665 0.149997
vt 0.377279 0.122721
vt 0.350003 0.100335
vt 0.318883 0.083702
vt 0.285116 0.073459
vt 0.250000 0.070000
vt 0.214884 0.073459
vt 0.181117 0.083702
vt 0.149997 0.100335
vt 0.122721 0.122721
vt 0.100335 0.149997
vt 0.083702 0.181117
vt 0.073459 0.214884
vt 0.070000 0.250000
vt 0.073459 0.285116
vt 0.083702 0.318883
vt 0.100335 0.350003
vt 0.122721 0.377279
vt 0.149997 0.399665
vt 0.181117 0.416298
vt 0.214884 0.426541
vt 0.250000 0.430000
vt 0.285116 0.426541
vt 0.318883 0.416298
vt 0.350003 0.399665
vt 0.377279 0.377279
vt 0.093750 0.500000
vt 0.093750 1.000000
vt 0.125000 0.500000
vt 0.125000 1.000000
vt 0.156250 0.500000
vt 0.156250 1.000000
vt 0.187500 0.500000
vt 0.187500 1.000000
vt 0.218750 0.500000
vt 0.218750 1.000000
vt 0.250000 0.500000
vt 0.250000 1.000000
vt 0.281250 0.500000
vt 0.281250 1.000000
vt 0.339964 0.239673
vt 0.337245 0.241904
vt 0.335712 0.239611
vt 0.334657 0.237063
vt 0.334119 0.234357
vt 0.334119 0.231599
vt 0.334657 0.228894
vt 0.335712 0.226346
vt 0.337245 0.224052
vt 0.339195 0.222102
vt 0.341488 0.220570
vt 0.344037 0.219514
vt 0.346742 0.218976
vt 0.349500 0.218976
vt 0.352205 0.219514
vt 0.354754 0.220570
vt 0.353095 0.223672
vt 0.351184 0.222880
vt 0.349155 0.222477
vt 0.347087 0.222477
vt 0.345058 0.222880
vt 0.343147 0.223672
vt 0.341427 0.224821
vt 0.339964 0.226284
vt 0.338815 0.228004
vt 0.338023 0.229915
vt 0.337619 0.231944
vt 0.337619 0.234013
vt 0.338023 0.236042
vt 0.338815 0.237953
vt 0.312500 0.500000
vt 0.312500 1.000000
vt 0.937500 0.500000
vt 0.937500 1.000000
vt 0.906250 0.500000
vt 0.906250 1.000000
vt 0.875000 0.500000
vt 0.875000 1.000000
vt 0.843750 1.000000
vt 0.843750 0.500000
vt 0.812500 1.000000
vt 0.812500 0.500000
vt 0.781250 1.000000
vt 0.781250 0.500000
vt 0.750000 0.500000
vt 0.750000 1.000000
vt 0.485388 0.203178
vt 0.490000 0.250000
vt 0.485388 0.296822
vt 0.426541 0.285116
vt 0.430000 0.250000
vt 0.426541 0.214884
vt 0.718750 1.000000
vt 0.718750 0.500000
vt 0.687500 1.000000
vt 0.687500 0.500000
vt 0.656250 1.000000
vt 0.656250 0.500000
vt 0.625000 1.000000
vt 0.625000 0.500000
vt 0.593750 1.000000
vt 0.593750 0.500000
vt 0.562500 1.000000
vt 0.562500 0.500000
vt 0.531250 1.000000
vt 0.531250 0.500000
vt 0.500000 0.500000
vt 0.500000 1.000000
vt 0.468750 1.000000
vt 0.468750 0.500000
vt 0.437500 1.000000
vt 0.437500 0.500000
vt 0.406250 1.000000
vt 0.406250 0.500000
vt 0.375000 1.000000
vt 0.375000 0.500000
vt 0.343750 0.500000
vt 0.343750 1.000000
s 0
usemtl small_tube
f 407/613/219 404/614/219 403/615/219 402/616/219 397/617/219 396/618/219 395/619/219 394/620/219 389/621/219 388/622/219 385/623/219 386/624/219 512/625/219 507/626/219 506/627/219 505/628/219 504/629/219 443/630/219 441/631/219 440/632/219 439/633/219 434/634/219 433/635/219 432/636/219 431/637/219 426/638/219 425/639/219 424/640/219 423/641/219 418/642/219 417/643/219 416/644/219 415/645/219 409/646/219
f 385/647/220 387/648/220 511/649/220 386/650/220
f 388/651/221 390/652/221 387/653/221 385/654/221
f 389/655/222 391/656/222 390/652/222 388/651/222
f 437/657/223 438/658/223 502/659/223 503/660/223 508/661/223 509/662/223 510/663/223 511/664/223 387/665/223 390/666/223 391/667/223 392/668/223 393/669/223 398/670/223 399/671/223 400/672/223 401/673/223 406/674/223 497/675/223 495/676/223 493/677/223 491/678/223 489/679/223 487/680/223 485/681/223 483/682/223 481/683/223 479/684/223 477/685/223 475/686/223 472/687/223 447/688/223 452/689/223 453/690/223 454/691/223 455/692/223 460/693/223 461/694/223 462/695/223 463/696/223 468/697/223 469/698/223 470/699/223 411/700/223 410/701/223 412/702/223 413/703/223 414/704/223 419/705/223 420/706/223 421/707/223 422/708/223 427/709/223 428/710/223 429/711/223 430/712/223 435/713/223 436/714/223
f 394/715/224 392/716/224 391/656/224 389/655/224
f 395/717/225 393/718/225 392/716/225 394/715/225
f 396/719/226 398/720/226 393/718/226 395/717/226
f 397/721/227 399/722/227 398/720/227 396/719/227
f 402/723/228 400/724/228 399/722/228 397/721/228
f 403/725/229 401/726/229 400/724/229 402/723/229
f 404/727/230 406/728/230 401/726/230 403/725/230
f 442/729/219 441/631/219 443/630/219 499/730/219 498/731/219 474/732/219 476/733/219 478/734/219 480/735/219 482/736/219 484/737/219 486/738/219 488/739/219 490/740/219 492/741/219 494/742/219 496/743/219 405/744/219 404/614/219 407/613/219 408/745/219 471/746/219 467/747/219 466/748/219 465/749/219 464/750/219 459/751/219 458/752/219 457/753/219 456/754/219 451/755/219 450/756/219 449/757/219 448/758/219
f 405/759/231 497/760/231 406/728/231 404/727/231
f 411/760/232 408/759/232 407/727/232 410/728/232
f 410/728/233 407/727/233 409/725/233 412/726/233
f 412/726/234 409/725/234 415/723/234 413/724/234
f 416/721/235 414/722/235 413/724/235 415/723/235
f 414/722/236 416/721/236 417/719/236 419/720/236
f 419/720/237 417/719/237 418/717/237 420/718/237
f 423/715/238 421/716/238 420/718/238 418/717/238
f 421/716/239 423/715/239 424/655/239 422/656/239
f 422/656/240 424/655/240 425/651/240 427/652/240
f 427/652/241 425/651/241 426/654/241 428/653/241
f 428/648/242 426/647/242 431/650/242 429/649/242
f 432/761/243 430/762/243 429/649/243 431/650/243
f 430/762/244 432/761/244 433/763/244 435/764/244
f 435/764/245 433/763/245 434/765/245 436/766/245
f 437/767/246 436/766/246 434/765/246 439/768/246
f 438/769/247 437/767/247 439/768/247 440/770/247
f 444/771/231 438/769/231 440/770/231 441/772/231
f 441/772/230 442/773/230 445/774/230 444/771/230
f 472/687/223 473/775/223 500/776/223 501/777/223 502/659/223 438/658/223 444/778/223 445/779/223 446/780/223 447/688/223
f 446/781/229 445/774/229 442/773/229 448/782/229
f 447/783/228 446/781/228 448/782/228 449/784/228
f 452/785/227 447/783/227 449/784/227 450/786/227
f 453/787/226 452/785/226 450/786/226 451/788/226
f 454/789/225 453/787/225 451/788/225 456/790/225
f 455/791/224 454/789/224 456/790/224 457/792/224
f 460/793/222 455/791/222 457/792/222 458/794/222
f 458/794/221 459/795/221 461/796/221 460/793/221
f 462/797/220 461/796/220 459/795/220 464/798/220
f 463/799/248 462/797/248 464/798/248 465/800/248
f 468/801/249 463/799/249 465/800/249 466/802/249
f 469/803/250 468/801/250 466/802/250 467/804/250
f 471/805/251 470/806/251 469/803/251 467/804/251
f 470/806/252 471/805/252 408/759/252 411/760/252
f 498/782/235 473/781/235 472/783/235 474/784/235
f 474/784/236 472/783/236 475/785/236 476/786/236
f 476/786/237 475/785/237 477/787/237 478/788/237
f 478/788/238 477/787/238 479/789/238 480/790/238
f 480/790/239 479/789/239 481/791/239 482/792/239
f 482/792/240 481/791/240 483/793/240 484/794/240
f 484/794/241 483/793/241 485/796/241 486/795/241
f 486/795/242 485/796/242 487/797/242 488/798/242
f 488/798/243 487/797/243 489/799/243 490/800/243
f 490/800/244 489/799/244 491/801/244 492/802/244
f 492/802/245 491/801/245 493/803/245 494/804/245
f 494/804/246 493/803/246 495/806/246 496/805/246
f 496/805/247 495/806/247 497/760/247 405/759/247
f 499/773/234 500/774/234 473/781/234 498/782/234
f 443/772/233 501/771/233 500/774/233 499/773/233
f 504/770/232 502/769/232 501/771/232 443/772/232
f 505/768/252 503/767/252 502/769/252 504/770/252
f 506/765/251 508/766/251 503/767/251 505/768/251
f 507/763/250 509/764/250 508/766/250 506/765/250
f 512/761/249 510/762/249 509/764/249 507/763/249
f 386/650/248 511/649/248 510/762/248 512/761/248
o Cylinder.004
v -0.873005 -0.026045 -2.490492
v -0.873887 -0.035000 -2.490491
v -0.868815 -0.026045 0.311088
v -0.873887 -0.017090 -2.490491
v -0.876499 -0.008479 -2.490487
v -0.869698 -0.017090 0.311090
v -0.872310 -0.008479 0.311093
v -0.876552 -0.000543 0.311100
v -0.882260 0.006413 0.311108
v -0.880741 -0.000543 -2.490481
v -0.886450 0.006413 -2.490472
v -0.893406 0.012122 -2.490462
v -0.901342 0.016364 -2.490450
v -0.889216 0.012122 0.311119
v -0.897152 0.016364 0.311131
v -0.905763 0.018976 0.311143
v -0.914719 0.019858 0.311157
v -0.909953 0.018976 -2.490437
v -0.918908 0.019858 -2.490424
v -0.927863 0.018976 -2.490410
v -0.936474 0.016364 -2.490397
v -0.923674 0.018976 0.311170
v -0.925624 0.007721 -2.490414
v -0.932083 0.005762 -2.490404
v -0.918908 0.008382 -2.490424
v -0.921435 0.007721 0.311167
v -0.927893 0.005762 0.311177
v -0.914719 0.008382 0.311157
v -0.908002 0.007721 0.311147
v -0.901544 0.005762 0.311137
v -0.912192 0.007721 -2.490434
v -0.905733 0.005762 -2.490443
v -0.899781 0.002580 -2.490452
v -0.894564 -0.001701 -2.490460
v -0.895592 0.002580 0.311128
v -0.890375 -0.001701 0.311120
v -0.886093 -0.006918 0.311114
v -0.882912 -0.012870 0.311109
v -0.890283 -0.006918 -2.490466
v -0.887101 -0.012870 -2.490471
v -0.885142 -0.019329 -2.490474
v -0.884481 -0.026045 -2.490475
v -0.880953 -0.019329 0.311106
v -0.880291 -0.026045 0.311105
v -0.880953 -0.032761 0.311106
v -0.882912 -0.039220 0.311109
v -0.885142 -0.032761 -2.490474
v -0.887101 -0.039220 -2.490471
v -0.890283 -0.045172 -2.490466
v -0.894564 -0.050389 -2.490460
v -0.886093 -0.045172 0.311114
v -0.890375 -0.050389 0.311120
v -0.895592 -0.054670 0.311128
v -0.901544 -0.057852 0.311137
v -0.899781 -0.054670 -2.490452
v -0.905733 -0.057852 -2.490443
v -0.912192 -0.059811 -2.490434
v -0.918908 -0.060472 -2.490424
v -0.909953 -0.071066 -2.490437
v -0.908002 -0.059811 0.311147
v -0.914719 -0.060472 0.311157
v -0.921435 -0.059811 0.311167
v -0.927893 -0.057852 0.311177
v -0.925624 -0.059811 -2.490414
v -0.932083 -0.057852 -2.490404
v -0.938035 -0.054670 -2.490395
v -0.943252 -0.050389 -2.490387
v -0.933845 -0.054670 0.311185
v -0.939062 -0.050389 0.311193
v -0.943344 -0.045172 0.311200
v -0.946525 -0.039220 0.311204
v -0.947533 -0.045172 -2.490381
v -0.950715 -0.039220 -2.490376
v -0.952674 -0.032761 -2.490373
v -0.953335 -0.026045 -2.490372
v -0.948484 -0.032761 0.311207
v -0.949146 -0.026045 0.311208
v -0.948484 -0.019329 0.311207
v -0.946525 -0.012870 0.311204
v -0.952674 -0.019329 -2.490373
v -0.950715 -0.012870 -2.490376
v -0.947533 -0.006918 -2.490381
v -0.943252 -0.001701 -2.490387
v -0.943344 -0.006918 0.311200
v -0.939062 -0.001701 0.311193
v -0.933845 0.002580 0.311185
v -0.938035 0.002580 -2.490395
v -0.932285 -0.068454 0.311183
v -0.923674 -0.071066 0.311170
v -0.936474 -0.068454 -2.490397
v -0.940221 -0.064212 0.311195
v -0.944410 -0.064212 -2.490386
v -0.947177 -0.058503 0.311205
v -0.951366 -0.058503 -2.490375
v -0.952886 -0.051547 0.311214
v -0.957075 -0.051547 -2.490366
v -0.957128 -0.043611 0.311220
v -0.961317 -0.043611 -2.490360
v -0.959740 -0.035000 0.311224
v -0.963929 -0.035000 -2.490356
v -0.960622 -0.026045 0.311226
v -0.964811 -0.026045 -2.490355
v -0.959740 -0.017090 0.311224
v -0.963929 -0.017090 -2.490356
v -0.957128 -0.008479 0.311220
v -0.961317 -0.008479 -2.490360
v -0.952886 -0.000543 0.311214
v -0.957075 -0.000543 -2.490366
v -0.947177 0.006413 0.311205
v -0.951366 0.006413 -2.490375
v -0.940221 0.012122 0.311195
v -0.944410 0.012122 -2.490386
v -0.932285 0.016364 0.311183
v -0.927863 -0.071066 -2.490410
v -0.918908 -0.071948 -2.490424
v -0.914719 -0.071948 0.311157
v -0.905763 -0.071066 0.311143
v -0.897152 -0.068454 0.311131
v -0.889216 -0.064212 0.311119
v -0.901342 -0.068454 -2.490450
v -0.893406 -0.064212 -2.490462
v -0.886450 -0.058503 -2.490472
v -0.880741 -0.051547 -2.490481
v -0.882260 -0.058503 0.311108
v -0.876552 -0.051547 0.311100
v -0.872310 -0.043611 0.311093
v -0.869698 -0.035000 0.311090
v -0.876499 -0.043611 -2.490487
vn -0.0015 -0.0000 -1.0000
vn 0.9952 -0.0980 -0.0015
vn 0.9952 0.0980 -0.0015
vn 0.9569 0.2903 -0.0014
vn 0.0015 -0.0000 1.0000
vn 0.8819 0.4714 -0.0013
vn 0.7730 0.6344 -0.0012
vn 0.6344 0.7730 -0.0009
vn 0.4714 0.8819 -0.0007
vn 0.2903 0.9569 -0.0004
vn 0.0980 0.9952 -0.0001
vn -0.0980 0.9952 0.0001
vn -0.2903 0.9569 0.0004
vn 0.2903 -0.9569 -0.0004
vn 0.0980 -0.9952 -0.0001
vn -0.0980 -0.9952 0.0001
vn -0.2903 -0.9569 0.0004
vn -0.4714 -0.8819 0.0007
vn -0.6344 -0.7730 0.0009
vn -0.7730 -0.6344 0.0012
vn -0.8819 -0.4714 0.0013
vn -0.9569 -0.2903 0.0014
vn -0.9952 -0.0980 0.0015
vn -0.9952 0.0980 0.0015
vn -0.9569 0.2903 0.0014
vn -0.8819 0.4714 0.0013
vn -0.7730 0.6344 0.0012
vn -0.6344 0.7730 0.0009
vn -0.4714 0.8819 0.0007
vn 0.9569 -0.2903 -0.0014
vn 0.8819 -0.4714 -0.0013
vn 0.7730 -0.6344 -0.0012
vn 0.6344 -0.7730 -0.0009
vn 0.4714 -0.8819 -0.0007
vt 0.326811 0.224821
vt 0.329042 0.222102
vt 0.330993 0.224052
vt 0.332525 0.226346
vt 0.333581 0.228894
vt 0.334119 0.231599
vt 0.334119 0.234357
vt 0.333581 0.237063
vt 0.332525 0.239611
vt 0.330993 0.241904
vt 0.329042 0.243855
vt 0.326749 0.245387
vt 0.324201 0.246443
vt 0.321496 0.246981
vt 0.318737 0.246981
vt 0.316032 0.246443
vt 0.313484 0.245387
vt 0.311191 0.243855
vt 0.313422 0.241136
vt 0.315142 0.242285
vt 0.317053 0.243077
vt 0.319082 0.243480
vt 0.321151 0.243480
vt 0.323180 0.243077
vt 0.325091 0.242285
vt 0.326811 0.241136
vt 0.328274 0.239673
vt 0.329423 0.237953
vt 0.330215 0.236042
vt 0.330618 0.234013
vt 0.330618 0.231944
vt 0.330215 0.229915
vt 0.329423 0.228004
vt 0.328274 0.226284
vt 1.000000 0.500000
vt 1.000000 1.000000
vt 0.968750 1.000000
vt 0.968750 0.500000
vt 0.031250 0.500000
vt 0.031250 1.000000
vt 0.000000 1.000000
vt 0.000000 0.500000
vt 0.062500 0.500000
vt 0.062500 1.000000
vt 0.399665 0.350003
vt 0.416298 0.318883
vt 0.471731 0.341844
vt 0.449553 0.383337
vt 0.419706 0.419706
vt 0.383337 0.449553
vt 0.341844 0.471731
vt 0.296822 0.485388
vt 0.250000 0.490000
vt 0.203178 0.485388
vt 0.158156 0.471731
vt 0.116663 0.449553
vt 0.080294 0.419706
vt 0.050447 0.383337
vt 0.028269 0.341844
vt 0.014612 0.296822
vt 0.010000 0.250000
vt 0.014612 0.203178
vt 0.028269 0.158156
vt 0.050447 0.116663
vt 0.080294 0.080294
vt 0.116663 0.050447
vt 0.158156 0.028269
vt 0.203178 0.014612
vt 0.250000 0.010000
vt 0.296822 0.014612
vt 0.341844 0.028269
vt 0.383337 0.050447
vt 0.419706 0.080294
vt 0.449553 0.116663
vt 0.471731 0.158156
vt 0.416298 0.181117
vt 0.399665 0.149997
vt 0.377279 0.122721
vt 0.350003 0.100335
vt 0.318883 0.083702
vt 0.285116 0.073459
vt 0.250000 0.070000
vt 0.214884 0.073459
vt 0.181117 0.083702
vt 0.149997 0.100335
vt 0.122721 0.122721
vt 0.100335 0.149997
vt 0.083702 0.181117
vt 0.073459 0.214884
vt 0.070000 0.250000
vt 0.073459 0.285116
vt 0.083702 0.318883
vt 0.100335 0.350003
vt 0.122721 0.377279
vt 0.149997 0.399665
vt 0.181117 0.416298
vt 0.214884 0.426541
vt 0.250000 0.430000
vt 0.285116 0.426541
vt 0.318883 0.416298
vt 0.350003 0.399665
vt 0.377279 0.377279
vt 0.093750 0.500000
vt 0.093750 1.000000
vt 0.125000 0.500000
vt 0.125000 1.000000
vt 0.156250 0.500000
vt 0.156250 1.000000
vt 0.187500 0.500000
vt 0.187500 1.000000
vt 0.218750 0.500000
vt 0.218750 1.000000
vt 0.250000 0.500000
vt 0.250000 1.000000
vt 0.281250 0.500000
vt 0.281250 1.000000
vt 0.311959 0.239673
vt 0.309240 0.241904
vt 0.307708 0.239611
vt 0.306652 0.237063
vt 0.306114 0.234357
vt 0.306114 0.231599
vt 0.306652 0.228894
vt 0.307708 0.226346
vt 0.309240 0.224052
vt 0.311191 0.222102
vt 0.313484 0.220570
vt 0.316032 0.219514
vt 0.318737 0.218976
vt 0.321496 0.218976
vt 0.324201 0.219514
vt 0.326749 0.220570
vt 0.325091 0.223672
vt 0.323180 0.222880
vt 0.321151 0.222477
vt 0.319082 0.222477
vt 0.317053 0.222880
vt 0.315142 0.223672
vt 0.313422 0.224821
vt 0.311959 0.226284
vt 0.310810 0.228004
vt 0.310018 0.229915
vt 0.309615 0.231944
vt 0.309615 0.234013
vt 0.310018 0.236042
vt 0.310810 0.237953
vt 0.312500 0.500000
vt 0.312500 1.000000
vt 0.937500 0.500000
vt 0.937500 1.000000
vt 0.906250 0.500000
vt 0.906250 1.000000
vt 0.875000 0.500000
vt 0.875000 1.000000
vt 0.843750 1.000000
vt 0.843750 0.500000
vt 0.812500 1.000000
vt 0.812500 0.500000
vt 0.781250 1.000000
vt 0.781250 0.500000
vt 0.750000 0.500000
vt 0.750000 1.000000
vt 0.485388 0.203178
vt 0.490000 0.250000
vt 0.485388 0.296822
vt 0.426541 0.285116
vt 0.430000 0.250000
vt 0.426541 0.214884
vt 0.718750 1.000000
vt 0.718750 0.500000
vt 0.687500 1.000000
vt 0.687500 0.500000
vt 0.656250 1.000000
vt 0.656250 0.500000
vt 0.625000 1.000000
vt 0.625000 0.500000
vt 0.593750 1.000000
vt 0.593750 0.500000
vt 0.562500 1.000000
vt 0.562500 0.500000
vt 0.531250 1.000000
vt 0.531250 0.500000
vt 0.500000 0.500000
vt 0.500000 1.000000
vt 0.468750 1.000000
vt 0.468750 0.500000
vt 0.437500 1.000000
vt 0.437500 0.500000
vt 0.406250 1.000000
vt 0.406250 0.500000
vt 0.375000 1.000000
vt 0.375000 0.500000
vt 0.343750 0.500000
vt 0.343750 1.000000
s 0
usemtl small_tube
f 535/807/253 532/808/253 531/809/253 530/810/253 525/811/253 524/812/253 523/813/253 522/814/253 517/815/253 516/816/253 513/817/253 514/818/253 640/819/253 635/820/253 634/821/253 633/822/253 632/823/253 571/824/253 569/825/253 568/826/253 567/827/253 562/828/253 561/829/253 560/830/253 559/831/253 554/832/253 553/833/253 552/834/253 551/835/253 546/836/253 545/837/253 544/838/253 543/839/253 537/840/253
f 513/841/254 515/842/254 639/843/254 514/844/254
f 516/845/255 518/846/255 515/847/255 513/848/255
f 517/849/256 519/850/256 518/846/256 516/845/256
f 565/851/257 566/852/257 630/853/257 631/854/257 636/855/257 637/856/257 638/857/257 639/858/257 515/859/257 518/860/257 519/861/257 520/862/257 521/863/257 526/864/257 527/865/257 528/866/257 529/867/257 534/868/257 625/869/257 623/870/257 621/871/257 619/872/257 617/873/257 615/874/257 613/875/257 611/876/257 609/877/257 607/878/257 605/879/257 603/880/257 600/881/257 575/882/257 580/883/257 581/884/257 582/885/257 583/886/257 588/887/257 589/888/257 590/889/257 591/890/257 596/891/257 597/892/257 598/893/257 539/894/257 538/895/257 540/896/257 541/897/257 542/898/257 547/899/257 548/900/257 549/901/257 550/902/257 555/903/257 556/904/257 557/905/257 558/906/257 563/907/257 564/908/257
f 522/909/258 520/910/258 519/850/258 517/849/258
f 523/911/259 521/912/259 520/910/259 522/909/259
f 524/913/260 526/914/260 521/912/260 523/911/260
f 525/915/261 527/916/261 526/914/261 524/913/261
f 530/917/262 528/918/262 527/916/262 525/915/262
f 531/919/263 529/920/263 528/918/263 530/917/263
f 532/921/264 534/922/264 529/920/264 531/919/264
f 570/923/253 569/825/253 571/824/253 627/924/253 626/925/253 602/926/253 604/927/253 606/928/253 608/929/253 610/930/253 612/931/253 614/932/253 616/933/253 618/934/253 620/935/253 622/936/253 624/937/253 533/938/253 532/808/253 535/807/253 536/939/253 599/940/253 595/941/253 594/942/253 593/943/253 592/944/253 587/945/253 586/946/253 585/947/253 584/948/253 579/949/253 578/950/253 577/951/253 576/952/253
f 533/953/265 625/954/265 534/922/265 532/921/265
f 539/954/266 536/953/266 535/921/266 538/922/266
f 538/922/267 535/921/267 537/919/267 540/920/267
f 540/920/268 537/919/268 543/917/268 541/918/268
f 544/915/269 542/916/269 541/918/269 543/917/269
f 542/916/270 544/915/270 545/913/270 547/914/270
f 547/914/271 545/913/271 546/911/271 548/912/271
f 551/909/272 549/910/272 548/912/272 546/911/272
f 549/910/273 551/909/273 552/849/273 550/850/273
f 550/850/274 552/849/274 553/845/274 555/846/274
f 555/846/275 553/845/275 554/848/275 556/847/275
f 556/842/276 554/841/276 559/844/276 557/843/276
f 560/955/277 558/956/277 557/843/277 559/844/277
f 558/956/278 560/955/278 561/957/278 563/958/278
f 563/958/279 561/957/279 562/959/279 564/960/279
f 565/961/280 564/960/280 562/959/280 567/962/280
f 566/963/281 565/961/281 567/962/281 568/964/281
f 572/965/265 566/963/265 568/964/265 569/966/265
f 569/966/264 570/967/264 573/968/264 572/965/264
f 600/881/257 601/969/257 628/970/257 629/971/257 630/853/257 566/852/257 572/972/257 573/973/257 574/974/257 575/882/257
f 574/975/263 573/968/263 570/967/263 576/976/263
f 575/977/262 574/975/262 576/976/262 577/978/262
f 580/979/261 575/977/261 577/978/261 578/980/261
f 581/981/260 580/979/260 578/980/260 579/982/260
f 582/983/259 581/981/259 579/982/259 584/984/259
f 583/985/258 582/983/258 584/984/258 585/986/258
f 588/987/256 583/985/256 585/986/256 586/988/256
f 586/988/255 587/989/255 589/990/255 588/987/255
f 590/991/254 589/990/254 587/989/254 592/992/254
f 591/993/282 590/991/282 592/992/282 593/994/282
f 596/995/283 591/993/283 593/994/283 594/996/283
f 597/997/284 596/995/284 594/996/284 595/998/284
f 599/999/285 598/1000/285 597/997/285 595/998/285
f 598/1000/286 599/999/286 536/953/286 539/954/286
f 626/976/269 601/975/269 600/977/269 602/978/269
f 602/978/270 600/977/270 603/979/270 604/980/270
f 604/980/271 603/979/271 605/981/271 606/982/271
f 606/982/272 605/981/272 607/983/272 608/984/272
f 608/984/273 607/983/273 609/985/273 610/986/273
f 610/986/274 609/985/274 611/987/274 612/988/274
f 612/988/275 611/987/275 613/990/275 614/989/275
f 614/989/276 613/990/276 615/991/276 616/992/276
f 616/992/277 615/991/277 617/993/277 618/994/277
f 618/994/278 617/993/278 619/995/278 620/996/278
f 620/996/279 619/995/279 621/997/279 622/998/279
f 622/998/280 621/997/280 623/1000/280 624/999/280
f 624/999/281 623/1000/281 625/954/281 533/953/281
f 627/967/268 628/968/268 601/975/268 626/976/268
f 571/966/267 629/965/267 628/968/267 627/967/267
f 632/964/266 630/963/266 629/965/266 571/966/266
f 633/962/286 631/961/286 630/963/286 632/964/286
f 634/959/285 636/960/285 631/961/285 633/962/285
f 635/957/284 637/958/284 636/960/284 634/959/284
f 640/955/283 638/956/283 637/958/283 635/957/283
f 514/844/282 639/843/282 638/956/282 640/955/282
o Cylinder.005
v -0.652670 -0.246380 -2.490822
v -0.653552 -0.255335 -2.490820
v -0.648481 -0.246380 0.310759
v -0.653552 -0.237425 -2.490820
v -0.656164 -0.228814 -2.490817
v -0.649363 -0.237425 0.310760
v -0.651975 -0.228814 0.310764
v -0.656217 -0.220878 0.310770
v -0.661925 -0.213922 0.310779
v -0.660406 -0.220878 -2.490810
v -0.666115 -0.213922 -2.490802
v -0.673071 -0.208213 -2.490791
v -0.681007 -0.203971 -2.490779
v -0.668881 -0.208213 0.310789
v -0.676817 -0.203971 0.310801
v -0.685428 -0.201359 0.310814
v -0.694384 -0.200477 0.310827
v -0.689618 -0.201359 -2.490767
v -0.698573 -0.200477 -2.490753
v -0.707528 -0.201359 -2.490740
v -0.716139 -0.203971 -2.490727
v -0.703339 -0.201359 0.310841
v -0.705289 -0.212614 -2.490743
v -0.711748 -0.214573 -2.490733
v -0.698573 -0.211953 -2.490753
v -0.701100 -0.212614 0.310837
v -0.707558 -0.214573 0.310847
v -0.694384 -0.211953 0.310827
v -0.687667 -0.212614 0.310817
v -0.681209 -0.214573 0.310808
v -0.691857 -0.212614 -2.490763
v -0.685398 -0.214573 -2.490773
v -0.679446 -0.217755 -2.490782
v -0.674229 -0.222036 -2.490789
v -0.675257 -0.217755 0.310799
v -0.670040 -0.222036 0.310791
v -0.665758 -0.227253 0.310785
v -0.662577 -0.233205 0.310780
v -0.669948 -0.227253 -2.490796
v -0.666766 -0.233205 -2.490801
v -0.664807 -0.239664 -2.490804
v -0.664146 -0.246380 -2.490805
v -0.660618 -0.239664 0.310777
v -0.659956 -0.246380 0.310776
v -0.660618 -0.253097 0.310777
v -0.662577 -0.259555 0.310780
v -0.664807 -0.253097 -2.490804
v -0.666766 -0.259555 -2.490801
v -0.669948 -0.265507 -2.490796
v -0.674229 -0.270724 -2.490789
v -0.665758 -0.265507 0.310785
v -0.670040 -0.270724 0.310791
v -0.675257 -0.275005 0.310799
v -0.681209 -0.278187 0.310808
v -0.679446 -0.275005 -2.490782
v -0.685398 -0.278187 -2.490773
v -0.691857 -0.280146 -2.490763
v -0.698573 -0.280808 -2.490753
v -0.689618 -0.291401 -2.490767
v -0.687667 -0.280146 0.310817
v -0.694384 -0.280808 0.310827
v -0.701100 -0.280146 0.310837
v -0.707558 -0.278187 0.310847
v -0.705289 -0.280146 -2.490743
v -0.711748 -0.278187 -2.490733
v -0.717700 -0.275005 -2.490725
v -0.722917 -0.270724 -2.490717
v -0.713510 -0.275005 0.310856
v -0.718727 -0.270724 0.310864
v -0.723009 -0.265507 0.310870
v -0.726190 -0.259555 0.310875
v -0.727198 -0.265507 -2.490710
v -0.730380 -0.259555 -2.490705
v -0.732339 -0.253097 -2.490703
v -0.733000 -0.246380 -2.490702
v -0.728149 -0.253097 0.310878
v -0.728811 -0.246380 0.310879
v -0.728149 -0.239664 0.310878
v -0.726190 -0.233205 0.310875
v -0.732339 -0.239664 -2.490703
v -0.730380 -0.233205 -2.490705
v -0.727198 -0.227253 -2.490710
v -0.722917 -0.222036 -2.490717
v -0.723009 -0.227253 0.310870
v -0.718727 -0.222036 0.310864
v -0.713510 -0.217755 0.310856
v -0.717700 -0.217755 -2.490725
v -0.711950 -0.288789 0.310854
v -0.703339 -0.291401 0.310841
v -0.716139 -0.288789 -2.490727
v -0.719886 -0.284547 0.310866
v -0.724075 -0.284547 -2.490715
v -0.726842 -0.278839 0.310876
v -0.731031 -0.278839 -2.490705
v -0.732551 -0.271883 0.310884
v -0.736740 -0.271883 -2.490696
v -0.736793 -0.263947 0.310891
v -0.740982 -0.263947 -2.490690
v -0.739405 -0.255335 0.310895
v -0.743594 -0.255335 -2.490686
v -0.740287 -0.246380 0.310896
v -0.744476 -0.246380 -2.490685
v -0.739405 -0.237425 0.310895
v -0.743594 -0.237425 -2.490686
v -0.736793 -0.228814 0.310891
v -0.740982 -0.228814 -2.490690
v -0.732551 -0.220878 0.310884
v -0.736740 -0.220878 -2.490696
v -0.726842 -0.213922 0.310876
v -0.731031 -0.213922 -2.490705
v -0.719886 -0.208213 0.310866
v -0.724075 -0.208213 -2.490715
v -0.711950 -0.203971 0.310854
v -0.707528 -0.291401 -2.490740
v -0.698573 -0.292283 -2.490753
v -0.694384 -0.292283 0.310827
v -0.685428 -0.291401 0.310814
v -0.676817 -0.288789 0.310801
v -0.668881 -0.284547 0.310789
v -0.681007 -0.288789 -2.490779
v -0.673071 -0.284547 -2.490791
v -0.666115 -0.278839 -2.490802
v -0.660406 -0.271883 -2.490810
v -0.661925 -0.278839 0.310779
v -0.656217 -0.271883 0.310770
v -0.651975 -0.263947 0.310764
v -0.649363 -0.255335 0.310760
v -0.656164 -0.263947 -2.490817
vn 0.9952 -0.0980 -0.0015
vn 0.9952 0.0980 -0.0015
vn 0.9569 0.2903 -0.0014
vn 0.0015 -0.0000 1.0000
vn 0.8819 0.4714 -0.0013
vn 0.7730 0.6344 -0.0012
vn 0.6344 0.7730 -0.0009
vn 0.4714 0.8819 -0.0007
vn 0.2903 0.9569 -0.0004
vn 0.0980 0.9952 -0.0001
vn -0.0980 0.9952 0.0001
vn -0.2903 0.9569 0.0004
vn 0.2903 -0.9569 -0.0004
vn 0.0980 -0.9952 -0.0001
vn -0.0980 -0.9952 0.0001
vn -0.2903 -0.9569 0.0004
vn -0.4714 -0.8819 0.0007
vn -0.6344 -0.7730 0.0009
vn -0.7730 -0.6344 0.0012
vn -0.8819 -0.4714 0.0013
vn -0.9569 -0.2903 0.0014
vn -0.9952 -0.0980 0.0015
vn -0.9952 0.0980 0.0015
vn -0.9569 0.2903 0.0014
vn -0.8819 0.4714 0.0013
vn -0.7730 0.6344 0.0012
vn -0.6344 0.7730 0.0009
vn -0.4714 0.8819 0.0007
vn 0.9569 -0.2903 -0.0014
vn 0.8819 -0.4714 -0.0013
vn 0.7730 -0.6344 -0.0012
vn 0.6344 -0.7730 -0.0009
vn 0.4714 -0.8819 -0.0007
vt 1.000000 0.500000
vt 1.000000 1.000000
vt 0.968750 1.000000
vt 0.968750 0.500000
vt 0.031250 0.500000
vt 0.031250 1.000000
vt 0.000000 1.000000
vt 0.000000 0.500000
vt 0.062500 0.500000
vt 0.062500 1.000000
vt 0.399665 0.350003
vt 0.416298 0.318883
vt 0.471731 0.341844
vt 0.449553 0.383337
vt 0.419706 0.419706
vt 0.383337 0.449553
vt 0.341844 0.471731
vt 0.296822 0.485388
vt 0.250000 0.490000
vt 0.203178 0.485388
vt 0.158156 0.471731
vt 0.116663 0.449553
vt 0.080294 0.419706
vt 0.050447 0.383337
vt 0.028269 0.341844
vt 0.014612 0.296822
vt 0.010000 0.250000
vt 0.014612 0.203178
vt 0.028269 0.158156
vt 0.050447 0.116663
vt 0.080294 0.080294
vt 0.116663 0.050447
vt 0.158156 0.028269
vt 0.203178 0.014612
vt 0.250000 0.010000
vt 0.296822 0.014612
vt 0.341844 0.028269
vt 0.383337 0.050447
vt 0.419706 0.080294
vt 0.449553 0.116663
vt 0.471731 0.158156
vt 0.416298 0.181117
vt 0.399665 0.149997
vt 0.377279 0.122721
vt 0.350003 0.100335
vt 0.318883 0.083702
vt 0.285116 0.073459
vt 0.250000 0.070000
vt 0.214884 0.073459
vt 0.181117 0.083702
vt 0.149997 0.100335
vt 0.122721 0.122721
vt 0.100335 0.149997
vt 0.083702 0.181117
vt 0.073459 0.214884
vt 0.070000 0.250000
vt 0.073459 0.285116
vt 0.083702 0.318883
vt 0.100335 0.350003
vt 0.122721 0.377279
vt 0.149997 0.399665
vt 0.181117 0.416298
vt 0.214884 0.426541
vt 0.250000 0.430000
vt 0.285116 0.426541
vt 0.318883 0.416298
vt 0.350003 0.399665
vt 0.377279 0.377279
vt 0.093750 0.500000
vt 0.093750 1.000000
vt 0.125000 0.500000
vt 0.125000 1.000000
vt 0.156250 0.500000
vt 0.156250 1.000000
vt 0.187500 0.500000
vt 0.187500 1.000000
vt 0.218750 0.500000
vt 0.218750 1.000000
vt 0.250000 0.500000
vt 0.250000 1.000000
vt 0.281250 0.500000
vt 0.281250 1.000000
vt 0.312500 0.500000
vt 0.312500 1.000000
vt 0.937500 0.500000
vt 0.937500 1.000000
vt 0.906250 0.500000
vt 0.906250 1.000000
vt 0.875000 0.500000
vt 0.875000 1.000000
vt 0.843750 1.000000
vt 0.843750 0.500000
vt 0.812500 1.000000
vt 0.812500 0.500000
vt 0.781250 1.000000
vt 0.781250 0.500000
vt 0.750000 0.500000
vt 0.750000 1.000000
vt 0.485388 0.203178
vt 0.490000 0.250000
vt 0.485388 0.296822
vt 0.426541 0.285116
vt 0.430000 0.250000
vt 0.426541 0.214884
vt 0.718750 1.000000
vt 0.718750 0.500000
vt 0.687500 1.000000
vt 0.687500 0.500000
vt 0.656250 1.000000
vt 0.656250 0.500000
vt 0.625000 1.000000
vt 0.625000 0.500000
vt 0.593750 1.000000
vt 0.593750 0.500000
vt 0.562500 1.000000
vt 0.562500 0.500000
vt 0.531250 1.000000
vt 0.531250 0.500000
vt 0.500000 0.500000
vt 0.500000 1.000000
vt 0.468750 1.000000
vt 0.468750 0.500000
vt 0.437500 1.000000
vt 0.437500 0.500000
vt 0.406250 1.000000
vt 0.406250 0.500000
vt 0.375000 1.000000
vt 0.375000 0.500000
vt 0.343750 0.500000
vt 0.343750 1.000000
s 0
usemtl small_tube
f 641/1001/287 643/1002/287 767/1003/287 642/1004/287
f 644/1005/288 646/1006/288 643/1007/288 641/1008/288
f 645/1009/289 647/1010/289 646/1006/289 644/1005/289
f 693/1011/290 694/1012/290 758/1013/290 759/1014/290 764/1015/290 765/1016/290 766/1017/290 767/1018/290 643/1019/290 646/1020/290 647/1021/290 648/1022/290 649/1023/290 654/1024/290 655/1025/290 656/1026/290 657/1027/290 662/1028/290 753/1029/290 751/1030/290 749/1031/290 747/1032/290 745/1033/290 743/1034/290 741/1035/290 739/1036/290 737/1037/290 735/1038/290 733/1039/290 731/1040/290 728/1041/290 703/1042/290 708/1043/290 709/1044/290 710/1045/290 711/1046/290 716/1047/290 717/1048/290 718/1049/290 719/1050/290 724/1051/290 725/1052/290 726/1053/290 667/1054/290 666/1055/290 668/1056/290 669/1057/290 670/1058/290 675/1059/290 676/1060/290 677/1061/290 678/1062/290 683/1063/290 684/1064/290 685/1065/290 686/1066/290 691/1067/290 692/1068/290
f 650/1069/291 648/1070/291 647/1010/291 645/1009/291
f 651/1071/292 649/1072/292 648/1070/292 650/1069/292
f 652/1073/293 654/1074/293 649/1072/293 651/1071/293
f 653/1075/294 655/1076/294 654/1074/294 652/1073/294
f 658/1077/295 656/1078/295 655/1076/295 653/1075/295
f 659/1079/296 657/1080/296 656/1078/296 658/1077/296
f 660/1081/297 662/1082/297 657/1080/297 659/1079/297
f 661/1083/298 753/1084/298 662/1082/298 660/1081/298
f 667/1084/299 664/1083/299 663/1081/299 666/1082/299
f 666/1082/300 663/1081/300 665/1079/300 668/1080/300
f 668/1080/301 665/1079/301 671/1077/301 669/1078/301
f 672/1075/302 670/1076/302 669/1078/302 671/1077/302
f 670/1076/303 672/1075/303 673/1073/303 675/1074/303
f 675/1074/304 673/1073/304 674/1071/304 676/1072/304
f 679/1069/305 677/1070/305 676/1072/305 674/1071/305
f 677/1070/306 679/1069/306 680/1009/306 678/1010/306
f 678/1010/307 680/1009/307 681/1005/307 683/1006/307
f 683/1006/308 681/1005/308 682/1008/308 684/1007/308
f 684/1002/309 682/1001/309 687/1004/309 685/1003/309
f 688/1085/310 686/1086/310 685/1003/310 687/1004/310
f 686/1086/311 688/1085/311 689/1087/311 691/1088/311
f 691/1088/312 689/1087/312 690/1089/312 692/1090/312
f 693/1091/313 692/1090/313 690/1089/313 695/1092/313
f 694/1093/314 693/1091/314 695/1092/314 696/1094/314
f 700/1095/298 694/1093/298 696/1094/298 697/1096/298
f 697/1096/297 698/1097/297 701/1098/297 700/1095/297
f 728/1041/290 729/1099/290 756/1100/290 757/1101/290 758/1013/290 694/1012/290 700/1102/290 701/1103/290 702/1104/290 703/1042/290
f 702/1105/296 701/1098/296 698/1097/296 704/1106/296
f 703/1107/295 702/1105/295 704/1106/295 705/1108/295
f 708/1109/294 703/1107/294 705/1108/294 706/1110/294
f 709/1111/293 708/1109/293 706/1110/293 707/1112/293
f 710/1113/292 709/1111/292 707/1112/292 712/1114/292
f 711/1115/291 710/1113/291 712/1114/291 713/1116/291
f 716/1117/289 711/1115/289 713/1116/289 714/1118/289
f 714/1118/288 715/1119/288 717/1120/288 716/1117/288
f 718/1121/287 717/1120/287 715/1119/287 720/1122/287
f 719/1123/315 718/1121/315 720/1122/315 721/1124/315
f 724/1125/316 719/1123/316 721/1124/316 722/1126/316
f 725/1127/317 724/1125/317 722/1126/317 723/1128/317
f 727/1129/318 726/1130/318 725/1127/318 723/1128/318
f 726/1130/319 727/1129/319 664/1083/319 667/1084/319
f 754/1106/302 729/1105/302 728/1107/302 730/1108/302
f 730/1108/303 728/1107/303 731/1109/303 732/1110/303
f 732/1110/304 731/1109/304 733/1111/304 734/1112/304
f 734/1112/305 733/1111/305 735/1113/305 736/1114/305
f 736/1114/306 735/1113/306 737/1115/306 738/1116/306
f 738/1116/307 737/1115/307 739/1117/307 740/1118/307
f 740/1118/308 739/1117/308 741/1120/308 742/1119/308
f 742/1119/309 741/1120/309 743/1121/309 744/1122/309
f 744/1122/310 743/1121/310 745/1123/310 746/1124/310
f 746/1124/311 745/1123/311 747/1125/311 748/1126/311
f 748/1126/312 747/1125/312 749/1127/312 750/1128/312
f 750/1128/313 749/1127/313 751/1130/313 752/1129/313
f 752/1129/314 751/1130/314 753/1084/314 661/1083/314
f 755/1097/301 756/1098/301 729/1105/301 754/1106/301
f 699/1096/300 757/1095/300 756/1098/300 755/1097/300
f 760/1094/299 758/1093/299 757/1095/299 699/1096/299
f 761/1092/319 759/1091/319 758/1093/319 760/1094/319
f 762/1089/318 764/1090/318 759/1091/318 761/1092/318
f 763/1087/317 765/1088/317 764/1090/317 762/1089/317
f 768/1085/316 766/1086/316 765/1088/316 763/1087/316
f 642/1004/315 767/1003/315 766/1086/315 768/1085/315
o Cylinder.006
v -1.002238 -0.110805 -2.490507
v -1.003120 -0.119760 -2.490506
v -0.998048 -0.110805 0.311490
v -1.003120 -0.101850 -2.490506
v -1.005732 -0.093239 -2.490502
v -0.998930 -0.101850 0.311491
v -1.001542 -0.093239 0.311495
v -1.005784 -0.085303 0.311501
v -1.011493 -0.078347 0.311510
v -1.009974 -0.085303 -2.490496
v -1.015683 -0.078347 -2.490487
v -1.022639 -0.072638 -2.490477
v -1.030575 -0.068396 -2.490465
v -1.018449 -0.072638 0.311520
v -1.026385 -0.068396 0.311532
v -1.034996 -0.065784 0.311545
v -1.043951 -0.064902 0.311558
v -1.039186 -0.065784 -2.490452
v -1.048141 -0.064902 -2.490438
v -1.057096 -0.065784 -2.490425
v -1.065708 -0.068396 -2.490412
v -1.052906 -0.065784 0.311572
v -1.054858 -0.077039 -2.490428
v -1.061316 -0.078998 -2.490419
v -1.048141 -0.076378 -2.490438
v -1.050668 -0.077039 0.311568
v -1.057126 -0.078998 0.311578
v -1.043951 -0.076378 0.311558
v -1.037235 -0.077039 0.311548
v -1.030776 -0.078998 0.311538
v -1.041425 -0.077039 -2.490448
v -1.034966 -0.078998 -2.490458
v -1.029014 -0.082180 -2.490467
v -1.023797 -0.086461 -2.490475
v -1.024824 -0.082180 0.311530
v -1.019607 -0.086461 0.311522
v -1.015326 -0.091678 0.311515
v -1.012144 -0.097630 0.311511
v -1.019516 -0.091678 -2.490481
v -1.016334 -0.097630 -2.490486
v -1.014375 -0.104089 -2.490489
v -1.013714 -0.110805 -2.490490
v -1.010185 -0.104089 0.311508
v -1.009524 -0.110805 0.311507
v -1.010185 -0.117521 0.311508
v -1.012144 -0.123980 0.311511
v -1.014375 -0.117521 -2.490489
v -1.016334 -0.123980 -2.490486
v -1.019516 -0.129932 -2.490481
v -1.023797 -0.135149 -2.490475
v -1.015326 -0.129932 0.311515
v -1.019607 -0.135149 0.311522
v -1.024824 -0.139430 0.311530
v -1.030776 -0.142612 0.311538
v -1.029014 -0.139430 -2.490467
v -1.034966 -0.142612 -2.490458
v -1.041425 -0.144571 -2.490448
v -1.048141 -0.145232 -2.490438
v -1.039186 -0.155826 -2.490452
v -1.037235 -0.144571 0.311548
v -1.043951 -0.145232 0.311558
v -1.050668 -0.144571 0.311568
v -1.057126 -0.142612 0.311578
v -1.054858 -0.144571 -2.490428
v -1.061316 -0.142612 -2.490419
v -1.067268 -0.139430 -2.490410
v -1.072485 -0.135149 -2.490402
v -1.063078 -0.139430 0.311587
v -1.068295 -0.135149 0.311595
v -1.072576 -0.129932 0.311601
v -1.075758 -0.123980 0.311606
v -1.076766 -0.129932 -2.490396
v -1.079948 -0.123980 -2.490391
v -1.081907 -0.117521 -2.490388
v -1.082569 -0.110805 -2.490387
v -1.077717 -0.117521 0.311609
v -1.078378 -0.110805 0.311610
v -1.077717 -0.104089 0.311609
v -1.075758 -0.097630 0.311606
v -1.081907 -0.104089 -2.490388
v -1.079948 -0.097630 -2.490391
v -1.076766 -0.091678 -2.490396
v -1.072485 -0.086461 -2.490402
v -1.072576 -0.091678 0.311601
v -1.068295 -0.086461 0.311595
v -1.063078 -0.082180 0.311587
v -1.067268 -0.082180 -2.490410
v -1.061517 -0.153214 0.311584
v -1.052906 -0.155826 0.311572
v -1.065708 -0.153214 -2.490412
v -1.069453 -0.148972 0.311596
v -1.073644 -0.148972 -2.490400
v -1.076410 -0.143263 0.311607
v -1.080600 -0.143263 -2.490390
v -1.082118 -0.136307 0.311615
v -1.086308 -0.136307 -2.490381
v -1.086360 -0.128371 0.311622
v -1.090550 -0.128371 -2.490375
v -1.088972 -0.119760 0.311625
v -1.093162 -0.119760 -2.490371
v -1.089854 -0.110805 0.311627
v -1.094044 -0.110805 -2.490370
v -1.088972 -0.101850 0.311625
v -1.093162 -0.101850 -2.490371
v -1.086360 -0.093239 0.311622
v -1.090550 -0.093239 -2.490375
v -1.082118 -0.085303 0.311615
v -1.086308 -0.085303 -2.490381
v -1.076410 -0.078347 0.311607
v -1.080600 -0.078347 -2.490390
v -1.069453 -0.072638 0.311596
v -1.073644 -0.072638 -2.490400
v -1.061517 -0.068396 0.311584
v -1.057096 -0.155826 -2.490425
v -1.048141 -0.156708 -2.490438
v -1.043951 -0.156708 0.311558
v -1.034996 -0.155826 0.311545
v -1.026385 -0.153214 0.311532
v -1.018449 -0.148972 0.311520
v -1.030575 -0.153214 -2.490465
v -1.022639 -0.148972 -2.490477
v -1.015683 -0.143263 -2.490487
v -1.009974 -0.136307 -2.490496
v -1.011493 -0.143263 0.311510
v -1.005784 -0.136307 0.311501
v -1.001542 -0.128371 0.311495
v -0.998930 -0.119760 0.311491
v -1.005732 -0.128371 -2.490502
vn 0.9952 -0.0980 -0.0015
vn 0.9952 0.0980 -0.0015
vn 0.9569 0.2903 -0.0014
vn 0.0015 -0.0000 1.0000
vn 0.8819 0.4714 -0.0013
vn 0.7730 0.6344 -0.0012
vn 0.6344 0.7730 -0.0009
vn 0.4714 0.8819 -0.0007
vn 0.2903 0.9569 -0.0004
vn 0.0980 0.9952 -0.0001
vn -0.0980 0.9952 0.0001
vn -0.0015 -0.0000 -1.0000
vn -0.2903 0.9569 0.0004
vn 0.2903 -0.9569 -0.0004
vn 0.0980 -0.9952 -0.0001
vn -0.0980 -0.9952 0.0001
vn -0.2903 -0.9569 0.0004
vn -0.4714 -0.8819 0.0007
vn -0.6344 -0.7730 0.0009
vn -0.7730 -0.6344 0.0012
vn -0.8819 -0.4714 0.0013
vn -0.9569 -0.2903 0.0014
vn -0.9952 -0.0980 0.0015
vn -0.9952 0.0980 0.0015
vn -0.9569 0.2903 0.0014
vn -0.8819 0.4714 0.0013
vn -0.7730 0.6344 0.0012
vn -0.6344 0.7730 0.0009
vn -0.4714 0.8819 0.0007
vn 0.9569 -0.2903 -0.0014
vn 0.8819 -0.4714 -0.0013
vn 0.7730 -0.6344 -0.0012
vn 0.6344 -0.7730 -0.0009
vn 0.4714 -0.8819 -0.0007
vt 1.000000 0.500000
vt 1.000000 1.000000
vt 0.968750 1.000000
vt 0.968750 0.500000
vt 0.031250 0.500000
vt 0.031250 1.000000
vt 0.000000 1.000000
vt 0.000000 0.500000
vt 0.062500 0.500000
vt 0.062500 1.000000
vt 0.399665 0.350003
vt 0.416298 0.318883
vt 0.471731 0.341844
vt 0.449553 0.383337
vt 0.419706 0.419706
vt 0.383337 0.449553
vt 0.341844 0.471731
vt 0.296822 0.485388
vt 0.250000 0.490000
vt 0.203178 0.485388
vt 0.158156 0.471731
vt 0.116663 0.449553
vt 0.080294 0.419706
vt 0.050447 0.383337
vt 0.028269 0.341844
vt 0.014612 0.296822
vt 0.010000 0.250000
vt 0.014612 0.203178
vt 0.028269 0.158156
vt 0.050447 0.116663
vt 0.080294 0.080294
vt 0.116663 0.050447
vt 0.158156 0.028269
vt 0.203178 0.014612
vt 0.250000 0.010000
vt 0.296822 0.014612
vt 0.341844 0.028269
vt 0.383337 0.050447
vt 0.419706 0.080294
vt 0.449553 0.116663
vt 0.471731 0.158156
vt 0.416298 0.181117
vt 0.399665 0.149997
vt 0.377279 0.122721
vt 0.350003 0.100335
vt 0.318883 0.083702
vt 0.285116 0.073459
vt 0.250000 0.070000
vt 0.214884 0.073459
vt 0.181117 0.083702
vt 0.149997 0.100335
vt 0.122721 0.122721
vt 0.100335 0.149997
vt 0.083702 0.181117
vt 0.073459 0.214884
vt 0.070000 0.250000
vt 0.073459 0.285116
vt 0.083702 0.318883
vt 0.100335 0.350003
vt 0.122721 0.377279
vt 0.149997 0.399665
vt 0.181117 0.416298
vt 0.214884 0.426541
vt 0.250000 0.430000
vt 0.285116 0.426541
vt 0.318883 0.416298
vt 0.350003 0.399665
vt 0.377279 0.377279
vt 0.093750 0.500000
vt 0.093750 1.000000
vt 0.125000 0.500000
vt 0.125000 1.000000
vt 0.156250 0.500000
vt 0.156250 1.000000
vt 0.187500 0.500000
vt 0.187500 1.000000
vt 0.218750 0.500000
vt 0.218750 1.000000
vt 0.250000 0.500000
vt 0.250000 1.000000
vt 0.281250 0.500000
vt 0.281250 1.000000
vt 0.360916 0.211222
vt 0.362974 0.211424
vt 0.362974 0.214942
vt 0.360229 0.214672
vt 0.357590 0.213871
vt 0.355157 0.212571
vt 0.353025 0.210821
vt 0.351275 0.208689
vt 0.349975 0.206256
vt 0.349175 0.203617
vt 0.348904 0.200872
vt 0.349175 0.198127
vt 0.349975 0.195488
vt 0.351275 0.193055
vt 0.353025 0.190923
vt 0.355157 0.189173
vt 0.357590 0.187873
vt 0.360229 0.187072
vt 0.362974 0.186802
vt 0.362974 0.190319
vt 0.360916 0.190522
vt 0.358936 0.191123
vt 0.357112 0.192098
vt 0.355512 0.193410
vt 0.354200 0.195009
vt 0.353225 0.196834
vt 0.352625 0.198813
vt 0.352422 0.200872
vt 0.352625 0.202931
vt 0.353225 0.204910
vt 0.354200 0.206735
vt 0.355512 0.208334
vt 0.357112 0.209646
vt 0.358936 0.210621
vt 0.312500 0.500000
vt 0.312500 1.000000
vt 0.937500 0.500000
vt 0.937500 1.000000
vt 0.906250 0.500000
vt 0.906250 1.000000
vt 0.875000 0.500000
vt 0.875000 1.000000
vt 0.843750 1.000000
vt 0.843750 0.500000
vt 0.812500 1.000000
vt 0.812500 0.500000
vt 0.781250 1.000000
vt 0.781250 0.500000
vt 0.750000 0.500000
vt 0.750000 1.000000
vt 0.485388 0.203178
vt 0.490000 0.250000
vt 0.485388 0.296822
vt 0.426541 0.285116
vt 0.430000 0.250000
vt 0.426541 0.214884
vt 0.718750 1.000000
vt 0.718750 0.500000
vt 0.687500 1.000000
vt 0.687500 0.500000
vt 0.656250 1.000000
vt 0.656250 0.500000
vt 0.625000 1.000000
vt 0.625000 0.500000
vt 0.593750 1.000000
vt 0.593750 0.500000
vt 0.562500 1.000000
vt 0.562500 0.500000
vt 0.531250 1.000000
vt 0.531250 0.500000
vt 0.500000 0.500000
vt 0.500000 1.000000
vt 0.468750 1.000000
vt 0.468750 0.500000
vt 0.437500 1.000000
vt 0.437500 0.500000
vt 0.406250 1.000000
vt 0.406250 0.500000
vt 0.375000 1.000000
vt 0.375000 0.500000
vt 0.343750 0.500000
vt 0.343750 1.000000
s 0
usemtl small_tube
f 769/1131/320 771/1132/320 895/1133/320 770/1134/320
f 772/1135/321 774/1136/321 771/1137/321 769/1138/321
f 773/1139/322 775/1140/322 774/1136/322 772/1135/322
f 821/1141/323 822/1142/323 886/1143/323 887/1144/323 892/1145/323 893/1146/323 894/1147/323 895/1148/323 771/1149/323 774/1150/323 775/1151/323 776/1152/323 777/1153/323 782/1154/323 783/1155/323 784/1156/323 785/1157/323 790/1158/323 881/1159/323 879/1160/323 877/1161/323 875/1162/323 873/1163/323 871/1164/323 869/1165/323 867/1166/323 865/1167/323 863/1168/323 861/1169/323 859/1170/323 856/1171/323 831/1172/323 836/1173/323 837/1174/323 838/1175/323 839/1176/323 844/1177/323 845/1178/323 846/1179/323 847/1180/323 852/1181/323 853/1182/323 854/1183/323 795/1184/323 794/1185/323 796/1186/323 797/1187/323 798/1188/323 803/1189/323 804/1190/323 805/1191/323 806/1192/323 811/1193/323 812/1194/323 813/1195/323 814/1196/323 819/1197/323 820/1198/323
f 778/1199/324 776/1200/324 775/1140/324 773/1139/324
f 779/1201/325 777/1202/325 776/1200/325 778/1199/325
f 780/1203/326 782/1204/326 777/1202/326 779/1201/326
f 781/1205/327 783/1206/327 782/1204/327 780/1203/327
f 786/1207/328 784/1208/328 783/1206/328 781/1205/328
f 787/1209/329 785/1210/329 784/1208/329 786/1207/329
f 788/1211/330 790/1212/330 785/1210/330 787/1209/330
f 826/1213/331 825/1214/331 827/1215/331 883/1216/331 882/1217/331 858/1218/331 860/1219/331 862/1220/331 864/1221/331 866/1222/331 868/1223/331 870/1224/331 872/1225/331 874/1226/331 876/1227/331 878/1228/331 880/1229/331 789/1230/331 788/1231/331 791/1232/331 792/1233/331 855/1234/331 851/1235/331 850/1236/331 849/1237/331 848/1238/331 843/1239/331 842/1240/331 841/1241/331 840/1242/331 835/1243/331 834/1244/331 833/1245/331 832/1246/331
f 789/1247/332 881/1248/332 790/1212/332 788/1211/332
f 795/1248/333 792/1247/333 791/1211/333 794/1212/333
f 794/1212/334 791/1211/334 793/1209/334 796/1210/334
f 796/1210/335 793/1209/335 799/1207/335 797/1208/335
f 800/1205/336 798/1206/336 797/1208/336 799/1207/336
f 798/1206/337 800/1205/337 801/1203/337 803/1204/337
f 803/1204/338 801/1203/338 802/1201/338 804/1202/338
f 807/1199/339 805/1200/339 804/1202/339 802/1201/339
f 805/1200/340 807/1199/340 808/1139/340 806/1140/340
f 806/1140/341 808/1139/341 809/1135/341 811/1136/341
f 811/1136/342 809/1135/342 810/1138/342 812/1137/342
f 812/1132/343 810/1131/343 815/1134/343 813/1133/343
f 816/1249/344 814/1250/344 813/1133/344 815/1134/344
f 814/1250/345 816/1249/345 817/1251/345 819/1252/345
f 819/1252/346 817/1251/346 818/1253/346 820/1254/346
f 821/1255/347 820/1254/347 818/1253/347 823/1256/347
f 822/1257/348 821/1255/348 823/1256/348 824/1258/348
f 828/1259/332 822/1257/332 824/1258/332 825/1260/332
f 825/1260/330 826/1261/330 829/1262/330 828/1259/330
f 856/1171/323 857/1263/323 884/1264/323 885/1265/323 886/1143/323 822/1142/323 828/1266/323 829/1267/323 830/1268/323 831/1172/323
f 830/1269/329 829/1262/329 826/1261/329 832/1270/329
f 831/1271/328 830/1269/328 832/1270/328 833/1272/328
f 836/1273/327 831/1271/327 833/1272/327 834/1274/327
f 837/1275/326 836/1273/326 834/1274/326 835/1276/326
f 838/1277/325 837/1275/325 835/1276/325 840/1278/325
f 839/1279/324 838/1277/324 840/1278/324 841/1280/324
f 844/1281/322 839/1279/322 841/1280/322 842/1282/322
f 842/1282/321 843/1283/321 845/1284/321 844/1281/321
f 846/1285/320 845/1284/320 843/1283/320 848/1286/320
f 847/1287/349 846/1285/349 848/1286/349 849/1288/349
f 852/1289/350 847/1287/350 849/1288/350 850/1290/350
f 853/1291/351 852/1289/351 850/1290/351 851/1292/351
f 855/1293/352 854/1294/352 853/1291/352 851/1292/352
f 854/1294/353 855/1293/353 792/1247/353 795/1248/353
f 882/1270/336 857/1269/336 856/1271/336 858/1272/336
f 858/1272/337 856/1271/337 859/1273/337 860/1274/337
f 860/1274/338 859/1273/338 861/1275/338 862/1276/338
f 862/1276/339 861/1275/339 863/1277/339 864/1278/339
f 864/1278/340 863/1277/340 865/1279/340 866/1280/340
f 866/1280/341 865/1279/341 867/1281/341 868/1282/341
f 868/1282/342 867/1281/342 869/1284/342 870/1283/342
f 870/1283/343 869/1284/343 871/1285/343 872/1286/343
f 872/1286/344 871/1285/344 873/1287/344 874/1288/344
f 874/1288/345 873/1287/345 875/1289/345 876/1290/345
f 876/1290/346 875/1289/346 877/1291/346 878/1292/346
f 878/1292/347 877/1291/347 879/1294/347 880/1293/347
f 880/1293/348 879/1294/348 881/1248/348 789/1247/348
f 883/1261/335 884/1262/335 857/1269/335 882/1270/335
f 827/1260/334 885/1259/334 884/1262/334 883/1261/334
f 888/1258/333 886/1257/333 885/1259/333 827/1260/333
f 889/1256/353 887/1255/353 886/1257/353 888/1258/353
f 890/1253/352 892/1254/352 887/1255/352 889/1256/352
f 891/1251/351 893/1252/351 892/1254/351 890/1253/351
f 896/1249/350 894/1250/350 893/1252/350 891/1251/350
f 770/1134/349 895/1133/349 894/1250/349 896/1249/349
o Cylinder.007
v -1.002238 -0.395405 -2.490507
v -1.003120 -0.404360 -2.490506
v -0.998048 -0.395405 0.311490
v -1.003120 -0.386449 -2.490506
v -1.005732 -0.377838 -2.490502
v -0.998930 -0.386449 0.311491
v -1.001542 -0.377838 0.311495
v -1.005784 -0.369902 0.311501
v -1.011493 -0.362946 0.311510
v -1.009974 -0.369902 -2.490496
v -1.015683 -0.362946 -2.490487
v -1.022639 -0.357238 -2.490477
v -1.030575 -0.352996 -2.490465
v -1.018449 -0.357238 0.311520
v -1.026385 -0.352996 0.311532
v -1.034996 -0.350383 0.311545
v -1.043951 -0.349501 0.311558
v -1.039186 -0.350383 -2.490452
v -1.048141 -0.349501 -2.490438
v -1.057096 -0.350383 -2.490425
v -1.065707 -0.352996 -2.490412
v -1.052906 -0.350383 0.311572
v -1.054858 -0.361639 -2.490428
v -1.061316 -0.363598 -2.490419
v -1.048141 -0.360977 -2.490438
v -1.050668 -0.361639 0.311568
v -1.057126 -0.363598 0.311578
v -1.043951 -0.360977 0.311558
v -1.037235 -0.361639 0.311548
v -1.030776 -0.363598 0.311538
v -1.041425 -0.361639 -2.490448
v -1.034966 -0.363598 -2.490458
v -1.029014 -0.366779 -2.490467
v -1.023797 -0.371061 -2.490475
v -1.024824 -0.366779 0.311530
v -1.019607 -0.371061 0.311522
v -1.015326 -0.376278 0.311515
v -1.012144 -0.382230 0.311511
v -1.019516 -0.376278 -2.490481
v -1.016334 -0.382230 -2.490486
v -1.014375 -0.388688 -2.490489
v -1.013714 -0.395405 -2.490490
v -1.010185 -0.388688 0.311508
v -1.009524 -0.395405 0.311507
v -1.010185 -0.402121 0.311508
v -1.012144 -0.408579 0.311511
v -1.014375 -0.402121 -2.490489
v -1.016334 -0.408579 -2.490486
v -1.019516 -0.414531 -2.490481
v -1.023797 -0.419748 -2.490475
v -1.015326 -0.414531 0.311515
v -1.019607 -0.419748 0.311522
v -1.024824 -0.424030 0.311530
v -1.030776 -0.427211 0.311538
v -1.029014 -0.424030 -2.490467
v -1.034966 -0.427211 -2.490458
v -1.041425 -0.429171 -2.490448
v -1.048141 -0.429832 -2.490438
v -1.039186 -0.440426 -2.490452
v -1.037235 -0.429171 0.311548
v -1.043951 -0.429832 0.311558
v -1.050668 -0.429171 0.311568
v -1.057126 -0.427211 0.311578
v -1.054858 -0.429171 -2.490428
v -1.061316 -0.427211 -2.490419
v -1.067268 -0.424030 -2.490410
v -1.072485 -0.419748 -2.490402
v -1.063078 -0.424030 0.311587
v -1.068295 -0.419748 0.311595
v -1.072576 -0.414531 0.311601
v -1.075758 -0.408579 0.311606
v -1.076766 -0.414531 -2.490396
v -1.079948 -0.408579 -2.490391
v -1.081907 -0.402121 -2.490388
v -1.082568 -0.395405 -2.490387
v -1.077717 -0.402121 0.311609
v -1.078378 -0.395405 0.311610
v -1.077717 -0.388688 0.311609
v -1.075758 -0.382230 0.311606
v -1.081907 -0.388688 -2.490388
v -1.079948 -0.382230 -2.490391
v -1.076766 -0.376278 -2.490396
v -1.072485 -0.371061 -2.490402
v -1.072576 -0.376278 0.311601
v -1.068295 -0.371061 0.311595
v -1.063078 -0.366779 0.311587
v -1.067268 -0.366779 -2.490410
v -1.061517 -0.437814 0.311584
v -1.052906 -0.440426 0.311572
v -1.065707 -0.437814 -2.490412
v -1.069453 -0.433572 0.311596
v -1.073644 -0.433572 -2.490400
v -1.076410 -0.427863 0.311607
v -1.080600 -0.427863 -2.490390
v -1.082118 -0.420907 0.311615
v -1.086308 -0.420907 -2.490381
v -1.086360 -0.412971 0.311622
v -1.090550 -0.412971 -2.490375
v -1.088972 -0.404360 0.311625
v -1.093162 -0.404360 -2.490371
v -1.089854 -0.395405 0.311627
v -1.094044 -0.395405 -2.490370
v -1.088972 -0.386449 0.311625
v -1.093162 -0.386449 -2.490371
v -1.086360 -0.377838 0.311622
v -1.090550 -0.377838 -2.490375
v -1.082118 -0.369902 0.311615
v -1.086308 -0.369902 -2.490381
v -1.076410 -0.362946 0.311607
v -1.080600 -0.362946 -2.490390
v -1.069453 -0.357238 0.311596
v -1.073644 -0.357238 -2.490400
v -1.061517 -0.352996 0.311584
v -1.057096 -0.440426 -2.490425
v -1.048141 -0.441308 -2.490438
v -1.043951 -0.441308 0.311558
v -1.034996 -0.440426 0.311545
v -1.026385 -0.437814 0.311532
v -1.018449 -0.433572 0.311520
v -1.030575 -0.437814 -2.490465
v -1.022639 -0.433572 -2.490477
v -1.015683 -0.427863 -2.490487
v -1.009974 -0.420907 -2.490496
v -1.011493 -0.427863 0.311510
v -1.005784 -0.420907 0.311501
v -1.001542 -0.412971 0.311495
v -0.998930 -0.404360 0.311491
v -1.005732 -0.412971 -2.490502
vn 0.9952 -0.0980 -0.0015
vn 0.9952 0.0980 -0.0015
vn 0.9569 0.2903 -0.0014
vn 0.0015 -0.0000 1.0000
vn 0.8819 0.4714 -0.0013
vn 0.7730 0.6344 -0.0012
vn 0.6344 0.7730 -0.0009
vn 0.4714 0.8819 -0.0007
vn 0.2903 0.9569 -0.0004
vn 0.0980 0.9952 -0.0001
vn -0.0980 0.9952 0.0001
vn -0.2903 0.9569 0.0004
vn 0.2903 -0.9569 -0.0004
vn 0.0980 -0.9952 -0.0001
vn -0.0980 -0.9952 0.0001
vn -0.2903 -0.9569 0.0004
vn -0.4714 -0.8819 0.0007
vn -0.6344 -0.7730 0.0009
vn -0.7730 -0.6344 0.0012
vn -0.8819 -0.4714 0.0013
vn -0.9569 -0.2903 0.0014
vn -0.9952 -0.0980 0.0015
vn -0.9952 0.0980 0.0015
vn -0.9569 0.2903 0.0014
vn -0.8819 0.4714 0.0013
vn -0.7730 0.6344 0.0012
vn -0.6344 0.7730 0.0009
vn -0.4714 0.8819 0.0007
vn 0.9569 -0.2903 -0.0014
vn 0.8819 -0.4714 -0.0013
vn 0.7730 -0.6344 -0.0012
vn 0.6344 -0.7730 -0.0009
vn 0.4714 -0.8819 -0.0007
vt 1.000000 0.500000
vt 1.000000 1.000000
vt 0.968750 1.000000
vt 0.968750 0.500000
vt 0.031250 0.500000
vt 0.031250 1.000000
vt 0.000000 1.000000
vt 0.000000 0.500000
vt 0.062500 0.500000
vt 0.062500 1.000000
vt 0.399665 0.350003
vt 0.416298 0.318883
vt 0.471731 0.341844
vt 0.449553 0.383337
vt 0.419706 0.419706
vt 0.383337 0.449553
vt 0.341844 0.471731
vt 0.296822 0.485388
vt 0.250000 0.490000
vt 0.203178 0.485388
vt 0.158156 0.471731
vt 0.116663 0.449553
vt 0.080294 0.419706
vt 0.050447 0.383337
vt 0.028269 0.341844
vt 0.014612 0.296822
vt 0.010000 0.250000
vt 0.014612 0.203178
vt 0.028269 0.158156
vt 0.050447 0.116663
vt 0.080294 0.080294
vt 0.116663 0.050447
vt 0.158156 0.028269
vt 0.203178 0.014612
vt 0.250000 0.010000
vt 0.296822 0.014612
vt 0.341844 0.028269
vt 0.383337 0.050447
vt 0.419706 0.080294
vt 0.449553 0.116663
vt 0.471731 0.158156
vt 0.416298 0.181117
vt 0.399665 0.149997
vt 0.377279 0.122721
vt 0.350003 0.100335
vt 0.318883 0.083702
vt 0.285116 0.073459
vt 0.250000 0.070000
vt 0.214884 0.073459
vt 0.181117 0.083702
vt 0.149997 0.100335
vt 0.122721 0.122721
vt 0.100335 0.149997
vt 0.083702 0.181117
vt 0.073459 0.214884
vt 0.070000 0.250000
vt 0.073459 0.285116
vt 0.083702 0.318883
vt 0.100335 0.350003
vt 0.122721 0.377279
vt 0.149997 0.399665
vt 0.181117 0.416298
vt 0.214884 0.426541
vt 0.250000 0.430000
vt 0.285116 0.426541
vt 0.318883 0.416298
vt 0.350003 0.399665
vt 0.377279 0.377279
vt 0.093750 0.500000
vt 0.093750 1.000000
vt 0.125000 0.500000
vt 0.125000 1.000000
vt 0.156250 0.500000
vt 0.156250 1.000000
vt 0.187500 0.500000
vt 0.187500 1.000000
vt 0.218750 0.500000
vt 0.218750 1.000000
vt 0.250000 0.500000
vt 0.250000 1.000000
vt 0.281250 0.500000
vt 0.281250 1.000000
vt 0.312500 0.500000
vt 0.312500 1.000000
vt 0.937500 0.500000
vt 0.937500 1.000000
vt 0.906250 0.500000
vt 0.906250 1.000000
vt 0.875000 0.500000
vt 0.875000 1.000000
vt 0.843750 1.000000
vt 0.843750 0.500000
vt 0.812500 1.000000
vt 0.812500 0.500000
vt 0.781250 1.000000
vt 0.781250 0.500000
vt 0.750000 0.500000
vt 0.750000 1.000000
vt 0.485388 0.203178
vt 0.490000 0.250000
vt 0.485388 0.296822
vt 0.426541 0.285116
vt 0.430000 0.250000
vt 0.426541 0.214884
vt 0.718750 1.000000
vt 0.718750 0.500000
vt 0.687500 1.000000
vt 0.687500 0.500000
vt 0.656250 1.000000
vt 0.656250 0.500000
vt 0.625000 1.000000
vt 0.625000 0.500000
vt 0.593750 1.000000
vt 0.593750 0.500000
vt 0.562500 1.000000
vt 0.562500 0.500000
vt 0.531250 1.000000
vt 0.531250 0.500000
vt 0.500000 0.500000
vt 0.500000 1.000000
vt 0.468750 1.000000
vt 0.468750 0.500000
vt 0.437500 1.000000
vt 0.437500 0.500000
vt 0.406250 1.000000
vt 0.406250 0.500000
vt 0.375000 1.000000
vt 0.375000 0.500000
vt 0.343750 0.500000
vt 0.343750 1.000000
s 0
usemtl small_tube
f 897/1295/354 899/1296/354 1023/1297/354 898/1298/354
f 900/1299/355 902/1300/355 899/1301/355 897/1302/355
f 901/1303/356 903/1304/356 902/1300/356 900/1299/356
f 949/1305/357 950/1306/357 1014/1307/357 1015/1308/357 1020/1309/357 1021/1310/357 1022/1311/357 1023/1312/357 899/1313/357 902/1314/357 903/1315/357 904/1316/357 905/1317/357 910/1318/357 911/1319/357 912/1320/357 913/1321/357 918/1322/357 1009/1323/357 1007/1324/357 1005/1325/357 1003/1326/357 1001/1327/357 999/1328/357 997/1329/357 995/1330/357 993/1331/357 991/1332/357 989/1333/357 987/1334/357 984/1335/357 959/1336/357 964/1337/357 965/1338/357 966/1339/357 967/1340/357 972/1341/357 973/1342/357 974/1343/357 975/1344/357 980/1345/357 981/1346/357 982/1347/357 923/1348/357 922/1349/357 924/1350/357 925/1351/357 926/1352/357 931/1353/357 932/1354/357 933/1355/357 934/1356/357 939/1357/357 940/1358/357 941/1359/357 942/1360/357 947/1361/357 948/1362/357
f 906/1363/358 904/1364/358 903/1304/358 901/1303/358
f 907/1365/359 905/1366/359 904/1364/359 906/1363/359
f 908/1367/360 910/1368/360 905/1366/360 907/1365/360
f 909/1369/361 911/1370/361 910/1368/361 908/1367/361
f 914/1371/362 912/1372/362 911/1370/362 909/1369/362
f 915/1373/363 913/1374/363 912/1372/363 914/1371/363
f 916/1375/364 918/1376/364 913/1374/364 915/1373/364
f 917/1377/365 1009/1378/365 918/1376/365 916/1375/365
f 923/1378/366 920/1377/366 919/1375/366 922/1376/366
f 922/1376/367 919/1375/367 921/1373/367 924/1374/367
f 924/1374/368 921/1373/368 927/1371/368 925/1372/368
f 928/1369/369 926/1370/369 925/1372/369 927/1371/369
f 926/1370/370 928/1369/370 929/1367/370 931/1368/370
f 931/1368/371 929/1367/371 930/1365/371 932/1366/371
f 935/1363/372 933/1364/372 932/1366/372 930/1365/372
f 933/1364/373 935/1363/373 936/1303/373 934/1304/373
f 934/1304/374 936/1303/374 937/1299/374 939/1300/374
f 939/1300/375 937/1299/375 938/1302/375 940/1301/375
f 940/1296/376 938/1295/376 943/1298/376 941/1297/376
f 944/1379/377 942/1380/377 941/1297/377 943/1298/377
f 942/1380/378 944/1379/378 945/1381/378 947/1382/378
f 947/1382/379 945/1381/379 946/1383/379 948/1384/379
f 949/1385/380 948/1384/380 946/1383/380 951/1386/380
f 950/1387/381 949/1385/381 951/1386/381 952/1388/381
f 956/1389/365 950/1387/365 952/1388/365 953/1390/365
f 953/1390/364 954/1391/364 957/1392/364 956/1389/364
f 984/1335/357 985/1393/357 1012/1394/357 1013/1395/357 1014/1307/357 950/1306/357 956/1396/357 957/1397/357 958/1398/357 959/1336/357
f 958/1399/363 957/1392/363 954/1391/363 960/1400/363
f 959/1401/362 958/1399/362 960/1400/362 961/1402/362
f 964/1403/361 959/1401/361 961/1402/361 962/1404/361
f 965/1405/360 964/1403/360 962/1404/360 963/1406/360
f 966/1407/359 965/1405/359 963/1406/359 968/1408/359
f 967/1409/358 966/1407/358 968/1408/358 969/1410/358
f 972/1411/356 967/1409/356 969/1410/356 970/1412/356
f 970/1412/355 971/1413/355 973/1414/355 972/1411/355
f 974/1415/354 973/1414/354 971/1413/354 976/1416/354
f 975/1417/382 974/1415/382 976/1416/382 977/1418/382
f 980/1419/383 975/1417/383 977/1418/383 978/1420/383
f 981/1421/384 980/1419/384 978/1420/384 979/1422/384
f 983/1423/385 982/1424/385 981/1421/385 979/1422/385
f 982/1424/386 983/1423/386 920/1377/386 923/1378/386
f 1010/1400/369 985/1399/369 984/1401/369 986/1402/369
f 986/1402/370 984/1401/370 987/1403/370 988/1404/370
f 988/1404/371 987/1403/371 989/1405/371 990/1406/371
f 990/1406/372 989/1405/372 991/1407/372 992/1408/372
f 992/1408/373 991/1407/373 993/1409/373 994/1410/373
f 994/1410/374 993/1409/374 995/1411/374 996/1412/374
f 996/1412/375 995/1411/375 997/1414/375 998/1413/375
f 998/1413/376 997/1414/376 999/1415/376 1000/1416/376
f 1000/1416/377 999/1415/377 1001/1417/377 1002/1418/377
f 1002/1418/378 1001/1417/378 1003/1419/378 1004/1420/378
f 1004/1420/379 1003/1419/379 1005/1421/379 1006/1422/379
f 1006/1422/380 1005/1421/380 1007/1424/380 1008/1423/380
f 1008/1423/381 1007/1424/381 1009/1378/381 917/1377/381
f 1011/1391/368 1012/1392/368 985/1399/368 1010/1400/368
f 955/1390/367 1013/1389/367 1012/1392/367 1011/1391/367
f 1016/1388/366 1014/1387/366 1013/1389/366 955/1390/366
f 1017/1386/386 1015/1385/386 1014/1387/386 1016/1388/386
f 1018/1383/385 1020/1384/385 1015/1385/385 1017/1386/385
f 1019/1381/384 1021/1382/384 1020/1384/384 1018/1383/384
f 1024/1379/383 1022/1380/383 1021/1382/383 1019/1381/383
f 898/1298/382 1023/1297/382 1022/1380/382 1024/1379/382
o Cylinder.008
v -0.722434 -0.110809 -2.490717
v -0.723316 -0.119765 -2.490716
v -0.718244 -0.110809 0.310863
v -0.723316 -0.101854 -2.490716
v -0.725928 -0.093243 -2.490712
v -0.719126 -0.101854 0.310864
v -0.721739 -0.093243 0.310868
v -0.725981 -0.085307 0.310875
v -0.731689 -0.078351 0.310883
v -0.730170 -0.085307 -2.490706
v -0.735879 -0.078351 -2.490697
v -0.742835 -0.072642 -2.490687
v -0.750771 -0.068400 -2.490675
v -0.738645 -0.072642 0.310894
v -0.746581 -0.068400 0.310905
v -0.755192 -0.065788 0.310918
v -0.764148 -0.064906 0.310932
v -0.759382 -0.065788 -2.490662
v -0.768337 -0.064906 -2.490649
v -0.777292 -0.065788 -2.490635
v -0.785903 -0.068400 -2.490623
v -0.773103 -0.065788 0.310945
v -0.775053 -0.077043 -2.490639
v -0.781512 -0.079003 -2.490629
v -0.768337 -0.076382 -2.490649
v -0.770864 -0.077043 0.310942
v -0.777322 -0.079003 0.310951
v -0.764148 -0.076382 0.310932
v -0.757431 -0.077043 0.310922
v -0.750973 -0.079003 0.310912
v -0.761621 -0.077043 -2.490659
v -0.755162 -0.079003 -2.490669
v -0.749210 -0.082184 -2.490677
v -0.743993 -0.086465 -2.490685
v -0.745021 -0.082184 0.310903
v -0.739804 -0.086465 0.310895
v -0.735522 -0.091682 0.310889
v -0.732341 -0.097634 0.310884
v -0.739712 -0.091682 -2.490692
v -0.736530 -0.097634 -2.490696
v -0.734571 -0.104093 -2.490699
v -0.733910 -0.110809 -2.490700
v -0.730382 -0.104093 0.310881
v -0.729720 -0.110809 0.310880
v -0.730382 -0.117526 0.310881
v -0.732341 -0.123984 0.310884
v -0.734571 -0.117526 -2.490699
v -0.736530 -0.123984 -2.490696
v -0.739712 -0.129936 -2.490692
v -0.743993 -0.135153 -2.490685
v -0.735522 -0.129936 0.310889
v -0.739804 -0.135153 0.310895
v -0.745021 -0.139435 0.310903
v -0.750973 -0.142616 0.310912
v -0.749210 -0.139435 -2.490677
v -0.755162 -0.142616 -2.490669
v -0.761621 -0.144575 -2.490659
v -0.768337 -0.145237 -2.490649
v -0.759382 -0.155830 -2.490662
v -0.757431 -0.144575 0.310922
v -0.764148 -0.145237 0.310932
v -0.770864 -0.144575 0.310942
v -0.777322 -0.142616 0.310951
v -0.775053 -0.144575 -2.490639
v -0.781512 -0.142616 -2.490629
v -0.787464 -0.139435 -2.490620
v -0.792681 -0.135153 -2.490612
v -0.783274 -0.139435 0.310960
v -0.788491 -0.135153 0.310968
v -0.792773 -0.129936 0.310975
v -0.795954 -0.123984 0.310979
v -0.796962 -0.129936 -2.490606
v -0.800144 -0.123984 -2.490601
v -0.802103 -0.117526 -2.490598
v -0.802764 -0.110809 -2.490597
v -0.797913 -0.117526 0.310982
v -0.798575 -0.110809 0.310983
v -0.797913 -0.104093 0.310982
v -0.795954 -0.097634 0.310979
v -0.802103 -0.104093 -2.490598
v -0.800144 -0.097634 -2.490601
v -0.796962 -0.091682 -2.490606
v -0.792681 -0.086465 -2.490612
v -0.792773 -0.091682 0.310975
v -0.788491 -0.086465 0.310968
v -0.783274 -0.082184 0.310960
v -0.787464 -0.082184 -2.490620
v -0.781714 -0.153218 0.310958
v -0.773103 -0.155830 0.310945
v -0.785903 -0.153218 -2.490623
v -0.789650 -0.148976 0.310970
v -0.793839 -0.148976 -2.490611
v -0.796606 -0.143268 0.310980
v -0.800795 -0.143268 -2.490600
v -0.802315 -0.136312 0.310989
v -0.806504 -0.136312 -2.490592
v -0.806557 -0.128376 0.310995
v -0.810746 -0.128376 -2.490585
v -0.809169 -0.119765 0.310999
v -0.813358 -0.119765 -2.490582
v -0.810051 -0.110809 0.311000
v -0.814240 -0.110809 -2.490580
v -0.809169 -0.101854 0.310999
v -0.813358 -0.101854 -2.490582
v -0.806557 -0.093243 0.310995
v -0.810746 -0.093243 -2.490585
v -0.802315 -0.085307 0.310989
v -0.806504 -0.085307 -2.490592
v -0.796606 -0.078351 0.310980
v -0.800795 -0.078351 -2.490600
v -0.789650 -0.072642 0.310970
v -0.793839 -0.072642 -2.490611
v -0.781714 -0.068400 0.310958
v -0.777292 -0.155830 -2.490635
v -0.768337 -0.156712 -2.490649
v -0.764148 -0.156712 0.310932
v -0.755192 -0.155830 0.310918
v -0.746581 -0.153218 0.310905
v -0.738645 -0.148976 0.310894
v -0.750771 -0.153218 -2.490675
v -0.742835 -0.148976 -2.490687
v -0.735879 -0.143268 -2.490697
v -0.730170 -0.136312 -2.490706
v -0.731689 -0.143268 0.310883
v -0.725981 -0.136312 0.310875
v -0.721739 -0.128376 0.310868
v -0.719126 -0.119765 0.310864
v -0.725928 -0.128376 -2.490712
vn 0.9952 -0.0980 -0.0015
vn 0.9952 0.0980 -0.0015
vn 0.9569 0.2903 -0.0014
vn 0.0015 -0.0000 1.0000
vn 0.8819 0.4714 -0.0013
vn 0.7730 0.6344 -0.0012
vn 0.6344 0.7730 -0.0009
vn 0.4714 0.8819 -0.0007
vn 0.2903 0.9569 -0.0004
vn 0.0980 0.9952 -0.0001
vn -0.0980 0.9952 0.0001
vn -0.2903 0.9569 0.0004
vn 0.2903 -0.9569 -0.0004
vn 0.0980 -0.9952 -0.0001
vn -0.0980 -0.9952 0.0001
vn -0.2903 -0.9569 0.0004
vn -0.4714 -0.8819 0.0007
vn -0.6344 -0.7730 0.0009
vn -0.7730 -0.6344 0.0012
vn -0.8819 -0.4714 0.0013
vn -0.9569 -0.2903 0.0014
vn -0.9952 -0.0980 0.0015
vn -0.9952 0.0980 0.0015
vn -0.9569 0.2903 0.0014
vn -0.8819 0.4714 0.0013
vn -0.7730 0.6344 0.0012
vn -0.6344 0.7730 0.0009
vn -0.4714 0.8819 0.0007
vn 0.9569 -0.2903 -0.0014
vn 0.8819 -0.4714 -0.0013
vn 0.7730 -0.6344 -0.0012
vn 0.6344 -0.7730 -0.0009
vn 0.4714 -0.8819 -0.0007
vt 1.000000 0.500000
vt 1.000000 1.000000
vt 0.968750 1.000000
vt 0.968750 0.500000
vt 0.031250 0.500000
vt 0.031250 1.000000
vt 0.000000 1.000000
vt 0.000000 0.500000
vt 0.062500 0.500000
vt 0.062500 1.000000
vt 0.399665 0.350003
vt 0.416298 0.318883
vt 0.471731 0.341844
vt 0.449553 0.383337
vt 0.419706 0.419706
vt 0.383337 0.449553
vt 0.341844 0.471731
vt 0.296822 0.485388
vt 0.250000 0.490000
vt 0.203178 0.485388
vt 0.158156 0.471731
vt 0.116663 0.449553
vt 0.080294 0.419706
vt 0.050447 0.383337
vt 0.028269 0.341844
vt 0.014612 0.296822
vt 0.010000 0.250000
vt 0.014612 0.203178
vt 0.028269 0.158156
vt 0.050447 0.116663
vt 0.080294 0.080294
vt 0.116663 0.050447
vt 0.158156 0.028269
vt 0.203178 0.014612
vt 0.250000 0.010000
vt 0.296822 0.014612
vt 0.341844 0.028269
vt 0.383337 0.050447
vt 0.419706 0.080294
vt 0.449553 0.116663
vt 0.471731 0.158156
vt 0.416298 0.181117
vt 0.399665 0.149997
vt 0.377279 0.122721
vt 0.350003 0.100335
vt 0.318883 0.083702
vt 0.285116 0.073459
vt 0.250000 0.070000
vt 0.214884 0.073459
vt 0.181117 0.083702
vt 0.149997 0.100335
vt 0.122721 0.122721
vt 0.100335 0.149997
vt 0.083702 0.181117
vt 0.073459 0.214884
vt 0.070000 0.250000
vt 0.073459 0.285116
vt 0.083702 0.318883
vt 0.100335 0.350003
vt 0.122721 0.377279
vt 0.149997 0.399665
vt 0.181117 0.416298
vt 0.214884 0.426541
vt 0.250000 0.430000
vt 0.285116 0.426541
vt 0.318883 0.416298
vt 0.350003 0.399665
vt 0.377279 0.377279
vt 0.093750 0.500000
vt 0.093750 1.000000
vt 0.125000 0.500000
vt 0.125000 1.000000
vt 0.156250 0.500000
vt 0.156250 1.000000
vt 0.187500 0.500000
vt 0.187500 1.000000
vt 0.218750 0.500000
vt 0.218750 1.000000
vt 0.250000 0.500000
vt 0.250000 1.000000
vt 0.281250 0.500000
vt 0.281250 1.000000
vt 0.312500 0.500000
vt 0.312500 1.000000
vt 0.937500 0.500000
vt 0.937500 1.000000
vt 0.906250 0.500000
vt 0.906250 1.000000
vt 0.875000 0.500000
vt 0.875000 1.000000
vt 0.843750 1.000000
vt 0.843750 0.500000
vt 0.812500 1.000000
vt 0.812500 0.500000
vt 0.781250 1.000000
vt 0.781250 0.500000
vt 0.750000 0.500000
vt 0.750000 1.000000
vt 0.485388 0.203178
vt 0.490000 0.250000
vt 0.485388 0.296822
vt 0.426541 0.285116
vt 0.430000 0.250000
vt 0.426541 0.214884
vt 0.718750 1.000000
vt 0.718750 0.500000
vt 0.687500 1.000000
vt 0.687500 0.500000
vt 0.656250 1.000000
vt 0.656250 0.500000
vt 0.625000 1.000000
vt 0.625000 0.500000
vt 0.593750 1.000000
vt 0.593750 0.500000
vt 0.562500 1.000000
vt 0.562500 0.500000
vt 0.531250 1.000000
vt 0.531250 0.500000
vt 0.500000 0.500000
vt 0.500000 1.000000
vt 0.468750 1.000000
vt 0.468750 0.500000
vt 0.437500 1.000000
vt 0.437500 0.500000
vt 0.406250 1.000000
vt 0.406250 0.500000
vt 0.375000 1.000000
vt 0.375000 0.500000
vt 0.343750 0.500000
vt 0.343750 1.000000
s 0
usemtl small_tube
f 1025/1425/387 1027/1426/387 1151/1427/387 1026/1428/387
f 1028/1429/388 1030/1430/388 1027/1431/388 1025/1432/388
f 1029/1433/389 1031/1434/389 1030/1430/389 1028/1429/389
f 1077/1435/390 1078/1436/390 1142/1437/390 1143/1438/390 1148/1439/390 1149/1440/390 1150/1441/390 1151/1442/390 1027/1443/390 1030/1444/390 1031/1445/390 1032/1446/390 1033/1447/390 1038/1448/390 1039/1449/390 1040/1450/390 1041/1451/390 1046/1452/390 1137/1453/390 1135/1454/390 1133/1455/390 1131/1456/390 1129/1457/390 1127/1458/390 1125/1459/390 1123/1460/390 1121/1461/390 1119/1462/390 1117/1463/390 1115/1464/390 1112/1465/390 1087/1466/390 1092/1467/390 1093/1468/390 1094/1469/390 1095/1470/390 1100/1471/390 1101/1472/390 1102/1473/390 1103/1474/390 1108/1475/390 1109/1476/390 1110/1477/390 1051/1478/390 1050/1479/390 1052/1480/390 1053/1481/390 1054/1482/390 1059/1483/390 1060/1484/390 1061/1485/390 1062/1486/390 1067/1487/390 1068/1488/390 1069/1489/390 1070/1490/390 1075/1491/390 1076/1492/390
f 1034/1493/391 1032/1494/391 1031/1434/391 1029/1433/391
f 1035/1495/392 1033/1496/392 1032/1494/392 1034/1493/392
f 1036/1497/393 1038/1498/393 1033/1496/393 1035/1495/393
f 1037/1499/394 1039/1500/394 1038/1498/394 1036/1497/394
f 1042/1501/395 1040/1502/395 1039/1500/395 1037/1499/395
f 1043/1503/396 1041/1504/396 1040/1502/396 1042/1501/396
f 1044/1505/397 1046/1506/397 1041/1504/397 1043/1503/397
f 1045/1507/398 1137/1508/398 1046/1506/398 1044/1505/398
f 1051/1508/399 1048/1507/399 1047/1505/399 1050/1506/399
f 1050/1506/400 1047/1505/400 1049/1503/400 1052/1504/400
f 1052/1504/401 1049/1503/401 1055/1501/401 1053/1502/401
f 1056/1499/402 1054/1500/402 1053/1502/402 1055/1501/402
f 1054/1500/403 1056/1499/403 1057/1497/403 1059/1498/403
f 1059/1498/404 1057/1497/404 1058/1495/404 1060/1496/404
f 1063/1493/405 1061/1494/405 1060/1496/405 1058/1495/405
f 1061/1494/406 1063/1493/406 1064/1433/406 1062/1434/406
f 1062/1434/407 1064/1433/407 1065/1429/407 1067/1430/407
f 1067/1430/408 1065/1429/408 1066/1432/408 1068/1431/408
f 1068/1426/409 1066/1425/409 1071/1428/409 1069/1427/409
f 1072/1509/410 1070/1510/410 1069/1427/410 1071/1428/410
f 1070/1510/411 1072/1509/411 1073/1511/411 1075/1512/411
f 1075/1512/412 1073/1511/412 1074/1513/412 1076/1514/412
f 1077/1515/413 1076/1514/413 1074/1513/413 1079/1516/413
f 1078/1517/414 1077/1515/414 1079/1516/414 1080/1518/414
f 1084/1519/398 1078/1517/398 1080/1518/398 1081/1520/398
f 1081/1520/397 1082/1521/397 1085/1522/397 1084/1519/397
f 1112/1465/390 1113/1523/390 1140/1524/390 1141/1525/390 1142/1437/390 1078/1436/390 1084/1526/390 1085/1527/390 1086/1528/390 1087/1466/390
f 1086/1529/396 1085/1522/396 1082/1521/396 1088/1530/396
f 1087/1531/395 1086/1529/395 1088/1530/395 1089/1532/395
f 1092/1533/394 1087/1531/394 1089/1532/394 1090/1534/394
f 1093/1535/393 1092/1533/393 1090/1534/393 1091/1536/393
f 1094/1537/392 1093/1535/392 1091/1536/392 1096/1538/392
f 1095/1539/391 1094/1537/391 1096/1538/391 1097/1540/391
f 1100/1541/389 1095/1539/389 1097/1540/389 1098/1542/389
f 1098/1542/388 1099/1543/388 1101/1544/388 1100/1541/388
f 1102/1545/387 1101/1544/387 1099/1543/387 1104/1546/387
f 1103/1547/415 1102/1545/415 1104/1546/415 1105/1548/415
f 1108/1549/416 1103/1547/416 1105/1548/416 1106/1550/416
f 1109/1551/417 1108/1549/417 1106/1550/417 1107/1552/417
f 1111/1553/418 1110/1554/418 1109/1551/418 1107/1552/418
f 1110/1554/419 1111/1553/419 1048/1507/419 1051/1508/419
f 1138/1530/402 1113/1529/402 1112/1531/402 1114/1532/402
f 1114/1532/403 1112/1531/403 1115/1533/403 1116/1534/403
f 1116/1534/404 1115/1533/404 1117/1535/404 1118/1536/404
f 1118/1536/405 1117/1535/405 1119/1537/405 1120/1538/405
f 1120/1538/406 1119/1537/406 1121/1539/406 1122/1540/406
f 1122/1540/407 1121/1539/407 1123/1541/407 1124/1542/407
f 1124/1542/408 1123/1541/408 1125/1544/408 1126/1543/408
f 1126/1543/409 1125/1544/409 1127/1545/409 1128/1546/409
f 1128/1546/410 1127/1545/410 1129/1547/410 1130/1548/410
f 1130/1548/411 1129/1547/411 1131/1549/411 1132/1550/411
f 1132/1550/412 1131/1549/412 1133/1551/412 1134/1552/412
f 1134/1552/413 1133/1551/413 1135/1554/413 1136/1553/413
f 1136/1553/414 1135/1554/414 1137/1508/414 1045/1507/414
f 1139/1521/401 1140/1522/401 1113/1529/401 1138/1530/401
f 1083/1520/400 1141/1519/400 1140/1522/400 1139/1521/400
f 1144/1518/399 1142/1517/399 1141/1519/399 1083/1520/399
f 1145/1516/419 1143/1515/419 1142/1517/419 1144/1518/419
f 1146/1513/418 1148/1514/418 1143/1515/418 1145/1516/418
f 1147/1511/417 1149/1512/417 1148/1514/417 1146/1513/417
f 1152/1509/416 1150/1510/416 1149/1512/416 1147/1511/416
f 1026/1428/415 1151/1427/415 1150/1510/415 1152/1509/415
o Cylinder.009
v -0.722434 -0.395409 -2.490717
v -0.723316 -0.404364 -2.490716
v -0.718244 -0.395409 0.310863
v -0.723316 -0.386454 -2.490716
v -0.725928 -0.377843 -2.490712
v -0.719126 -0.386454 0.310864
v -0.721739 -0.377843 0.310868
v -0.725981 -0.369906 0.310875
v -0.731689 -0.362951 0.310883
v -0.730170 -0.369906 -2.490706
v -0.735879 -0.362951 -2.490697
v -0.742835 -0.357242 -2.490687
v -0.750771 -0.353000 -2.490675
v -0.738645 -0.357242 0.310894
v -0.746581 -0.353000 0.310905
v -0.755192 -0.350388 0.310918
v -0.764148 -0.349506 0.310932
v -0.759382 -0.350388 -2.490662
v -0.768337 -0.349506 -2.490649
v -0.777292 -0.350388 -2.490635
v -0.785903 -0.353000 -2.490623
v -0.773103 -0.350388 0.310945
v -0.775053 -0.361643 -2.490639
v -0.781512 -0.363602 -2.490629
v -0.768337 -0.360982 -2.490649
v -0.770864 -0.361643 0.310942
v -0.777322 -0.363602 0.310951
v -0.764148 -0.360982 0.310932
v -0.757431 -0.361643 0.310922
v -0.750973 -0.363602 0.310912
v -0.761621 -0.361643 -2.490659
v -0.755162 -0.363602 -2.490669
v -0.749210 -0.366784 -2.490677
v -0.743993 -0.371065 -2.490685
v -0.745021 -0.366784 0.310903
v -0.739804 -0.371065 0.310895
v -0.735522 -0.376282 0.310889
v -0.732341 -0.382234 0.310884
v -0.739712 -0.376282 -2.490692
v -0.736530 -0.382234 -2.490696
v -0.734571 -0.388692 -2.490699
v -0.733910 -0.395409 -2.490700
v -0.730382 -0.388692 0.310881
v -0.729720 -0.395409 0.310880
v -0.730382 -0.402125 0.310881
v -0.732341 -0.408584 0.310884
v -0.734571 -0.402125 -2.490699
v -0.736530 -0.408584 -2.490696
v -0.739712 -0.414536 -2.490692
v -0.743993 -0.419753 -2.490685
v -0.735522 -0.414536 0.310889
v -0.739804 -0.419753 0.310895
v -0.745021 -0.424034 0.310903
v -0.750973 -0.427216 0.310912
v -0.749210 -0.424034 -2.490677
v -0.755162 -0.427216 -2.490669
v -0.761621 -0.429175 -2.490659
v -0.768337 -0.429836 -2.490649
v -0.759382 -0.440430 -2.490662
v -0.757431 -0.429175 0.310922
v -0.764148 -0.429836 0.310932
v -0.770864 -0.429175 0.310942
v -0.777322 -0.427216 0.310951
v -0.775053 -0.429175 -2.490639
v -0.781512 -0.427216 -2.490629
v -0.787464 -0.424034 -2.490620
v -0.792681 -0.419753 -2.490612
v -0.783274 -0.424034 0.310960
v -0.788491 -0.419753 0.310968
v -0.792773 -0.414536 0.310975
v -0.795954 -0.408584 0.310979
v -0.796962 -0.414536 -2.490606
v -0.800144 -0.408584 -2.490601
v -0.802103 -0.402125 -2.490598
v -0.802764 -0.395409 -2.490597
v -0.797913 -0.402125 0.310982
v -0.798575 -0.395409 0.310983
v -0.797913 -0.388692 0.310982
v -0.795954 -0.382234 0.310979
v -0.802103 -0.388692 -2.490598
v -0.800144 -0.382234 -2.490601
v -0.796962 -0.376282 -2.490606
v -0.792681 -0.371065 -2.490612
v -0.792773 -0.376282 0.310975
v -0.788491 -0.371065 0.310968
v -0.783274 -0.366784 0.310960
v -0.787464 -0.366784 -2.490620
v -0.781714 -0.437818 0.310958
v -0.773103 -0.440430 0.310945
v -0.785903 -0.437818 -2.490623
v -0.789650 -0.433576 0.310970
v -0.793839 -0.433576 -2.490611
v -0.796606 -0.427867 0.310980
v -0.800795 -0.427867 -2.490600
v -0.802315 -0.420911 0.310989
v -0.806504 -0.420911 -2.490592
v -0.806557 -0.412975 0.310995
v -0.810746 -0.412975 -2.490585
v -0.809169 -0.404364 0.310999
v -0.813358 -0.404364 -2.490582
v -0.810051 -0.395409 0.311000
v -0.814240 -0.395409 -2.490580
v -0.809169 -0.386454 0.310999
v -0.813358 -0.386454 -2.490582
v -0.806557 -0.377843 0.310995
v -0.810746 -0.377843 -2.490585
v -0.802315 -0.369907 0.310989
v -0.806504 -0.369907 -2.490592
v -0.796606 -0.362951 0.310980
v -0.800795 -0.362951 -2.490600
v -0.789650 -0.357242 0.310970
v -0.793839 -0.357242 -2.490611
v -0.781714 -0.353000 0.310958
v -0.777292 -0.440430 -2.490635
v -0.768337 -0.441312 -2.490649
v -0.764148 -0.441312 0.310932
v -0.755192 -0.440430 0.310918
v -0.746581 -0.437818 0.310905
v -0.738645 -0.433576 0.310894
v -0.750771 -0.437818 -2.490675
v -0.742835 -0.433576 -2.490687
v -0.735879 -0.427867 -2.490697
v -0.730170 -0.420911 -2.490706
v -0.731689 -0.427867 0.310883
v -0.725981 -0.420911 0.310875
v -0.721739 -0.412975 0.310868
v -0.719126 -0.404364 0.310864
v -0.725928 -0.412975 -2.490712
vn 0.9952 -0.0980 -0.0015
vn 0.9952 0.0980 -0.0015
vn 0.9569 0.2903 -0.0014
vn 0.0015 -0.0000 1.0000
vn 0.8819 0.4714 -0.0013
vn 0.7730 0.6344 -0.0012
vn 0.6344 0.7730 -0.0009
vn 0.4714 0.8819 -0.0007
vn 0.2903 0.9569 -0.0004
vn 0.0980 0.9952 -0.0001
vn -0.0980 0.9952 0.0001
vn -0.0015 -0.0000 -1.0000
vn -0.2903 0.9569 0.0004
vn 0.2903 -0.9569 -0.0004
vn 0.0980 -0.9952 -0.0001
vn -0.0980 -0.9952 0.0001
vn -0.2903 -0.9569 0.0004
vn -0.4714 -0.8819 0.0007
vn -0.6344 -0.7730 0.0009
vn -0.7730 -0.6344 0.0012
vn -0.8819 -0.4714 0.0013
vn -0.9569 -0.2903 0.0014
vn -0.9952 -0.0980 0.0015
vn -0.9952 0.0980 0.0015
vn -0.9569 0.2903 0.0014
vn -0.8819 0.4714 0.0013
vn -0.7730 0.6344 0.0012
vn -0.6344 0.7730 0.0009
vn -0.4714 0.8819 0.0007
vn 0.9569 -0.2903 -0.0014
vn 0.8819 -0.4714 -0.0013
vn 0.7730 -0.6344 -0.0012
vn 0.6344 -0.7730 -0.0009
vn 0.4714 -0.8819 -0.0007
vt 1.000000 0.500000
vt 1.000000 1.000000
vt 0.968750 1.000000
vt 0.968750 0.500000
vt 0.031250 0.500000
vt 0.031250 1.000000
vt 0.000000 1.000000
vt 0.000000 0.500000
vt 0.062500 0.500000
vt 0.062500 1.000000
vt 0.399665 0.350003
vt 0.416298 0.318883
vt 0.471731 0.341844
vt 0.449553 0.383337
vt 0.419706 0.419706
vt 0.383337 0.449553
vt 0.341844 0.471731
vt 0.296822 0.485388
vt 0.250000 0.490000
vt 0.203178 0.485388
vt 0.158156 0.471731
vt 0.116663 0.449553
vt 0.080294 0.419706
vt 0.050447 0.383337
vt 0.028269 0.341844
vt 0.014612 0.296822
vt 0.010000 0.250000
vt 0.014612 0.203178
vt 0.028269 0.158156
vt 0.050447 0.116663
vt 0.080294 0.080294
vt 0.116663 0.050447
vt 0.158156 0.028269
vt 0.203178 0.014612
vt 0.250000 0.010000
vt 0.296822 0.014612
vt 0.341844 0.028269
vt 0.383337 0.050447
vt 0.419706 0.080294
vt 0.449553 0.116663
vt 0.471731 0.158156
vt 0.416298 0.181117
vt 0.399665 0.149997
vt 0.377279 0.122721
vt 0.350003 0.100335
vt 0.318883 0.083702
vt 0.285116 0.073459
vt 0.250000 0.070000
vt 0.214884 0.073459
vt 0.181117 0.083702
vt 0.149997 0.100335
vt 0.122721 0.122721
vt 0.100335 0.149997
vt 0.083702 0.181117
vt 0.073459 0.214884
vt 0.070000 0.250000
vt 0.073459 0.285116
vt 0.083702 0.318883
vt 0.100335 0.350003
vt 0.122721 0.377279
vt 0.149997 0.399665
vt 0.181117 0.416298
vt 0.214884 0.426541
vt 0.250000 0.430000
vt 0.285116 0.426541
vt 0.318883 0.416298
vt 0.350003 0.399665
vt 0.377279 0.377279
vt 0.093750 0.500000
vt 0.093750 1.000000
vt 0.125000 0.500000
vt 0.125000 1.000000
vt 0.156250 0.500000
vt 0.156250 1.000000
vt 0.187500 0.500000
vt 0.187500 1.000000
vt 0.218750 0.500000
vt 0.218750 1.000000
vt 0.250000 0.500000
vt 0.250000 1.000000
vt 0.281250 0.500000
vt 0.281250 1.000000
vt 0.346846 0.211222
vt 0.348904 0.211424
vt 0.348904 0.214942
vt 0.346159 0.214672
vt 0.343520 0.213871
vt 0.341087 0.212571
vt 0.338955 0.210821
vt 0.337205 0.208689
vt 0.335905 0.206256
vt 0.335105 0.203617
vt 0.334834 0.200872
vt 0.335105 0.198127
vt 0.335905 0.195487
vt 0.337205 0.193055
vt 0.338955 0.190923
vt 0.341087 0.189173
vt 0.343520 0.187873
vt 0.346159 0.187072
vt 0.348904 0.186802
vt 0.348904 0.190319
vt 0.346846 0.190522
vt 0.344866 0.191123
vt 0.343042 0.192098
vt 0.341442 0.193410
vt 0.340130 0.195009
vt 0.339155 0.196834
vt 0.338554 0.198813
vt 0.338352 0.200872
vt 0.338554 0.202931
vt 0.339155 0.204910
vt 0.340130 0.206735
vt 0.341442 0.208334
vt 0.343042 0.209646
vt 0.344866 0.210621
vt 0.312500 0.500000
vt 0.312500 1.000000
vt 0.937500 0.500000
vt 0.937500 1.000000
vt 0.906250 0.500000
vt 0.906250 1.000000
vt 0.875000 0.500000
vt 0.875000 1.000000
vt 0.843750 1.000000
vt 0.843750 0.500000
vt 0.812500 1.000000
vt 0.812500 0.500000
vt 0.781250 1.000000
vt 0.781250 0.500000
vt 0.750000 0.500000
vt 0.750000 1.000000
vt 0.485388 0.203178
vt 0.490000 0.250000
vt 0.485388 0.296822
vt 0.426541 0.285116
vt 0.430000 0.250000
vt 0.426541 0.214884
vt 0.718750 1.000000
vt 0.718750 0.500000
vt 0.687500 1.000000
vt 0.687500 0.500000
vt 0.656250 1.000000
vt 0.656250 0.500000
vt 0.625000 1.000000
vt 0.625000 0.500000
vt 0.593750 1.000000
vt 0.593750 0.500000
vt 0.562500 1.000000
vt 0.562500 0.500000
vt 0.531250 1.000000
vt 0.531250 0.500000
vt 0.500000 0.500000
vt 0.500000 1.000000
vt 0.468750 1.000000
vt 0.468750 0.500000
vt 0.437500 1.000000
vt 0.437500 0.500000
vt 0.406250 1.000000
vt 0.406250 0.500000
vt 0.375000 1.000000
vt 0.375000 0.500000
vt 0.343750 0.500000
vt 0.343750 1.000000
s 0
usemtl small_tube
f 1153/1555/420 1155/1556/420 1279/1557/420 1154/1558/420
f 1156/1559/421 1158/1560/421 1155/1561/421 1153/1562/421
f 1157/1563/422 1159/1564/422 1158/1560/422 1156/1559/422
f 1205/1565/423 1206/1566/423 1270/1567/423 1271/1568/423 1276/1569/423 1277/1570/423 1278/1571/423 1279/1572/423 1155/1573/423 1158/1574/423 1159/1575/423 1160/1576/423 1161/1577/423 1166/1578/423 1167/1579/423 1168/1580/423 1169/1581/423 1174/1582/423 1265/1583/423 1263/1584/423 1261/1585/423 1259/1586/423 1257/1587/423 1255/1588/423 1253/1589/423 1251/1590/423 1249/1591/423 1247/1592/423 1245/1593/423 1243/1594/423 1240/1595/423 1215/1596/423 1220/1597/423 1221/1598/423 1222/1599/423 1223/1600/423 1228/1601/423 1229/1602/423 1230/1603/423 1231/1604/423 1236/1605/423 1237/1606/423 1238/1607/423 1179/1608/423 1178/1609/423 1180/1610/423 1181/1611/423 1182/1612/423 1187/1613/423 1188/1614/423 1189/1615/423 1190/1616/423 1195/1617/423 1196/1618/423 1197/1619/423 1198/1620/423 1203/1621/423 1204/1622/423
f 1162/1623/424 1160/1624/424 1159/1564/424 1157/1563/424
f 1163/1625/425 1161/1626/425 1160/1624/425 1162/1623/425
f 1164/1627/426 1166/1628/426 1161/1626/426 1163/1625/426
f 1165/1629/427 1167/1630/427 1166/1628/427 1164/1627/427
f 1170/1631/428 1168/1632/428 1167/1630/428 1165/1629/428
f 1171/1633/429 1169/1634/429 1168/1632/429 1170/1631/429
f 1172/1635/430 1174/1636/430 1169/1634/430 1171/1633/430
f 1210/1637/431 1209/1638/431 1211/1639/431 1267/1640/431 1266/1641/431 1242/1642/431 1244/1643/431 1246/1644/431 1248/1645/431 1250/1646/431 1252/1647/431 1254/1648/431 1256/1649/431 1258/1650/431 1260/1651/431 1262/1652/431 1264/1653/431 1173/1654/431 1172/1655/431 1175/1656/431 1176/1657/431 1239/1658/431 1235/1659/431 1234/1660/431 1233/1661/431 1232/1662/431 1227/1663/431 1226/1664/431 1225/1665/431 1224/1666/431 1219/1667/431 1218/1668/431 1217/1669/431 1216/1670/431
f 1173/1671/432 1265/1672/432 1174/1636/432 1172/1635/432
f 1179/1672/433 1176/1671/433 1175/1635/433 1178/1636/433
f 1178/1636/434 1175/1635/434 1177/1633/434 1180/1634/434
f 1180/1634/435 1177/1633/435 1183/1631/435 1181/1632/435
f 1184/1629/436 1182/1630/436 1181/1632/436 1183/1631/436
f 1182/1630/437 1184/1629/437 1185/1627/437 1187/1628/437
f 1187/1628/438 1185/1627/438 1186/1625/438 1188/1626/438
f 1191/1623/439 1189/1624/439 1188/1626/439 1186/1625/439
f 1189/1624/440 1191/1623/440 1192/1563/440 1190/1564/440
f 1190/1564/441 1192/1563/441 1193/1559/441 1195/1560/441
f 1195/1560/442 1193/1559/442 1194/1562/442 1196/1561/442
f 1196/1556/443 1194/1555/443 1199/1558/443 1197/1557/443
f 1200/1673/444 1198/1674/444 1197/1557/444 1199/1558/444
f 1198/1674/445 1200/1673/445 1201/1675/445 1203/1676/445
f 1203/1676/446 1201/1675/446 1202/1677/446 1204/1678/446
f 1205/1679/447 1204/1678/447 1202/1677/447 1207/1680/447
f 1206/1681/448 1205/1679/448 1207/1680/448 1208/1682/448
f 1212/1683/432 1206/1681/432 1208/1682/432 1209/1684/432
f 1209/1684/430 1210/1685/430 1213/1686/430 1212/1683/430
f 1240/1595/423 1241/1687/423 1268/1688/423 1269/1689/423 1270/1567/423 1206/1566/423 1212/1690/423 1213/1691/423 1214/1692/423 1215/1596/423
f 1214/1693/429 1213/1686/429 1210/1685/429 1216/1694/429
f 1215/1695/428 1214/1693/428 1216/1694/428 1217/1696/428
f 1220/1697/427 1215/1695/427 1217/1696/427 1218/1698/427
f 1221/1699/426 1220/1697/426 1218/1698/426 1219/1700/426
f 1222/1701/425 1221/1699/425 1219/1700/425 1224/1702/425
f 1223/1703/424 1222/1701/424 1224/1702/424 1225/1704/424
f 1228/1705/422 1223/1703/422 1225/1704/422 1226/1706/422
f 1226/1706/421 1227/1707/421 1229/1708/421 1228/1705/421
f 1230/1709/420 1229/1708/420 1227/1707/420 1232/1710/420
f 1231/1711/449 1230/1709/449 1232/1710/449 1233/1712/449
f 1236/1713/450 1231/1711/450 1233/1712/450 1234/1714/450
f 1237/1715/451 1236/1713/451 1234/1714/451 1235/1716/451
f 1239/1717/452 1238/1718/452 1237/1715/452 1235/1716/452
f 1238/1718/453 1239/1717/453 1176/1671/453 1179/1672/453
f 1266/1694/436 1241/1693/436 1240/1695/436 1242/1696/436
f 1242/1696/437 1240/1695/437 1243/1697/437 1244/1698/437
f 1244/1698/438 1243/1697/438 1245/1699/438 1246/1700/438
f 1246/1700/439 1245/1699/439 1247/1701/439 1248/1702/439
f 1248/1702/440 1247/1701/440 1249/1703/440 1250/1704/440
f 1250/1704/441 1249/1703/441 1251/1705/441 1252/1706/441
f 1252/1706/442 1251/1705/442 1253/1708/442 1254/1707/442
f 1254/1707/443 1253/1708/443 1255/1709/443 1256/1710/443
f 1256/1710/444 1255/1709/444 1257/1711/444 1258/1712/444
f 1258/1712/445 1257/1711/445 1259/1713/445 1260/1714/445
f 1260/1714/446 1259/1713/446 1261/1715/446 1262/1716/446
f 1262/1716/447 1261/1715/447 1263/1718/447 1264/1717/447
f 1264/1717/448 1263/1718/448 1265/1672/448 1173/1671/448
f 1267/1685/435 1268/1686/435 1241/1693/435 1266/1694/435
f 1211/1684/434 1269/1683/434 1268/1686/434 1267/1685/434
f 1272/1682/433 1270/1681/433 1269/1683/433 1211/1684/433
f 1273/1680/453 1271/1679/453 1270/1681/453 1272/1682/453
f 1274/1677/452 1276/1678/452 1271/1679/452 1273/1680/452
f 1275/1675/451 1277/1676/451 1276/1678/451 1274/1677/451
f 1280/1673/450 1278/1674/450 1277/1676/450 1275/1675/450
f 1154/1558/449 1279/1557/449 1278/1674/449 1280/1673/449
o Cylinder.010
v -0.794888 -0.246045 -2.490816
v -0.797194 -0.269456 -2.490812
v -0.790698 -0.246045 0.311182
v -0.797194 -0.222634 -2.490812
v -0.804022 -0.200123 -2.490802
v -0.793004 -0.222634 0.311185
v -0.799832 -0.200123 0.311195
v -0.810922 -0.179376 0.311212
v -0.825845 -0.161192 0.311234
v -0.815112 -0.179376 -2.490785
v -0.830035 -0.161192 -2.490763
v -0.848220 -0.146268 -2.490736
v -0.868966 -0.135179 -2.490705
v -0.844029 -0.146268 0.311261
v -0.856553 -0.158740 -2.490723
v -0.874706 -0.149037 -2.490696
v -0.840642 -0.171799 -2.490747
v -0.852363 -0.158740 0.311274
v -0.870516 -0.149037 0.311301
v -0.836452 -0.171799 0.311250
v -0.823394 -0.187710 0.311231
v -0.813691 -0.205863 0.311216
v -0.827584 -0.187710 -2.490767
v -0.817881 -0.205863 -2.490781
v -0.811906 -0.225560 -2.490790
v -0.809888 -0.246045 -2.490793
v -0.807715 -0.225560 0.311207
v -0.805698 -0.246045 0.311204
v -0.807715 -0.266529 0.311207
v -0.813691 -0.286227 0.311216
v -0.811906 -0.266529 -2.490790
v -0.817881 -0.286227 -2.490781
v -0.827584 -0.304380 -2.490767
v -0.815112 -0.312713 -2.490785
v -0.840642 -0.320291 -2.490747
v -0.823394 -0.304380 0.311231
v -0.836452 -0.320291 0.311250
v -0.852363 -0.333349 0.311274
v -0.870516 -0.343052 0.311301
v -0.856553 -0.333349 -2.490723
v -0.874706 -0.343052 -2.490696
v -0.894403 -0.349027 -2.490667
v -0.914888 -0.351045 -2.490636
v -0.890213 -0.349027 0.311330
v -0.910698 -0.351045 0.311361
v -0.931182 -0.349027 0.311392
v -0.950880 -0.343052 0.311421
v -0.935372 -0.349027 -2.490606
v -0.955070 -0.343052 -2.490576
v -0.973223 -0.333349 -2.490549
v -0.989134 -0.320291 -2.490525
v -0.969033 -0.333349 0.311448
v -0.984944 -0.320291 0.311472
v -0.998002 -0.304380 0.311492
v -1.007705 -0.286227 0.311506
v -1.002192 -0.304380 -2.490505
v -1.011895 -0.286227 -2.490491
v -1.017870 -0.266529 -2.490482
v -1.019888 -0.246045 -2.490479
v -1.013680 -0.266529 0.311515
v -1.015698 -0.246045 0.311518
v -1.013680 -0.225560 0.311515
v -1.007705 -0.205863 0.311506
v -1.017870 -0.225560 -2.490482
v -1.011895 -0.205863 -2.490491
v -1.002192 -0.187710 -2.490505
v -0.989134 -0.171799 -2.490525
v -0.998002 -0.187710 0.311492
v -0.984944 -0.171799 0.311472
v -0.969033 -0.158740 0.311448
v -0.950880 -0.149037 0.311421
v -0.973223 -0.158740 -2.490549
v -0.955070 -0.149037 -2.490576
v -0.935372 -0.143062 -2.490606
v -0.914888 -0.141045 -2.490636
v -0.931182 -0.143062 0.311392
v -0.910698 -0.141045 0.311361
v -0.890213 -0.143062 0.311330
v -0.894403 -0.143062 -2.490667
v -1.021563 -0.200123 0.311527
v -1.028392 -0.222634 0.311537
v -1.025753 -0.200123 -2.490470
v -1.010474 -0.179376 0.311510
v -1.014664 -0.179376 -2.490487
v -0.995551 -0.161192 0.311488
v -0.999741 -0.161192 -2.490509
v -0.977366 -0.146268 0.311461
v -0.981556 -0.146268 -2.490536
v -0.956620 -0.135179 0.311430
v -0.960810 -0.135179 -2.490567
v -0.934109 -0.128351 0.311396
v -0.938299 -0.128351 -2.490601
v -0.910698 -0.126045 0.311361
v -0.914888 -0.126045 -2.490636
v -0.887287 -0.128351 0.311326
v -0.891477 -0.128351 -2.490671
v -0.864776 -0.135179 0.311292
v -1.032582 -0.222634 -2.490460
v -1.034888 -0.246045 -2.490457
v -1.032582 -0.269456 -2.490460
v -1.030698 -0.246045 0.311541
v -1.028392 -0.269456 0.311537
v -1.021563 -0.291967 0.311527
v -1.010474 -0.312713 0.311510
v -1.025753 -0.291967 -2.490470
v -1.014664 -0.312713 -2.490487
v -0.999741 -0.330898 -2.490509
v -0.981556 -0.345821 -2.490536
v -0.995551 -0.330898 0.311488
v -0.977366 -0.345821 0.311461
v -0.956620 -0.356910 0.311430
v -0.934109 -0.363739 0.311396
v -0.960810 -0.356910 -2.490567
v -0.938299 -0.363739 -2.490601
v -0.914888 -0.366045 -2.490636
v -0.891477 -0.363739 -2.490671
v -0.910698 -0.366045 0.311361
v -0.887287 -0.363739 0.311326
v -0.864776 -0.356910 0.311292
v -0.844029 -0.345821 0.311261
v -0.868966 -0.356910 -2.490705
v -0.848220 -0.345821 -2.490736
v -0.830035 -0.330898 -2.490763
v -0.825845 -0.330898 0.311234
v -0.810922 -0.312713 0.311212
v -0.799832 -0.291967 0.311195
v -0.793004 -0.269456 0.311185
v -0.804022 -0.291967 -2.490802
vn 0.9952 -0.0980 -0.0015
vn 0.9952 0.0980 -0.0015
vn 0.9569 0.2903 -0.0014
vn 0.0015 -0.0000 1.0000
vn 0.8819 0.4714 -0.0013
vn 0.7730 0.6344 -0.0012
vn 0.6344 0.7730 -0.0009
vn 0.4714 0.8819 -0.0007
vn -0.4714 -0.8819 0.0007
vn -0.6344 -0.7730 0.0009
vn -0.7730 -0.6344 0.0012
vn -0.8819 -0.4714 0.0013
vn -0.9569 -0.2903 0.0014
vn -0.9952 -0.0980 0.0015
vn -0.9952 0.0980 0.0015
vn -0.9569 0.2903 0.0014
vn -0.8819 0.4714 0.0013
vn -0.7730 0.6344 0.0012
vn -0.6344 0.7730 0.0009
vn -0.4714 0.8819 0.0007
vn -0.2903 0.9569 0.0004
vn -0.0980 0.9952 0.0001
vn 0.0980 0.9952 -0.0001
vn 0.2903 0.9569 -0.0004
vn 0.9569 -0.2903 -0.0014
vn 0.8819 -0.4714 -0.0013
vn 0.7730 -0.6344 -0.0012
vn 0.6344 -0.7730 -0.0009
vn 0.4714 -0.8819 -0.0007
vn 0.2903 -0.9569 -0.0004
vn 0.0980 -0.9952 -0.0001
vn -0.0980 -0.9952 0.0001
vn -0.2903 -0.9569 0.0004
vt 1.000000 0.500000
vt 1.000000 1.000000
vt 0.968750 1.000000
vt 0.968750 0.500000
vt 0.031250 0.500000
vt 0.031250 1.000000
vt 0.000000 1.000000
vt 0.000000 0.500000
vt 0.062500 0.500000
vt 0.062500 1.000000
vt 0.471731 0.158156
vt 0.485388 0.203178
vt 0.490000 0.250000
vt 0.485388 0.296822
vt 0.471731 0.341844
vt 0.449553 0.383337
vt 0.419706 0.419706
vt 0.383337 0.449553
vt 0.341844 0.471731
vt 0.296822 0.485388
vt 0.250000 0.490000
vt 0.203178 0.485388
vt 0.158156 0.471731
vt 0.116663 0.449553
vt 0.080294 0.419706
vt 0.050447 0.383337
vt 0.028269 0.341844
vt 0.014612 0.296822
vt 0.010000 0.250000
vt 0.014612 0.203178
vt 0.028269 0.158156
vt 0.050447 0.116663
vt 0.080294 0.080294
vt 0.116663 0.050447
vt 0.158156 0.028269
vt 0.169636 0.055985
vt 0.133330 0.075391
vt 0.101508 0.101508
vt 0.075391 0.133330
vt 0.055985 0.169636
vt 0.044035 0.209031
vt 0.040000 0.250000
vt 0.044035 0.290969
vt 0.055985 0.330364
vt 0.075391 0.366670
vt 0.101508 0.398493
vt 0.133330 0.424609
vt 0.169636 0.444015
vt 0.209031 0.455965
vt 0.250000 0.460000
vt 0.290969 0.455965
vt 0.330364 0.444015
vt 0.366670 0.424609
vt 0.398492 0.398492
vt 0.424609 0.366670
vt 0.444015 0.330364
vt 0.455965 0.290969
vt 0.460000 0.250000
vt 0.455965 0.209031
vt 0.444015 0.169636
vt 0.093750 0.500000
vt 0.093750 1.000000
vt 0.125000 0.500000
vt 0.125000 1.000000
vt 0.156250 0.500000
vt 0.156250 1.000000
vt 0.187500 0.500000
vt 0.187500 1.000000
vt 0.937500 0.500000
vt 0.937500 1.000000
vt 0.906250 0.500000
vt 0.906250 1.000000
vt 0.875000 0.500000
vt 0.875000 1.000000
vt 0.843750 1.000000
vt 0.843750 0.500000
vt 0.812500 1.000000
vt 0.812500 0.500000
vt 0.781250 1.000000
vt 0.781250 0.500000
vt 0.750000 1.000000
vt 0.750000 0.500000
vt 0.718750 1.000000
vt 0.718750 0.500000
vt 0.687500 0.500000
vt 0.687500 1.000000
vt 0.656250 0.500000
vt 0.656250 1.000000
vt 0.625000 1.000000
vt 0.625000 0.500000
vt 0.203178 0.014612
vt 0.250000 0.010000
vt 0.296822 0.014612
vt 0.341844 0.028269
vt 0.383337 0.050447
vt 0.419706 0.080294
vt 0.449553 0.116663
vt 0.424609 0.133330
vt 0.398492 0.101508
vt 0.366670 0.075391
vt 0.330364 0.055985
vt 0.290969 0.044035
vt 0.250000 0.040000
vt 0.209031 0.044035
vt 0.593750 1.000000
vt 0.593750 0.500000
vt 0.562500 1.000000
vt 0.562500 0.500000
vt 0.531250 1.000000
vt 0.531250 0.500000
vt 0.500000 1.000000
vt 0.500000 0.500000
vt 0.468750 1.000000
vt 0.468750 0.500000
vt 0.437500 0.500000
vt 0.437500 1.000000
vt 0.406250 0.500000
vt 0.406250 1.000000
vt 0.375000 1.000000
vt 0.375000 0.500000
vt 0.343750 0.500000
vt 0.343750 1.000000
vt 0.312500 0.500000
vt 0.312500 1.000000
vt 0.281250 0.500000
vt 0.281250 1.000000
vt 0.250000 0.500000
vt 0.250000 1.000000
vt 0.218750 0.500000
vt 0.218750 1.000000
s 0
usemtl small_tube
f 1281/1719/454 1283/1720/454 1407/1721/454 1282/1722/454
f 1284/1723/455 1286/1724/455 1283/1725/455 1281/1726/455
f 1285/1727/456 1287/1728/456 1286/1724/456 1284/1723/456
f 1391/1729/457 1392/1730/457 1397/1731/457 1398/1732/457 1399/1733/457 1400/1734/457 1404/1735/457 1405/1736/457 1406/1737/457 1407/1738/457 1283/1739/457 1286/1740/457 1287/1741/457 1288/1742/457 1289/1743/457 1294/1744/457 1377/1745/457 1375/1746/457 1373/1747/457 1371/1748/457 1369/1749/457 1367/1750/457 1365/1751/457 1363/1752/457 1360/1753/457 1343/1754/457 1348/1755/457 1349/1756/457 1350/1757/457 1351/1758/457 1356/1759/457 1357/1760/457 1358/1761/457 1299/1762/457 1298/1763/457 1300/1764/457 1301/1765/457 1302/1766/457 1307/1767/457 1308/1768/457 1309/1769/457 1310/1770/457 1316/1771/457 1317/1772/457 1318/1773/457 1319/1774/457 1324/1775/457 1325/1776/457 1326/1777/457 1327/1778/457
f 1290/1779/458 1288/1780/458 1287/1728/458 1285/1727/458
f 1291/1781/459 1289/1782/459 1288/1780/459 1290/1779/459
f 1292/1783/460 1294/1784/460 1289/1782/460 1291/1781/460
f 1293/1785/461 1377/1786/461 1294/1784/461 1292/1783/461
f 1299/1786/462 1296/1785/462 1295/1783/462 1298/1784/462
f 1298/1784/463 1295/1783/463 1297/1781/463 1300/1782/463
f 1300/1782/464 1297/1781/464 1303/1779/464 1301/1780/464
f 1301/1780/465 1303/1779/465 1304/1727/465 1302/1728/465
f 1305/1723/466 1307/1724/466 1302/1728/466 1304/1727/466
f 1306/1726/467 1308/1725/467 1307/1724/467 1305/1723/467
f 1308/1720/468 1306/1719/468 1311/1722/468 1309/1721/468
f 1309/1721/469 1311/1722/469 1312/1787/469 1310/1788/469
f 1310/1788/470 1312/1787/470 1313/1789/470 1316/1790/470
f 1316/1790/471 1313/1789/471 1315/1791/471 1317/1792/471
f 1318/1793/472 1317/1792/472 1315/1791/472 1320/1794/472
f 1319/1795/473 1318/1793/473 1320/1794/473 1321/1796/473
f 1324/1797/474 1319/1795/474 1321/1796/474 1322/1798/474
f 1325/1799/475 1324/1797/475 1322/1798/475 1323/1800/475
f 1326/1801/476 1325/1799/476 1323/1800/476 1328/1802/476
f 1328/1802/477 1329/1803/477 1327/1804/477 1326/1801/477
f 1329/1803/461 1330/1805/461 1332/1806/461 1327/1804/461
f 1333/1807/460 1332/1806/460 1330/1805/460 1331/1808/460
f 1343/1754/457 1360/1753/457 1361/1809/457 1381/1810/457 1382/1811/457 1383/1812/457 1384/1813/457 1389/1814/457 1390/1815/457 1391/1729/457 1327/1778/457 1332/1816/457 1333/1817/457 1334/1818/457 1335/1819/457 1340/1820/457 1341/1821/457 1342/1822/457
f 1334/1823/459 1333/1807/459 1331/1808/459 1336/1824/459
f 1335/1825/458 1334/1823/458 1336/1824/458 1337/1826/458
f 1340/1827/456 1335/1825/456 1337/1826/456 1338/1828/456
f 1341/1829/455 1340/1827/455 1338/1828/455 1339/1830/455
f 1342/1831/454 1341/1829/454 1339/1830/454 1344/1832/454
f 1344/1832/478 1345/1833/478 1343/1834/478 1342/1831/478
f 1343/1834/479 1345/1833/479 1346/1835/479 1348/1836/479
f 1349/1837/480 1348/1836/480 1346/1835/480 1347/1838/480
f 1349/1837/481 1347/1838/481 1352/1839/481 1350/1840/481
f 1350/1840/482 1352/1839/482 1353/1841/482 1351/1842/482
f 1354/1843/483 1356/1844/483 1351/1842/483 1353/1841/483
f 1355/1845/484 1357/1846/484 1356/1844/484 1354/1843/484
f 1357/1846/485 1355/1845/485 1359/1847/485 1358/1848/485
f 1358/1848/486 1359/1847/486 1296/1785/486 1299/1786/486
f 1378/1832/469 1361/1831/469 1360/1834/469 1362/1833/469
f 1362/1833/470 1360/1834/470 1363/1836/470 1364/1835/470
f 1364/1835/471 1363/1836/471 1365/1837/471 1366/1838/471
f 1366/1838/472 1365/1837/472 1367/1840/472 1368/1839/472
f 1368/1839/473 1367/1840/473 1369/1842/473 1370/1841/473
f 1370/1841/474 1369/1842/474 1371/1844/474 1372/1843/474
f 1372/1843/475 1371/1844/475 1373/1846/475 1374/1845/475
f 1374/1845/476 1373/1846/476 1375/1848/476 1376/1847/476
f 1376/1847/477 1375/1848/477 1377/1786/477 1293/1785/477
f 1379/1830/468 1381/1829/468 1361/1831/468 1378/1832/468
f 1380/1828/467 1382/1827/467 1381/1829/467 1379/1830/467
f 1385/1826/466 1383/1825/466 1382/1827/466 1380/1828/466
f 1386/1824/465 1384/1823/465 1383/1825/465 1385/1826/465
f 1387/1808/464 1389/1807/464 1384/1823/464 1386/1824/464
f 1388/1805/463 1390/1806/463 1389/1807/463 1387/1808/463
f 1393/1803/462 1391/1804/462 1390/1806/462 1388/1805/462
f 1394/1802/486 1392/1801/486 1391/1804/486 1393/1803/486
f 1395/1800/485 1397/1799/485 1392/1801/485 1394/1802/485
f 1396/1798/484 1398/1797/484 1397/1799/484 1395/1800/484
f 1401/1796/483 1399/1795/483 1398/1797/483 1396/1798/483
f 1402/1794/482 1400/1793/482 1399/1795/482 1401/1796/482
f 1403/1791/481 1404/1792/481 1400/1793/481 1402/1794/481
f 1314/1789/480 1405/1790/480 1404/1792/480 1403/1791/480
f 1408/1787/479 1406/1788/479 1405/1790/479 1314/1789/479
f 1282/1722/478 1407/1721/478 1406/1788/478 1408/1787/478
o Cylinder.011
v -0.914831 0.069899 -2.452620
v -0.918851 0.019955 -2.452614
v -0.853193 0.063828 -2.452712
v -0.976469 0.063828 -2.452528
v -1.035737 0.045849 -2.452439
v -1.090360 0.016653 -2.452358
v -1.138237 -0.022639 -2.452286
v -1.177528 -0.070516 -2.452227
v -1.206725 -0.125138 -2.452183
v -1.224704 -0.184407 -2.452156
v -1.230774 -0.246045 -2.452147
v -1.224704 -0.307682 -2.452156
v -1.160734 -0.246045 -2.452252
v -1.159852 -0.255000 -2.452253
v -1.159852 -0.237090 -2.452253
v -1.157240 -0.228479 -2.452257
v -1.152998 -0.220542 -2.452264
v -1.147289 -0.213586 -2.452272
v -1.140333 -0.207878 -2.452283
v -1.132397 -0.203636 -2.452294
v -1.123786 -0.201024 -2.452307
v -1.114831 -0.200142 -2.452321
v -1.105876 -0.201024 -2.452334
v -1.097265 -0.203636 -2.452347
v -1.089329 -0.207878 -2.452359
v -1.082373 -0.213586 -2.452369
v -1.071024 -0.150451 -2.452386
v -1.065687 -0.153303 -2.452394
v -1.073640 -0.149052 -2.452382
v -1.080611 -0.143332 -2.452372
v -1.086331 -0.136361 -2.452363
v -1.090582 -0.128408 -2.452357
v -1.093200 -0.119779 -2.452353
v -1.094084 -0.110805 -2.452352
v -1.093200 -0.101831 -2.452353
v -1.090582 -0.093201 -2.452357
v -1.086331 -0.085249 -2.452363
v -1.080611 -0.078278 -2.452372
v -1.073640 -0.072557 -2.452382
v -1.065687 -0.068306 -2.452394
v -1.057058 -0.065689 -2.452407
v -1.048084 -0.064805 -2.452420
v -1.039110 -0.065689 -2.452434
v -1.030480 -0.068306 -2.452447
v -1.022528 -0.072557 -2.452459
v -1.015557 -0.078278 -2.452469
v -0.938652 -0.067369 -2.452584
v -0.936454 -0.068543 -2.452587
v -0.944407 -0.064292 -2.452575
v -0.951378 -0.058572 -2.452565
v -0.957099 -0.051601 -2.452557
v -0.961349 -0.043648 -2.452550
v -0.963967 -0.035019 -2.452546
v -0.964851 -0.026045 -2.452545
v -0.963967 -0.017071 -2.452546
v -0.961349 -0.008441 -2.452550
v -0.957099 -0.000488 -2.452557
v -0.951378 0.006482 -2.452565
v -0.944407 0.012203 -2.452575
v -0.936454 0.016454 -2.452587
v -0.927825 0.019071 -2.452600
v -0.927825 -0.071161 -2.452600
v -0.918851 -0.072045 -2.452614
v -0.909877 -0.071161 -2.452627
v -0.901248 -0.068543 -2.452640
v -0.893295 -0.064292 -2.452652
v -0.886324 -0.058572 -2.452662
v -0.880603 -0.051601 -2.452671
v -0.876353 -0.043648 -2.452677
v -0.873735 -0.035019 -2.452681
v -0.872851 -0.026045 -2.452682
v -0.873735 -0.017071 -2.452681
v -0.876353 -0.008441 -2.452677
v -0.880603 -0.000488 -2.452671
v -0.886324 0.006482 -2.452662
v -0.893295 0.012203 -2.452652
v -0.901248 0.016454 -2.452640
v -0.909877 0.019071 -2.452627
v -1.009836 -0.085249 -2.452478
v -1.005585 -0.093201 -2.452484
v -1.002968 -0.101831 -2.452488
v -1.002084 -0.110805 -2.452489
v -1.002968 -0.119779 -2.452488
v -1.005585 -0.128408 -2.452484
v -1.009836 -0.136361 -2.452478
v -1.015557 -0.143332 -2.452469
v -0.979521 -0.145211 -2.452523
v -0.981499 -0.146268 -2.452520
v -0.960753 -0.135179 -2.452551
v -0.938242 -0.128351 -2.452585
v -0.914831 -0.126045 -2.452620
v -0.891420 -0.128351 -2.452655
v -0.868909 -0.135179 -2.452688
v -0.848163 -0.146268 -2.452719
v -0.829978 -0.161192 -2.452747
v -0.815055 -0.179376 -2.452769
v -0.803966 -0.200123 -2.452785
v -0.797137 -0.222634 -2.452796
v -0.794831 -0.246045 -2.452799
v -0.797137 -0.269456 -2.452796
v -0.803966 -0.291967 -2.452785
v -0.815055 -0.312713 -2.452769
v -0.829978 -0.330898 -2.452747
v -0.848163 -0.345821 -2.452719
v -0.868909 -0.356910 -2.452688
v -0.891420 -0.363739 -2.452655
v -0.914831 -0.366045 -2.452620
v -0.938242 -0.363739 -2.452585
v -0.960753 -0.356910 -2.452551
v -0.981499 -0.345821 -2.452520
v -0.999684 -0.330898 -2.452493
v -1.014607 -0.312713 -2.452471
v -1.025696 -0.291967 -2.452454
v -1.032525 -0.269456 -2.452444
v -1.034831 -0.246045 -2.452440
v -1.032525 -0.222634 -2.452444
v -1.025696 -0.200123 -2.452454
v -1.014607 -0.179376 -2.452471
v -0.999684 -0.161192 -2.452493
v -0.986224 -0.150146 -2.452513
v -1.022528 -0.149052 -2.452459
v -1.030480 -0.153303 -2.452447
v -1.039110 -0.155921 -2.452434
v -1.048084 -0.156805 -2.452420
v -1.057058 -0.155921 -2.452407
v -1.076664 -0.220542 -2.452378
v -1.072422 -0.228479 -2.452384
v -1.069810 -0.237090 -2.452388
v -1.068928 -0.246045 -2.452389
v -1.069810 -0.255000 -2.452388
v -1.072422 -0.263611 -2.452384
v -1.076664 -0.271547 -2.452378
v -1.082373 -0.278503 -2.452369
v -1.089329 -0.284212 -2.452359
v -0.926955 -0.433921 -2.452602
v -0.932664 -0.440877 -2.452593
v -0.919999 -0.428212 -2.452612
v -0.912063 -0.423970 -2.452624
v -0.903452 -0.421358 -2.452637
v -0.894497 -0.420476 -2.452650
v -0.885541 -0.421358 -2.452664
v -0.876930 -0.423970 -2.452677
v -0.868994 -0.428212 -2.452688
v -0.862038 -0.433921 -2.452699
v -0.856330 -0.440877 -2.452707
v -0.852088 -0.448813 -2.452714
v -0.849476 -0.457424 -2.452718
v -0.848594 -0.466379 -2.452719
v -0.849476 -0.475335 -2.452718
v -0.852088 -0.483946 -2.452714
v -0.856330 -0.491882 -2.452707
v -0.862038 -0.498838 -2.452699
v -0.868994 -0.504546 -2.452688
v -0.876930 -0.508788 -2.452677
v -0.885541 -0.511400 -2.452664
v -0.894497 -0.512282 -2.452650
v -0.903452 -0.511400 -2.452637
v -0.912063 -0.508788 -2.452624
v -0.914831 -0.561989 -2.452620
v -0.976468 -0.555918 -2.452528
v -0.853193 -0.555918 -2.452712
v -0.793925 -0.537939 -2.452801
v -0.739302 -0.508742 -2.452882
v -0.691425 -0.469451 -2.452954
v -0.732659 -0.428532 -2.452892
v -0.652134 -0.421574 -2.453013
v -0.622937 -0.366951 -2.453056
v -0.604958 -0.307682 -2.453083
v -0.598888 -0.246045 -2.453092
v -0.604958 -0.184407 -2.453083
v -0.652051 -0.246845 -2.453013
v -0.652935 -0.237871 -2.453012
v -0.652935 -0.255819 -2.453012
v -0.655553 -0.264448 -2.453007
v -0.659804 -0.272401 -2.453001
v -0.665524 -0.279372 -2.452993
v -0.672495 -0.285092 -2.452982
v -0.680448 -0.289343 -2.452970
v -0.689077 -0.291961 -2.452957
v -0.698051 -0.292845 -2.452944
v -0.707025 -0.291961 -2.452930
v -0.715655 -0.289343 -2.452918
v -0.723607 -0.285092 -2.452906
v -0.730578 -0.279372 -2.452895
v -0.736299 -0.272401 -2.452887
v -0.740550 -0.264448 -2.452880
v -0.743167 -0.255819 -2.452877
v -0.744051 -0.246845 -2.452875
v -0.743167 -0.237871 -2.452877
v -0.740550 -0.229241 -2.452880
v -0.736299 -0.221289 -2.452887
v -0.730578 -0.214318 -2.452895
v -0.728867 -0.212914 -2.452898
v -0.723607 -0.208597 -2.452906
v -0.732659 -0.143332 -2.452892
v -0.726939 -0.136361 -2.452901
v -0.733780 -0.144252 -2.452891
v -0.739630 -0.149052 -2.452882
v -0.756212 -0.350889 -2.452857
v -0.765186 -0.350005 -2.452844
v -0.747583 -0.353506 -2.452870
v -0.739630 -0.357757 -2.452882
v -0.732659 -0.363478 -2.452892
v -0.726939 -0.370449 -2.452901
v -0.722688 -0.378401 -2.452907
v -0.720070 -0.387031 -2.452911
v -0.719186 -0.396005 -2.452912
v -0.720070 -0.404979 -2.452911
v -0.722688 -0.413608 -2.452907
v -0.726939 -0.421561 -2.452901
v -0.774160 -0.350889 -2.452830
v -0.782790 -0.353506 -2.452817
v -0.790742 -0.357757 -2.452805
v -0.797713 -0.363478 -2.452795
v -0.803434 -0.370449 -2.452786
v -0.807685 -0.378401 -2.452780
v -0.810302 -0.387031 -2.452776
v -0.811186 -0.396005 -2.452775
v -0.810302 -0.404979 -2.452776
v -0.807685 -0.413608 -2.452780
v -0.803434 -0.421561 -2.452786
v -0.797713 -0.428532 -2.452795
v -0.790742 -0.434253 -2.452805
v -0.782790 -0.438503 -2.452817
v -0.774160 -0.441121 -2.452830
v -0.765186 -0.442005 -2.452844
v -0.756212 -0.441121 -2.452857
v -0.747583 -0.438503 -2.452870
v -0.739630 -0.434253 -2.452882
v -0.747583 -0.153303 -2.452870
v -0.756212 -0.155921 -2.452857
v -0.765186 -0.156805 -2.452844
v -0.774160 -0.155921 -2.452830
v -0.782790 -0.153303 -2.452817
v -0.790742 -0.149052 -2.452805
v -0.797713 -0.143332 -2.452795
v -0.803434 -0.136361 -2.452786
v -0.807685 -0.128408 -2.452780
v -0.810302 -0.119779 -2.452776
v -0.811186 -0.110805 -2.452775
v -0.810302 -0.101831 -2.452776
v -0.807685 -0.093201 -2.452780
v -0.803434 -0.085249 -2.452786
v -0.797713 -0.078278 -2.452795
v -0.790742 -0.072557 -2.452805
v -0.782790 -0.068306 -2.452817
v -0.774160 -0.065689 -2.452830
v -0.765186 -0.064805 -2.452844
v -0.756212 -0.065689 -2.452857
v -0.747583 -0.068306 -2.452870
v -0.739630 -0.072557 -2.452882
v -0.732659 -0.078278 -2.452892
v -0.691425 -0.022639 -2.452954
v -0.726939 -0.085249 -2.452901
v -0.722688 -0.093201 -2.452907
v -0.720070 -0.101831 -2.452911
v -0.719186 -0.110805 -2.452912
v -0.720070 -0.119779 -2.452911
v -0.722688 -0.128408 -2.452907
v -0.739302 0.016653 -2.452882
v -0.652134 -0.070516 -2.453013
v -0.622937 -0.125138 -2.453056
v -0.793925 0.045849 -2.452801
v -0.715655 -0.204346 -2.452918
v -0.707025 -0.201729 -2.452930
v -0.698051 -0.200845 -2.452944
v -0.689077 -0.201729 -2.452957
v -0.680448 -0.204346 -2.452970
v -0.672495 -0.208597 -2.452982
v -0.665524 -0.214318 -2.452993
v -0.659804 -0.221289 -2.453001
v -0.655553 -0.229241 -2.453007
v -1.035737 -0.537939 -2.452439
v -1.090360 -0.508742 -2.452357
v -1.138237 -0.469451 -2.452286
v -1.086331 -0.421561 -2.452363
v -1.177528 -0.421574 -2.452227
v -1.206725 -0.366951 -2.452183
v -1.080611 -0.428532 -2.452372
v -1.090582 -0.413608 -2.452357
v -1.093200 -0.404979 -2.452353
v -1.094084 -0.396005 -2.452352
v -1.093200 -0.387031 -2.452353
v -1.090582 -0.378402 -2.452357
v -1.086331 -0.370449 -2.452363
v -1.080611 -0.363478 -2.452372
v -1.073640 -0.357757 -2.452382
v -1.065687 -0.353506 -2.452394
v -1.057058 -0.350889 -2.452407
v -1.048084 -0.350005 -2.452420
v -1.039110 -0.350889 -2.452434
v -1.030480 -0.353506 -2.452447
v -1.022528 -0.357757 -2.452459
v -1.015557 -0.363478 -2.452469
v -1.009836 -0.370449 -2.452478
v -1.005585 -0.378402 -2.452484
v -1.002968 -0.387031 -2.452488
v -1.002084 -0.396005 -2.452489
v -1.002968 -0.404979 -2.452488
v -1.003341 -0.406209 -2.452487
v -1.005585 -0.413608 -2.452484
v -0.939517 -0.457424 -2.452583
v -0.940400 -0.466379 -2.452582
v -0.936905 -0.448813 -2.452587
v -0.939517 -0.475335 -2.452583
v -0.936905 -0.483946 -2.452587
v -0.932664 -0.491882 -2.452593
v -0.926955 -0.498838 -2.452602
v -0.919999 -0.504546 -2.452612
v -1.009836 -0.421561 -2.452478
v -1.015557 -0.428532 -2.452469
v -1.022528 -0.434253 -2.452459
v -1.030480 -0.438503 -2.452447
v -1.039110 -0.441121 -2.452434
v -1.048084 -0.442005 -2.452420
v -1.057058 -0.441121 -2.452407
v -1.065687 -0.438503 -2.452394
v -1.073640 -0.434253 -2.452382
v -1.097265 -0.288454 -2.452347
v -1.105876 -0.291066 -2.452334
v -1.114831 -0.291948 -2.452321
v -1.123786 -0.291066 -2.452307
v -1.132397 -0.288454 -2.452294
v -1.140333 -0.284212 -2.452283
v -1.147289 -0.278503 -2.452272
v -1.152998 -0.271547 -2.452264
v -1.157240 -0.263611 -2.452257
v -0.914802 0.069899 -2.433102
v -0.918822 0.019955 -2.433096
v -0.853164 0.063828 -2.433194
v -0.976439 0.063828 -2.433010
v -1.035708 0.045849 -2.432921
v -1.090330 0.016653 -2.432840
v -1.138207 -0.022639 -2.432768
v -1.177499 -0.070516 -2.432709
v -1.206695 -0.125138 -2.432665
v -1.224674 -0.184407 -2.432638
v -1.230745 -0.246045 -2.432629
v -1.224674 -0.307682 -2.432638
v -1.160705 -0.246045 -2.432734
v -1.159823 -0.255000 -2.432735
v -1.159823 -0.237090 -2.432735
v -1.157211 -0.228479 -2.432739
v -1.152969 -0.220543 -2.432746
v -1.147260 -0.213587 -2.432754
v -1.140304 -0.207878 -2.432765
v -1.132368 -0.203636 -2.432776
v -1.123757 -0.201024 -2.432789
v -1.114802 -0.200142 -2.432803
v -1.105846 -0.201024 -2.432816
v -1.097235 -0.203636 -2.432829
v -1.089299 -0.207878 -2.432841
v -1.082343 -0.213587 -2.432851
v -1.070994 -0.150451 -2.432868
v -1.065658 -0.153303 -2.432876
v -1.073611 -0.149053 -2.432864
v -1.080582 -0.143332 -2.432854
v -1.086302 -0.136361 -2.432845
v -1.090553 -0.128408 -2.432839
v -1.093171 -0.119779 -2.432835
v -1.094055 -0.110805 -2.432834
v -1.093171 -0.101831 -2.432835
v -1.090553 -0.093201 -2.432839
v -1.086302 -0.085249 -2.432845
v -1.080582 -0.078278 -2.432854
v -1.073611 -0.072557 -2.432864
v -1.065658 -0.068306 -2.432876
v -1.057029 -0.065689 -2.432889
v -1.048055 -0.064805 -2.432903
v -1.039081 -0.065689 -2.432916
v -1.030451 -0.068306 -2.432929
v -1.022498 -0.072557 -2.432941
v -1.015528 -0.078278 -2.432951
v -0.938623 -0.067369 -2.433066
v -0.936425 -0.068543 -2.433069
v -0.944378 -0.064292 -2.433058
v -0.951349 -0.058572 -2.433047
v -0.957069 -0.051601 -2.433039
v -0.961320 -0.043648 -2.433032
v -0.963938 -0.035019 -2.433028
v -0.964822 -0.026045 -2.433027
v -0.963938 -0.017071 -2.433028
v -0.961320 -0.008441 -2.433032
v -0.957069 -0.000488 -2.433039
v -0.951349 0.006482 -2.433047
v -0.944378 0.012203 -2.433058
v -0.936425 0.016454 -2.433069
v -0.927796 0.019071 -2.433083
v -0.927796 -0.071161 -2.433083
v -0.918822 -0.072045 -2.433096
v -0.909848 -0.071161 -2.433109
v -0.901218 -0.068543 -2.433122
v -0.893266 -0.064292 -2.433134
v -0.886295 -0.058572 -2.433145
v -0.880574 -0.051601 -2.433153
v -0.876323 -0.043648 -2.433159
v -0.873706 -0.035019 -2.433163
v -0.872822 -0.026045 -2.433165
v -0.873706 -0.017071 -2.433163
v -0.876323 -0.008441 -2.433159
v -0.880574 -0.000488 -2.433153
v -0.886295 0.006482 -2.433145
v -0.893266 0.012203 -2.433134
v -0.901218 0.016454 -2.433122
v -0.909848 0.019071 -2.433109
v -1.009807 -0.085249 -2.432960
v -1.005556 -0.093201 -2.432966
v -1.002939 -0.101831 -2.432970
v -1.002055 -0.110805 -2.432971
v -1.002939 -0.119779 -2.432970
v -1.005556 -0.128408 -2.432966
v -1.009807 -0.136361 -2.432960
v -1.015528 -0.143332 -2.432951
v -0.979492 -0.145211 -2.433005
v -0.981470 -0.146269 -2.433002
v -0.960724 -0.135179 -2.433033
v -0.938213 -0.128351 -2.433067
v -0.914802 -0.126045 -2.433102
v -0.891391 -0.128351 -2.433137
v -0.868880 -0.135179 -2.433171
v -0.848133 -0.146268 -2.433202
v -0.829949 -0.161192 -2.433229
v -0.815026 -0.179376 -2.433251
v -0.803936 -0.200123 -2.433268
v -0.797108 -0.222634 -2.433278
v -0.794802 -0.246045 -2.433281
v -0.797108 -0.269456 -2.433278
v -0.803936 -0.291967 -2.433268
v -0.815026 -0.312713 -2.433251
v -0.829949 -0.330898 -2.433229
v -0.848133 -0.345821 -2.433202
v -0.868880 -0.356910 -2.433171
v -0.891391 -0.363739 -2.433137
v -0.914802 -0.366045 -2.433102
v -0.938213 -0.363739 -2.433067
v -0.960724 -0.356910 -2.433033
v -0.981470 -0.345821 -2.433002
v -0.999654 -0.330898 -2.432975
v -1.014578 -0.312713 -2.432953
v -1.025667 -0.291967 -2.432936
v -1.032496 -0.269456 -2.432926
v -1.034802 -0.246045 -2.432922
v -1.032496 -0.222634 -2.432926
v -1.025667 -0.200123 -2.432936
v -1.014578 -0.179376 -2.432953
v -0.999655 -0.161192 -2.432975
v -0.986195 -0.150146 -2.432995
v -1.022498 -0.149053 -2.432941
v -1.030451 -0.153303 -2.432929
v -1.039081 -0.155921 -2.432916
v -1.048055 -0.156805 -2.432903
v -1.057029 -0.155921 -2.432889
v -1.076635 -0.220543 -2.432860
v -1.072393 -0.228479 -2.432866
v -1.069781 -0.237090 -2.432870
v -1.068899 -0.246045 -2.432871
v -1.069781 -0.255000 -2.432870
v -1.072393 -0.263611 -2.432866
v -1.076635 -0.271547 -2.432860
v -1.082343 -0.278503 -2.432851
v -1.089299 -0.284212 -2.432841
v -0.926926 -0.433921 -2.433084
v -0.932634 -0.440877 -2.433075
v -0.919970 -0.428212 -2.433094
v -0.912034 -0.423971 -2.433106
v -0.903423 -0.421358 -2.433119
v -0.894467 -0.420476 -2.433132
v -0.885512 -0.421358 -2.433146
v -0.876901 -0.423971 -2.433159
v -0.868965 -0.428212 -2.433170
v -0.862009 -0.433921 -2.433181
v -0.856300 -0.440877 -2.433189
v -0.852059 -0.448813 -2.433196
v -0.849446 -0.457424 -2.433200
v -0.848564 -0.466379 -2.433201
v -0.849446 -0.475335 -2.433200
v -0.852059 -0.483946 -2.433196
v -0.856300 -0.491882 -2.433189
v -0.862009 -0.498838 -2.433181
v -0.868965 -0.504546 -2.433170
v -0.876901 -0.508788 -2.433159
v -0.885512 -0.511400 -2.433146
v -0.894467 -0.512282 -2.433132
v -0.903423 -0.511400 -2.433119
v -0.912034 -0.508788 -2.433106
v -0.914802 -0.561989 -2.433102
v -0.976439 -0.555918 -2.433010
v -0.853164 -0.555918 -2.433194
v -0.793895 -0.537939 -2.433283
v -0.739273 -0.508743 -2.433364
v -0.691396 -0.469451 -2.433436
v -0.732630 -0.428532 -2.433374
v -0.652104 -0.421574 -2.433495
v -0.622908 -0.366951 -2.433538
v -0.604929 -0.307682 -2.433565
v -0.598858 -0.246045 -2.433574
v -0.604929 -0.184407 -2.433565
v -0.652022 -0.246845 -2.433495
v -0.652906 -0.237871 -2.433494
v -0.652906 -0.255819 -2.433494
v -0.655524 -0.264448 -2.433490
v -0.659774 -0.272401 -2.433483
v -0.665495 -0.279372 -2.433475
v -0.672466 -0.285092 -2.433464
v -0.680419 -0.289343 -2.433452
v -0.689048 -0.291961 -2.433439
v -0.698022 -0.292845 -2.433426
v -0.706996 -0.291961 -2.433413
v -0.715625 -0.289343 -2.433400
v -0.723578 -0.285092 -2.433388
v -0.730549 -0.279372 -2.433378
v -0.736270 -0.272401 -2.433369
v -0.740520 -0.264448 -2.433362
v -0.743138 -0.255819 -2.433359
v -0.744022 -0.246845 -2.433357
v -0.743138 -0.237871 -2.433359
v -0.740520 -0.229241 -2.433362
v -0.736270 -0.221289 -2.433369
v -0.730549 -0.214318 -2.433378
v -0.728838 -0.212914 -2.433380
v -0.723578 -0.208597 -2.433388
v -0.732630 -0.143332 -2.433374
v -0.726909 -0.136361 -2.433383
v -0.733751 -0.144252 -2.433373
v -0.739601 -0.149052 -2.433364
v -0.756183 -0.350889 -2.433339
v -0.765157 -0.350005 -2.433326
v -0.747554 -0.353506 -2.433352
v -0.739601 -0.357757 -2.433364
v -0.732630 -0.363478 -2.433374
v -0.726909 -0.370449 -2.433383
v -0.722659 -0.378402 -2.433389
v -0.720041 -0.387031 -2.433393
v -0.719157 -0.396005 -2.433394
v -0.720041 -0.404979 -2.433393
v -0.722659 -0.413608 -2.433389
v -0.726909 -0.421561 -2.433383
v -0.774131 -0.350889 -2.433312
v -0.782760 -0.353506 -2.433299
v -0.790713 -0.357757 -2.433287
v -0.797684 -0.363478 -2.433277
v -0.803405 -0.370449 -2.433269
v -0.807655 -0.378402 -2.433262
v -0.810273 -0.387031 -2.433258
v -0.811157 -0.396005 -2.433257
v -0.810273 -0.404979 -2.433258
v -0.807655 -0.413608 -2.433262
v -0.803405 -0.421561 -2.433269
v -0.797684 -0.428532 -2.433277
v -0.790713 -0.434253 -2.433287
v -0.782760 -0.438503 -2.433299
v -0.774131 -0.441121 -2.433312
v -0.765157 -0.442005 -2.433326
v -0.756183 -0.441121 -2.433339
v -0.747554 -0.438503 -2.433352
v -0.739601 -0.434253 -2.433364
v -0.747554 -0.153303 -2.433352
v -0.756183 -0.155921 -2.433339
v -0.765157 -0.156805 -2.433326
v -0.774131 -0.155921 -2.433312
v -0.782760 -0.153303 -2.433299
v -0.790713 -0.149052 -2.433287
v -0.797684 -0.143332 -2.433277
v -0.803405 -0.136361 -2.433269
v -0.807655 -0.128408 -2.433262
v -0.810273 -0.119779 -2.433258
v -0.811157 -0.110805 -2.433257
v -0.810273 -0.101831 -2.433258
v -0.807655 -0.093201 -2.433262
v -0.803405 -0.085249 -2.433269
v -0.797684 -0.078278 -2.433277
v -0.790713 -0.072557 -2.433287
v -0.782760 -0.068306 -2.433299
v -0.774131 -0.065689 -2.433312
v -0.765157 -0.064805 -2.433326
v -0.756183 -0.065689 -2.433339
v -0.747554 -0.068306 -2.433352
v -0.739601 -0.072557 -2.433364
v -0.732630 -0.078278 -2.433374
v -0.691396 -0.022639 -2.433436
v -0.726909 -0.085249 -2.433383
v -0.722659 -0.093201 -2.433389
v -0.720041 -0.101831 -2.433393
v -0.719157 -0.110805 -2.433394
v -0.720041 -0.119779 -2.433393
v -0.722659 -0.128408 -2.433389
v -0.739273 0.016653 -2.433364
v -0.652104 -0.070516 -2.433495
v -0.622908 -0.125138 -2.433538
v -0.793895 0.045849 -2.433283
v -0.715625 -0.204346 -2.433400
v -0.706996 -0.201729 -2.433413
v -0.698022 -0.200845 -2.433426
v -0.689048 -0.201729 -2.433439
v -0.680419 -0.204346 -2.433452
v -0.672466 -0.208597 -2.433464
v -0.665495 -0.214318 -2.433475
v -0.659774 -0.221289 -2.433483
v -0.655524 -0.229241 -2.433490
v -1.035708 -0.537939 -2.432921
v -1.090330 -0.508743 -2.432839
v -1.138207 -0.469451 -2.432768
v -1.086302 -0.421561 -2.432845
v -1.177499 -0.421574 -2.432709
v -1.206695 -0.366951 -2.432665
v -1.080582 -0.428532 -2.432854
v -1.090553 -0.413608 -2.432839
v -1.093171 -0.404979 -2.432835
v -1.094055 -0.396005 -2.432834
v -1.093171 -0.387031 -2.432835
v -1.090553 -0.378402 -2.432839
v -1.086302 -0.370449 -2.432845
v -1.080582 -0.363478 -2.432854
v -1.073611 -0.357757 -2.432864
v -1.065658 -0.353507 -2.432876
v -1.057029 -0.350889 -2.432889
v -1.048055 -0.350005 -2.432903
v -1.039081 -0.350889 -2.432916
v -1.030451 -0.353507 -2.432929
v -1.022498 -0.357757 -2.432941
v -1.015528 -0.363478 -2.432951
v -1.009807 -0.370449 -2.432960
v -1.005556 -0.378402 -2.432966
v -1.002939 -0.387031 -2.432970
v -1.002055 -0.396005 -2.432971
v -1.002939 -0.404979 -2.432970
v -1.005556 -0.413608 -2.432966
v -0.939488 -0.457424 -2.433065
v -0.940370 -0.466379 -2.433064
v -0.936876 -0.448813 -2.433069
v -0.939488 -0.475335 -2.433065
v -0.936876 -0.483946 -2.433069
v -0.932634 -0.491882 -2.433075
v -0.926926 -0.498838 -2.433084
v -0.919970 -0.504546 -2.433094
v -1.009807 -0.421561 -2.432960
v -1.015528 -0.428532 -2.432951
v -1.022498 -0.434253 -2.432941
v -1.030451 -0.438504 -2.432929
v -1.039081 -0.441121 -2.432916
v -1.048055 -0.442005 -2.432903
v -1.057029 -0.441121 -2.432889
v -1.065658 -0.438504 -2.432876
v -1.073611 -0.434253 -2.432864
v -1.097235 -0.288454 -2.432829
v -1.105846 -0.291066 -2.432816
v -1.114802 -0.291948 -2.432803
v -1.123757 -0.291066 -2.432789
v -1.132368 -0.288454 -2.432776
v -1.140304 -0.284212 -2.432765
v -1.147260 -0.278503 -2.432754
v -1.152969 -0.271547 -2.432746
v -1.157211 -0.263611 -2.432739
v -0.914656 0.069899 -2.335511
v -0.918676 0.019955 -2.335505
v -0.853018 0.063828 -2.335603
v -0.976293 0.063828 -2.335419
v -1.035562 0.045849 -2.335331
v -1.090185 0.016653 -2.335249
v -1.138062 -0.022639 -2.335177
v -1.177353 -0.070516 -2.335118
v -1.206549 -0.125138 -2.335075
v -1.224528 -0.184407 -2.335048
v -1.230599 -0.246045 -2.335039
v -1.224528 -0.307682 -2.335048
v -1.160559 -0.246045 -2.335144
v -1.159677 -0.255000 -2.335145
v -1.159677 -0.237090 -2.335145
v -1.157065 -0.228479 -2.335149
v -1.152823 -0.220542 -2.335155
v -1.147114 -0.213586 -2.335164
v -1.140158 -0.207878 -2.335174
v -1.132222 -0.203636 -2.335186
v -1.123611 -0.201024 -2.335199
v -1.114656 -0.200142 -2.335212
v -1.105700 -0.201024 -2.335226
v -1.097089 -0.203636 -2.335238
v -1.089153 -0.207878 -2.335250
v -1.082197 -0.213586 -2.335261
v -1.070848 -0.150451 -2.335278
v -1.065512 -0.153303 -2.335286
v -1.073465 -0.149052 -2.335274
v -1.080436 -0.143332 -2.335263
v -1.086156 -0.136361 -2.335255
v -1.090407 -0.128408 -2.335248
v -1.093025 -0.119779 -2.335244
v -1.093909 -0.110805 -2.335243
v -1.093025 -0.101831 -2.335244
v -1.090407 -0.093201 -2.335248
v -1.086156 -0.085249 -2.335255
v -1.080436 -0.078278 -2.335263
v -1.073465 -0.072557 -2.335274
v -1.065512 -0.068306 -2.335286
v -1.056883 -0.065689 -2.335299
v -1.047909 -0.064805 -2.335312
v -1.038935 -0.065689 -2.335325
v -1.030305 -0.068306 -2.335338
v -1.022353 -0.072557 -2.335350
v -1.015382 -0.078278 -2.335361
v -0.938477 -0.067369 -2.335476
v -0.936279 -0.068543 -2.335479
v -0.944232 -0.064292 -2.335467
v -0.951203 -0.058572 -2.335457
v -0.956923 -0.051601 -2.335448
v -0.961174 -0.043648 -2.335442
v -0.963792 -0.035019 -2.335438
v -0.964676 -0.026045 -2.335436
v -0.963792 -0.017071 -2.335438
v -0.961174 -0.008441 -2.335442
v -0.956923 -0.000488 -2.335448
v -0.951203 0.006482 -2.335457
v -0.944232 0.012203 -2.335467
v -0.936279 0.016454 -2.335479
v -0.927650 0.019071 -2.335492
v -0.927650 -0.071161 -2.335492
v -0.918676 -0.072045 -2.335505
v -0.909702 -0.071161 -2.335519
v -0.901072 -0.068543 -2.335531
v -0.893120 -0.064292 -2.335543
v -0.886149 -0.058572 -2.335554
v -0.880428 -0.051601 -2.335562
v -0.876177 -0.043648 -2.335569
v -0.873560 -0.035019 -2.335573
v -0.872676 -0.026045 -2.335574
v -0.873560 -0.017071 -2.335573
v -0.876177 -0.008441 -2.335569
v -0.880428 -0.000488 -2.335562
v -0.886149 0.006482 -2.335554
v -0.893120 0.012203 -2.335543
v -0.901072 0.016454 -2.335531
v -0.909702 0.019071 -2.335519
v -1.009661 -0.085249 -2.335369
v -1.005410 -0.093201 -2.335376
v -1.002793 -0.101831 -2.335379
v -1.001909 -0.110805 -2.335381
v -1.002793 -0.119779 -2.335379
v -1.005410 -0.128408 -2.335376
v -1.009661 -0.136361 -2.335369
v -1.015382 -0.143332 -2.335361
v -0.979346 -0.145211 -2.335414
v -0.981324 -0.146268 -2.335412
v -0.960578 -0.135179 -2.335443
v -0.938067 -0.128351 -2.335476
v -0.914656 -0.126045 -2.335511
v -0.891245 -0.128351 -2.335546
v -0.868734 -0.135179 -2.335580
v -0.847987 -0.146268 -2.335611
v -0.829803 -0.161192 -2.335638
v -0.814880 -0.179376 -2.335660
v -0.803790 -0.200123 -2.335677
v -0.796962 -0.222634 -2.335687
v -0.794656 -0.246045 -2.335691
v -0.796962 -0.269456 -2.335687
v -0.803790 -0.291967 -2.335677
v -0.814880 -0.312713 -2.335660
v -0.829803 -0.330898 -2.335638
v -0.847987 -0.345821 -2.335611
v -0.868734 -0.356910 -2.335580
v -0.891245 -0.363739 -2.335546
v -0.914656 -0.366045 -2.335511
v -0.938067 -0.363739 -2.335476
v -0.960578 -0.356910 -2.335443
v -0.981324 -0.345821 -2.335412
v -0.999509 -0.330898 -2.335384
v -1.014432 -0.312713 -2.335362
v -1.025521 -0.291967 -2.335346
v -1.032350 -0.269456 -2.335335
v -1.034656 -0.246045 -2.335332
v -1.032350 -0.222634 -2.335335
v -1.025521 -0.200123 -2.335346
v -1.014432 -0.179376 -2.335362
v -0.999509 -0.161192 -2.335384
v -0.986049 -0.150146 -2.335404
v -1.022353 -0.149052 -2.335350
v -1.030305 -0.153303 -2.335338
v -1.038935 -0.155921 -2.335325
v -1.047909 -0.156805 -2.335312
v -1.056883 -0.155921 -2.335299
v -1.076489 -0.220542 -2.335269
v -1.072247 -0.228479 -2.335276
v -1.069635 -0.237090 -2.335279
v -1.068753 -0.246045 -2.335281
v -1.069635 -0.255000 -2.335279
v -1.072247 -0.263611 -2.335276
v -1.076489 -0.271547 -2.335269
v -1.082197 -0.278503 -2.335261
v -1.089153 -0.284212 -2.335250
v -0.926780 -0.433921 -2.335493
v -0.932488 -0.440877 -2.335485
v -0.919824 -0.428212 -2.335504
v -0.911888 -0.423970 -2.335515
v -0.903277 -0.421358 -2.335528
v -0.894321 -0.420476 -2.335542
v -0.885366 -0.421358 -2.335555
v -0.876755 -0.423970 -2.335568
v -0.868819 -0.428212 -2.335580
v -0.861863 -0.433921 -2.335590
v -0.856155 -0.440877 -2.335599
v -0.851913 -0.448813 -2.335605
v -0.849300 -0.457424 -2.335609
v -0.848418 -0.466379 -2.335610
v -0.849300 -0.475335 -2.335609
v -0.851913 -0.483946 -2.335605
v -0.856155 -0.491882 -2.335599
v -0.861863 -0.498838 -2.335590
v -0.868819 -0.504546 -2.335580
v -0.876755 -0.508788 -2.335568
v -0.885366 -0.511400 -2.335555
v -0.894321 -0.512282 -2.335542
v -0.903277 -0.511400 -2.335528
v -0.911888 -0.508788 -2.335515
v -0.914656 -0.561989 -2.335511
v -0.976293 -0.555918 -2.335419
v -0.853018 -0.555918 -2.335603
v -0.793749 -0.537939 -2.335692
v -0.739127 -0.508742 -2.335774
v -0.691250 -0.469451 -2.335845
v -0.732484 -0.428532 -2.335784
v -0.651958 -0.421574 -2.335904
v -0.622762 -0.366951 -2.335948
v -0.604783 -0.307682 -2.335975
v -0.598712 -0.246045 -2.335984
v -0.604783 -0.184407 -2.335975
v -0.651876 -0.246845 -2.335904
v -0.652760 -0.237871 -2.335903
v -0.652760 -0.255819 -2.335903
v -0.655378 -0.264448 -2.335899
v -0.659628 -0.272401 -2.335893
v -0.665349 -0.279372 -2.335884
v -0.672320 -0.285092 -2.335874
v -0.680273 -0.289343 -2.335862
v -0.688902 -0.291961 -2.335849
v -0.697876 -0.292845 -2.335835
v -0.706850 -0.291961 -2.335822
v -0.715479 -0.289343 -2.335809
v -0.723432 -0.285092 -2.335797
v -0.730403 -0.279372 -2.335787
v -0.736124 -0.272401 -2.335778
v -0.740374 -0.264448 -2.335772
v -0.742992 -0.255819 -2.335768
v -0.743876 -0.246845 -2.335767
v -0.742992 -0.237871 -2.335768
v -0.740374 -0.229241 -2.335772
v -0.736124 -0.221289 -2.335778
v -0.730403 -0.214318 -2.335787
v -0.728692 -0.212914 -2.335789
v -0.723432 -0.208597 -2.335797
v -0.732484 -0.143332 -2.335784
v -0.726764 -0.136361 -2.335792
v -0.733605 -0.144252 -2.335782
v -0.739455 -0.149052 -2.335773
v -0.756037 -0.350889 -2.335748
v -0.765011 -0.350005 -2.335735
v -0.747408 -0.353506 -2.335761
v -0.739455 -0.357757 -2.335773
v -0.732484 -0.363478 -2.335784
v -0.726763 -0.370449 -2.335792
v -0.722513 -0.378401 -2.335799
v -0.719895 -0.387031 -2.335803
v -0.719011 -0.396005 -2.335804
v -0.719895 -0.404979 -2.335803
v -0.722513 -0.413608 -2.335799
v -0.726763 -0.421561 -2.335792
v -0.773985 -0.350889 -2.335721
v -0.782614 -0.353506 -2.335709
v -0.790567 -0.357757 -2.335697
v -0.797538 -0.363478 -2.335686
v -0.803259 -0.370449 -2.335678
v -0.807510 -0.378401 -2.335671
v -0.810127 -0.387031 -2.335668
v -0.811011 -0.396005 -2.335666
v -0.810127 -0.404979 -2.335668
v -0.807509 -0.413608 -2.335671
v -0.803259 -0.421561 -2.335678
v -0.797538 -0.428532 -2.335686
v -0.790567 -0.434253 -2.335697
v -0.782614 -0.438503 -2.335709
v -0.773985 -0.441121 -2.335721
v -0.765011 -0.442005 -2.335735
v -0.756037 -0.441121 -2.335748
v -0.747408 -0.438503 -2.335761
v -0.739455 -0.434253 -2.335773
v -0.747408 -0.153303 -2.335761
v -0.756037 -0.155921 -2.335748
v -0.765011 -0.156805 -2.335735
v -0.773985 -0.155921 -2.335721
v -0.782614 -0.153303 -2.335709
v -0.790567 -0.149052 -2.335697
v -0.797538 -0.143332 -2.335686
v -0.803259 -0.136361 -2.335678
v -0.807510 -0.128408 -2.335671
v -0.810127 -0.119779 -2.335668
v -0.811011 -0.110805 -2.335666
v -0.810127 -0.101831 -2.335668
v -0.807510 -0.093201 -2.335671
v -0.803259 -0.085249 -2.335678
v -0.797538 -0.078278 -2.335686
v -0.790567 -0.072557 -2.335697
v -0.782615 -0.068306 -2.335709
v -0.773985 -0.065689 -2.335721
v -0.765011 -0.064805 -2.335735
v -0.756037 -0.065689 -2.335748
v -0.747408 -0.068306 -2.335761
v -0.739455 -0.072557 -2.335773
v -0.732484 -0.078278 -2.335784
v -0.691250 -0.022639 -2.335845
v -0.726764 -0.085249 -2.335792
v -0.722513 -0.093201 -2.335799
v -0.719895 -0.101831 -2.335803
v -0.719011 -0.110805 -2.335804
v -0.719895 -0.119779 -2.335803
v -0.722513 -0.128408 -2.335799
v -0.739127 0.016653 -2.335774
v -0.651958 -0.070516 -2.335904
v -0.622762 -0.125138 -2.335948
v -0.793750 0.045849 -2.335692
v -0.715479 -0.204346 -2.335809
v -0.706850 -0.201729 -2.335822
v -0.697876 -0.200845 -2.335835
v -0.688902 -0.201729 -2.335849
v -0.680273 -0.204346 -2.335862
v -0.672320 -0.208597 -2.335874
v -0.665349 -0.214318 -2.335884
v -0.659628 -0.221289 -2.335893
v -0.655378 -0.229241 -2.335899
v -1.035562 -0.537939 -2.335330
v -1.090185 -0.508742 -2.335249
v -1.138062 -0.469451 -2.335177
v -1.086156 -0.421561 -2.335255
v -1.177353 -0.421574 -2.335118
v -1.206549 -0.366951 -2.335075
v -1.080436 -0.428532 -2.335263
v -1.090407 -0.413608 -2.335248
v -1.093025 -0.404979 -2.335244
v -1.093909 -0.396005 -2.335243
v -1.093025 -0.387031 -2.335244
v -1.090407 -0.378402 -2.335248
v -1.086156 -0.370449 -2.335255
v -1.080436 -0.363478 -2.335263
v -1.073465 -0.357757 -2.335274
v -1.065512 -0.353506 -2.335286
v -1.056883 -0.350889 -2.335299
v -1.047909 -0.350005 -2.335312
v -1.038935 -0.350889 -2.335325
v -1.030305 -0.353506 -2.335338
v -1.022352 -0.357757 -2.335350
v -1.015382 -0.363478 -2.335361
v -1.009661 -0.370449 -2.335369
v -1.005410 -0.378402 -2.335376
v -1.002793 -0.387031 -2.335379
v -1.001909 -0.396005 -2.335381
v -1.002793 -0.404979 -2.335379
v -1.003166 -0.406209 -2.335379
v -1.005410 -0.413608 -2.335376
v -0.939342 -0.457424 -2.335474
v -0.940224 -0.466379 -2.335473
v -0.936730 -0.448813 -2.335478
v -0.939342 -0.475335 -2.335474
v -0.936730 -0.483946 -2.335478
v -0.932488 -0.491882 -2.335485
v -0.926780 -0.498838 -2.335493
v -0.919824 -0.504546 -2.335504
v -1.009661 -0.421561 -2.335369
v -1.015382 -0.428532 -2.335361
v -1.022352 -0.434253 -2.335350
v -1.030305 -0.438503 -2.335338
v -1.038935 -0.441121 -2.335325
v -1.047909 -0.442005 -2.335312
v -1.056883 -0.441121 -2.335299
v -1.065512 -0.438503 -2.335286
v -1.073465 -0.434253 -2.335274
v -1.097089 -0.288454 -2.335238
v -1.105700 -0.291066 -2.335226
v -1.114656 -0.291948 -2.335212
v -1.123611 -0.291066 -2.335199
v -1.132222 -0.288454 -2.335186
v -1.140158 -0.284212 -2.335174
v -1.147114 -0.278503 -2.335164
v -1.152823 -0.271547 -2.335155
v -1.157065 -0.263611 -2.335149
v -0.914627 0.069899 -2.315993
v -0.918647 0.019955 -2.315987
v -0.852989 0.063828 -2.316086
v -0.976264 0.063828 -2.315901
v -1.035533 0.045849 -2.315813
v -1.090155 0.016653 -2.315731
v -1.138032 -0.022639 -2.315659
v -1.177324 -0.070516 -2.315600
v -1.206520 -0.125138 -2.315557
v -1.224499 -0.184407 -2.315530
v -1.230570 -0.246045 -2.315521
v -1.224499 -0.307682 -2.315530
v -1.160530 -0.246045 -2.315626
v -1.159648 -0.255000 -2.315627
v -1.159648 -0.237090 -2.315627
v -1.157035 -0.228479 -2.315631
v -1.152794 -0.220543 -2.315637
v -1.147085 -0.213587 -2.315646
v -1.140129 -0.207878 -2.315656
v -1.132193 -0.203636 -2.315668
v -1.123582 -0.201024 -2.315681
v -1.114627 -0.200142 -2.315694
v -1.105671 -0.201024 -2.315708
v -1.097060 -0.203636 -2.315721
v -1.089124 -0.207878 -2.315732
v -1.082168 -0.213587 -2.315743
v -1.070819 -0.150451 -2.315760
v -1.065483 -0.153303 -2.315768
v -1.073436 -0.149053 -2.315756
v -1.080406 -0.143332 -2.315745
v -1.086127 -0.136361 -2.315737
v -1.090378 -0.128408 -2.315731
v -1.092996 -0.119779 -2.315727
v -1.093880 -0.110805 -2.315725
v -1.092996 -0.101831 -2.315727
v -1.090378 -0.093201 -2.315731
v -1.086127 -0.085249 -2.315737
v -1.080406 -0.078278 -2.315745
v -1.073436 -0.072557 -2.315756
v -1.065483 -0.068306 -2.315768
v -1.056854 -0.065689 -2.315781
v -1.047880 -0.064805 -2.315794
v -1.038905 -0.065689 -2.315808
v -1.030276 -0.068306 -2.315820
v -1.022323 -0.072557 -2.315832
v -1.015353 -0.078278 -2.315843
v -0.938448 -0.067369 -2.315958
v -0.936250 -0.068543 -2.315961
v -0.944203 -0.064292 -2.315949
v -0.951174 -0.058572 -2.315939
v -0.956894 -0.051601 -2.315930
v -0.961145 -0.043648 -2.315924
v -0.963763 -0.035019 -2.315920
v -0.964647 -0.026045 -2.315918
v -0.963763 -0.017071 -2.315920
v -0.961145 -0.008441 -2.315924
v -0.956894 -0.000488 -2.315930
v -0.951174 0.006482 -2.315939
v -0.944203 0.012203 -2.315949
v -0.936250 0.016454 -2.315961
v -0.927621 0.019071 -2.315974
v -0.927621 -0.071161 -2.315974
v -0.918647 -0.072045 -2.315987
v -0.909672 -0.071161 -2.316001
v -0.901043 -0.068543 -2.316014
v -0.893090 -0.064292 -2.316025
v -0.886120 -0.058572 -2.316036
v -0.880399 -0.051601 -2.316045
v -0.876148 -0.043648 -2.316051
v -0.873531 -0.035019 -2.316055
v -0.872647 -0.026045 -2.316056
v -0.873531 -0.017071 -2.316055
v -0.876148 -0.008441 -2.316051
v -0.880399 -0.000488 -2.316045
v -0.886120 0.006482 -2.316036
v -0.893090 0.012203 -2.316025
v -0.901043 0.016454 -2.316014
v -0.909672 0.019071 -2.316001
v -1.009632 -0.085249 -2.315851
v -1.005381 -0.093201 -2.315858
v -1.002764 -0.101831 -2.315861
v -1.001880 -0.110805 -2.315863
v -1.002764 -0.119779 -2.315861
v -1.005381 -0.128408 -2.315858
v -1.009632 -0.136361 -2.315851
v -1.015353 -0.143332 -2.315843
v -0.979317 -0.145211 -2.315897
v -0.981295 -0.146269 -2.315894
v -0.960549 -0.135179 -2.315925
v -0.938037 -0.128351 -2.315958
v -0.914627 -0.126045 -2.315993
v -0.891216 -0.128351 -2.316028
v -0.868705 -0.135179 -2.316062
v -0.847958 -0.146268 -2.316093
v -0.829774 -0.161192 -2.316120
v -0.814850 -0.179376 -2.316143
v -0.803761 -0.200123 -2.316159
v -0.796933 -0.222634 -2.316169
v -0.794627 -0.246045 -2.316173
v -0.796933 -0.269456 -2.316169
v -0.803761 -0.291967 -2.316159
v -0.814850 -0.312713 -2.316143
v -0.829774 -0.330898 -2.316120
v -0.847958 -0.345821 -2.316093
v -0.868705 -0.356910 -2.316062
v -0.891216 -0.363739 -2.316028
v -0.914627 -0.366045 -2.315993
v -0.938037 -0.363739 -2.315958
v -0.960549 -0.356910 -2.315925
v -0.981295 -0.345821 -2.315894
v -0.999479 -0.330898 -2.315866
v -1.014403 -0.312713 -2.315844
v -1.025492 -0.291967 -2.315828
v -1.032321 -0.269456 -2.315817
v -1.034626 -0.246045 -2.315814
v -1.032321 -0.222634 -2.315817
v -1.025492 -0.200123 -2.315828
v -1.014403 -0.179376 -2.315844
v -0.999479 -0.161192 -2.315866
v -0.986020 -0.150146 -2.315886
v -1.022323 -0.149053 -2.315832
v -1.030276 -0.153303 -2.315820
v -1.038905 -0.155921 -2.315808
v -1.047880 -0.156805 -2.315794
v -1.056854 -0.155921 -2.315781
v -1.076460 -0.220543 -2.315751
v -1.072218 -0.228479 -2.315758
v -1.069606 -0.237090 -2.315762
v -1.068724 -0.246045 -2.315763
v -1.069606 -0.255000 -2.315762
v -1.072218 -0.263611 -2.315758
v -1.076460 -0.271547 -2.315751
v -1.082168 -0.278503 -2.315743
v -1.089124 -0.284212 -2.315732
v -0.926751 -0.433921 -2.315975
v -0.932459 -0.440877 -2.315967
v -0.919795 -0.428212 -2.315986
v -0.911859 -0.423971 -2.315997
v -0.903247 -0.421358 -2.316010
v -0.894292 -0.420476 -2.316024
v -0.885337 -0.421358 -2.316037
v -0.876726 -0.423971 -2.316050
v -0.868790 -0.428212 -2.316062
v -0.861834 -0.433921 -2.316072
v -0.856125 -0.440877 -2.316081
v -0.851883 -0.448813 -2.316087
v -0.849271 -0.457424 -2.316091
v -0.848389 -0.466379 -2.316092
v -0.849271 -0.475335 -2.316091
v -0.851883 -0.483946 -2.316087
v -0.856125 -0.491882 -2.316081
v -0.861834 -0.498838 -2.316072
v -0.868790 -0.504546 -2.316062
v -0.876726 -0.508788 -2.316050
v -0.885337 -0.511400 -2.316037
v -0.894292 -0.512282 -2.316024
v -0.903247 -0.511400 -2.316010
v -0.911859 -0.508788 -2.315997
v -0.914627 -0.561989 -2.315993
v -0.976264 -0.555918 -2.315901
v -0.852989 -0.555918 -2.316086
v -0.793720 -0.537939 -2.316174
v -0.739098 -0.508743 -2.316256
v -0.691221 -0.469451 -2.316327
v -0.732455 -0.428532 -2.316266
v -0.651929 -0.421574 -2.316386
v -0.622733 -0.366951 -2.316430
v -0.604754 -0.307682 -2.316457
v -0.598683 -0.246045 -2.316466
v -0.604754 -0.184407 -2.316457
v -0.651847 -0.246845 -2.316386
v -0.652731 -0.237871 -2.316385
v -0.652731 -0.255819 -2.316385
v -0.655348 -0.264448 -2.316381
v -0.659599 -0.272401 -2.316375
v -0.665320 -0.279372 -2.316366
v -0.672291 -0.285092 -2.316356
v -0.680243 -0.289343 -2.316344
v -0.688873 -0.291961 -2.316331
v -0.697847 -0.292845 -2.316318
v -0.706821 -0.291961 -2.316304
v -0.715450 -0.289343 -2.316291
v -0.723403 -0.285092 -2.316279
v -0.730374 -0.279372 -2.316269
v -0.736094 -0.272401 -2.316260
v -0.740345 -0.264448 -2.316254
v -0.742963 -0.255819 -2.316250
v -0.743847 -0.246845 -2.316249
v -0.742963 -0.237871 -2.316250
v -0.740345 -0.229241 -2.316254
v -0.736094 -0.221289 -2.316260
v -0.730374 -0.214318 -2.316269
v -0.728663 -0.212914 -2.316271
v -0.723403 -0.208597 -2.316279
v -0.732455 -0.143332 -2.316266
v -0.726734 -0.136361 -2.316274
v -0.733576 -0.144252 -2.316264
v -0.739426 -0.149052 -2.316255
v -0.756008 -0.350889 -2.316231
v -0.764982 -0.350005 -2.316217
v -0.747378 -0.353506 -2.316243
v -0.739426 -0.357757 -2.316255
v -0.732455 -0.363478 -2.316266
v -0.726734 -0.370449 -2.316274
v -0.722483 -0.378402 -2.316281
v -0.719866 -0.387031 -2.316285
v -0.718982 -0.396005 -2.316286
v -0.719866 -0.404979 -2.316285
v -0.722483 -0.413608 -2.316281
v -0.726734 -0.421561 -2.316274
v -0.773956 -0.350889 -2.316204
v -0.782585 -0.353506 -2.316191
v -0.790538 -0.357757 -2.316179
v -0.797509 -0.363478 -2.316169
v -0.803229 -0.370449 -2.316160
v -0.807480 -0.378402 -2.316154
v -0.810098 -0.387031 -2.316150
v -0.810982 -0.396005 -2.316148
v -0.810098 -0.404979 -2.316150
v -0.807480 -0.413608 -2.316154
v -0.803229 -0.421561 -2.316160
v -0.797509 -0.428532 -2.316169
v -0.790538 -0.434253 -2.316179
v -0.782585 -0.438503 -2.316191
v -0.773956 -0.441121 -2.316204
v -0.764982 -0.442005 -2.316217
v -0.756008 -0.441121 -2.316231
v -0.747378 -0.438503 -2.316243
v -0.739426 -0.434253 -2.316255
v -0.747378 -0.153303 -2.316243
v -0.756008 -0.155921 -2.316231
v -0.764982 -0.156805 -2.316217
v -0.773956 -0.155921 -2.316204
v -0.782585 -0.153303 -2.316191
v -0.790538 -0.149052 -2.316179
v -0.797509 -0.143332 -2.316169
v -0.803230 -0.136361 -2.316160
v -0.807480 -0.128408 -2.316154
v -0.810098 -0.119779 -2.316150
v -0.810982 -0.110805 -2.316148
v -0.810098 -0.101831 -2.316150
v -0.807480 -0.093201 -2.316154
v -0.803230 -0.085249 -2.316160
v -0.797509 -0.078278 -2.316169
v -0.790538 -0.072557 -2.316179
v -0.782585 -0.068306 -2.316191
v -0.773956 -0.065689 -2.316204
v -0.764982 -0.064805 -2.316217
v -0.756008 -0.065689 -2.316231
v -0.747378 -0.068306 -2.316243
v -0.739426 -0.072557 -2.316255
v -0.732455 -0.078278 -2.316266
v -0.691221 -0.022639 -2.316327
v -0.726734 -0.085249 -2.316274
v -0.722484 -0.093201 -2.316281
v -0.719866 -0.101831 -2.316285
v -0.718982 -0.110805 -2.316286
v -0.719866 -0.119779 -2.316285
v -0.722484 -0.128408 -2.316281
v -0.739098 0.016653 -2.316256
v -0.651929 -0.070516 -2.316386
v -0.622733 -0.125138 -2.316430
v -0.793720 0.045849 -2.316174
v -0.715450 -0.204346 -2.316291
v -0.706821 -0.201729 -2.316304
v -0.697847 -0.200845 -2.316318
v -0.688873 -0.201729 -2.316331
v -0.680243 -0.204346 -2.316344
v -0.672291 -0.208597 -2.316356
v -0.665320 -0.214318 -2.316366
v -0.659599 -0.221289 -2.316375
v -0.655348 -0.229241 -2.316381
v -1.035533 -0.537939 -2.315813
v -1.090155 -0.508743 -2.315731
v -1.138032 -0.469451 -2.315659
v -1.086127 -0.421561 -2.315737
v -1.177324 -0.421574 -2.315600
v -1.206520 -0.366951 -2.315557
v -1.080406 -0.428532 -2.315745
v -1.090378 -0.413608 -2.315731
v -1.092996 -0.404979 -2.315727
v -1.093879 -0.396005 -2.315725
v -1.092996 -0.387031 -2.315727
v -1.090378 -0.378402 -2.315731
v -1.086127 -0.370449 -2.315737
v -1.080406 -0.363478 -2.315745
v -1.073436 -0.357757 -2.315756
v -1.065483 -0.353507 -2.315768
v -1.056854 -0.350889 -2.315781
v -1.047880 -0.350005 -2.315794
v -1.038905 -0.350889 -2.315808
v -1.030276 -0.353507 -2.315820
v -1.022323 -0.357757 -2.315832
v -1.015353 -0.363478 -2.315843
v -1.009632 -0.370449 -2.315851
v -1.005381 -0.378402 -2.315858
v -1.002764 -0.387031 -2.315861
v -1.001880 -0.396005 -2.315863
v -1.002764 -0.404979 -2.315861
v -1.005381 -0.413608 -2.315858
v -0.939313 -0.457424 -2.315956
v -0.940195 -0.466379 -2.315955
v -0.936701 -0.448813 -2.315960
v -0.939313 -0.475335 -2.315956
v -0.936701 -0.483946 -2.315960
v -0.932459 -0.491882 -2.315967
v -0.926751 -0.498838 -2.315975
v -0.919795 -0.504546 -2.315986
v -1.009632 -0.421561 -2.315851
v -1.015353 -0.428532 -2.315843
v -1.022323 -0.434253 -2.315832
v -1.030276 -0.438504 -2.315820
v -1.038905 -0.441121 -2.315808
v -1.047880 -0.442005 -2.315794
v -1.056854 -0.441121 -2.315781
v -1.065483 -0.438504 -2.315768
v -1.073436 -0.434253 -2.315756
v -1.097060 -0.288454 -2.315721
v -1.105671 -0.291066 -2.315708
v -1.114627 -0.291948 -2.315694
v -1.123582 -0.291066 -2.315681
v -1.132193 -0.288454 -2.315668
v -1.140129 -0.284212 -2.315656
v -1.147085 -0.278503 -2.315646
v -1.152794 -0.271547 -2.315637
v -1.157035 -0.263611 -2.315631
v -0.914481 0.069899 -2.218403
v -0.918501 0.019955 -2.218397
v -0.852843 0.063828 -2.218495
v -0.976118 0.063828 -2.218310
v -1.035387 0.045849 -2.218222
v -1.090009 0.016653 -2.218140
v -1.137886 -0.022639 -2.218069
v -1.177178 -0.070516 -2.218010
v -1.206374 -0.125138 -2.217966
v -1.224353 -0.184407 -2.217939
v -1.230424 -0.246045 -2.217930
v -1.224353 -0.307682 -2.217939
v -1.160384 -0.246045 -2.218035
v -1.159502 -0.255000 -2.218036
v -1.159502 -0.237090 -2.218036
v -1.156889 -0.228479 -2.218040
v -1.152647 -0.220542 -2.218046
v -1.146939 -0.213586 -2.218055
v -1.139983 -0.207878 -2.218066
v -1.132047 -0.203636 -2.218077
v -1.123436 -0.201024 -2.218090
v -1.114481 -0.200142 -2.218104
v -1.105525 -0.201024 -2.218117
v -1.096914 -0.203636 -2.218130
v -1.088978 -0.207878 -2.218142
v -1.082022 -0.213586 -2.218152
v -1.070673 -0.150451 -2.218169
v -1.065337 -0.153303 -2.218177
v -1.073290 -0.149052 -2.218165
v -1.080261 -0.143332 -2.218155
v -1.085981 -0.136361 -2.218146
v -1.090232 -0.128408 -2.218140
v -1.092850 -0.119779 -2.218136
v -1.093734 -0.110805 -2.218135
v -1.092850 -0.101831 -2.218136
v -1.090232 -0.093201 -2.218140
v -1.085981 -0.085249 -2.218146
v -1.080261 -0.078278 -2.218155
v -1.073290 -0.072557 -2.218165
v -1.065337 -0.068306 -2.218177
v -1.056708 -0.065689 -2.218190
v -1.047734 -0.064805 -2.218203
v -1.038759 -0.065689 -2.218217
v -1.030130 -0.068306 -2.218230
v -1.022177 -0.072557 -2.218242
v -1.015207 -0.078278 -2.218252
v -0.938302 -0.067369 -2.218367
v -0.936104 -0.068543 -2.218370
v -0.944057 -0.064292 -2.218358
v -0.951028 -0.058572 -2.218348
v -0.956748 -0.051601 -2.218339
v -0.960999 -0.043648 -2.218333
v -0.963617 -0.035019 -2.218329
v -0.964501 -0.026045 -2.218328
v -0.963617 -0.017071 -2.218329
v -0.960999 -0.008441 -2.218333
v -0.956748 -0.000488 -2.218339
v -0.951028 0.006482 -2.218348
v -0.944057 0.012203 -2.218358
v -0.936104 0.016454 -2.218370
v -0.927475 0.019071 -2.218383
v -0.927475 -0.071161 -2.218383
v -0.918501 -0.072045 -2.218397
v -0.909527 -0.071161 -2.218410
v -0.900897 -0.068543 -2.218423
v -0.892945 -0.064292 -2.218435
v -0.885974 -0.058572 -2.218445
v -0.880253 -0.051601 -2.218454
v -0.876002 -0.043648 -2.218460
v -0.873385 -0.035019 -2.218464
v -0.872501 -0.026045 -2.218465
v -0.873385 -0.017071 -2.218464
v -0.876002 -0.008441 -2.218460
v -0.880253 -0.000488 -2.218454
v -0.885974 0.006482 -2.218445
v -0.892945 0.012203 -2.218435
v -0.900897 0.016454 -2.218423
v -0.909527 0.019071 -2.218410
v -1.009486 -0.085249 -2.218261
v -1.005235 -0.093201 -2.218267
v -1.002618 -0.101831 -2.218271
v -1.001734 -0.110805 -2.218272
v -1.002618 -0.119779 -2.218271
v -1.005235 -0.128408 -2.218267
v -1.009486 -0.136361 -2.218261
v -1.015207 -0.143332 -2.218252
v -0.979171 -0.145211 -2.218306
v -0.981149 -0.146268 -2.218303
v -0.960403 -0.135179 -2.218334
v -0.937892 -0.128351 -2.218368
v -0.914481 -0.126045 -2.218403
v -0.891070 -0.128351 -2.218438
v -0.868559 -0.135179 -2.218471
v -0.847812 -0.146268 -2.218502
v -0.829628 -0.161192 -2.218529
v -0.814704 -0.179376 -2.218552
v -0.803615 -0.200123 -2.218568
v -0.796787 -0.222634 -2.218579
v -0.794481 -0.246045 -2.218582
v -0.796787 -0.269456 -2.218579
v -0.803615 -0.291967 -2.218568
v -0.814704 -0.312713 -2.218552
v -0.829628 -0.330898 -2.218529
v -0.847812 -0.345821 -2.218502
v -0.868559 -0.356910 -2.218471
v -0.891070 -0.363739 -2.218438
v -0.914481 -0.366045 -2.218403
v -0.937892 -0.363739 -2.218368
v -0.960403 -0.356910 -2.218334
v -0.981149 -0.345821 -2.218303
v -0.999333 -0.330898 -2.218276
v -1.014257 -0.312713 -2.218253
v -1.025346 -0.291967 -2.218237
v -1.032175 -0.269456 -2.218227
v -1.034481 -0.246045 -2.218223
v -1.032175 -0.222634 -2.218227
v -1.025346 -0.200123 -2.218237
v -1.014257 -0.179376 -2.218253
v -0.999333 -0.161192 -2.218276
v -0.985874 -0.150146 -2.218296
v -1.022177 -0.149052 -2.218242
v -1.030130 -0.153303 -2.218230
v -1.038759 -0.155921 -2.218217
v -1.047734 -0.156805 -2.218203
v -1.056708 -0.155921 -2.218190
v -1.076314 -0.220542 -2.218161
v -1.072072 -0.228479 -2.218167
v -1.069460 -0.237090 -2.218171
v -1.068578 -0.246045 -2.218172
v -1.069460 -0.255000 -2.218171
v -1.072072 -0.263611 -2.218167
v -1.076314 -0.271547 -2.218161
v -1.082022 -0.278503 -2.218152
v -1.088978 -0.284212 -2.218142
v -0.926605 -0.433921 -2.218385
v -0.932313 -0.440877 -2.218376
v -0.919649 -0.428212 -2.218395
v -0.911713 -0.423970 -2.218407
v -0.903102 -0.421358 -2.218420
v -0.894146 -0.420476 -2.218433
v -0.885191 -0.421358 -2.218446
v -0.876580 -0.423970 -2.218459
v -0.868644 -0.428212 -2.218471
v -0.861688 -0.433921 -2.218482
v -0.855979 -0.440877 -2.218490
v -0.851737 -0.448813 -2.218497
v -0.849125 -0.457424 -2.218500
v -0.848243 -0.466379 -2.218502
v -0.849125 -0.475335 -2.218500
v -0.851737 -0.483946 -2.218497
v -0.855979 -0.491882 -2.218490
v -0.861688 -0.498838 -2.218482
v -0.868644 -0.504546 -2.218471
v -0.876580 -0.508788 -2.218459
v -0.885191 -0.511400 -2.218446
v -0.894146 -0.512282 -2.218433
v -0.903102 -0.511400 -2.218420
v -0.911713 -0.508788 -2.218407
v -0.914481 -0.561989 -2.218403
v -0.976118 -0.555918 -2.218310
v -0.852843 -0.555918 -2.218495
v -0.793574 -0.537939 -2.218583
v -0.738952 -0.508742 -2.218665
v -0.691075 -0.469451 -2.218737
v -0.732309 -0.428532 -2.218675
v -0.651783 -0.421574 -2.218796
v -0.622587 -0.366951 -2.218839
v -0.604608 -0.307682 -2.218866
v -0.598537 -0.246045 -2.218875
v -0.604608 -0.184407 -2.218866
v -0.651701 -0.246845 -2.218796
v -0.652585 -0.237871 -2.218794
v -0.652585 -0.255819 -2.218794
v -0.655203 -0.264448 -2.218790
v -0.659453 -0.272401 -2.218784
v -0.665174 -0.279372 -2.218776
v -0.672145 -0.285092 -2.218765
v -0.680098 -0.289343 -2.218753
v -0.688727 -0.291961 -2.218740
v -0.697701 -0.292845 -2.218727
v -0.706675 -0.291961 -2.218713
v -0.715304 -0.289343 -2.218700
v -0.723257 -0.285092 -2.218688
v -0.730228 -0.279372 -2.218678
v -0.735949 -0.272401 -2.218670
v -0.740199 -0.264448 -2.218663
v -0.742817 -0.255819 -2.218659
v -0.743701 -0.246845 -2.218658
v -0.742817 -0.237871 -2.218659
v -0.740199 -0.229241 -2.218663
v -0.735949 -0.221289 -2.218670
v -0.730228 -0.214318 -2.218678
v -0.728517 -0.212914 -2.218681
v -0.723257 -0.208597 -2.218688
v -0.732309 -0.143332 -2.218675
v -0.726588 -0.136361 -2.218683
v -0.733430 -0.144252 -2.218673
v -0.739280 -0.149052 -2.218665
v -0.755862 -0.350889 -2.218640
v -0.764836 -0.350005 -2.218626
v -0.747233 -0.353506 -2.218653
v -0.739280 -0.357757 -2.218665
v -0.732309 -0.363478 -2.218675
v -0.726588 -0.370449 -2.218683
v -0.722337 -0.378401 -2.218690
v -0.719720 -0.387031 -2.218694
v -0.718836 -0.396005 -2.218695
v -0.719720 -0.404979 -2.218694
v -0.722337 -0.413608 -2.218690
v -0.726588 -0.421561 -2.218683
v -0.773810 -0.350889 -2.218613
v -0.782439 -0.353506 -2.218600
v -0.790392 -0.357757 -2.218588
v -0.797363 -0.363478 -2.218578
v -0.803084 -0.370449 -2.218569
v -0.807334 -0.378401 -2.218563
v -0.809952 -0.387031 -2.218559
v -0.810836 -0.396005 -2.218558
v -0.809952 -0.404979 -2.218559
v -0.807334 -0.413608 -2.218563
v -0.803084 -0.421561 -2.218569
v -0.797363 -0.428532 -2.218578
v -0.790392 -0.434253 -2.218588
v -0.782439 -0.438503 -2.218600
v -0.773810 -0.441121 -2.218613
v -0.764836 -0.442005 -2.218626
v -0.755862 -0.441121 -2.218640
v -0.747233 -0.438503 -2.218653
v -0.739280 -0.434253 -2.218665
v -0.747233 -0.153303 -2.218653
v -0.755862 -0.155921 -2.218640
v -0.764836 -0.156805 -2.218626
v -0.773810 -0.155921 -2.218613
v -0.782439 -0.153303 -2.218600
v -0.790392 -0.149052 -2.218588
v -0.797363 -0.143332 -2.218578
v -0.803084 -0.136361 -2.218569
v -0.807334 -0.128408 -2.218563
v -0.809952 -0.119779 -2.218559
v -0.810836 -0.110805 -2.218558
v -0.809952 -0.101831 -2.218559
v -0.807334 -0.093201 -2.218563
v -0.803084 -0.085249 -2.218569
v -0.797363 -0.078278 -2.218578
v -0.790392 -0.072557 -2.218588
v -0.782439 -0.068306 -2.218600
v -0.773810 -0.065689 -2.218613
v -0.764836 -0.064805 -2.218626
v -0.755862 -0.065689 -2.218640
v -0.747233 -0.068306 -2.218653
v -0.739280 -0.072557 -2.218665
v -0.732309 -0.078278 -2.218675
v -0.691075 -0.022639 -2.218737
v -0.726588 -0.085249 -2.218683
v -0.722338 -0.093201 -2.218690
v -0.719720 -0.101831 -2.218694
v -0.718836 -0.110805 -2.218695
v -0.719720 -0.119779 -2.218694
v -0.722338 -0.128408 -2.218690
v -0.738952 0.016653 -2.218665
v -0.651783 -0.070516 -2.218796
v -0.622587 -0.125138 -2.218839
v -0.793574 0.045849 -2.218583
v -0.715304 -0.204346 -2.218700
v -0.706675 -0.201729 -2.218713
v -0.697701 -0.200845 -2.218727
v -0.688727 -0.201729 -2.218740
v -0.680098 -0.204346 -2.218753
v -0.672145 -0.208597 -2.218765
v -0.665174 -0.214318 -2.218776
v -0.659453 -0.221289 -2.218784
v -0.655203 -0.229241 -2.218790
v -1.035387 -0.537939 -2.218222
v -1.090009 -0.508742 -2.218140
v -1.137886 -0.469451 -2.218069
v -1.085981 -0.421561 -2.218146
v -1.177178 -0.421574 -2.218010
v -1.206374 -0.366951 -2.217966
v -1.080261 -0.428532 -2.218155
v -1.090232 -0.413608 -2.218140
v -1.092850 -0.404979 -2.218136
v -1.093734 -0.396005 -2.218135
v -1.092850 -0.387031 -2.218136
v -1.090232 -0.378402 -2.218140
v -1.085981 -0.370449 -2.218146
v -1.080261 -0.363478 -2.218155
v -1.073290 -0.357757 -2.218165
v -1.065337 -0.353506 -2.218177
v -1.056708 -0.350889 -2.218190
v -1.047734 -0.350005 -2.218203
v -1.038759 -0.350889 -2.218217
v -1.030130 -0.353506 -2.218230
v -1.022177 -0.357757 -2.218242
v -1.015207 -0.363478 -2.218252
v -1.009486 -0.370449 -2.218261
v -1.005235 -0.378402 -2.218267
v -1.002617 -0.387031 -2.218271
v -1.001734 -0.396005 -2.218272
v -1.002617 -0.404979 -2.218271
v -1.002991 -0.406209 -2.218270
v -1.005235 -0.413608 -2.218267
v -0.939167 -0.457424 -2.218366
v -0.940049 -0.466379 -2.218364
v -0.936555 -0.448813 -2.218370
v -0.939167 -0.475335 -2.218366
v -0.936555 -0.483946 -2.218370
v -0.932313 -0.491882 -2.218376
v -0.926605 -0.498838 -2.218385
v -0.919649 -0.504546 -2.218395
v -1.009486 -0.421561 -2.218261
v -1.015207 -0.428532 -2.218252
v -1.022177 -0.434253 -2.218242
v -1.030130 -0.438503 -2.218230
v -1.038759 -0.441121 -2.218217
v -1.047734 -0.442005 -2.218203
v -1.056708 -0.441121 -2.218190
v -1.065337 -0.438503 -2.218177
v -1.073290 -0.434253 -2.218165
v -1.096914 -0.288454 -2.218130
v -1.105525 -0.291066 -2.218117
v -1.114481 -0.291948 -2.218104
v -1.123436 -0.291066 -2.218090
v -1.132047 -0.288454 -2.218077
v -1.139983 -0.284212 -2.218066
v -1.146939 -0.278503 -2.218055
v -1.152647 -0.271547 -2.218046
v -1.156889 -0.263611 -2.218040
v -0.914452 0.069899 -2.198885
v -0.918472 0.019955 -2.198879
v -0.852814 0.063828 -2.198977
v -0.976089 0.063828 -2.198792
v -1.035358 0.045849 -2.198704
v -1.089980 0.016653 -2.198622
v -1.137857 -0.022639 -2.198551
v -1.177149 -0.070516 -2.198492
v -1.206345 -0.125138 -2.198448
v -1.224324 -0.184407 -2.198421
v -1.230395 -0.246045 -2.198412
v -1.224324 -0.307682 -2.198421
v -1.160354 -0.246045 -2.198517
v -1.159472 -0.255000 -2.198518
v -1.159472 -0.237090 -2.198518
v -1.156860 -0.228479 -2.198522
v -1.152618 -0.220543 -2.198529
v -1.146910 -0.213587 -2.198537
v -1.139954 -0.207878 -2.198548
v -1.132018 -0.203636 -2.198559
v -1.123407 -0.201024 -2.198572
v -1.114451 -0.200142 -2.198586
v -1.105496 -0.201024 -2.198599
v -1.096885 -0.203636 -2.198612
v -1.088949 -0.207878 -2.198624
v -1.081993 -0.213587 -2.198634
v -1.070644 -0.150451 -2.198651
v -1.065308 -0.153303 -2.198659
v -1.073261 -0.149053 -2.198647
v -1.080231 -0.143332 -2.198637
v -1.085952 -0.136361 -2.198628
v -1.090203 -0.128408 -2.198622
v -1.092821 -0.119779 -2.198618
v -1.093704 -0.110805 -2.198617
v -1.092821 -0.101831 -2.198618
v -1.090203 -0.093201 -2.198622
v -1.085952 -0.085249 -2.198628
v -1.080231 -0.078278 -2.198637
v -1.073261 -0.072557 -2.198647
v -1.065308 -0.068306 -2.198659
v -1.056679 -0.065689 -2.198672
v -1.047704 -0.064805 -2.198685
v -1.038730 -0.065689 -2.198699
v -1.030101 -0.068306 -2.198712
v -1.022148 -0.072557 -2.198724
v -1.015177 -0.078278 -2.198734
v -0.938273 -0.067369 -2.198849
v -0.936075 -0.068543 -2.198852
v -0.944028 -0.064292 -2.198840
v -0.950998 -0.058572 -2.198830
v -0.956719 -0.051601 -2.198822
v -0.960970 -0.043648 -2.198815
v -0.963588 -0.035019 -2.198811
v -0.964472 -0.026045 -2.198810
v -0.963588 -0.017071 -2.198811
v -0.960970 -0.008441 -2.198815
v -0.956719 -0.000488 -2.198822
v -0.950998 0.006482 -2.198830
v -0.944028 0.012203 -2.198840
v -0.936075 0.016454 -2.198852
v -0.927446 0.019071 -2.198865
v -0.927446 -0.071161 -2.198865
v -0.918472 -0.072045 -2.198879
v -0.909497 -0.071161 -2.198892
v -0.900868 -0.068543 -2.198905
v -0.892915 -0.064292 -2.198917
v -0.885945 -0.058572 -2.198927
v -0.880224 -0.051601 -2.198936
v -0.875973 -0.043648 -2.198942
v -0.873355 -0.035019 -2.198946
v -0.872472 -0.026045 -2.198947
v -0.873355 -0.017071 -2.198946
v -0.875973 -0.008441 -2.198942
v -0.880224 -0.000488 -2.198936
v -0.885945 0.006482 -2.198927
v -0.892915 0.012203 -2.198917
v -0.900868 0.016454 -2.198905
v -0.909497 0.019071 -2.198892
v -1.009457 -0.085249 -2.198743
v -1.005206 -0.093201 -2.198749
v -1.002588 -0.101831 -2.198753
v -1.001704 -0.110805 -2.198754
v -1.002588 -0.119779 -2.198753
v -1.005206 -0.128408 -2.198749
v -1.009457 -0.136361 -2.198743
v -1.015177 -0.143332 -2.198734
v -0.979142 -0.145211 -2.198788
v -0.981120 -0.146269 -2.198785
v -0.960374 -0.135179 -2.198816
v -0.937862 -0.128351 -2.198850
v -0.914452 -0.126045 -2.198885
v -0.891041 -0.128351 -2.198920
v -0.868530 -0.135179 -2.198953
v -0.847783 -0.146268 -2.198984
v -0.829599 -0.161192 -2.199012
v -0.814675 -0.179376 -2.199034
v -0.803586 -0.200123 -2.199050
v -0.796757 -0.222634 -2.199061
v -0.794452 -0.246045 -2.199064
v -0.796757 -0.269456 -2.199061
v -0.803586 -0.291967 -2.199050
v -0.814675 -0.312713 -2.199034
v -0.829599 -0.330898 -2.199012
v -0.847783 -0.345821 -2.198984
v -0.868530 -0.356910 -2.198953
v -0.891041 -0.363739 -2.198920
v -0.914452 -0.366045 -2.198885
v -0.937862 -0.363739 -2.198850
v -0.960374 -0.356910 -2.198816
v -0.981120 -0.345821 -2.198785
v -0.999304 -0.330898 -2.198758
v -1.014228 -0.312713 -2.198735
v -1.025317 -0.291967 -2.198719
v -1.032146 -0.269456 -2.198709
v -1.034451 -0.246045 -2.198705
v -1.032146 -0.222634 -2.198709
v -1.025317 -0.200123 -2.198719
v -1.014228 -0.179376 -2.198735
v -0.999304 -0.161192 -2.198758
v -0.985845 -0.150146 -2.198778
v -1.022148 -0.149053 -2.198724
v -1.030101 -0.153303 -2.198712
v -1.038730 -0.155921 -2.198699
v -1.047704 -0.156805 -2.198685
v -1.056679 -0.155921 -2.198672
v -1.076285 -0.220543 -2.198643
v -1.072043 -0.228479 -2.198649
v -1.069430 -0.237090 -2.198653
v -1.068548 -0.246045 -2.198654
v -1.069430 -0.255000 -2.198653
v -1.072043 -0.263611 -2.198649
v -1.076285 -0.271547 -2.198643
v -1.081993 -0.278503 -2.198634
v -1.088949 -0.284212 -2.198624
v -0.926575 -0.433921 -2.198867
v -0.932284 -0.440877 -2.198858
v -0.919619 -0.428212 -2.198877
v -0.911683 -0.423971 -2.198889
v -0.903072 -0.421358 -2.198902
v -0.894117 -0.420476 -2.198915
v -0.885162 -0.421358 -2.198929
v -0.876551 -0.423971 -2.198941
v -0.868615 -0.428212 -2.198953
v -0.861659 -0.433921 -2.198964
v -0.855950 -0.440877 -2.198972
v -0.851708 -0.448813 -2.198979
v -0.849096 -0.457424 -2.198982
v -0.848214 -0.466379 -2.198984
v -0.849096 -0.475335 -2.198982
v -0.851708 -0.483946 -2.198979
v -0.855950 -0.491882 -2.198972
v -0.861659 -0.498838 -2.198964
v -0.868615 -0.504546 -2.198953
v -0.876551 -0.508788 -2.198941
v -0.885162 -0.511400 -2.198929
v -0.894117 -0.512282 -2.198915
v -0.903072 -0.511400 -2.198902
v -0.911683 -0.508788 -2.198889
v -0.914451 -0.561989 -2.198885
v -0.976089 -0.555918 -2.198792
v -0.852814 -0.555918 -2.198977
v -0.793545 -0.537939 -2.199065
v -0.738923 -0.508743 -2.199147
v -0.691046 -0.469451 -2.199219
v -0.732280 -0.428532 -2.199157
v -0.651754 -0.421574 -2.199278
v -0.622558 -0.366951 -2.199321
v -0.604579 -0.307682 -2.199348
v -0.598508 -0.246045 -2.199357
v -0.604579 -0.184407 -2.199348
v -0.651672 -0.246845 -2.199278
v -0.652556 -0.237871 -2.199276
v -0.652556 -0.255819 -2.199276
v -0.655173 -0.264448 -2.199272
v -0.659424 -0.272401 -2.199266
v -0.665145 -0.279372 -2.199258
v -0.672116 -0.285092 -2.199247
v -0.680068 -0.289343 -2.199235
v -0.688698 -0.291961 -2.199222
v -0.697672 -0.292845 -2.199209
v -0.706646 -0.291961 -2.199195
v -0.715275 -0.289343 -2.199183
v -0.723228 -0.285092 -2.199171
v -0.730199 -0.279372 -2.199160
v -0.735919 -0.272401 -2.199152
v -0.740170 -0.264448 -2.199145
v -0.742788 -0.255819 -2.199142
v -0.743672 -0.246845 -2.199140
v -0.742788 -0.237871 -2.199142
v -0.740170 -0.229241 -2.199145
v -0.735919 -0.221289 -2.199152
v -0.730199 -0.214318 -2.199160
v -0.728487 -0.212914 -2.199163
v -0.723228 -0.208597 -2.199171
v -0.732280 -0.143332 -2.199157
v -0.726559 -0.136361 -2.199166
v -0.733401 -0.144252 -2.199156
v -0.739251 -0.149052 -2.199147
v -0.755833 -0.350889 -2.199122
v -0.764807 -0.350005 -2.199109
v -0.747203 -0.353506 -2.199135
v -0.739251 -0.357757 -2.199147
v -0.732280 -0.363478 -2.199157
v -0.726559 -0.370449 -2.199166
v -0.722308 -0.378402 -2.199172
v -0.719691 -0.387031 -2.199176
v -0.718807 -0.396005 -2.199177
v -0.719691 -0.404979 -2.199176
v -0.722308 -0.413608 -2.199172
v -0.726559 -0.421561 -2.199166
v -0.773781 -0.350889 -2.199095
v -0.782410 -0.353506 -2.199082
v -0.790363 -0.357757 -2.199070
v -0.797334 -0.363478 -2.199060
v -0.803054 -0.370449 -2.199051
v -0.807305 -0.378402 -2.199045
v -0.809923 -0.387031 -2.199041
v -0.810807 -0.396005 -2.199040
v -0.809923 -0.404979 -2.199041
v -0.807305 -0.413608 -2.199045
v -0.803054 -0.421561 -2.199051
v -0.797334 -0.428532 -2.199060
v -0.790363 -0.434253 -2.199070
v -0.782410 -0.438503 -2.199082
v -0.773781 -0.441121 -2.199095
v -0.764807 -0.442005 -2.199109
v -0.755833 -0.441121 -2.199122
v -0.747203 -0.438503 -2.199135
v -0.739251 -0.434253 -2.199147
v -0.747203 -0.153303 -2.199135
v -0.755833 -0.155921 -2.199122
v -0.764807 -0.156805 -2.199109
v -0.773781 -0.155921 -2.199095
v -0.782410 -0.153303 -2.199082
v -0.790363 -0.149052 -2.199070
v -0.797334 -0.143332 -2.199060
v -0.803054 -0.136361 -2.199051
v -0.807305 -0.128408 -2.199045
v -0.809923 -0.119779 -2.199041
v -0.810807 -0.110805 -2.199040
v -0.809923 -0.101831 -2.199041
v -0.807305 -0.093201 -2.199045
v -0.803054 -0.085249 -2.199051
v -0.797334 -0.078278 -2.199060
v -0.790363 -0.072557 -2.199070
v -0.782410 -0.068306 -2.199082
v -0.773781 -0.065689 -2.199095
v -0.764807 -0.064805 -2.199109
v -0.755833 -0.065689 -2.199122
v -0.747203 -0.068306 -2.199135
v -0.739251 -0.072557 -2.199147
v -0.732280 -0.078278 -2.199157
v -0.691046 -0.022639 -2.199219
v -0.726559 -0.085249 -2.199166
v -0.722308 -0.093201 -2.199172
v -0.719691 -0.101831 -2.199176
v -0.718807 -0.110805 -2.199177
v -0.719691 -0.119779 -2.199176
v -0.722308 -0.128408 -2.199172
v -0.738923 0.016653 -2.199147
v -0.651754 -0.070516 -2.199278
v -0.622558 -0.125138 -2.199321
v -0.793545 0.045849 -2.199065
v -0.715275 -0.204346 -2.199183
v -0.706646 -0.201729 -2.199195
v -0.697672 -0.200845 -2.199209
v -0.688698 -0.201729 -2.199222
v -0.680068 -0.204346 -2.199235
v -0.672116 -0.208597 -2.199247
v -0.665145 -0.214318 -2.199258
v -0.659424 -0.221289 -2.199266
v -0.655173 -0.229241 -2.199272
v -1.035358 -0.537939 -2.198704
v -1.089980 -0.508743 -2.198622
v -1.137857 -0.469451 -2.198551
v -1.085952 -0.421561 -2.198628
v -1.177149 -0.421574 -2.198492
v -1.206345 -0.366951 -2.198448
v -1.080231 -0.428532 -2.198637
v -1.090203 -0.413608 -2.198622
v -1.092821 -0.404979 -2.198618
v -1.093704 -0.396005 -2.198617
v -1.092821 -0.387031 -2.198618
v -1.090203 -0.378402 -2.198622
v -1.085952 -0.370449 -2.198628
v -1.080231 -0.363478 -2.198637
v -1.073261 -0.357757 -2.198647
v -1.065308 -0.353507 -2.198659
v -1.056679 -0.350889 -2.198672
v -1.047704 -0.350005 -2.198685
v -1.038730 -0.350889 -2.198699
v -1.030101 -0.353507 -2.198712
v -1.022148 -0.357757 -2.198724
v -1.015177 -0.363478 -2.198734
v -1.009457 -0.370449 -2.198743
v -1.005206 -0.378402 -2.198749
v -1.002588 -0.387031 -2.198753
v -1.001704 -0.396005 -2.198754
v -1.002588 -0.404979 -2.198753
v -1.005206 -0.413608 -2.198749
v -0.939138 -0.457424 -2.198848
v -0.940020 -0.466379 -2.198847
v -0.936526 -0.448813 -2.198852
v -0.939138 -0.475335 -2.198848
v -0.936526 -0.483946 -2.198852
v -0.932284 -0.491882 -2.198858
v -0.926575 -0.498838 -2.198867
v -0.919619 -0.504546 -2.198877
v -1.009457 -0.421561 -2.198743
v -1.015177 -0.428532 -2.198734
v -1.022148 -0.434253 -2.198724
v -1.030101 -0.438504 -2.198712
v -1.038730 -0.441121 -2.198699
v -1.047704 -0.442005 -2.198685
v -1.056679 -0.441121 -2.198672
v -1.065308 -0.438504 -2.198659
v -1.073261 -0.434253 -2.198647
v -1.096885 -0.288454 -2.198612
v -1.105496 -0.291066 -2.198599
v -1.114451 -0.291948 -2.198586
v -1.123407 -0.291066 -2.198572
v -1.132018 -0.288454 -2.198559
v -1.139954 -0.284212 -2.198548
v -1.146910 -0.278503 -2.198537
v -1.152618 -0.271547 -2.198529
v -1.156860 -0.263611 -2.198522
vn 0.0980 -0.9952 -0.0001
vn -0.4714 0.8819 0.0007
vn -0.0015 -0.0000 -1.0000
vn -0.4714 -0.8819 0.0007
vn -0.0980 -0.9952 0.0001
vn -0.2903 0.9569 0.0004
vn -0.9569 -0.2903 0.0014
vn -0.2903 -0.9569 0.0004
vn -0.6344 0.7730 0.0010
vn 0.2903 -0.9569 -0.0004
vn 0.4714 -0.8819 -0.0007
vn -0.7730 0.6344 0.0012
vn 0.6344 -0.7730 -0.0010
vn -0.0980 0.9952 0.0001
vn -0.8819 0.4714 0.0013
vn 0.7730 -0.6344 -0.0012
vn 0.0980 0.9952 -0.0001
vn -0.9569 0.2903 0.0014
vn 0.8819 -0.4714 -0.0013
vn 0.2903 0.9569 -0.0004
vn -0.9952 0.0980 0.0015
vn 0.9569 -0.2903 -0.0014
vn 0.4714 0.8819 -0.0007
vn -0.9952 -0.0980 0.0015
vn 0.9952 -0.0980 -0.0015
vn 0.6344 0.7730 -0.0009
vn 0.9952 0.0980 -0.0015
vn 0.7730 0.6344 -0.0012
vn 0.9569 0.2903 -0.0014
vn 0.8819 0.4714 -0.0013
vn -0.6344 -0.7730 0.0009
vn -0.6781 0.7350 0.0010
vn -0.7730 -0.6344 0.0012
vn -0.8819 -0.4714 0.0013
vn -0.6344 0.7730 0.0009
vn -0.0000 1.0000 -0.0000
vn 0.7071 0.7071 -0.0011
vn 0.9756 -0.2195 -0.0015
vt 0.461976 0.203324
vt 0.461976 0.200560
vt 0.466827 0.200560
vt 0.466827 0.203324
vt 0.896730 0.864900
vt 0.896730 0.847225
vt 0.901582 0.847225
vt 0.901582 0.864900
vt 0.000000 0.000000
vt 0.149251 0.836752
vt 0.149251 0.852666
vt 0.144400 0.852666
vt 0.144400 0.836752
vt 0.461976 0.206042
vt 0.466827 0.206042
vt 0.075398 0.978222
vt 0.076426 0.980782
vt 0.062149 0.987766
vt 0.051776 0.971866
vt 0.044704 0.954248
vt 0.041205 0.935589
vt 0.041414 0.916606
vt 0.062820 0.919828
vt 0.062251 0.922532
vt 0.062220 0.925296
vt 0.062730 0.928013
vt 0.063759 0.930578
vt 0.065270 0.932893
vt 0.067203 0.934869
vt 0.069484 0.936430
vt 0.072026 0.937515
vt 0.074731 0.938084
vt 0.077494 0.938115
vt 0.080211 0.937605
vt 0.082411 0.936723
vt 0.082411 0.961805
vt 0.080101 0.963312
vt 0.078129 0.965241
vt 0.076571 0.967517
vt 0.075488 0.970054
vt 0.074920 0.972753
vt 0.074890 0.975511
vt 0.896730 0.828537
vt 0.901582 0.828537
vt 0.149319 0.710558
vt 0.149319 0.691574
vt 0.154170 0.691574
vt 0.154170 0.710558
vt 0.670080 0.865421
vt 0.669207 0.865678
vt 0.660870 0.849191
vt 0.663516 0.848413
vt 0.665959 0.847134
vt 0.668106 0.845403
vt 0.669875 0.843286
vt 0.671196 0.840864
vt 0.672019 0.838232
vt 0.672313 0.835489
vt 0.672066 0.832742
vt 0.671288 0.830096
vt 0.670009 0.827652
vt 0.668278 0.825505
vt 0.683589 0.810456
vt 0.695505 0.825234
vt 0.704310 0.842053
vt 0.709664 0.860267
vt 0.711362 0.879175
vt 0.709339 0.898052
vt 0.703672 0.916170
vt 0.694579 0.932835
vt 0.682409 0.947406
vt 0.672557 0.935625
vt 0.674329 0.933503
vt 0.675653 0.931077
vt 0.676478 0.928439
vt 0.676772 0.925691
vt 0.676525 0.922938
vt 0.675745 0.920286
vt 0.674464 0.917837
vt 0.672728 0.915685
vt 0.670607 0.913913
vt 0.668181 0.912590
vt 0.665543 0.911765
vt 0.662794 0.911470
vt 0.660041 0.911717
vt 0.658122 0.912281
vt 0.675343 0.893125
vt 0.677994 0.892346
vt 0.680443 0.891064
vt 0.682595 0.889329
vt 0.684367 0.887207
vt 0.685691 0.884781
vt 0.686516 0.882143
vt 0.686810 0.879395
vt 0.686563 0.876642
vt 0.685784 0.873990
vt 0.684502 0.871541
vt 0.682767 0.869389
vt 0.680645 0.867617
vt 0.678219 0.866294
vt 0.675581 0.865468
vt 0.672833 0.865174
vt 0.667428 0.866201
vt 0.658122 0.849438
vt 0.970970 0.503106
vt 0.970937 0.505870
vt 0.954723 0.507517
vt 0.954950 0.488534
vt 0.958877 0.469960
vt 0.966352 0.452510
vt 0.977087 0.436852
vt 0.990759 0.448260
vt 0.989196 0.450540
vt 0.988108 0.453081
vt 0.987536 0.455785
vt 0.987503 0.458549
vt 0.988010 0.461266
vt 0.989037 0.463832
vt 0.990544 0.466148
vt 0.992475 0.468126
vt 0.994755 0.469689
vt 0.997296 0.470778
vt 1.000000 0.471349
vt 0.998602 0.535044
vt 0.998284 0.535354
vt 0.995290 0.514205
vt 0.995775 0.513731
vt 0.997338 0.511452
vt 0.998427 0.508911
vt 0.998998 0.506207
vt 0.999031 0.503443
vt 0.998525 0.500726
vt 0.997498 0.498160
vt 0.995990 0.495843
vt 0.994059 0.493865
vt 0.991779 0.492302
vt 0.989238 0.491214
vt 0.986534 0.490642
vt 0.983770 0.490609
vt 0.981053 0.491116
vt 0.978487 0.492143
vt 0.976171 0.493651
vt 0.974193 0.495582
vt 0.972630 0.497861
vt 0.971541 0.500402
vt 0.996721 0.537634
vt 0.995632 0.540175
vt 0.995061 0.542879
vt 0.995027 0.545643
vt 0.995534 0.548360
vt 0.996561 0.550926
vt 0.998069 0.553242
vt 1.000000 0.555220
vt 0.988876 0.573299
vt 0.975614 0.559715
vt 0.965257 0.543805
vt 0.958203 0.526180
vt 0.971443 0.508587
vt 0.972470 0.511154
vt 0.973978 0.513470
vt 0.975909 0.515448
vt 0.978189 0.517011
vt 0.980730 0.518099
vt 0.983434 0.518671
vt 0.986198 0.518704
vt 0.988915 0.518197
vt 0.991481 0.517170
vt 0.993797 0.515662
vt 0.149251 0.819125
vt 0.144400 0.819125
vt 0.896730 0.880884
vt 0.901582 0.880884
vt 0.461976 0.197856
vt 0.466827 0.197856
vt 0.432869 0.207939
vt 0.432869 0.210513
vt 0.428018 0.210513
vt 0.428018 0.207939
vt 0.461976 0.195316
vt 0.466827 0.195316
vt 0.432869 0.205218
vt 0.428018 0.205218
vt 0.896730 0.894563
vt 0.901581 0.894563
vt 0.461976 0.193037
vt 0.466827 0.193037
vt 0.432869 0.202455
vt 0.428018 0.202455
vt 0.149319 0.639782
vt 0.149319 0.626452
vt 0.154170 0.626452
vt 0.154170 0.639782
vt 0.461948 0.191960
vt 0.459889 0.191960
vt 0.459889 0.187109
vt 0.461948 0.187109
vt 0.432869 0.199755
vt 0.428018 0.199755
vt 0.149319 0.655493
vt 0.154170 0.655493
vt 0.457510 0.191960
vt 0.457510 0.187109
vt 0.432869 0.197222
vt 0.428018 0.197222
vt 0.149319 0.672981
vt 0.154170 0.672981
vt 0.432869 0.194954
vt 0.428018 0.194954
vt 0.432869 0.193037
vt 0.428018 0.193037
vt 0.489186 0.205731
vt 0.489186 0.203520
vt 0.494038 0.203520
vt 0.494038 0.205731
vt 0.489186 0.213659
vt 0.489186 0.210900
vt 0.494038 0.210900
vt 0.494038 0.213659
vt 0.489186 0.208222
vt 0.494038 0.208222
vt 0.385896 0.229329
vt 0.385896 0.211701
vt 0.390747 0.211701
vt 0.390747 0.229328
vt 0.446575 0.191960
vt 0.444196 0.191960
vt 0.444196 0.187109
vt 0.446575 0.187109
vt 0.385896 0.245242
vt 0.390747 0.245242
vt 0.448634 0.191960
vt 0.448634 0.187109
vt 0.447422 0.214358
vt 0.447422 0.216626
vt 0.442571 0.216626
vt 0.442571 0.214358
vt 0.136304 0.712182
vt 0.136304 0.728040
vt 0.131453 0.728040
vt 0.131453 0.712182
vt 0.461976 0.229967
vt 0.461976 0.232246
vt 0.457125 0.232246
vt 0.457125 0.229967
vt 0.447422 0.219159
vt 0.442571 0.219159
vt 0.461976 0.249765
vt 0.461976 0.232246
vt 0.466827 0.232246
vt 0.466827 0.249765
vt 0.461976 0.227427
vt 0.457125 0.227427
vt 0.447422 0.221859
vt 0.442571 0.221859
vt 0.136304 0.694593
vt 0.131453 0.694593
vt 0.461976 0.224723
vt 0.457125 0.224723
vt 0.136304 0.675948
vt 0.131453 0.675948
vt 0.461976 0.221959
vt 0.457125 0.221959
vt 0.136304 0.656964
vt 0.131453 0.656964
vt 0.461976 0.219241
vt 0.457125 0.219241
vt 0.461976 0.216675
vt 0.457125 0.216675
vt 0.160947 0.362867
vt 0.158455 0.362867
vt 0.158455 0.358016
vt 0.160947 0.358016
vt 0.461976 0.214358
vt 0.457125 0.214358
vt 0.457125 0.210558
vt 0.457125 0.212867
vt 0.452274 0.212867
vt 0.452274 0.210558
vt 0.457125 0.207997
vt 0.452274 0.207997
vt 0.498889 0.193037
vt 0.498889 0.195773
vt 0.494038 0.195773
vt 0.494038 0.193037
vt 0.457125 0.205283
vt 0.452274 0.205283
vt 0.373966 0.212174
vt 0.371907 0.212174
vt 0.371907 0.207323
vt 0.373966 0.207323
vt 0.498889 0.198381
vt 0.494038 0.198381
vt 0.457125 0.202519
vt 0.452274 0.202519
vt 0.498889 0.200761
vt 0.494038 0.200760
vt 0.457125 0.199811
vt 0.452274 0.199811
vt 0.498889 0.202819
vt 0.494038 0.202819
vt 0.457125 0.197265
vt 0.452274 0.197265
vt 0.457125 0.194978
vt 0.452274 0.194978
vt 0.410152 0.219815
vt 0.410152 0.226912
vt 0.405301 0.226912
vt 0.405301 0.219815
vt 0.457125 0.193037
vt 0.452274 0.193037
vt 0.410152 0.212606
vt 0.405301 0.212606
vt 0.161159 0.353165
vt 0.158455 0.353165
vt 0.158455 0.348313
vt 0.161159 0.348313
vt 0.432869 0.212840
vt 0.432869 0.214832
vt 0.428018 0.214832
vt 0.428018 0.212840
vt 0.410152 0.205562
vt 0.405301 0.205562
vt 0.432869 0.212269
vt 0.428018 0.212269
vt 0.410152 0.198954
vt 0.405301 0.198954
vt 0.410152 0.193037
vt 0.405301 0.193037
vt 0.425270 0.187109
vt 0.425270 0.189676
vt 0.420419 0.189676
vt 0.420419 0.187109
vt 0.425270 0.191993
vt 0.420419 0.191993
vt 0.493818 0.228665
vt 0.493818 0.230724
vt 0.488967 0.230724
vt 0.488967 0.228665
vt 0.160947 0.367718
vt 0.158638 0.367718
vt 0.158638 0.362867
vt 0.160947 0.362867
vt 0.452274 0.249440
vt 0.452274 0.249807
vt 0.447422 0.249807
vt 0.447422 0.249440
vt 0.452274 0.247528
vt 0.447422 0.247528
vt 0.471678 0.238964
vt 0.471678 0.241664
vt 0.466827 0.241664
vt 0.466827 0.238964
vt 0.471678 0.236431
vt 0.466827 0.236431
vt 0.461976 0.204615
vt 0.461976 0.211418
vt 0.457125 0.211418
vt 0.457125 0.204615
vt 0.471678 0.234163
vt 0.466827 0.234163
vt 0.461976 0.198408
vt 0.457125 0.198408
vt 0.471678 0.232246
vt 0.466827 0.232246
vt 0.461976 0.193037
vt 0.457125 0.193037
vt 0.447422 0.210748
vt 0.447422 0.212958
vt 0.442571 0.212958
vt 0.442571 0.210748
vt 0.405301 0.233756
vt 0.405301 0.239702
vt 0.400449 0.239702
vt 0.400449 0.233756
vt 0.447422 0.208256
vt 0.442571 0.208256
vt 0.405301 0.227129
vt 0.400449 0.227129
vt 0.149251 0.800461
vt 0.144400 0.800461
vt 0.447422 0.205579
vt 0.442571 0.205579
vt 0.405301 0.220075
vt 0.400449 0.220075
vt 0.149251 0.781478
vt 0.144400 0.781478
vt 0.447422 0.202819
vt 0.442571 0.202819
vt 0.405301 0.212865
vt 0.400449 0.212865
vt 0.149251 0.762906
vt 0.144400 0.762906
vt 0.447422 0.200083
vt 0.442571 0.200083
vt 0.405301 0.205777
vt 0.400449 0.205777
vt 0.149251 0.745458
vt 0.144400 0.745458
vt 0.447422 0.197475
vt 0.442571 0.197475
vt 0.405301 0.199081
vt 0.400449 0.199081
vt 0.149251 0.729804
vt 0.144400 0.729804
vt 0.447422 0.195096
vt 0.442571 0.195096
vt 0.405301 0.193037
vt 0.400449 0.193037
vt 0.145237 0.704761
vt 0.145237 0.718902
vt 0.140386 0.718902
vt 0.140386 0.704761
vt 0.447422 0.193037
vt 0.442571 0.193037
vt 0.400449 0.233681
vt 0.400449 0.239704
vt 0.395598 0.239704
vt 0.395598 0.233681
vt 0.145237 0.688420
vt 0.140386 0.688420
vt 0.471678 0.244427
vt 0.466827 0.244427
vt 0.400449 0.227000
vt 0.395598 0.227001
vt 0.145237 0.670508
vt 0.140386 0.670508
vt 0.471678 0.247148
vt 0.466827 0.247148
vt 0.400449 0.219919
vt 0.395598 0.219919
vt 0.145237 0.651713
vt 0.140386 0.651713
vt 0.471678 0.249722
vt 0.466827 0.249722
vt 0.400449 0.212709
vt 0.395598 0.212709
vt 0.136304 0.638371
vt 0.131453 0.638371
vt 0.400449 0.205647
vt 0.395598 0.205647
vt 0.442571 0.193037
vt 0.442571 0.214358
vt 0.437720 0.214358
vt 0.437720 0.193037
vt 0.466267 0.191960
vt 0.464275 0.191960
vt 0.464275 0.187109
vt 0.466267 0.187109
vt 0.400449 0.199004
vt 0.395598 0.199004
vt 0.391312 0.189578
vt 0.391312 0.186824
vt 0.396163 0.186824
vt 0.396163 0.189578
vt 0.461948 0.191960
vt 0.461948 0.187109
vt 0.457125 0.214358
vt 0.457125 0.216299
vt 0.452274 0.216299
vt 0.452274 0.214358
vt 0.400449 0.193037
vt 0.395598 0.193037
vt 0.484116 0.244183
vt 0.484116 0.241642
vt 0.488967 0.241642
vt 0.488967 0.244183
vt 0.457125 0.218586
vt 0.452274 0.218586
vt 0.484116 0.246466
vt 0.488967 0.246465
vt 0.457125 0.221132
vt 0.452274 0.221132
vt 0.484116 0.248402
vt 0.488967 0.248402
vt 0.161163 0.343462
vt 0.158399 0.343462
vt 0.158399 0.338611
vt 0.161163 0.338611
vt 0.457125 0.223839
vt 0.452274 0.223839
vt 0.437720 0.212798
vt 0.437720 0.214786
vt 0.432869 0.214786
vt 0.432869 0.212798
vt 0.457125 0.226603
vt 0.452274 0.226603
vt 0.437720 0.210476
vt 0.432869 0.210476
vt 0.457125 0.229318
vt 0.452274 0.229318
vt 0.437720 0.207908
vt 0.432869 0.207908
vt 0.457125 0.231879
vt 0.452274 0.231879
vt 0.437720 0.205193
vt 0.432869 0.205193
vt 0.457125 0.234188
vt 0.452274 0.234188
vt 0.437720 0.202435
vt 0.432869 0.202435
vt 0.420419 0.189425
vt 0.420419 0.191993
vt 0.415568 0.191993
vt 0.415568 0.189425
vt 0.466827 0.214358
vt 0.466827 0.216675
vt 0.461976 0.216675
vt 0.461976 0.214358
vt 0.486232 0.224723
vt 0.486232 0.227427
vt 0.481381 0.227427
vt 0.481381 0.224723
vt 0.437720 0.199741
vt 0.432869 0.199741
vt 0.466827 0.219241
vt 0.461976 0.219241
vt 0.486232 0.221959
vt 0.481381 0.221959
vt 0.437720 0.197213
vt 0.432869 0.197213
vt 0.466827 0.221959
vt 0.461976 0.221959
vt 0.486232 0.219241
vt 0.481381 0.219241
vt 0.437720 0.194950
vt 0.432869 0.194950
vt 0.466827 0.224723
vt 0.461976 0.224723
vt 0.486232 0.216675
vt 0.481381 0.216675
vt 0.437720 0.193037
vt 0.432869 0.193037
vt 0.466827 0.227427
vt 0.461976 0.227427
vt 0.466827 0.229967
vt 0.461976 0.229967
vt 0.374113 0.207323
vt 0.371907 0.207323
vt 0.371907 0.202471
vt 0.374113 0.202471
vt 0.486232 0.215120
vt 0.481381 0.215120
vt 0.466827 0.232246
vt 0.461976 0.232246
vt 0.486232 0.214358
vt 0.481381 0.214358
vt 0.452274 0.244987
vt 0.447422 0.244987
vt 0.452274 0.231879
vt 0.452274 0.234188
vt 0.447422 0.234188
vt 0.447422 0.231879
vt 0.452274 0.242283
vt 0.447422 0.242283
vt 0.452274 0.229318
vt 0.447422 0.229318
vt 0.391312 0.192249
vt 0.396163 0.192249
vt 0.452274 0.239520
vt 0.447422 0.239520
vt 0.452274 0.226603
vt 0.447422 0.226603
vt 0.452274 0.236802
vt 0.447422 0.236802
vt 0.452274 0.223839
vt 0.447422 0.223839
vt 0.452274 0.234236
vt 0.447422 0.234236
vt 0.381045 0.244742
vt 0.381045 0.247116
vt 0.376193 0.247116
vt 0.376193 0.244742
vt 0.452274 0.221132
vt 0.447422 0.221132
vt 0.381045 0.242687
vt 0.376193 0.242687
vt 0.452274 0.218586
vt 0.447422 0.218586
vt 0.420419 0.187102
vt 0.415568 0.187102
vt 0.452274 0.216299
vt 0.447422 0.216299
vt 0.381045 0.193037
vt 0.376193 0.193037
vt 0.452274 0.214358
vt 0.447422 0.214358
vt 0.476530 0.244123
vt 0.476530 0.246837
vt 0.471678 0.246837
vt 0.471678 0.244123
vt 0.432869 0.234634
vt 0.432869 0.236626
vt 0.428018 0.236626
vt 0.428018 0.234634
vt 0.476530 0.241359
vt 0.471678 0.241359
vt 0.471678 0.208563
vt 0.471678 0.210886
vt 0.466827 0.210886
vt 0.466827 0.208563
vt 0.432869 0.232307
vt 0.428018 0.232307
vt 0.476530 0.238651
vt 0.471678 0.238651
vt 0.471678 0.205995
vt 0.466827 0.205995
vt 0.432869 0.229734
vt 0.428018 0.229734
vt 0.476530 0.236105
vt 0.471678 0.236105
vt 0.471678 0.203280
vt 0.466827 0.203280
vt 0.432869 0.227013
vt 0.428018 0.227013
vt 0.476530 0.233818
vt 0.471678 0.233818
vt 0.471678 0.200522
vt 0.466827 0.200522
vt 0.432869 0.224249
vt 0.428018 0.224249
vt 0.476530 0.231877
vt 0.471678 0.231877
vt 0.471678 0.197828
vt 0.466827 0.197828
vt 0.432869 0.221549
vt 0.428018 0.221549
vt 0.428018 0.246715
vt 0.428018 0.248707
vt 0.423166 0.248707
vt 0.423166 0.246715
vt 0.471678 0.195301
vt 0.466827 0.195301
vt 0.432869 0.219016
vt 0.428018 0.219016
vt 0.428018 0.244388
vt 0.423166 0.244388
vt 0.471678 0.193037
vt 0.466827 0.193037
vt 0.432869 0.216748
vt 0.428018 0.216748
vt 0.428018 0.241815
vt 0.423166 0.241815
vt 0.432869 0.214832
vt 0.428018 0.214832
vt 0.428018 0.239094
vt 0.423166 0.239094
vt 0.428018 0.236330
vt 0.423166 0.236330
vt 0.461976 0.209248
vt 0.461976 0.208608
vt 0.466827 0.208608
vt 0.466827 0.209248
vt 0.428018 0.233630
vt 0.423166 0.233630
vt 0.461976 0.210925
vt 0.466827 0.210925
vt 0.428018 0.231097
vt 0.423166 0.231097
vt 0.452274 0.210558
vt 0.452274 0.212867
vt 0.447422 0.212867
vt 0.447422 0.210558
vt 0.428018 0.228829
vt 0.423166 0.228829
vt 0.498889 0.209851
vt 0.498889 0.212581
vt 0.494038 0.212581
vt 0.494038 0.209851
vt 0.452274 0.207997
vt 0.447422 0.207997
vt 0.428018 0.226912
vt 0.423166 0.226912
vt 0.498889 0.207248
vt 0.494038 0.207248
vt 0.452274 0.205283
vt 0.447422 0.205283
vt 0.498889 0.204874
vt 0.494038 0.204874
vt 0.452274 0.202519
vt 0.447422 0.202519
vt 0.498889 0.202819
vt 0.494038 0.202819
vt 0.452274 0.199811
vt 0.447422 0.199812
vt 0.489186 0.203740
vt 0.489186 0.206014
vt 0.484335 0.206014
vt 0.484335 0.203740
vt 0.452274 0.197265
vt 0.447422 0.197265
vt 0.489186 0.201205
vt 0.484335 0.201205
vt 0.452274 0.194978
vt 0.447422 0.194978
vt 0.493818 0.238447
vt 0.493818 0.241207
vt 0.488967 0.241207
vt 0.488967 0.238447
vt 0.489186 0.198507
vt 0.484335 0.198507
vt 0.452274 0.193037
vt 0.447422 0.193037
vt 0.493818 0.235711
vt 0.488967 0.235711
vt 0.489186 0.195749
vt 0.484335 0.195749
vt 0.447422 0.232244
vt 0.447422 0.234236
vt 0.442571 0.234236
vt 0.442571 0.232244
vt 0.493818 0.233103
vt 0.488967 0.233103
vt 0.489186 0.193037
vt 0.484335 0.193037
vt 0.447422 0.229917
vt 0.442571 0.229917
vt 0.447422 0.227343
vt 0.442571 0.227343
vt 0.149319 0.762650
vt 0.149319 0.746792
vt 0.154170 0.746792
vt 0.154170 0.762650
vt 0.457125 0.234188
vt 0.457125 0.249529
vt 0.452274 0.249529
vt 0.452274 0.234188
vt 0.447422 0.224623
vt 0.442571 0.224623
vt 0.149319 0.729203
vt 0.154170 0.729203
vt 0.385896 0.193037
vt 0.390747 0.193037
vt 0.896730 0.809557
vt 0.901581 0.809557
vt 0.901581 0.864900
vt 0.901581 0.847225
vt 0.906433 0.847225
vt 0.906433 0.864900
vt 0.159021 0.869598
vt 0.159021 0.885512
vt 0.154170 0.885512
vt 0.154170 0.869598
vt 0.901581 0.828537
vt 0.906433 0.828537
vt 0.140386 0.599621
vt 0.140386 0.580637
vt 0.145237 0.580637
vt 0.145237 0.599621
vt 0.159021 0.851971
vt 0.154170 0.851971
vt 0.901581 0.880884
vt 0.906433 0.880884
vt 0.901581 0.894563
vt 0.906433 0.894563
vt 0.140386 0.528844
vt 0.140386 0.515514
vt 0.145237 0.515514
vt 0.145237 0.528844
vt 0.140386 0.544555
vt 0.145237 0.544555
vt 0.140386 0.562044
vt 0.145237 0.562044
vt 0.419085 0.221373
vt 0.419085 0.219162
vt 0.423936 0.219162
vt 0.423936 0.221373
vt 0.419085 0.223864
vt 0.423936 0.223864
vt 0.444196 0.191960
vt 0.441704 0.191960
vt 0.441704 0.187109
vt 0.444196 0.187109
vt 0.419085 0.226541
vt 0.423936 0.226541
vt 0.439494 0.191960
vt 0.439494 0.187109
vt 0.390747 0.229328
vt 0.390747 0.211701
vt 0.395598 0.211701
vt 0.395598 0.229328
vt 0.451013 0.191960
vt 0.451013 0.187109
vt 0.390747 0.245242
vt 0.395598 0.245242
vt 0.453072 0.191960
vt 0.453072 0.187109
vt 0.716213 0.884267
vt 0.716213 0.900125
vt 0.711362 0.900125
vt 0.711362 0.884267
vt 0.716213 0.866678
vt 0.711362 0.866678
vt 0.716213 0.848033
vt 0.711362 0.848033
vt 0.716213 0.829049
vt 0.711362 0.829049
vt 0.494038 0.193037
vt 0.494038 0.195797
vt 0.489186 0.195797
vt 0.489186 0.193037
vt 0.494038 0.198533
vt 0.489186 0.198533
vt 0.494038 0.201141
vt 0.489186 0.201141
vt 0.494038 0.203520
vt 0.489186 0.203520
vt 0.476530 0.221456
vt 0.476530 0.214358
vt 0.481381 0.214358
vt 0.481381 0.221456
vt 0.476530 0.228665
vt 0.481381 0.228665
vt 0.401014 0.192195
vt 0.401014 0.186824
vt 0.405866 0.186824
vt 0.405866 0.192195
vt 0.432300 0.191960
vt 0.430090 0.191960
vt 0.430090 0.187109
vt 0.432300 0.187109
vt 0.381610 0.186824
vt 0.381610 0.192769
vt 0.376758 0.192769
vt 0.376758 0.186824
vt 0.434792 0.191960
vt 0.434792 0.187109
vt 0.159021 0.833307
vt 0.154170 0.833307
vt 0.159021 0.814324
vt 0.154170 0.814324
vt 0.159021 0.795752
vt 0.154170 0.795752
vt 0.405300 0.247394
vt 0.405300 0.244657
vt 0.410152 0.244657
vt 0.410152 0.247394
vt 0.159021 0.778304
vt 0.154170 0.778304
vt 0.405300 0.250001
vt 0.410152 0.250001
vt 0.159021 0.762650
vt 0.154170 0.762650
vt 0.154170 0.938560
vt 0.154170 0.952701
vt 0.149319 0.952701
vt 0.149319 0.938560
vt 0.154170 0.922219
vt 0.149319 0.922219
vt 0.154170 0.904307
vt 0.149319 0.904307
vt 0.154170 0.885512
vt 0.149319 0.885512
vt 0.716213 0.810456
vt 0.711362 0.810456
vt 0.442571 0.214831
vt 0.442571 0.236152
vt 0.437720 0.236152
vt 0.437720 0.214831
vt 0.396163 0.189578
vt 0.396163 0.186824
vt 0.401014 0.186824
vt 0.401014 0.189578
vt 0.376758 0.186802
vt 0.376758 0.192769
vt 0.371907 0.192769
vt 0.371907 0.186802
vt 0.396163 0.192249
vt 0.401014 0.192249
vt 0.374176 0.202471
vt 0.371907 0.202471
vt 0.371907 0.197620
vt 0.374176 0.197620
vt 0.376092 0.202471
vt 0.376092 0.197620
vt 0.373962 0.217025
vt 0.371907 0.217025
vt 0.371907 0.212174
vt 0.373962 0.212174
vt 0.488967 0.239368
vt 0.488967 0.241642
vt 0.484116 0.241642
vt 0.484116 0.239368
vt 0.488967 0.236833
vt 0.484116 0.236833
vt 0.386461 0.189560
vt 0.386461 0.192320
vt 0.381610 0.192320
vt 0.381610 0.189560
vt 0.488967 0.234134
vt 0.484116 0.234134
vt 0.386461 0.186824
vt 0.381610 0.186824
vt 0.488967 0.231376
vt 0.484116 0.231376
vt 0.375953 0.217025
vt 0.373962 0.217025
vt 0.373962 0.212174
vt 0.375953 0.212174
vt 0.488967 0.228665
vt 0.484116 0.228665
vt 0.140386 0.651713
vt 0.140386 0.635855
vt 0.145237 0.635855
vt 0.145237 0.651713
vt 0.476530 0.193037
vt 0.476530 0.208378
vt 0.471678 0.208378
vt 0.471678 0.193037
vt 0.140386 0.618266
vt 0.145237 0.618266
vt 0.390747 0.193037
vt 0.395598 0.193037
vt 0.901581 0.809557
vt 0.906433 0.809557
vt 0.144400 0.908010
vt 0.144400 0.890334
vt 0.149251 0.890334
vt 0.149251 0.908010
vt 0.154170 0.869598
vt 0.154170 0.885512
vt 0.149319 0.885512
vt 0.149319 0.869598
vt 0.144400 0.871647
vt 0.149251 0.871647
vt 0.154170 0.710558
vt 0.154170 0.691574
vt 0.159021 0.691574
vt 0.159021 0.710558
vt 0.919979 0.865421
vt 0.919107 0.865678
vt 0.910769 0.849191
vt 0.913416 0.848413
vt 0.915859 0.847134
vt 0.918006 0.845403
vt 0.919774 0.843286
vt 0.921096 0.840864
vt 0.921919 0.838232
vt 0.922213 0.835489
vt 0.921966 0.832742
vt 0.921188 0.830096
vt 0.919909 0.827652
vt 0.918178 0.825505
vt 0.933488 0.810456
vt 0.945405 0.825234
vt 0.954210 0.842053
vt 0.959564 0.860267
vt 0.961262 0.879175
vt 0.959239 0.898051
vt 0.953571 0.916170
vt 0.944478 0.932835
vt 0.932309 0.947406
vt 0.922457 0.935625
vt 0.924228 0.933503
vt 0.925552 0.931077
vt 0.926377 0.928439
vt 0.926672 0.925691
vt 0.926425 0.922938
vt 0.925645 0.920286
vt 0.924363 0.917837
vt 0.922628 0.915685
vt 0.920507 0.913913
vt 0.918081 0.912590
vt 0.915443 0.911765
vt 0.912694 0.911470
vt 0.909941 0.911717
vt 0.908022 0.912281
vt 0.925242 0.893125
vt 0.927894 0.892345
vt 0.930343 0.891064
vt 0.932495 0.889329
vt 0.934267 0.887207
vt 0.935590 0.884781
vt 0.936416 0.882143
vt 0.936710 0.879394
vt 0.936463 0.876642
vt 0.935683 0.873990
vt 0.934402 0.871541
vt 0.932666 0.869389
vt 0.930545 0.867617
vt 0.928119 0.866294
vt 0.925481 0.865468
vt 0.922732 0.865174
vt 0.917328 0.866201
vt 0.908022 0.849438
vt 0.154170 0.851971
vt 0.149319 0.851971
vt 0.144400 0.923994
vt 0.149251 0.923994
vt 0.144400 0.937673
vt 0.149251 0.937673
vt 0.154170 0.639782
vt 0.154170 0.626452
vt 0.159021 0.626452
vt 0.159021 0.639782
vt 0.154170 0.655493
vt 0.159021 0.655493
vt 0.154170 0.672981
vt 0.159021 0.672981
vt 0.161159 0.348313
vt 0.158399 0.348313
vt 0.158399 0.343462
vt 0.161159 0.343462
vt 0.410717 0.189315
vt 0.410717 0.186824
vt 0.415568 0.186824
vt 0.415568 0.189315
vt 0.410717 0.191993
vt 0.415568 0.191993
vt 0.160947 0.372569
vt 0.158736 0.372569
vt 0.158736 0.367718
vt 0.160947 0.367718
vt 0.381045 0.229329
vt 0.381045 0.211701
vt 0.455451 0.191960
vt 0.453072 0.191960
vt 0.453072 0.187109
vt 0.455451 0.187109
vt 0.381045 0.245242
vt 0.457510 0.191960
vt 0.457510 0.187109
vt 0.721064 0.884267
vt 0.721064 0.900125
vt 0.716213 0.884267
vt 0.466827 0.231877
vt 0.466827 0.214358
vt 0.471678 0.214358
vt 0.471678 0.231877
vt 0.721064 0.866678
vt 0.721064 0.848033
vt 0.721064 0.829049
vt 0.716213 0.829049
vt 0.461976 0.232246
vt 0.461976 0.234738
vt 0.457125 0.234738
vt 0.461976 0.237415
vt 0.457125 0.237415
vt 0.461976 0.240175
vt 0.457125 0.240175
vt 0.461976 0.242911
vt 0.457125 0.242911
vt 0.461976 0.245519
vt 0.457125 0.245519
vt 0.461976 0.247898
vt 0.457125 0.247898
vt 0.461976 0.249957
vt 0.457125 0.249957
vt 0.430090 0.191960
vt 0.427811 0.191960
vt 0.427811 0.187109
vt 0.430090 0.187109
vt 0.425270 0.191960
vt 0.425270 0.187109
vt 0.376029 0.207323
vt 0.374113 0.207323
vt 0.374113 0.202472
vt 0.376029 0.202472
vt 0.437002 0.191960
vt 0.434792 0.191960
vt 0.434792 0.187109
vt 0.437002 0.187109
vt 0.439494 0.191960
vt 0.439494 0.187109
vt 0.154170 0.833307
vt 0.149319 0.833307
vt 0.154170 0.814324
vt 0.149319 0.814324
vt 0.154170 0.795752
vt 0.149319 0.795752
vt 0.405866 0.189560
vt 0.405866 0.186824
vt 0.410717 0.186824
vt 0.410717 0.189560
vt 0.154170 0.778304
vt 0.149319 0.778304
vt 0.405866 0.192168
vt 0.410717 0.192168
vt 0.154170 0.762650
vt 0.149319 0.762650
vt 0.159021 0.938560
vt 0.159021 0.952701
vt 0.154170 0.952701
vt 0.154170 0.938560
vt 0.159021 0.922219
vt 0.154170 0.922219
vt 0.159021 0.904307
vt 0.154170 0.904307
vt 0.160649 0.377421
vt 0.158736 0.377421
vt 0.158736 0.372569
vt 0.160649 0.372569
vt 0.159021 0.885512
vt 0.154170 0.885512
vt 0.721064 0.810456
vt 0.437720 0.214832
vt 0.432869 0.236152
vt 0.432869 0.214832
vt 0.491083 0.217112
vt 0.491083 0.214358
vt 0.495934 0.214358
vt 0.495934 0.217112
vt 0.491083 0.224476
vt 0.491083 0.222270
vt 0.495934 0.222270
vt 0.495934 0.224476
vt 0.491083 0.219783
vt 0.495934 0.219783
vt 0.374195 0.197620
vt 0.371907 0.197620
vt 0.371907 0.192769
vt 0.374195 0.192769
vt 0.376136 0.197620
vt 0.376136 0.192769
vt 0.504148 0.235383
vt 0.504148 0.238083
vt 0.499297 0.238083
vt 0.499297 0.235383
vt 0.504148 0.232850
vt 0.499297 0.232850
vt 0.504148 0.230581
vt 0.499297 0.230581
vt 0.504148 0.228665
vt 0.499297 0.228665
vt 0.161057 0.358016
vt 0.158455 0.358016
vt 0.158455 0.353165
vt 0.161057 0.353165
vt 0.491083 0.225061
vt 0.491083 0.227335
vt 0.486232 0.227335
vt 0.486232 0.225061
vt 0.491083 0.222526
vt 0.486232 0.222526
vt 0.391312 0.189560
vt 0.391312 0.192320
vt 0.386461 0.192320
vt 0.386461 0.189560
vt 0.491083 0.219828
vt 0.486232 0.219828
vt 0.386461 0.186824
vt 0.491083 0.217070
vt 0.486232 0.217070
vt 0.375958 0.212174
vt 0.373966 0.212174
vt 0.373966 0.207323
vt 0.375958 0.207323
vt 0.491083 0.214358
vt 0.486232 0.214358
vt 0.154170 0.762650
vt 0.154170 0.746792
vt 0.159021 0.746792
vt 0.159021 0.762650
vt 0.476530 0.214358
vt 0.476530 0.229699
vt 0.471678 0.229699
vt 0.471678 0.214358
vt 0.154170 0.729203
vt 0.159021 0.729203
vt 0.381045 0.193037
vt 0.144400 0.852666
vt 0.149251 0.852666
s 0
usemtl Circle
f 1471/1849/487 1472/1850/487 1799/1851/487 1798/1852/487
f 1571/1853/488 1570/1854/488 1897/1855/488 1898/1856/488
f 1688/1857/489 1684/1857/489 1683/1857/489 1685/1857/489 1686/1857/489 1420/1857/489 1419/1857/489 1421/1857/489 1422/1857/489 1735/1857/489 1734/1857/489 1733/1857/489 1732/1857/489 1731/1857/489 1730/1857/489 1729/1857/489 1728/1857/489 1727/1857/489 1542/1857/489 1541/1857/489 1543/1857/489 1544/1857/489 1712/1857/489 1710/1857/489 1708/1857/489 1707/1857/489 1706/1857/489 1705/1857/489 1704/1857/489 1703/1857/489 1702/1857/489 1701/1857/489 1700/1857/489 1699/1857/489 1698/1857/489 1697/1857/489 1696/1857/489 1695/1857/489 1694/1857/489 1693/1857/489 1692/1857/489 1691/1857/489 1690/1857/489 1689/1857/489
f 1671/1858/490 1668/1859/490 1995/1860/490 1998/1861/490
f 1470/1862/491 1471/1849/491 1798/1852/491 1797/1863/491
f 1566/1864/489 1565/1865/489 1567/1866/489 1568/1867/489 1681/1868/489 1682/1869/489 1683/1870/489 1684/1871/489 1687/1872/489 1726/1873/489 1725/1874/489 1724/1875/489 1723/1876/489 1722/1877/489 1721/1878/489 1720/1879/489 1719/1880/489 1718/1881/489 1709/1882/489 1708/1883/489 1710/1884/489 1711/1885/489 1713/1886/489 1714/1887/489 1715/1888/489 1716/1889/489 1717/1890/489
f 1570/1854/492 1569/1891/492 1896/1892/492 1897/1855/492
f 1670/1893/493 1578/1894/493 1905/1895/493 1997/1896/493
f 1764/1897/489 1762/1898/489 1760/1899/489 1759/1900/489 1758/1901/489 1757/1902/489 1756/1903/489 1755/1904/489 1754/1905/489 1753/1906/489 1752/1907/489 1751/1908/489 1750/1909/489 1748/1910/489 1746/1911/489 1745/1912/489 1744/1913/489 1743/1914/489 1742/1915/489 1741/1916/489 1740/1917/489 1739/1918/489 1736/1919/489 1737/1920/489 1796/1921/489 1795/1922/489 1794/1923/489 1793/1924/489 1792/1925/489 1791/1926/489 1790/1927/489 1789/1928/489 1788/1929/489 1787/1930/489 1786/1931/489 1785/1932/489 1784/1933/489 1782/1934/489 1780/1935/489 1779/1936/489 1778/1937/489 1777/1938/489 1776/1939/489 1775/1940/489 1774/1941/489 1773/1942/489 1772/1943/489 1771/1944/489 1770/1945/489 1769/1946/489 1768/1947/489 1767/1948/489 1766/1949/489 1765/1950/489
f 1822/1857/489 1820/1857/489 1819/1857/489 1818/1857/489 1817/1857/489 1816/1857/489 1815/1857/489 1814/1857/489 1781/1857/489 1780/1857/489 1782/1857/489 1783/1857/489 1797/1857/489 1798/1857/489 1799/1857/489 1800/1857/489 1801/1857/489 1802/1857/489 1803/1857/489 1804/1857/489 1805/1857/489 1806/1857/489 1807/1857/489 1808/1857/489 1809/1857/489 1810/1857/489 1811/1857/489 1812/1857/489 1813/1857/489 1737/1857/489 1736/1857/489 1738/1857/489 1998/1857/489 1995/1857/489 1988/1857/489 1987/1857/489 1986/1857/489 1985/1857/489 1984/1857/489 1983/1857/489 1982/1857/489 1981/1857/489 1980/1857/489 1979/1857/489 1978/1857/489 1977/1857/489 1976/1857/489 1975/1857/489 1974/1857/489 1973/1857/489 1972/1857/489 1971/1857/489 1970/1857/489 1969/1857/489 1968/1857/489 1967/1857/489 1966/1857/489 1965/1857/489 1933/1857/489 1932/1857/489 1934/1857/489 1935/1857/489 1946/1857/489 1947/1857/489 1948/1857/489 1949/1857/489 1950/1857/489 1951/1857/489 1952/1857/489 1953/1857/489 1954/1857/489 1955/1857/489 1956/1857/489 1957/1857/489 1958/1857/489 1959/1857/489 1960/1857/489 1961/1857/489 1962/1857/489 1963/1857/489 1964/1857/489 1900/1857/489 1899/1857/489 1898/1857/489 1897/1857/489 1896/1857/489 1894/1857/489 1892/1857/489 1891/1857/489 1890/1857/489 1889/1857/489 1888/1857/489 1887/1857/489 1886/1857/489 1885/1857/489 1884/1857/489 1883/1857/489 1882/1857/489 1881/1857/489 1880/1857/489 1879/1857/489 1878/1857/489 1877/1857/489 1876/1857/489 1875/1857/489 1874/1857/489 1873/1857/489 1872/1857/489 1870/1857/489 1868/1857/489 1867/1857/489 1866/1857/489 1865/1857/489 1864/1857/489 1863/1857/489 1862/1857/489 1861/1857/489 1761/1857/489 1763/1857/489 1860/1857/489 1859/1857/489 1858/1857/489 1857/1857/489 1856/1857/489 1821/1857/489 1855/1857/489 1854/1857/489 1853/1857/489 1852/1857/489 1851/1857/489 1850/1857/489 1849/1857/489 1848/1857/489 1847/1857/489 1846/1857/489 1845/1857/489 1844/1857/489 1843/1857/489 1842/1857/489 1841/1857/489 1840/1857/489 1839/1857/489 1838/1857/489 1837/1857/489 1836/1857/489 1835/1857/489 1834/1857/489 1833/1857/489 1832/1857/489 1831/1857/489 1830/1857/489 1829/1857/489 1828/1857/489 1827/1857/489 1826/1857/489 1825/1857/489 1824/1857/489
f 1763/1951/489 1761/1952/489 1760/1899/489 1762/1898/489
f 1855/1857/489 1821/1857/489 1820/1857/489 1822/1857/489 1823/1857/489
f 1908/1953/489 1906/1954/489 1904/1955/489 1903/1956/489 1902/1957/489 1901/1958/489 1899/1959/489 1900/1960/489 1945/1961/489 1944/1962/489 1943/1963/489 1942/1964/489 1941/1965/489 1940/1966/489 1939/1967/489 1938/1968/489 1937/1969/489 1936/1970/489 1934/1971/489 1932/1972/489 1930/1973/489 1928/1974/489 1927/1975/489 1926/1976/489 1925/1977/489 1924/1978/489 1923/1979/489 1922/1980/489 1921/1981/489 1920/1982/489 1919/1983/489 1918/1984/489 1917/1985/489 1916/1986/489 1915/1987/489 1914/1988/489 1913/1989/489 1912/1990/489 1911/1991/489 1910/1992/489 1909/1993/489
f 1928/1974/489 1930/1973/489 1931/1994/489 1994/1995/489 1993/1996/489 1992/1997/489 1991/1998/489 1990/1999/489 1989/2000/489 1987/2001/489 1988/2002/489 1996/2003/489 1997/2004/489 1905/2005/489 1904/1955/489 1906/1954/489 1907/2006/489 2007/2007/489 2006/2008/489 2005/2009/489 2004/2010/489 2003/2011/489 2002/2012/489 2001/2013/489 2000/2014/489 1999/2015/489 1929/2016/489
f 1411/2017/494 1671/1858/494 1998/1861/494 1738/2018/494
f 1572/2019/495 1571/1853/495 1898/1856/495 1899/2020/495
f 1472/1850/496 1473/2021/496 1800/2022/496 1799/1851/496
f 1672/2023/488 1602/2024/488 1929/2025/488 1999/2026/488
f 1473/2021/497 1474/2027/497 1801/2028/497 1800/2022/497
f 1673/2029/492 1672/2023/492 1999/2026/492 2000/2030/492
f 1574/2031/498 1572/2019/498 1899/2020/498 1901/2032/498
f 1474/2027/499 1475/2033/499 1802/2034/499 1801/2028/499
f 1674/2035/500 1673/2029/500 2000/2030/500 2001/2036/500
f 1575/2037/501 1574/2038/501 1901/2039/501 1902/2040/501
f 1475/2041/502 1476/2042/502 1803/2043/502 1802/2044/502
f 1675/2045/503 1674/2035/503 2001/2036/503 2002/2046/503
f 1576/2047/504 1575/2037/504 1902/2040/504 1903/2048/504
f 1476/2042/505 1477/2049/505 1804/2050/505 1803/2043/505
f 1676/2051/506 1675/2045/506 2002/2046/506 2003/2052/506
f 1577/2053/507 1576/2047/507 1903/2048/507 1904/2054/507
f 1477/1857/508 1478/1857/508 1805/1857/508 1804/1857/508
f 1677/2055/509 1676/2051/509 2003/2052/509 2004/2056/509
f 1578/1894/510 1577/2053/510 1904/2054/510 1905/1895/510
f 1478/1857/511 1479/1857/511 1806/1857/511 1805/1857/511
f 1678/2057/512 1677/2055/512 2004/2056/512 2005/2058/512
f 1479/1857/513 1480/1857/513 1807/1857/513 1806/1857/513
f 1679/2059/514 1678/2060/514 2005/2061/514 2006/2062/514
f 1579/2063/513 1580/2064/513 1907/2065/513 1906/2066/513
f 1480/1857/515 1481/1857/515 1808/1857/515 1807/1857/515
f 1680/2067/516 1679/2059/516 2006/2062/516 2007/2068/516
f 1581/1857/511 1579/1857/511 1906/1857/511 1908/1857/511
f 1481/1857/516 1482/1857/516 1809/1857/516 1808/1857/516
f 1580/2064/515 1680/2067/515 2007/2068/515 1907/2065/515
f 1582/1857/508 1581/1857/508 1908/1857/508 1909/1857/508
f 1482/1857/514 1483/1857/514 1810/1857/514 1809/1857/514
f 1681/2069/494 1568/2070/494 1895/2071/494 2008/2072/494
f 1583/2073/505 1582/2074/505 1909/2075/505 1910/2076/505
f 1483/1857/512 1484/1857/512 1811/1857/512 1810/1857/512
f 1682/2077/490 1681/2069/490 2008/2072/490 2009/2078/490
f 1584/2079/502 1583/2073/502 1910/2076/502 1911/2080/502
f 1484/2081/509 1485/2082/509 1812/2083/509 1811/2084/509
f 1683/2085/517 1682/2086/517 2009/2087/517 2010/2088/517
f 1585/2089/499 1584/2090/499 1911/2091/499 1912/2092/499
f 1485/2082/506 1486/2093/506 1813/2094/506 1812/2083/506
f 1684/2095/518 1683/2096/518 2010/2097/518 2011/2098/518
f 1586/2099/497 1585/2089/497 1912/2092/497 1913/2100/497
f 1486/2093/503 1410/2101/503 1737/2102/503 1813/2094/503
f 1685/2103/519 1683/2085/519 2010/2088/519 2012/2104/519
f 1587/2105/496 1586/2099/496 1913/2100/496 1914/2106/496
f 1487/1857/514 1454/1857/514 1781/1857/514 1814/1857/514
f 1686/2107/520 1685/2103/520 2012/2104/520 2013/2108/520
f 1588/2109/487 1587/2105/487 1914/2106/487 1915/2110/487
f 1488/1857/516 1487/1857/516 1814/1857/516 1815/1857/516
f 1420/2111/493 1686/2107/493 2013/2108/493 1747/2112/493
f 1589/2113/491 1588/2109/491 1915/2110/491 1916/2114/491
f 1489/1857/515 1488/1857/515 1815/1857/515 1816/1857/515
f 1687/1857/514 1684/1857/514 2011/1857/514 2014/1857/514
f 1590/2115/494 1589/2113/494 1916/2114/494 1917/2116/494
f 1490/1857/513 1489/1857/513 1816/1857/513 1817/1857/513
f 1684/2117/516 1688/2118/516 2015/2119/516 2011/2120/516
f 1591/2121/490 1590/2115/490 1917/2116/490 1918/2122/490
f 1491/1857/511 1490/1857/511 1817/1857/511 1818/1857/511
f 1688/1857/515 1689/1857/515 2016/1857/515 2015/1857/515
f 1592/2123/517 1591/2124/517 1918/2125/517 1919/2126/517
f 1492/1857/508 1491/1857/508 1818/1857/508 1819/1857/508
f 1689/1857/513 1690/1857/513 2017/1857/513 2016/1857/513
f 1593/2127/519 1592/2123/519 1919/2126/519 1920/2128/519
f 1493/1857/505 1492/1857/505 1819/1857/505 1820/1857/505
f 1690/2129/511 1691/2130/511 2018/2131/511 2017/2132/511
f 1594/2133/520 1593/2127/520 1920/2128/520 1921/2134/520
f 1494/2135/502 1493/2136/502 1820/2137/502 1821/2138/502
f 1691/2130/508 1692/2139/508 2019/2140/508 2018/2131/508
f 1595/2141/493 1594/2133/493 1921/2134/493 1922/2142/493
f 1692/2139/505 1693/2143/505 2020/2144/505 2019/2140/505
f 1596/2145/510 1595/2141/510 1922/2142/510 1923/2146/510
f 1495/1857/488 1496/1857/488 1823/1857/488 1822/1857/488
f 1693/2143/502 1694/2147/502 2021/2148/502 2020/2144/502
f 1597/2149/507 1596/2145/507 1923/2146/507 1924/2150/507
f 1497/1857/488 1495/1857/488 1822/1857/488 1824/1857/488
f 1694/1857/499 1695/1857/499 2022/1857/499 2021/1857/499
f 1598/2151/504 1597/2149/504 1924/2150/504 1925/2152/504
f 1498/2153/492 1497/2154/492 1824/2155/492 1825/2156/492
f 1695/1857/497 1696/1857/497 2023/1857/497 2022/1857/497
f 1599/2157/501 1598/2151/501 1925/2152/501 1926/2158/501
f 1499/2159/500 1498/2153/500 1825/2156/500 1826/2160/500
f 1696/2161/496 1697/2162/496 2024/2163/496 2023/2164/496
f 1600/2165/498 1599/2166/498 1926/2167/498 1927/2168/498
f 1500/2169/503 1499/2159/503 1826/2160/503 1827/2170/503
f 1697/1857/487 1698/1857/487 2025/1857/487 2024/1857/487
f 1601/2171/495 1600/2165/495 1927/2168/495 1928/2172/495
f 1501/2173/506 1500/2169/506 1827/2170/506 1828/2174/506
f 1698/1857/491 1699/1857/491 2026/1857/491 2025/1857/491
f 1602/2024/521 1601/2171/521 1928/2172/521 1929/2025/521
f 1502/2175/509 1501/2173/509 1828/2174/509 1829/2176/509
f 1699/2177/494 1700/2178/494 2027/2179/494 2026/2180/494
f 1503/1857/512 1502/1857/512 1829/1857/512 1830/1857/512
f 1700/2178/490 1701/2181/490 2028/2182/490 2027/2179/490
f 1603/2183/502 1604/2184/502 1931/2185/502 1930/2186/502
f 1504/1857/514 1503/1857/514 1830/1857/514 1831/1857/514
f 1701/2187/517 1702/2188/517 2029/2189/517 2028/2190/517
f 1605/2191/499 1603/2192/499 1930/2193/499 1932/2194/499
f 1505/1857/516 1504/1857/516 1831/1857/516 1832/1857/516
f 1702/1857/519 1703/1857/519 2030/1857/519 2029/1857/519
f 1606/2195/499 1605/2191/499 1932/2194/499 1933/2196/499
f 1506/1857/515 1505/1857/515 1832/1857/515 1833/1857/515
f 1703/1857/520 1704/1857/520 2031/1857/520 2030/1857/520
f 1507/1857/513 1506/1857/513 1833/1857/513 1834/1857/513
f 1704/1857/493 1705/1857/493 2032/1857/493 2031/1857/493
f 1607/2197/503 1608/2198/503 1935/2199/503 1934/2200/503
f 1508/1857/511 1507/1857/511 1834/1857/511 1835/1857/511
f 1705/1857/510 1706/1857/510 2033/1857/510 2032/1857/510
f 1609/2201/506 1607/2197/506 1934/2200/506 1936/2202/506
f 1509/2203/508 1508/2204/508 1835/2205/508 1836/2206/508
f 1706/1857/507 1707/1857/507 2034/1857/507 2033/1857/507
f 1610/2207/509 1609/2201/509 1936/2202/509 1937/2208/509
f 1510/2209/505 1509/2203/505 1836/2206/505 1837/2210/505
f 1611/2211/512 1610/2207/512 1937/2208/512 1938/2212/512
f 1511/2213/502 1510/2209/502 1837/2210/502 1838/2214/502
f 1612/2215/514 1611/2216/514 1938/2217/514 1939/2218/514
f 1512/2219/499 1511/2220/499 1838/2221/499 1839/2222/499
f 1613/2223/516 1612/2215/516 1939/2218/516 1940/2224/516
f 1513/2225/497 1512/2219/497 1839/2222/497 1840/2226/497
f 1409/2227/491 1411/2017/491 1738/2018/491 1736/2228/491
f 1711/1857/511 1710/1857/511 2036/1857/511 2037/1857/511
f 1614/2229/515 1613/2223/515 1940/2224/515 1941/2230/515
f 1514/2231/496 1513/2225/496 1840/2226/496 1841/2232/496
f 1412/2233/487 1409/2227/487 1736/2228/487 1739/2234/487
f 1710/1857/508 1712/1857/508 2038/1857/508 2036/1857/508
f 1615/2235/513 1614/2229/513 1941/2230/513 1942/2236/513
f 1515/2237/487 1514/2231/487 1841/2232/487 1842/2238/487
f 1413/2239/496 1412/2233/496 1739/2234/496 1740/2240/496
f 1712/1857/505 1544/1857/505 1871/1857/505 2038/1857/505
f 1616/2241/511 1615/2235/511 1942/2236/511 1943/2242/511
f 1516/2243/491 1515/2237/491 1842/2238/491 1843/2244/491
f 1414/2245/497 1413/2239/497 1740/2240/497 1741/2246/497
f 1713/1857/513 1711/1857/513 2037/1857/513 2039/1857/513
f 1617/2247/508 1616/2241/508 1943/2242/508 1944/2248/508
f 1517/2249/494 1516/2243/494 1843/2244/494 1844/2250/494
f 1415/2251/499 1414/2245/499 1741/2246/499 1742/2252/499
f 1714/1857/515 1713/1857/515 2039/1857/515 2040/1857/515
f 1618/2253/505 1617/2247/505 1944/2248/505 1945/2254/505
f 1518/2255/490 1517/2249/490 1844/2250/490 1845/2256/490
f 1416/2257/502 1415/2258/502 1742/2259/502 1743/2260/502
f 1715/1857/516 1714/1857/516 2040/1857/516 2041/1857/516
f 1573/2261/502 1618/2253/502 1945/2254/502 1900/2262/502
f 1519/2263/517 1518/2264/517 1845/2265/517 1846/2266/517
f 1417/2267/505 1416/2257/505 1743/2260/505 1744/2268/505
f 1716/1857/514 1715/1857/514 2041/1857/514 2042/1857/514
f 1608/2198/500 1619/2269/500 1946/2270/500 1935/2199/500
f 1520/2271/519 1519/2263/519 1846/2266/519 1847/2272/519
f 1418/2273/508 1417/2267/508 1744/2268/508 1745/2274/508
f 1717/1857/512 1716/1857/512 2042/1857/512 2043/1857/512
f 1619/2269/492 1620/2275/492 1947/2276/492 1946/2270/492
f 1521/2277/520 1520/2271/520 1847/2272/520 1848/2278/520
f 1419/2279/511 1418/2273/511 1745/2274/511 1746/2280/511
f 1566/1857/509 1717/1857/509 2043/1857/509 1893/1857/509
f 1620/2275/488 1621/2281/488 1948/2282/488 1947/2276/488
f 1522/2283/493 1521/2277/493 1848/2278/493 1849/2284/493
f 1419/2285/510 1420/2111/510 1747/2112/510 1746/2286/510
f 1709/1857/501 1718/1857/501 2044/1857/501 2035/1857/501
f 1621/1857/495 1622/1857/495 1949/1857/495 1948/1857/495
f 1523/2287/510 1522/2283/510 1849/2284/510 1850/2288/510
f 1421/2289/522 1419/2290/522 1746/2291/522 1748/2292/522
f 1718/2293/498 1719/2294/498 2045/2295/498 2044/2296/498
f 1622/1857/498 1623/1857/498 1950/1857/498 1949/1857/498
f 1524/2297/507 1523/2287/507 1850/2288/507 1851/2298/507
f 1422/2299/513 1421/2300/513 1748/2301/513 1749/2302/513
f 1719/2294/495 1720/2303/495 2046/2304/495 2045/2295/495
f 1623/2305/501 1624/2306/501 1951/2307/501 1950/2308/501
f 1525/2309/504 1524/2297/504 1851/2298/504 1852/2310/504
f 1423/2311/507 1421/2312/507 1748/2313/507 1750/2314/507
f 1720/1857/488 1721/1857/488 2047/1857/488 2046/1857/488
f 1624/2306/504 1625/2315/504 1952/2316/504 1951/2307/504
f 1526/1857/501 1525/1857/501 1852/1857/501 1853/1857/501
f 1424/2317/504 1423/2311/504 1750/2314/504 1751/2318/504
f 1721/1857/492 1722/1857/492 2048/1857/492 2047/1857/492
f 1625/2315/507 1626/2319/507 1953/2320/507 1952/2316/507
f 1527/1857/498 1526/1857/498 1853/1857/498 1854/1857/498
f 1425/2321/501 1424/2317/501 1751/2318/501 1752/2322/501
f 1722/2323/500 1723/2324/500 2049/2325/500 2048/2326/500
f 1626/2319/510 1627/2327/510 1954/2328/510 1953/2320/510
f 1528/1857/495 1527/1857/495 1854/1857/495 1855/1857/495
f 1426/2329/498 1425/2330/498 1752/2331/498 1753/2332/498
f 1723/1857/503 1724/1857/503 2050/1857/503 2049/1857/503
f 1627/2327/493 1628/2333/493 1955/2334/493 1954/2328/493
f 1496/1857/495 1528/1857/495 1855/1857/495 1823/1857/495
f 1427/2335/495 1426/2329/495 1753/2332/495 1754/2336/495
f 1724/1857/506 1725/1857/506 2051/1857/506 2050/1857/506
f 1628/2333/520 1629/2337/520 1956/2338/520 1955/2334/520
f 1428/2339/488 1427/2335/488 1754/2336/488 1755/2340/488
f 1725/1857/509 1726/1857/509 2052/1857/509 2051/1857/509
f 1629/2337/519 1630/2341/519 1957/2342/519 1956/2338/519
f 1529/1857/499 1494/1857/499 1821/1857/499 1856/1857/499
f 1429/2343/492 1428/2339/492 1755/2340/492 1756/2344/492
f 1726/1857/512 1687/1857/512 2014/1857/512 2052/1857/512
f 1630/2341/517 1631/2345/517 1958/2346/517 1957/2342/517
f 1530/1857/497 1529/1857/497 1856/1857/497 1857/1857/497
f 1430/2347/500 1429/2343/500 1756/2344/500 1757/2348/500
f 1542/2349/488 1727/2350/488 2053/2351/488 1869/2352/488
f 1631/2353/490 1632/2354/490 1959/2355/490 1958/2356/490
f 1531/2357/496 1530/2358/496 1857/2359/496 1858/2360/496
f 1431/2361/503 1430/2347/503 1757/2348/503 1758/2362/503
f 1727/1857/492 1728/1857/492 2054/1857/492 2053/1857/492
f 1632/2354/494 1633/2363/494 1960/2364/494 1959/2355/494
f 1532/2365/487 1531/2357/487 1858/2360/487 1859/2366/487
f 1432/2367/506 1431/2361/506 1758/2362/506 1759/2368/506
f 1728/1857/500 1729/1857/500 2055/1857/500 2054/1857/500
f 1633/2363/491 1634/2369/491 1961/2370/491 1960/2364/491
f 1533/2371/491 1532/2365/491 1859/2366/491 1860/2372/491
f 1433/2373/509 1432/2367/509 1759/2368/509 1760/2374/509
f 1729/1857/503 1730/1857/503 2056/1857/503 2055/1857/503
f 1634/2369/487 1635/2375/487 1962/2376/487 1961/2370/487
f 1436/2377/494 1533/2371/494 1860/2372/494 1763/2378/494
f 1434/2379/512 1433/2373/512 1760/2374/512 1761/2380/512
f 1730/1857/506 1731/1857/506 2057/1857/506 2056/1857/506
f 1635/2375/496 1636/2381/496 1963/2382/496 1962/2376/496
f 1731/1857/509 1732/1857/509 2058/1857/509 2057/1857/509
f 1636/2381/497 1637/2383/497 1964/2384/497 1963/2382/497
f 1534/2385/514 1434/2386/514 1761/2387/514 1861/2388/514
f 1435/2389/490 1436/2377/490 1763/2378/490 1762/2390/490
f 1732/1857/512 1733/1857/512 2059/1857/512 2058/1857/512
f 1637/2383/499 1573/2391/499 1900/2392/499 1964/2384/499
f 1535/1857/516 1534/1857/516 1861/1857/516 1862/1857/516
f 1437/2393/490 1435/2389/490 1762/2390/490 1764/2394/490
f 1733/1857/514 1734/1857/514 2060/1857/514 2059/1857/514
f 1638/2395/497 1606/2195/497 1933/2196/497 1965/2396/497
f 1536/1857/515 1535/1857/515 1862/1857/515 1863/1857/515
f 1438/2397/517 1437/2398/517 1764/2399/517 1765/2400/517
f 1734/1857/516 1735/1857/516 2061/1857/516 2060/1857/516
f 1639/2401/496 1638/2395/496 1965/2396/496 1966/2402/496
f 1537/1857/513 1536/1857/513 1863/1857/513 1864/1857/513
f 1439/2403/519 1438/2397/519 1765/2400/519 1766/2404/519
f 1735/2405/515 1422/2299/515 1749/2302/515 2061/2406/515
f 1640/2407/487 1639/2401/487 1966/2402/487 1967/2408/487
f 1538/1857/511 1537/1857/511 1864/1857/511 1865/1857/511
f 1440/2409/520 1439/2403/520 1766/2404/520 1767/2410/520
f 1641/2411/491 1640/2407/491 1967/2408/491 1968/2412/491
f 1539/1857/508 1538/1857/508 1865/1857/508 1866/1857/508
f 1441/2413/493 1440/2409/493 1767/2410/493 1768/2414/493
f 1642/2415/494 1641/2411/494 1968/2412/494 1969/2416/494
f 1540/2417/505 1539/2418/505 1866/2419/505 1867/2420/505
f 1442/2421/510 1441/2413/510 1768/2414/510 1769/2422/510
f 1643/1857/490 1642/1857/490 1969/1857/490 1970/1857/490
f 1541/2423/502 1540/2417/502 1867/2420/502 1868/2424/502
f 1443/2425/507 1442/2421/507 1769/2422/507 1770/2426/507
f 1644/1857/517 1643/1857/517 1970/1857/517 1971/1857/517
f 1541/2427/495 1542/2349/495 1869/2352/495 1868/2428/495
f 1444/2429/504 1443/2425/504 1770/2426/504 1771/2430/504
f 1645/1857/519 1644/1857/519 1971/1857/519 1972/1857/519
f 1543/2431/523 1541/2423/523 1868/2424/523 1870/2432/523
f 1445/2433/501 1444/2429/501 1771/2430/501 1772/2434/501
f 1646/2435/520 1645/2436/520 1972/2437/520 1973/2438/520
f 1544/1857/502 1543/1857/502 1870/1857/502 1871/1857/502
f 1446/2439/498 1445/2440/498 1772/2441/498 1773/2442/498
f 1647/2443/493 1646/2435/493 1973/2438/493 1974/2444/493
f 1545/2445/495 1543/2446/495 1870/2447/495 1872/2448/495
f 1447/2449/495 1446/2439/495 1773/2442/495 1774/2450/495
f 1648/2451/510 1647/2443/510 1974/2444/510 1975/2452/510
f 1546/2453/488 1545/2445/488 1872/2448/488 1873/2454/488
f 1448/2455/488 1447/2449/488 1774/2450/488 1775/2456/488
f 1649/2457/507 1648/2451/507 1975/2452/507 1976/2458/507
f 1547/2459/492 1546/2453/492 1873/2454/492 1874/2460/492
f 1449/2461/492 1448/2455/492 1775/2456/492 1776/2462/492
f 1650/2463/504 1649/2457/504 1976/2458/504 1977/2464/504
f 1548/2465/500 1547/2459/500 1874/2460/500 1875/2466/500
f 1450/2467/500 1449/2461/500 1776/2462/500 1777/2468/500
f 1651/2469/501 1650/2463/501 1977/2464/501 1978/2470/501
f 1549/2471/503 1548/2465/503 1875/2466/503 1876/2472/503
f 1451/2473/503 1450/2467/503 1777/2468/503 1778/2474/503
f 1652/2475/498 1651/2476/498 1978/2477/498 1979/2478/498
f 1550/2479/506 1549/2471/506 1876/2472/506 1877/2480/506
f 1452/2481/506 1451/2473/506 1778/2474/506 1779/2482/506
f 1653/2483/495 1652/2475/495 1979/2478/495 1980/2484/495
f 1551/2485/509 1550/2479/509 1877/2480/509 1878/2486/509
f 1453/2487/509 1452/2481/509 1779/2482/509 1780/2488/509
f 1654/2489/488 1653/2483/488 1980/2484/488 1981/2490/488
f 1552/1857/512 1551/1857/512 1878/1857/512 1879/1857/512
f 1454/2491/512 1453/2487/512 1780/2488/512 1781/2492/512
f 1655/2493/492 1654/2489/492 1981/2490/492 1982/2494/492
f 1553/1857/514 1552/1857/514 1879/1857/514 1880/1857/514
f 1656/2495/500 1655/2493/500 1982/2494/500 1983/2496/500
f 1554/1857/516 1553/1857/516 1880/1857/516 1881/1857/516
f 1455/2497/490 1456/2498/490 1783/2499/490 1782/2500/490
f 1657/2501/503 1656/2495/503 1983/2496/503 1984/2502/503
f 1555/1857/515 1554/1857/515 1881/1857/515 1882/1857/515
f 1457/2503/490 1455/2497/490 1782/2500/490 1784/2504/490
f 1658/2505/506 1657/2501/506 1984/2502/506 1985/2506/506
f 1556/1857/513 1555/1857/513 1882/1857/513 1883/1857/513
f 1458/2507/517 1457/2508/517 1784/2509/517 1785/2510/517
f 1659/2511/509 1658/2505/509 1985/2506/509 1986/2512/509
f 1557/2513/511 1556/2514/511 1883/2515/511 1884/2516/511
f 1459/2517/519 1458/2507/519 1785/2510/519 1786/2518/519
f 1660/2519/512 1659/2511/512 1986/2512/512 1987/2520/512
f 1558/2521/508 1557/2513/508 1884/2516/508 1885/2522/508
f 1460/2523/520 1459/2517/520 1786/2518/520 1787/2524/520
f 1559/2525/505 1558/2521/505 1885/2522/505 1886/2526/505
f 1461/2527/493 1460/2523/493 1787/2524/493 1788/2528/493
f 1662/1857/514 1660/1857/514 1987/1857/514 1989/1857/514
f 1560/2529/502 1559/2525/502 1886/2526/502 1887/2530/502
f 1462/2531/510 1461/2527/510 1788/2528/510 1789/2532/510
f 1663/1857/516 1662/1857/516 1989/1857/516 1990/1857/516
f 1561/2533/499 1560/2534/499 1887/2535/499 1888/2536/499
f 1463/2537/507 1462/2531/507 1789/2532/507 1790/2538/507
f 1664/1857/515 1663/1857/515 1990/1857/515 1991/1857/515
f 1562/2539/497 1561/2533/497 1888/2536/497 1889/2540/497
f 1464/2541/504 1463/2537/504 1790/2538/504 1791/2542/504
f 1665/2543/513 1664/2544/513 1991/2545/513 1992/2546/513
f 1563/2547/496 1562/2539/496 1889/2540/496 1890/2548/496
f 1465/2549/501 1464/2541/501 1791/2542/501 1792/2550/501
f 1666/2551/511 1665/2543/511 1992/2546/511 1993/2552/511
f 1564/2553/487 1563/2547/487 1890/2548/487 1891/2554/487
f 1466/2555/498 1465/2556/498 1792/2557/498 1793/2558/498
f 1667/2559/508 1666/2551/508 1993/2552/508 1994/2560/508
f 1565/2561/491 1564/2553/491 1891/2554/491 1892/2562/491
f 1467/2563/495 1466/2555/495 1793/2558/495 1794/2564/495
f 1604/2184/505 1667/2559/505 1994/2560/505 1931/2185/505
f 1565/1857/506 1566/1857/506 1893/1857/506 1892/1857/506
f 1468/2565/488 1467/2563/488 1794/2564/488 1795/2566/488
f 1668/2567/517 1661/2568/517 1988/2569/517 1995/2570/517
f 1567/2571/524 1565/2572/524 1892/2573/524 1894/2574/524
f 1469/2575/492 1468/2565/492 1795/2566/492 1796/2576/492
f 1661/2568/519 1669/2577/519 1996/2578/519 1988/2569/519
f 1568/2070/491 1567/2579/491 1894/2580/491 1895/2071/491
f 1410/2101/500 1469/2575/500 1796/2576/500 1737/2102/500
f 1669/2577/520 1670/1893/520 1997/1896/520 1996/2578/520
f 1569/1891/500 1567/2581/500 1894/2582/500 1896/1892/500
f 1456/2498/494 1470/1862/494 1797/1863/494 1783/2499/494
f 2124/1857/487 2125/1857/487 2452/1857/487 2451/1857/487
f 2224/2583/488 2223/2584/488 2550/2585/488 2551/2586/488
f 2341/1857/489 2337/1857/489 2336/1857/489 2338/1857/489 2339/1857/489 2073/1857/489 2072/1857/489 2074/1857/489 2075/1857/489 2388/1857/489 2387/1857/489 2386/1857/489 2385/1857/489 2384/1857/489 2383/1857/489 2382/1857/489 2381/1857/489 2380/1857/489 2195/1857/489 2194/1857/489 2196/1857/489 2197/1857/489 2365/1857/489 2363/1857/489 2361/1857/489 2360/1857/489 2359/1857/489 2358/1857/489 2357/1857/489 2356/1857/489 2355/1857/489 2354/1857/489 2353/1857/489 2352/1857/489 2351/1857/489 2350/1857/489 2349/1857/489 2348/1857/489 2347/1857/489 2346/1857/489 2345/1857/489 2344/1857/489 2343/1857/489 2342/1857/489
f 2324/2587/490 2321/2588/490 2648/2589/490 2651/2590/490
f 2123/1857/491 2124/1857/491 2451/1857/491 2450/1857/491
f 2219/1857/489 2218/1857/489 2220/1857/489 2221/1857/489 2334/1857/489 2335/1857/489 2336/1857/489 2337/1857/489 2340/1857/489 2379/1857/489 2378/1857/489 2377/1857/489 2376/1857/489 2375/1857/489 2374/1857/489 2373/1857/489 2372/1857/489 2371/1857/489 2362/1857/489 2361/1857/489 2363/1857/489 2364/1857/489 2366/1857/489 2367/1857/489 2368/1857/489 2369/1857/489 2370/1857/489
f 2223/2584/492 2222/2591/492 2549/2592/492 2550/2585/492
f 2323/2593/493 2231/2594/493 2558/2595/493 2650/2596/493
f 2417/1857/489 2415/1857/489 2413/1857/489 2412/1857/489 2411/1857/489 2410/1857/489 2409/1857/489 2408/1857/489 2407/1857/489 2406/1857/489 2405/1857/489 2404/1857/489 2403/1857/489 2401/1857/489 2399/1857/489 2398/1857/489 2397/1857/489 2396/1857/489 2395/1857/489 2394/1857/489 2393/1857/489 2392/1857/489 2389/1857/489 2390/1857/489 2449/1857/489 2448/1857/489 2447/1857/489 2446/1857/489 2445/1857/489 2444/1857/489 2443/1857/489 2442/1857/489 2441/1857/489 2440/1857/489 2439/1857/489 2438/1857/489 2437/1857/489 2435/1857/489 2433/1857/489 2432/1857/489 2431/1857/489 2430/1857/489 2429/1857/489 2428/1857/489 2427/1857/489 2426/1857/489 2425/1857/489 2424/1857/489 2423/1857/489 2422/1857/489 2421/1857/489 2420/1857/489 2419/1857/489 2418/1857/489
f 2475/1857/489 2473/1857/489 2472/1857/489 2471/1857/489 2470/1857/489 2469/1857/489 2468/1857/489 2467/1857/489 2434/1857/489 2433/1857/489 2435/1857/489 2436/1857/489 2450/1857/489 2451/1857/489 2452/1857/489 2453/1857/489 2454/1857/489 2455/1857/489 2456/1857/489 2457/1857/489 2458/1857/489 2459/1857/489 2460/1857/489 2461/1857/489 2462/1857/489 2463/1857/489 2464/1857/489 2465/1857/489 2466/1857/489 2390/1857/489 2389/1857/489 2391/1857/489 2651/1857/489 2648/1857/489 2641/1857/489 2640/1857/489 2639/1857/489 2638/1857/489 2637/1857/489 2636/1857/489 2635/1857/489 2634/1857/489 2633/1857/489 2632/1857/489 2631/1857/489 2630/1857/489 2629/1857/489 2628/1857/489 2627/1857/489 2626/1857/489 2625/1857/489 2624/1857/489 2623/1857/489 2622/1857/489 2621/1857/489 2620/1857/489 2619/1857/489 2618/1857/489 2586/1857/489 2585/1857/489 2587/1857/489 2588/1857/489 2599/1857/489 2600/1857/489 2601/1857/489 2602/1857/489 2603/1857/489 2604/1857/489 2605/1857/489 2606/1857/489 2607/1857/489 2608/1857/489 2609/1857/489 2610/1857/489 2611/1857/489 2612/1857/489 2613/1857/489 2614/1857/489 2615/1857/489 2616/1857/489 2617/1857/489 2553/1857/489 2552/1857/489 2551/1857/489 2550/1857/489 2549/1857/489 2547/1857/489 2545/1857/489 2544/1857/489 2543/1857/489 2542/1857/489 2541/1857/489 2540/1857/489 2539/1857/489 2538/1857/489 2537/1857/489 2536/1857/489 2535/1857/489 2534/1857/489 2533/1857/489 2532/1857/489 2531/1857/489 2530/1857/489 2529/1857/489 2528/1857/489 2527/1857/489 2526/1857/489 2525/1857/489 2523/1857/489 2521/1857/489 2520/1857/489 2519/1857/489 2518/1857/489 2517/1857/489 2516/1857/489 2515/1857/489 2514/1857/489 2414/1857/489 2416/1857/489 2513/1857/489 2512/1857/489 2511/1857/489 2510/1857/489 2509/1857/489 2474/1857/489 2508/1857/489 2507/1857/489 2506/1857/489 2505/1857/489 2504/1857/489 2503/1857/489 2502/1857/489 2501/1857/489 2500/1857/489 2499/1857/489 2498/1857/489 2497/1857/489 2496/1857/489 2495/1857/489 2494/1857/489 2493/1857/489 2492/1857/489 2491/1857/489 2490/1857/489 2489/1857/489 2488/1857/489 2487/1857/489 2486/1857/489 2485/1857/489 2484/1857/489 2483/1857/489 2482/1857/489 2481/1857/489 2480/1857/489 2479/1857/489 2478/1857/489 2477/1857/489
f 2416/1857/489 2414/1857/489 2413/1857/489 2415/1857/489
f 2508/1857/489 2474/1857/489 2473/1857/489 2475/1857/489 2476/1857/489
f 2561/1857/489 2559/1857/489 2557/1857/489 2556/1857/489 2555/1857/489 2554/1857/489 2552/1857/489 2553/1857/489 2598/1857/489 2597/1857/489 2596/1857/489 2595/1857/489 2594/1857/489 2593/1857/489 2592/1857/489 2591/1857/489 2590/1857/489 2589/1857/489 2587/1857/489 2585/1857/489 2583/1857/489 2581/1857/489 2580/1857/489 2579/1857/489 2578/1857/489 2577/1857/489 2576/1857/489 2575/1857/489 2574/1857/489 2573/1857/489 2572/1857/489 2571/1857/489 2570/1857/489 2569/1857/489 2568/1857/489 2567/1857/489 2566/1857/489 2565/1857/489 2564/1857/489 2563/1857/489 2562/1857/489
f 2581/1857/489 2583/1857/489 2584/1857/489 2647/1857/489 2646/1857/489 2645/1857/489 2644/1857/489 2643/1857/489 2642/1857/489 2640/1857/489 2641/1857/489 2649/1857/489 2650/1857/489 2558/1857/489 2557/1857/489 2559/1857/489 2560/1857/489 2660/1857/489 2659/1857/489 2658/1857/489 2657/1857/489 2656/1857/489 2655/1857/489 2654/1857/489 2653/1857/489 2652/1857/489 2582/1857/489
f 2064/2597/494 2324/2587/494 2651/2590/494 2391/2598/494
f 2225/2599/495 2224/2583/495 2551/2586/495 2552/2600/495
f 2125/1857/496 2126/1857/496 2453/1857/496 2452/1857/496
f 2325/1857/488 2255/1857/488 2582/1857/488 2652/1857/488
f 2126/1857/497 2127/1857/497 2454/1857/497 2453/1857/497
f 2326/1857/492 2325/1857/492 2652/1857/492 2653/1857/492
f 2227/2601/498 2225/2599/498 2552/2600/498 2554/2602/498
f 2127/1857/499 2128/1857/499 2455/1857/499 2454/1857/499
f 2327/1857/500 2326/1857/500 2653/1857/500 2654/1857/500
f 2228/2603/501 2227/2604/501 2554/2605/501 2555/2606/501
f 2128/1857/502 2129/1857/502 2456/1857/502 2455/1857/502
f 2328/1857/503 2327/1857/503 2654/1857/503 2655/1857/503
f 2229/2607/504 2228/2603/504 2555/2606/504 2556/2608/504
f 2129/1857/505 2130/1857/505 2457/1857/505 2456/1857/505
f 2329/1857/506 2328/1857/506 2655/1857/506 2656/1857/506
f 2230/2609/507 2229/2607/507 2556/2608/507 2557/2610/507
f 2130/1857/508 2131/1857/508 2458/1857/508 2457/1857/508
f 2330/1857/509 2329/1857/509 2656/1857/509 2657/1857/509
f 2231/2594/510 2230/2609/510 2557/2610/510 2558/2595/510
f 2131/1857/511 2132/1857/511 2459/1857/511 2458/1857/511
f 2331/1857/512 2330/1857/512 2657/1857/512 2658/1857/512
f 2132/1857/513 2133/1857/513 2460/1857/513 2459/1857/513
f 2332/2611/514 2331/2612/514 2658/2613/514 2659/2614/514
f 2232/1857/513 2233/1857/513 2560/1857/513 2559/1857/513
f 2133/1857/515 2134/1857/515 2461/1857/515 2460/1857/515
f 2333/2615/516 2332/2611/516 2659/2614/516 2660/2616/516
f 2234/1857/511 2232/1857/511 2559/1857/511 2561/1857/511
f 2134/2617/516 2135/2618/516 2462/2619/516 2461/2620/516
f 2233/2621/515 2333/2615/515 2660/2616/515 2560/2622/515
f 2235/1857/508 2234/1857/508 2561/1857/508 2562/1857/508
f 2135/2618/514 2136/2623/514 2463/2624/514 2462/2619/514
f 2334/2625/494 2221/2626/494 2548/2627/494 2661/2628/494
f 2236/2629/505 2235/2079/505 2562/2080/505 2563/2630/505
f 2136/1857/512 2137/1857/512 2464/1857/512 2463/1857/512
f 2335/2631/490 2334/2625/490 2661/2628/490 2662/2632/490
f 2237/2633/502 2236/2629/502 2563/2630/502 2564/2634/502
f 2137/1857/509 2138/1857/509 2465/1857/509 2464/1857/509
f 2336/2635/517 2335/2636/517 2662/2637/517 2663/2638/517
f 2238/1857/499 2237/1857/499 2564/1857/499 2565/1857/499
f 2138/1857/506 2139/1857/506 2466/1857/506 2465/1857/506
f 2337/1857/518 2336/1857/518 2663/1857/518 2664/1857/518
f 2239/1857/497 2238/1857/497 2565/1857/497 2566/1857/497
f 2139/1857/503 2063/1857/503 2390/1857/503 2466/1857/503
f 2338/2639/519 2336/2635/519 2663/2638/519 2665/2640/519
f 2240/1857/496 2239/1857/496 2566/1857/496 2567/1857/496
f 2140/1857/514 2107/1857/514 2434/1857/514 2467/1857/514
f 2339/2641/520 2338/2639/520 2665/2640/520 2666/2642/520
f 2241/1857/487 2240/1857/487 2567/1857/487 2568/1857/487
f 2141/1857/516 2140/1857/516 2467/1857/516 2468/1857/516
f 2073/2643/493 2339/2641/493 2666/2642/493 2400/2644/493
f 2242/1857/491 2241/1857/491 2568/1857/491 2569/1857/491
f 2142/1857/515 2141/1857/515 2468/1857/515 2469/1857/515
f 2340/1857/514 2337/1857/514 2664/1857/514 2667/1857/514
f 2243/1857/494 2242/1857/494 2569/1857/494 2570/1857/494
f 2143/1857/513 2142/1857/513 2469/1857/513 2470/1857/513
f 2337/1857/516 2341/1857/516 2668/1857/516 2664/1857/516
f 2244/1857/490 2243/1857/490 2570/1857/490 2571/1857/490
f 2144/1857/511 2143/1857/511 2470/1857/511 2471/1857/511
f 2341/1857/515 2342/1857/515 2669/1857/515 2668/1857/515
f 2245/1857/517 2244/1857/517 2571/1857/517 2572/1857/517
f 2145/1857/508 2144/1857/508 2471/1857/508 2472/1857/508
f 2342/2645/513 2343/2646/513 2670/2647/513 2669/2648/513
f 2246/1857/519 2245/1857/519 2572/1857/519 2573/1857/519
f 2146/1857/505 2145/1857/505 2472/1857/505 2473/1857/505
f 2343/2646/511 2344/2649/511 2671/2650/511 2670/2647/511
f 2247/1857/520 2246/1857/520 2573/1857/520 2574/1857/520
f 2147/1857/502 2146/1857/502 2473/1857/502 2474/1857/502
f 2344/2649/508 2345/2651/508 2672/2652/508 2671/2650/508
f 2248/1857/493 2247/1857/493 2574/1857/493 2575/1857/493
f 2345/2651/505 2346/2653/505 2673/2654/505 2672/2652/505
f 2249/1857/510 2248/1857/510 2575/1857/510 2576/1857/510
f 2148/1857/488 2149/1857/488 2476/1857/488 2475/1857/488
f 2346/1857/502 2347/1857/502 2674/1857/502 2673/1857/502
f 2250/1857/507 2249/1857/507 2576/1857/507 2577/1857/507
f 2150/1857/488 2148/1857/488 2475/1857/488 2477/1857/488
f 2347/1857/499 2348/1857/499 2675/1857/499 2674/1857/499
f 2251/1857/504 2250/1857/504 2577/1857/504 2578/1857/504
f 2151/2655/492 2150/2656/492 2477/2657/492 2478/2658/492
f 2348/1857/497 2349/1857/497 2676/1857/497 2675/1857/497
f 2252/1857/501 2251/1857/501 2578/1857/501 2579/1857/501
f 2152/2659/500 2151/2655/500 2478/2658/500 2479/2660/500
f 2349/1857/496 2350/1857/496 2677/1857/496 2676/1857/496
f 2253/1857/498 2252/1857/498 2579/1857/498 2580/1857/498
f 2153/1857/503 2152/1857/503 2479/1857/503 2480/1857/503
f 2350/1857/487 2351/1857/487 2678/1857/487 2677/1857/487
f 2254/1857/495 2253/1857/495 2580/1857/495 2581/1857/495
f 2154/1857/506 2153/1857/506 2480/1857/506 2481/1857/506
f 2351/1857/491 2352/1857/491 2679/1857/491 2678/1857/491
f 2255/1857/521 2254/1857/521 2581/1857/521 2582/1857/521
f 2155/1857/509 2154/1857/509 2481/1857/509 2482/1857/509
f 2352/1857/494 2353/1857/494 2680/1857/494 2679/1857/494
f 2156/1857/512 2155/1857/512 2482/1857/512 2483/1857/512
f 2353/1857/490 2354/1857/490 2681/1857/490 2680/1857/490
f 2256/1857/502 2257/1857/502 2584/1857/502 2583/1857/502
f 2157/1857/514 2156/1857/514 2483/1857/514 2484/1857/514
f 2354/1857/517 2355/1857/517 2682/1857/517 2681/1857/517
f 2258/1857/499 2256/1857/499 2583/1857/499 2585/1857/499
f 2158/1857/516 2157/1857/516 2484/1857/516 2485/1857/516
f 2355/1857/519 2356/1857/519 2683/1857/519 2682/1857/519
f 2259/1857/499 2258/1857/499 2585/1857/499 2586/1857/499
f 2159/1857/515 2158/1857/515 2485/1857/515 2486/1857/515
f 2356/1857/520 2357/1857/520 2684/1857/520 2683/1857/520
f 2160/1857/513 2159/1857/513 2486/1857/513 2487/1857/513
f 2357/1857/493 2358/1857/493 2685/1857/493 2684/1857/493
f 2260/1857/503 2261/1857/503 2588/1857/503 2587/1857/503
f 2161/1857/511 2160/1857/511 2487/1857/511 2488/1857/511
f 2358/1857/510 2359/1857/510 2686/1857/510 2685/1857/510
f 2262/1857/506 2260/1857/506 2587/1857/506 2589/1857/506
f 2162/1857/508 2161/1857/508 2488/1857/508 2489/1857/508
f 2359/1857/507 2360/1857/507 2687/1857/507 2686/1857/507
f 2263/1857/509 2262/1857/509 2589/1857/509 2590/1857/509
f 2163/1857/505 2162/1857/505 2489/1857/505 2490/1857/505
f 2264/1857/512 2263/1857/512 2590/1857/512 2591/1857/512
f 2164/2661/502 2163/2662/502 2490/2663/502 2491/2664/502
f 2265/2665/514 2264/2666/514 2591/2667/514 2592/2668/514
f 2165/2669/499 2164/2670/499 2491/2671/499 2492/2672/499
f 2266/2673/516 2265/2665/516 2592/2668/516 2593/2674/516
f 2166/1857/497 2165/1857/497 2492/1857/497 2493/1857/497
f 2062/2675/491 2064/2597/491 2391/2598/491 2389/2676/491
f 2364/1857/511 2363/1857/511 2689/1857/511 2690/1857/511
f 2267/1857/515 2266/1857/515 2593/1857/515 2594/1857/515
f 2167/1857/496 2166/1857/496 2493/1857/496 2494/1857/496
f 2065/2677/487 2062/2675/487 2389/2676/487 2392/2678/487
f 2363/1857/508 2365/1857/508 2691/1857/508 2689/1857/508
f 2268/1857/513 2267/1857/513 2594/1857/513 2595/1857/513
f 2168/1857/487 2167/1857/487 2494/1857/487 2495/1857/487
f 2066/2679/496 2065/2677/496 2392/2678/496 2393/2680/496
f 2365/1857/505 2197/1857/505 2524/1857/505 2691/1857/505
f 2269/2681/511 2268/2682/511 2595/2683/511 2596/2684/511
f 2169/1857/491 2168/1857/491 2495/1857/491 2496/1857/491
f 2067/2685/497 2066/2679/497 2393/2680/497 2394/2686/497
f 2366/1857/513 2364/1857/513 2690/1857/513 2692/1857/513
f 2270/2687/508 2269/2681/508 2596/2684/508 2597/2688/508
f 2170/1857/494 2169/1857/494 2496/1857/494 2497/1857/494
f 2068/2689/499 2067/2685/499 2394/2686/499 2395/2690/499
f 2367/1857/515 2366/1857/515 2692/1857/515 2693/1857/515
f 2271/1857/505 2270/1857/505 2597/1857/505 2598/1857/505
f 2171/1857/490 2170/1857/490 2497/1857/490 2498/1857/490
f 2069/2691/502 2068/2692/502 2395/2693/502 2396/2694/502
f 2368/1857/516 2367/1857/516 2693/1857/516 2694/1857/516
f 2226/1857/502 2271/1857/502 2598/1857/502 2553/1857/502
f 2172/1857/517 2171/1857/517 2498/1857/517 2499/1857/517
f 2070/2695/505 2069/2691/505 2396/2694/505 2397/2696/505
f 2369/1857/514 2368/1857/514 2694/1857/514 2695/1857/514
f 2261/1857/500 2272/1857/500 2599/1857/500 2588/1857/500
f 2173/1857/519 2172/1857/519 2499/1857/519 2500/1857/519
f 2071/2697/508 2070/2695/508 2397/2696/508 2398/2698/508
f 2370/1857/512 2369/1857/512 2695/1857/512 2696/1857/512
f 2272/1857/492 2273/1857/492 2600/1857/492 2599/1857/492
f 2174/1857/520 2173/1857/520 2500/1857/520 2501/1857/520
f 2072/2699/511 2071/2697/511 2398/2698/511 2399/2700/511
f 2219/1857/509 2370/1857/509 2696/1857/509 2546/1857/509
f 2273/1857/488 2274/1857/488 2601/1857/488 2600/1857/488
f 2175/1857/493 2174/1857/493 2501/1857/493 2502/1857/493
f 2072/2701/510 2073/2643/510 2400/2644/510 2399/2702/510
f 2362/1857/501 2371/1857/501 2697/1857/501 2688/1857/501
f 2274/1857/495 2275/1857/495 2602/1857/495 2601/1857/495
f 2176/1857/510 2175/1857/510 2502/1857/510 2503/1857/510
f 2074/2703/522 2072/2704/522 2399/2705/522 2401/2706/522
f 2371/1857/498 2372/1857/498 2698/1857/498 2697/1857/498
f 2275/1857/498 2276/1857/498 2603/1857/498 2602/1857/498
f 2177/1857/507 2176/1857/507 2503/1857/507 2504/1857/507
f 2075/2707/513 2074/2708/513 2401/2709/513 2402/2710/513
f 2372/1857/495 2373/1857/495 2699/1857/495 2698/1857/495
f 2276/1857/501 2277/1857/501 2604/1857/501 2603/1857/501
f 2178/2711/504 2177/2712/504 2504/2713/504 2505/2714/504
f 2076/1857/507 2074/1857/507 2401/1857/507 2403/1857/507
f 2373/1857/488 2374/1857/488 2700/1857/488 2699/1857/488
f 2277/1857/504 2278/1857/504 2605/1857/504 2604/1857/504
f 2179/1857/501 2178/1857/501 2505/1857/501 2506/1857/501
f 2077/1857/504 2076/1857/504 2403/1857/504 2404/1857/504
f 2374/1857/492 2375/1857/492 2701/1857/492 2700/1857/492
f 2278/1857/507 2279/1857/507 2606/1857/507 2605/1857/507
f 2180/1857/498 2179/1857/498 2506/1857/498 2507/1857/498
f 2078/1857/501 2077/1857/501 2404/1857/501 2405/1857/501
f 2375/1857/500 2376/1857/500 2702/1857/500 2701/1857/500
f 2279/1857/510 2280/1857/510 2607/1857/510 2606/1857/510
f 2181/1857/495 2180/1857/495 2507/1857/495 2508/1857/495
f 2079/1857/498 2078/1857/498 2405/1857/498 2406/1857/498
f 2376/1857/503 2377/1857/503 2703/1857/503 2702/1857/503
f 2280/1857/493 2281/1857/493 2608/1857/493 2607/1857/493
f 2149/1857/495 2181/1857/495 2508/1857/495 2476/1857/495
f 2080/1857/495 2079/1857/495 2406/1857/495 2407/1857/495
f 2377/1857/506 2378/1857/506 2704/1857/506 2703/1857/506
f 2281/1857/520 2282/1857/520 2609/1857/520 2608/1857/520
f 2081/1857/488 2080/1857/488 2407/1857/488 2408/1857/488
f 2378/1857/509 2379/1857/509 2705/1857/509 2704/1857/509
f 2282/1857/519 2283/1857/519 2610/1857/519 2609/1857/519
f 2182/1857/499 2147/1857/499 2474/1857/499 2509/1857/499
f 2082/1857/492 2081/1857/492 2408/1857/492 2409/1857/492
f 2379/1857/512 2340/1857/512 2667/1857/512 2705/1857/512
f 2283/1857/517 2284/1857/517 2611/1857/517 2610/1857/517
f 2183/1857/497 2182/1857/497 2509/1857/497 2510/1857/497
f 2083/1857/500 2082/1857/500 2409/1857/500 2410/1857/500
f 2195/1857/488 2380/1857/488 2706/1857/488 2522/1857/488
f 2284/1857/490 2285/1857/490 2612/1857/490 2611/1857/490
f 2184/1857/496 2183/1857/496 2510/1857/496 2511/1857/496
f 2084/1857/503 2083/1857/503 2410/1857/503 2411/1857/503
f 2380/1857/492 2381/1857/492 2707/1857/492 2706/1857/492
f 2285/1857/494 2286/1857/494 2613/1857/494 2612/1857/494
f 2185/1857/487 2184/1857/487 2511/1857/487 2512/1857/487
f 2085/1857/506 2084/1857/506 2411/1857/506 2412/1857/506
f 2381/1857/500 2382/1857/500 2708/1857/500 2707/1857/500
f 2286/1857/491 2287/1857/491 2614/1857/491 2613/1857/491
f 2186/1857/491 2185/1857/491 2512/1857/491 2513/1857/491
f 2086/1857/509 2085/1857/509 2412/1857/509 2413/1857/509
f 2382/1857/503 2383/1857/503 2709/1857/503 2708/1857/503
f 2287/1857/487 2288/1857/487 2615/1857/487 2614/1857/487
f 2089/1857/494 2186/1857/494 2513/1857/494 2416/1857/494
f 2087/1857/512 2086/1857/512 2413/1857/512 2414/1857/512
f 2383/1857/506 2384/1857/506 2710/1857/506 2709/1857/506
f 2288/1857/496 2289/1857/496 2616/1857/496 2615/1857/496
f 2384/1857/509 2385/1857/509 2711/1857/509 2710/1857/509
f 2289/1857/497 2290/1857/497 2617/1857/497 2616/1857/497
f 2187/1857/514 2087/1857/514 2414/1857/514 2514/1857/514
f 2088/1857/490 2089/1857/490 2416/1857/490 2415/1857/490
f 2385/1857/512 2386/1857/512 2712/1857/512 2711/1857/512
f 2290/1857/499 2226/1857/499 2553/1857/499 2617/1857/499
f 2188/1857/516 2187/1857/516 2514/1857/516 2515/1857/516
f 2090/1857/490 2088/1857/490 2415/1857/490 2417/1857/490
f 2386/1857/514 2387/1857/514 2713/1857/514 2712/1857/514
f 2291/1857/497 2259/1857/497 2586/1857/497 2618/1857/497
f 2189/1857/515 2188/1857/515 2515/1857/515 2516/1857/515
f 2091/1857/517 2090/1857/517 2417/1857/517 2418/1857/517
f 2387/1857/516 2388/1857/516 2714/1857/516 2713/1857/516
f 2292/1857/496 2291/1857/496 2618/1857/496 2619/1857/496
f 2190/1857/513 2189/1857/513 2516/1857/513 2517/1857/513
f 2092/1857/519 2091/1857/519 2418/1857/519 2419/1857/519
f 2388/2715/515 2075/2707/515 2402/2710/515 2714/2716/515
f 2293/1857/487 2292/1857/487 2619/1857/487 2620/1857/487
f 2191/1857/511 2190/1857/511 2517/1857/511 2518/1857/511
f 2093/1857/520 2092/1857/520 2419/1857/520 2420/1857/520
f 2294/1857/491 2293/1857/491 2620/1857/491 2621/1857/491
f 2192/1857/508 2191/1857/508 2518/1857/508 2519/1857/508
f 2094/1857/493 2093/1857/493 2420/1857/493 2421/1857/493
f 2295/1857/494 2294/1857/494 2621/1857/494 2622/1857/494
f 2193/1857/505 2192/1857/505 2519/1857/505 2520/1857/505
f 2095/1857/510 2094/1857/510 2421/1857/510 2422/1857/510
f 2296/1857/490 2295/1857/490 2622/1857/490 2623/1857/490
f 2194/1857/502 2193/1857/502 2520/1857/502 2521/1857/502
f 2096/1857/507 2095/1857/507 2422/1857/507 2423/1857/507
f 2297/1857/517 2296/1857/517 2623/1857/517 2624/1857/517
f 2194/1857/495 2195/1857/495 2522/1857/495 2521/1857/495
f 2097/1857/504 2096/1857/504 2423/1857/504 2424/1857/504
f 2298/1857/519 2297/1857/519 2624/1857/519 2625/1857/519
f 2196/1857/523 2194/1857/523 2521/1857/523 2523/1857/523
f 2098/1857/501 2097/1857/501 2424/1857/501 2425/1857/501
f 2299/1857/520 2298/1857/520 2625/1857/520 2626/1857/520
f 2197/1857/502 2196/1857/502 2523/1857/502 2524/1857/502
f 2099/1857/498 2098/1857/498 2425/1857/498 2426/1857/498
f 2300/1857/493 2299/1857/493 2626/1857/493 2627/1857/493
f 2198/1857/495 2196/1857/495 2523/1857/495 2525/1857/495
f 2100/1857/495 2099/1857/495 2426/1857/495 2427/1857/495
f 2301/1857/510 2300/1857/510 2627/1857/510 2628/1857/510
f 2199/1857/488 2198/1857/488 2525/1857/488 2526/1857/488
f 2101/1857/488 2100/1857/488 2427/1857/488 2428/1857/488
f 2302/1857/507 2301/1857/507 2628/1857/507 2629/1857/507
f 2200/1857/492 2199/1857/492 2526/1857/492 2527/1857/492
f 2102/1857/492 2101/1857/492 2428/1857/492 2429/1857/492
f 2303/1857/504 2302/1857/504 2629/1857/504 2630/1857/504
f 2201/1857/500 2200/1857/500 2527/1857/500 2528/1857/500
f 2103/1857/500 2102/1857/500 2429/1857/500 2430/1857/500
f 2304/1857/501 2303/1857/501 2630/1857/501 2631/1857/501
f 2202/1857/503 2201/1857/503 2528/1857/503 2529/1857/503
f 2104/1857/503 2103/1857/503 2430/1857/503 2431/1857/503
f 2305/1857/498 2304/1857/498 2631/1857/498 2632/1857/498
f 2203/1857/506 2202/1857/506 2529/1857/506 2530/1857/506
f 2105/1857/506 2104/1857/506 2431/1857/506 2432/1857/506
f 2306/1857/495 2305/1857/495 2632/1857/495 2633/1857/495
f 2204/1857/509 2203/1857/509 2530/1857/509 2531/1857/509
f 2106/1857/509 2105/1857/509 2432/1857/509 2433/1857/509
f 2307/1857/488 2306/1857/488 2633/1857/488 2634/1857/488
f 2205/1857/512 2204/1857/512 2531/1857/512 2532/1857/512
f 2107/1857/512 2106/1857/512 2433/1857/512 2434/1857/512
f 2308/1857/492 2307/1857/492 2634/1857/492 2635/1857/492
f 2206/1857/514 2205/1857/514 2532/1857/514 2533/1857/514
f 2309/1857/500 2308/1857/500 2635/1857/500 2636/1857/500
f 2207/1857/516 2206/1857/516 2533/1857/516 2534/1857/516
f 2108/1857/490 2109/1857/490 2436/1857/490 2435/1857/490
f 2310/1857/503 2309/1857/503 2636/1857/503 2637/1857/503
f 2208/1857/515 2207/1857/515 2534/1857/515 2535/1857/515
f 2110/1857/490 2108/1857/490 2435/1857/490 2437/1857/490
f 2311/1857/506 2310/1857/506 2637/1857/506 2638/1857/506
f 2209/1857/513 2208/1857/513 2535/1857/513 2536/1857/513
f 2111/1857/517 2110/1857/517 2437/1857/517 2438/1857/517
f 2312/2717/509 2311/2718/509 2638/2719/509 2639/2720/509
f 2210/1857/511 2209/1857/511 2536/1857/511 2537/1857/511
f 2112/1857/519 2111/1857/519 2438/1857/519 2439/1857/519
f 2313/2721/512 2312/2717/512 2639/2720/512 2640/2722/512
f 2211/1857/508 2210/1857/508 2537/1857/508 2538/1857/508
f 2113/1857/520 2112/1857/520 2439/1857/520 2440/1857/520
f 2212/1857/505 2211/1857/505 2538/1857/505 2539/1857/505
f 2114/1857/493 2113/1857/493 2440/1857/493 2441/1857/493
f 2315/1857/514 2313/1857/514 2640/1857/514 2642/1857/514
f 2213/2723/502 2212/2724/502 2539/2725/502 2540/2726/502
f 2115/1857/510 2114/1857/510 2441/1857/510 2442/1857/510
f 2316/1857/516 2315/1857/516 2642/1857/516 2643/1857/516
f 2214/2727/499 2213/2728/499 2540/2729/499 2541/2730/499
f 2116/1857/507 2115/1857/507 2442/1857/507 2443/1857/507
f 2317/1857/515 2316/1857/515 2643/1857/515 2644/1857/515
f 2215/2731/497 2214/2727/497 2541/2730/497 2542/2732/497
f 2117/1857/504 2116/1857/504 2443/1857/504 2444/1857/504
f 2318/2733/513 2317/2734/513 2644/2735/513 2645/2736/513
f 2216/2737/496 2215/2731/496 2542/2732/496 2543/2738/496
f 2118/1857/501 2117/1857/501 2444/1857/501 2445/1857/501
f 2319/2739/511 2318/2733/511 2645/2736/511 2646/2740/511
f 2217/2741/487 2216/2737/487 2543/2738/487 2544/2742/487
f 2119/2743/498 2118/2744/498 2445/2745/498 2446/2746/498
f 2320/1857/508 2319/1857/508 2646/1857/508 2647/1857/508
f 2218/2747/491 2217/2741/491 2544/2742/491 2545/2748/491
f 2120/1857/495 2119/1857/495 2446/1857/495 2447/1857/495
f 2257/1857/505 2320/1857/505 2647/1857/505 2584/1857/505
f 2218/1857/506 2219/1857/506 2546/1857/506 2545/1857/506
f 2121/1857/488 2120/1857/488 2447/1857/488 2448/1857/488
f 2321/2749/517 2314/2750/517 2641/2751/517 2648/2752/517
f 2220/2753/524 2218/2754/524 2545/2755/524 2547/2756/524
f 2122/1857/492 2121/1857/492 2448/1857/492 2449/1857/492
f 2314/2750/519 2322/2757/519 2649/2758/519 2641/2751/519
f 2221/2626/491 2220/2759/491 2547/2760/491 2548/2627/491
f 2063/1857/500 2122/1857/500 2449/1857/500 2390/1857/500
f 2322/2757/520 2323/2593/520 2650/2596/520 2649/2758/520
f 2222/2591/500 2220/2761/500 2547/2762/500 2549/2592/500
f 2109/1857/494 2123/1857/494 2450/1857/494 2436/1857/494
f 2777/1857/487 2778/1857/487 3105/1857/487 3104/1857/487
f 2877/2763/488 2876/2764/488 3203/2765/488 3204/2766/488
f 2994/1857/489 2990/1857/489 2989/1857/489 2991/1857/489 2992/1857/489 2726/1857/489 2725/1857/489 2727/1857/489 2728/1857/489 3041/1857/489 3040/1857/489 3039/1857/489 3038/1857/489 3037/1857/489 3036/1857/489 3035/1857/489 3034/1857/489 3033/1857/489 2848/1857/489 2847/1857/489 2849/1857/489 2850/1857/489 3018/1857/489 3016/1857/489 3014/1857/489 3013/1857/489 3012/1857/489 3011/1857/489 3010/1857/489 3009/1857/489 3008/1857/489 3007/1857/489 3006/1857/489 3005/1857/489 3004/1857/489 3003/1857/489 3002/1857/489 3001/1857/489 3000/1857/489 2999/1857/489 2998/1857/489 2997/1857/489 2996/1857/489 2995/1857/489
f 2977/2767/490 2974/2768/490 3301/2769/490 3304/2770/490
f 2776/1857/491 2777/1857/491 3104/1857/491 3103/1857/491
f 2872/1857/489 2871/1857/489 2873/1857/489 2874/1857/489 2987/1857/489 2988/1857/489 2989/1857/489 2990/1857/489 2993/1857/489 3032/1857/489 3031/1857/489 3030/1857/489 3029/1857/489 3028/1857/489 3027/1857/489 3026/1857/489 3025/1857/489 3024/1857/489 3015/1857/489 3014/1857/489 3016/1857/489 3017/1857/489 3019/1857/489 3020/1857/489 3021/1857/489 3022/1857/489 3023/1857/489
f 2876/2764/492 2875/2771/492 3202/2772/492 3203/2765/492
f 2976/2773/493 2884/2774/493 3211/2775/493 3303/2776/493
f 3070/2777/489 3068/2778/489 3066/2779/489 3065/2780/489 3064/2781/489 3063/2782/489 3062/2783/489 3061/2784/489 3060/2785/489 3059/2786/489 3058/2787/489 3057/2788/489 3056/2789/489 3054/2790/489 3052/2791/489 3051/2792/489 3050/2793/489 3049/2794/489 3048/2795/489 3047/2796/489 3046/2797/489 3045/2798/489 3042/2799/489 3043/2800/489 3102/2801/489 3101/2802/489 3100/2803/489 3099/2804/489 3098/2805/489 3097/2806/489 3096/2807/489 3095/2808/489 3094/2809/489 3093/2810/489 3092/2811/489 3091/2812/489 3090/2813/489 3088/2814/489 3086/2815/489 3085/2816/489 3084/2817/489 3083/2818/489 3082/2819/489 3081/2820/489 3080/2821/489 3079/2822/489 3078/2823/489 3077/2824/489 3076/2825/489 3075/2826/489 3074/2827/489 3073/2828/489 3072/2829/489 3071/2830/489
f 3128/1857/489 3126/1857/489 3125/1857/489 3124/1857/489 3123/1857/489 3122/1857/489 3121/1857/489 3120/1857/489 3087/1857/489 3086/1857/489 3088/1857/489 3089/1857/489 3103/1857/489 3104/1857/489 3105/1857/489 3106/1857/489 3107/1857/489 3108/1857/489 3109/1857/489 3110/1857/489 3111/1857/489 3112/1857/489 3113/1857/489 3114/1857/489 3115/1857/489 3116/1857/489 3117/1857/489 3118/1857/489 3119/1857/489 3043/1857/489 3042/1857/489 3044/1857/489 3304/1857/489 3301/1857/489 3294/1857/489 3293/1857/489 3292/1857/489 3291/1857/489 3290/1857/489 3289/1857/489 3288/1857/489 3287/1857/489 3286/1857/489 3285/1857/489 3284/1857/489 3283/1857/489 3282/1857/489 3281/1857/489 3280/1857/489 3279/1857/489 3278/1857/489 3277/1857/489 3276/1857/489 3275/1857/489 3274/1857/489 3273/1857/489 3272/1857/489 3271/1857/489 3239/1857/489 3238/1857/489 3240/1857/489 3241/1857/489 3252/1857/489 3253/1857/489 3254/1857/489 3255/1857/489 3256/1857/489 3257/1857/489 3258/1857/489 3259/1857/489 3260/1857/489 3261/1857/489 3262/1857/489 3263/1857/489 3264/1857/489 3265/1857/489 3266/1857/489 3267/1857/489 3268/1857/489 3269/1857/489 3270/1857/489 3206/1857/489 3205/1857/489 3204/1857/489 3203/1857/489 3202/1857/489 3200/1857/489 3198/1857/489 3197/1857/489 3196/1857/489 3195/1857/489 3194/1857/489 3193/1857/489 3192/1857/489 3191/1857/489 3190/1857/489 3189/1857/489 3188/1857/489 3187/1857/489 3186/1857/489 3185/1857/489 3184/1857/489 3183/1857/489 3182/1857/489 3181/1857/489 3180/1857/489 3179/1857/489 3178/1857/489 3176/1857/489 3174/1857/489 3173/1857/489 3172/1857/489 3171/1857/489 3170/1857/489 3169/1857/489 3168/1857/489 3167/1857/489 3067/1857/489 3069/1857/489 3166/1857/489 3165/1857/489 3164/1857/489 3163/1857/489 3162/1857/489 3127/1857/489 3161/1857/489 3160/1857/489 3159/1857/489 3158/1857/489 3157/1857/489 3156/1857/489 3155/1857/489 3154/1857/489 3153/1857/489 3152/1857/489 3151/1857/489 3150/1857/489 3149/1857/489 3148/1857/489 3147/1857/489 3146/1857/489 3145/1857/489 3144/1857/489 3143/1857/489 3142/1857/489 3141/1857/489 3140/1857/489 3139/1857/489 3138/1857/489 3137/1857/489 3136/1857/489 3135/1857/489 3134/1857/489 3133/1857/489 3132/1857/489 3131/1857/489 3130/1857/489
f 3069/2831/489 3067/2832/489 3066/2779/489 3068/2778/489
f 3161/1857/489 3127/1857/489 3126/1857/489 3128/1857/489 3129/1857/489
f 3214/1857/489 3212/1857/489 3210/1857/489 3209/1857/489 3208/1857/489 3207/1857/489 3205/1857/489 3206/1857/489 3251/1857/489 3250/1857/489 3249/1857/489 3248/1857/489 3247/1857/489 3246/1857/489 3245/1857/489 3244/1857/489 3243/1857/489 3242/1857/489 3240/1857/489 3238/1857/489 3236/1857/489 3234/1857/489 3233/1857/489 3232/1857/489 3231/1857/489 3230/1857/489 3229/1857/489 3228/1857/489 3227/1857/489 3226/1857/489 3225/1857/489 3224/1857/489 3223/1857/489 3222/1857/489 3221/1857/489 3220/1857/489 3219/1857/489 3218/1857/489 3217/1857/489 3216/1857/489 3215/1857/489
f 3234/1857/489 3236/1857/489 3237/1857/489 3300/1857/489 3299/1857/489 3298/1857/489 3297/1857/489 3296/1857/489 3295/1857/489 3293/1857/489 3294/1857/489 3302/1857/489 3303/1857/489 3211/1857/489 3210/1857/489 3212/1857/489 3213/1857/489 3313/1857/489 3312/1857/489 3311/1857/489 3310/1857/489 3309/1857/489 3308/1857/489 3307/1857/489 3306/1857/489 3305/1857/489 3235/1857/489
f 2717/2833/494 2977/2767/494 3304/2770/494 3044/2834/494
f 2878/2835/495 2877/2763/495 3204/2766/495 3205/2836/495
f 2778/1857/496 2779/1857/496 3106/1857/496 3105/1857/496
f 2978/1857/488 2908/1857/488 3235/1857/488 3305/1857/488
f 2779/1857/497 2780/1857/497 3107/1857/497 3106/1857/497
f 2979/1857/492 2978/1857/492 3305/1857/492 3306/1857/492
f 2880/2837/498 2878/2835/498 3205/2836/498 3207/2838/498
f 2780/1857/499 2781/1857/499 3108/1857/499 3107/1857/499
f 2980/1857/500 2979/1857/500 3306/1857/500 3307/1857/500
f 2881/2839/501 2880/2840/501 3207/2841/501 3208/2842/501
f 2781/1857/502 2782/1857/502 3109/1857/502 3108/1857/502
f 2981/1857/503 2980/1857/503 3307/1857/503 3308/1857/503
f 2882/2843/504 2881/2839/504 3208/2842/504 3209/2844/504
f 2782/1857/505 2783/1857/505 3110/1857/505 3109/1857/505
f 2982/1857/506 2981/1857/506 3308/1857/506 3309/1857/506
f 2883/2845/507 2882/2843/507 3209/2844/507 3210/2846/507
f 2783/1857/508 2784/1857/508 3111/1857/508 3110/1857/508
f 2983/1857/509 2982/1857/509 3309/1857/509 3310/1857/509
f 2884/2774/510 2883/2845/510 3210/2846/510 3211/2775/510
f 2784/1857/511 2785/1857/511 3112/1857/511 3111/1857/511
f 2984/1857/512 2983/1857/512 3310/1857/512 3311/1857/512
f 2785/2847/513 2786/2848/513 3113/2849/513 3112/2850/513
f 2985/1857/514 2984/1857/514 3311/1857/514 3312/1857/514
f 2885/1857/513 2886/1857/513 3213/1857/513 3212/1857/513
f 2786/1857/515 2787/1857/515 3114/1857/515 3113/1857/515
f 2986/2851/516 2985/2852/516 3312/2853/516 3313/2854/516
f 2887/1857/511 2885/1857/511 3212/1857/511 3214/1857/511
f 2787/1857/516 2788/1857/516 3115/1857/516 3114/1857/516
f 2886/2855/515 2986/2851/515 3313/2854/515 3213/2856/515
f 2888/1857/508 2887/1857/508 3214/1857/508 3215/1857/508
f 2788/2857/514 2789/2858/514 3116/2859/514 3115/2860/514
f 2987/2861/494 2874/2862/494 3201/2070/494 3314/2069/494
f 2889/2863/505 2888/2864/505 3215/2865/505 3216/2866/505
f 2789/1857/512 2790/1857/512 3117/1857/512 3116/1857/512
f 2988/2867/490 2987/2861/490 3314/2069/490 3315/2077/490
f 2890/2868/502 2889/2863/502 3216/2866/502 3217/2869/502
f 2790/1857/509 2791/1857/509 3118/1857/509 3117/1857/509
f 2989/2870/517 2988/2871/517 3315/2636/517 3316/2872/517
f 2891/1857/499 2890/1857/499 3217/1857/499 3218/1857/499
f 2791/1857/506 2792/1857/506 3119/1857/506 3118/1857/506
f 2990/2873/518 2989/2874/518 3316/2875/518 3317/2876/518
f 2892/1857/497 2891/1857/497 3218/1857/497 3219/1857/497
f 2792/1857/503 2716/1857/503 3043/1857/503 3119/1857/503
f 2991/2877/519 2989/2870/519 3316/2872/519 3318/2639/519
f 2893/1857/496 2892/1857/496 3219/1857/496 3220/1857/496
f 2793/1857/514 2760/1857/514 3087/1857/514 3120/1857/514
f 2992/2878/520 2991/2877/520 3318/2639/520 3319/2641/520
f 2894/1857/487 2893/1857/487 3220/1857/487 3221/1857/487
f 2794/1857/516 2793/1857/516 3120/1857/516 3121/1857/516
f 2726/2879/493 2992/2878/493 3319/2641/493 3053/2880/493
f 2895/1857/491 2894/1857/491 3221/1857/491 3222/1857/491
f 2795/1857/515 2794/1857/515 3121/1857/515 3122/1857/515
f 2993/1857/514 2990/1857/514 3317/1857/514 3320/1857/514
f 2896/1857/494 2895/1857/494 3222/1857/494 3223/1857/494
f 2796/1857/513 2795/1857/513 3122/1857/513 3123/1857/513
f 2990/2881/516 2994/2882/516 3321/2883/516 3317/2091/516
f 2897/1857/490 2896/1857/490 3223/1857/490 3224/1857/490
f 2797/1857/511 2796/1857/511 3123/1857/511 3124/1857/511
f 2994/2882/515 2995/2884/515 3322/2885/515 3321/2883/515
f 2898/1857/517 2897/1857/517 3224/1857/517 3225/1857/517
f 2798/1857/508 2797/1857/508 3124/1857/508 3125/1857/508
f 2995/2884/513 2996/2886/513 3323/2887/513 3322/2885/513
f 2899/1857/519 2898/1857/519 3225/1857/519 3226/1857/519
f 2799/1857/505 2798/1857/505 3125/1857/505 3126/1857/505
f 2996/2886/511 2997/2888/511 3324/2889/511 3323/2887/511
f 2900/1857/520 2899/1857/520 3226/1857/520 3227/1857/520
f 2800/1857/502 2799/1857/502 3126/1857/502 3127/1857/502
f 2997/2888/508 2998/2890/508 3325/2891/508 3324/2889/508
f 2901/1857/493 2900/1857/493 3227/1857/493 3228/1857/493
f 2998/2890/505 2999/2892/505 3326/2893/505 3325/2891/505
f 2902/1857/510 2901/1857/510 3228/1857/510 3229/1857/510
f 2801/1857/488 2802/1857/488 3129/1857/488 3128/1857/488
f 2999/2892/502 3000/2894/502 3327/2895/502 3326/2893/502
f 2903/1857/507 2902/1857/507 3229/1857/507 3230/1857/507
f 2803/1857/488 2801/1857/488 3128/1857/488 3130/1857/488
f 3000/2896/499 3001/2897/499 3328/2898/499 3327/2899/499
f 2904/1857/504 2903/1857/504 3230/1857/504 3231/1857/504
f 2804/1857/492 2803/1857/492 3130/1857/492 3131/1857/492
f 3001/2897/497 3002/2900/497 3329/2901/497 3328/2898/497
f 2905/1857/501 2904/1857/501 3231/1857/501 3232/1857/501
f 2805/1857/500 2804/1857/500 3131/1857/500 3132/1857/500
f 3002/1857/496 3003/1857/496 3330/1857/496 3329/1857/496
f 2906/1857/498 2905/1857/498 3232/1857/498 3233/1857/498
f 2806/1857/503 2805/1857/503 3132/1857/503 3133/1857/503
f 3003/1857/487 3004/1857/487 3331/1857/487 3330/1857/487
f 2907/1857/495 2906/1857/495 3233/1857/495 3234/1857/495
f 2807/1857/506 2806/1857/506 3133/1857/506 3134/1857/506
f 3004/1857/491 3005/1857/491 3332/1857/491 3331/1857/491
f 2908/1857/521 2907/1857/521 3234/1857/521 3235/1857/521
f 2808/1857/509 2807/1857/509 3134/1857/509 3135/1857/509
f 3005/1857/494 3006/1857/494 3333/1857/494 3332/1857/494
f 2809/1857/512 2808/1857/512 3135/1857/512 3136/1857/512
f 3006/1857/490 3007/1857/490 3334/1857/490 3333/1857/490
f 2909/1857/502 2910/1857/502 3237/1857/502 3236/1857/502
f 2810/1857/514 2809/1857/514 3136/1857/514 3137/1857/514
f 3007/1857/517 3008/1857/517 3335/1857/517 3334/1857/517
f 2911/1857/499 2909/1857/499 3236/1857/499 3238/1857/499
f 2811/1857/516 2810/1857/516 3137/1857/516 3138/1857/516
f 3008/1857/519 3009/1857/519 3336/1857/519 3335/1857/519
f 2912/1857/499 2911/1857/499 3238/1857/499 3239/1857/499
f 2812/1857/515 2811/1857/515 3138/1857/515 3139/1857/515
f 3009/1857/520 3010/1857/520 3337/1857/520 3336/1857/520
f 2813/1857/513 2812/1857/513 3139/1857/513 3140/1857/513
f 3010/1857/493 3011/1857/493 3338/1857/493 3337/1857/493
f 2913/1857/503 2914/1857/503 3241/1857/503 3240/1857/503
f 2814/1857/511 2813/1857/511 3140/1857/511 3141/1857/511
f 3011/1857/510 3012/1857/510 3339/1857/510 3338/1857/510
f 2915/1857/506 2913/1857/506 3240/1857/506 3242/1857/506
f 2815/1857/508 2814/1857/508 3141/1857/508 3142/1857/508
f 3012/1857/507 3013/1857/507 3340/1857/507 3339/1857/507
f 2916/1857/509 2915/1857/509 3242/1857/509 3243/1857/509
f 2816/1857/505 2815/1857/505 3142/1857/505 3143/1857/505
f 2917/2902/512 2916/2903/512 3243/2904/512 3244/2905/512
f 2817/1857/502 2816/1857/502 3143/1857/502 3144/1857/502
f 2918/2906/514 2917/2907/514 3244/2908/514 3245/2909/514
f 2818/1857/499 2817/1857/499 3144/1857/499 3145/1857/499
f 2919/2910/516 2918/2906/516 3245/2909/516 3246/2911/516
f 2819/1857/497 2818/1857/497 3145/1857/497 3146/1857/497
f 2715/2912/491 2717/2833/491 3044/2834/491 3042/2913/491
f 3017/1857/511 3016/1857/511 3342/1857/511 3343/1857/511
f 2920/1857/515 2919/1857/515 3246/1857/515 3247/1857/515
f 2820/1857/496 2819/1857/496 3146/1857/496 3147/1857/496
f 2718/2914/487 2715/2912/487 3042/2913/487 3045/2915/487
f 3016/1857/508 3018/1857/508 3344/1857/508 3342/1857/508
f 2921/1857/513 2920/1857/513 3247/1857/513 3248/1857/513
f 2821/1857/487 2820/1857/487 3147/1857/487 3148/1857/487
f 2719/2916/496 2718/2914/496 3045/2915/496 3046/2917/496
f 3018/1857/505 2850/1857/505 3177/1857/505 3344/1857/505
f 2922/2918/511 2921/2919/511 3248/2920/511 3249/2921/511
f 2822/1857/491 2821/1857/491 3148/1857/491 3149/1857/491
f 2720/2922/497 2719/2916/497 3046/2917/497 3047/2923/497
f 3019/1857/513 3017/1857/513 3343/1857/513 3345/1857/513
f 2923/2924/508 2922/2918/508 3249/2921/508 3250/2925/508
f 2823/1857/494 2822/1857/494 3149/1857/494 3150/1857/494
f 2721/2926/499 2720/2922/499 3047/2923/499 3048/2927/499
f 3020/1857/515 3019/1857/515 3345/1857/515 3346/1857/515
f 2924/1857/505 2923/1857/505 3250/1857/505 3251/1857/505
f 2824/1857/490 2823/1857/490 3150/1857/490 3151/1857/490
f 2722/2928/502 2721/2929/502 3048/2930/502 3049/2931/502
f 3021/1857/516 3020/1857/516 3346/1857/516 3347/1857/516
f 2879/1857/502 2924/1857/502 3251/1857/502 3206/1857/502
f 2825/1857/517 2824/1857/517 3151/1857/517 3152/1857/517
f 2723/2932/505 2722/2928/505 3049/2931/505 3050/2933/505
f 3022/1857/514 3021/1857/514 3347/1857/514 3348/1857/514
f 2914/1857/500 2925/1857/500 3252/1857/500 3241/1857/500
f 2826/1857/519 2825/1857/519 3152/1857/519 3153/1857/519
f 2724/2934/508 2723/2932/508 3050/2933/508 3051/2935/508
f 3023/2936/512 3022/2937/512 3348/2938/512 3349/2939/512
f 2925/1857/492 2926/1857/492 3253/1857/492 3252/1857/492
f 2827/1857/520 2826/1857/520 3153/1857/520 3154/1857/520
f 2725/2940/511 2724/2934/511 3051/2935/511 3052/2941/511
f 2872/1857/509 3023/1857/509 3349/1857/509 3199/1857/509
f 2926/1857/488 2927/1857/488 3254/1857/488 3253/1857/488
f 2828/1857/493 2827/1857/493 3154/1857/493 3155/1857/493
f 2725/2942/510 2726/2879/510 3053/2880/510 3052/2701/510
f 3015/1857/501 3024/1857/501 3350/1857/501 3341/1857/501
f 2927/1857/495 2928/1857/495 3255/1857/495 3254/1857/495
f 2829/1857/510 2828/1857/510 3155/1857/510 3156/1857/510
f 2727/2943/522 2725/2705/522 3052/2944/522 3054/2945/522
f 3024/1857/498 3025/1857/498 3351/1857/498 3350/1857/498
f 2928/1857/498 2929/1857/498 3256/1857/498 3255/1857/498
f 2830/1857/507 2829/1857/507 3156/1857/507 3157/1857/507
f 2728/2946/513 2727/2947/513 3054/2948/513 3055/2949/513
f 3025/1857/495 3026/1857/495 3352/1857/495 3351/1857/495
f 2929/1857/501 2930/1857/501 3257/1857/501 3256/1857/501
f 2831/1857/504 2830/1857/504 3157/1857/504 3158/1857/504
f 2729/1857/507 2727/1857/507 3054/1857/507 3056/1857/507
f 3026/1857/488 3027/1857/488 3353/1857/488 3352/1857/488
f 2930/1857/504 2931/1857/504 3258/1857/504 3257/1857/504
f 2832/1857/501 2831/1857/501 3158/1857/501 3159/1857/501
f 2730/1857/504 2729/1857/504 3056/1857/504 3057/1857/504
f 3027/1857/492 3028/1857/492 3354/1857/492 3353/1857/492
f 2931/1857/507 2932/1857/507 3259/1857/507 3258/1857/507
f 2833/1857/498 2832/1857/498 3159/1857/498 3160/1857/498
f 2731/1857/501 2730/1857/501 3057/1857/501 3058/1857/501
f 3028/1857/500 3029/1857/500 3355/1857/500 3354/1857/500
f 2932/1857/510 2933/1857/510 3260/1857/510 3259/1857/510
f 2834/1857/495 2833/1857/495 3160/1857/495 3161/1857/495
f 2732/1857/498 2731/1857/498 3058/1857/498 3059/1857/498
f 3029/1857/503 3030/1857/503 3356/1857/503 3355/1857/503
f 2933/1857/493 2934/1857/493 3261/1857/493 3260/1857/493
f 2802/1857/495 2834/1857/495 3161/1857/495 3129/1857/495
f 2733/1857/495 2732/1857/495 3059/1857/495 3060/1857/495
f 3030/1857/506 3031/1857/506 3357/1857/506 3356/1857/506
f 2934/1857/520 2935/1857/520 3262/1857/520 3261/1857/520
f 2734/1857/488 2733/1857/488 3060/1857/488 3061/1857/488
f 3031/1857/509 3032/1857/509 3358/1857/509 3357/1857/509
f 2935/1857/519 2936/1857/519 3263/1857/519 3262/1857/519
f 2835/1857/499 2800/1857/499 3127/1857/499 3162/1857/499
f 2735/1857/492 2734/1857/492 3061/1857/492 3062/1857/492
f 3032/1857/512 2993/1857/512 3320/1857/512 3358/1857/512
f 2936/1857/517 2937/1857/517 3264/1857/517 3263/1857/517
f 2836/1857/497 2835/1857/497 3162/1857/497 3163/1857/497
f 2736/1857/500 2735/1857/500 3062/1857/500 3063/1857/500
f 2848/1857/488 3033/1857/488 3359/1857/488 3175/1857/488
f 2937/1857/490 2938/1857/490 3265/1857/490 3264/1857/490
f 2837/1857/496 2836/1857/496 3163/1857/496 3164/1857/496
f 2737/1857/503 2736/1857/503 3063/1857/503 3064/1857/503
f 3033/1857/492 3034/1857/492 3360/1857/492 3359/1857/492
f 2938/1857/494 2939/1857/494 3266/1857/494 3265/1857/494
f 2838/1857/487 2837/1857/487 3164/1857/487 3165/1857/487
f 2738/1857/506 2737/1857/506 3064/1857/506 3065/1857/506
f 3034/1857/500 3035/1857/500 3361/1857/500 3360/1857/500
f 2939/1857/491 2940/1857/491 3267/1857/491 3266/1857/491
f 2839/1857/491 2838/1857/491 3165/1857/491 3166/1857/491
f 2739/1857/509 2738/1857/509 3065/1857/509 3066/1857/509
f 3035/1857/503 3036/1857/503 3362/1857/503 3361/1857/503
f 2940/1857/487 2941/1857/487 3268/1857/487 3267/1857/487
f 2742/1857/494 2839/1857/494 3166/1857/494 3069/1857/494
f 2740/1857/512 2739/1857/512 3066/1857/512 3067/1857/512
f 3036/1857/506 3037/1857/506 3363/1857/506 3362/1857/506
f 2941/1857/496 2942/1857/496 3269/1857/496 3268/1857/496
f 3037/1857/509 3038/1857/509 3364/1857/509 3363/1857/509
f 2942/1857/497 2943/1857/497 3270/1857/497 3269/1857/497
f 2840/1857/514 2740/1857/514 3067/1857/514 3167/1857/514
f 2741/1857/490 2742/1857/490 3069/1857/490 3068/1857/490
f 3038/1857/512 3039/1857/512 3365/1857/512 3364/1857/512
f 2943/1857/499 2879/1857/499 3206/1857/499 3270/1857/499
f 2841/1857/516 2840/1857/516 3167/1857/516 3168/1857/516
f 2743/1857/490 2741/1857/490 3068/1857/490 3070/1857/490
f 3039/2950/514 3040/2951/514 3366/2952/514 3365/2953/514
f 2944/1857/497 2912/1857/497 3239/1857/497 3271/1857/497
f 2842/1857/515 2841/1857/515 3168/1857/515 3169/1857/515
f 2744/1857/517 2743/1857/517 3070/1857/517 3071/1857/517
f 3040/2951/516 3041/2954/516 3367/2955/516 3366/2952/516
f 2945/1857/496 2944/1857/496 3271/1857/496 3272/1857/496
f 2843/1857/513 2842/1857/513 3169/1857/513 3170/1857/513
f 2745/1857/519 2744/1857/519 3071/1857/519 3072/1857/519
f 3041/2954/515 2728/2946/515 3055/2949/515 3367/2955/515
f 2946/1857/487 2945/1857/487 3272/1857/487 3273/1857/487
f 2844/1857/511 2843/1857/511 3170/1857/511 3171/1857/511
f 2746/1857/520 2745/1857/520 3072/1857/520 3073/1857/520
f 2947/1857/491 2946/1857/491 3273/1857/491 3274/1857/491
f 2845/1857/508 2844/1857/508 3171/1857/508 3172/1857/508
f 2747/1857/493 2746/1857/493 3073/1857/493 3074/1857/493
f 2948/1857/494 2947/1857/494 3274/1857/494 3275/1857/494
f 2846/1857/505 2845/1857/505 3172/1857/505 3173/1857/505
f 2748/1857/510 2747/1857/510 3074/1857/510 3075/1857/510
f 2949/1857/490 2948/1857/490 3275/1857/490 3276/1857/490
f 2847/1857/502 2846/1857/502 3173/1857/502 3174/1857/502
f 2749/1857/507 2748/1857/507 3075/1857/507 3076/1857/507
f 2950/1857/517 2949/1857/517 3276/1857/517 3277/1857/517
f 2847/1857/495 2848/1857/495 3175/1857/495 3174/1857/495
f 2750/2956/504 2749/2957/504 3076/2958/504 3077/2959/504
f 2951/1857/519 2950/1857/519 3277/1857/519 3278/1857/519
f 2849/1857/523 2847/1857/523 3174/1857/523 3176/1857/523
f 2751/2960/501 2750/2956/501 3077/2959/501 3078/2961/501
f 2952/1857/520 2951/1857/520 3278/1857/520 3279/1857/520
f 2850/1857/502 2849/1857/502 3176/1857/502 3177/1857/502
f 2752/1857/498 2751/1857/498 3078/1857/498 3079/1857/498
f 2953/1857/493 2952/1857/493 3279/1857/493 3280/1857/493
f 2851/1857/495 2849/1857/495 3176/1857/495 3178/1857/495
f 2753/1857/495 2752/1857/495 3079/1857/495 3080/1857/495
f 2954/1857/510 2953/1857/510 3280/1857/510 3281/1857/510
f 2852/1857/488 2851/1857/488 3178/1857/488 3179/1857/488
f 2754/1857/488 2753/1857/488 3080/1857/488 3081/1857/488
f 2955/1857/507 2954/1857/507 3281/1857/507 3282/1857/507
f 2853/1857/492 2852/1857/492 3179/1857/492 3180/1857/492
f 2755/1857/492 2754/1857/492 3081/1857/492 3082/1857/492
f 2956/1857/504 2955/1857/504 3282/1857/504 3283/1857/504
f 2854/1857/500 2853/1857/500 3180/1857/500 3181/1857/500
f 2756/1857/500 2755/1857/500 3082/1857/500 3083/1857/500
f 2957/1857/501 2956/1857/501 3283/1857/501 3284/1857/501
f 2855/1857/503 2854/1857/503 3181/1857/503 3182/1857/503
f 2757/1857/503 2756/1857/503 3083/1857/503 3084/1857/503
f 2958/1857/498 2957/1857/498 3284/1857/498 3285/1857/498
f 2856/1857/506 2855/1857/506 3182/1857/506 3183/1857/506
f 2758/1857/506 2757/1857/506 3084/1857/506 3085/1857/506
f 2959/1857/495 2958/1857/495 3285/1857/495 3286/1857/495
f 2857/1857/509 2856/1857/509 3183/1857/509 3184/1857/509
f 2759/1857/509 2758/1857/509 3085/1857/509 3086/1857/509
f 2960/1857/488 2959/1857/488 3286/1857/488 3287/1857/488
f 2858/1857/512 2857/1857/512 3184/1857/512 3185/1857/512
f 2760/1857/512 2759/1857/512 3086/1857/512 3087/1857/512
f 2961/1857/492 2960/1857/492 3287/1857/492 3288/1857/492
f 2859/1857/514 2858/1857/514 3185/1857/514 3186/1857/514
f 2962/1857/500 2961/1857/500 3288/1857/500 3289/1857/500
f 2860/1857/516 2859/1857/516 3186/1857/516 3187/1857/516
f 2761/1857/490 2762/1857/490 3089/1857/490 3088/1857/490
f 2963/2962/503 2962/2963/503 3289/2964/503 3290/2965/503
f 2861/1857/515 2860/1857/515 3187/1857/515 3188/1857/515
f 2763/1857/490 2761/1857/490 3088/1857/490 3090/1857/490
f 2964/2966/506 2963/2962/506 3290/2965/506 3291/2967/506
f 2862/1857/513 2861/1857/513 3188/1857/513 3189/1857/513
f 2764/1857/517 2763/1857/517 3090/1857/517 3091/1857/517
f 2965/2968/509 2964/2966/509 3291/2967/509 3292/2969/509
f 2863/1857/511 2862/1857/511 3189/1857/511 3190/1857/511
f 2765/1857/519 2764/1857/519 3091/1857/519 3092/1857/519
f 2966/2970/512 2965/2968/512 3292/2969/512 3293/2971/512
f 2864/2972/508 2863/2973/508 3190/2974/508 3191/2975/508
f 2766/1857/520 2765/1857/520 3092/1857/520 3093/1857/520
f 2865/1857/505 2864/1857/505 3191/1857/505 3192/1857/505
f 2767/1857/493 2766/1857/493 3093/1857/493 3094/1857/493
f 2968/1857/514 2966/1857/514 3293/1857/514 3295/1857/514
f 2866/1857/502 2865/1857/502 3192/1857/502 3193/1857/502
f 2768/1857/510 2767/1857/510 3094/1857/510 3095/1857/510
f 2969/1857/516 2968/1857/516 3295/1857/516 3296/1857/516
f 2867/2976/499 2866/2977/499 3193/2978/499 3194/2979/499
f 2769/1857/507 2768/1857/507 3095/1857/507 3096/1857/507
f 2970/1857/515 2969/1857/515 3296/1857/515 3297/1857/515
f 2868/2980/497 2867/2976/497 3194/2979/497 3195/2981/497
f 2770/1857/504 2769/1857/504 3096/1857/504 3097/1857/504
f 2971/2982/513 2970/2983/513 3297/2984/513 3298/2985/513
f 2869/2986/496 2868/2980/496 3195/2981/496 3196/2987/496
f 2771/1857/501 2770/1857/501 3097/1857/501 3098/1857/501
f 2972/2300/511 2971/2982/511 3298/2985/511 3299/2988/511
f 2870/2989/487 2869/2986/487 3196/2987/487 3197/2990/487
f 2772/2991/498 2771/2992/498 3098/2993/498 3099/2994/498
f 2973/1857/508 2972/1857/508 3299/1857/508 3300/1857/508
f 2871/2995/491 2870/2989/491 3197/2990/491 3198/2996/491
f 2773/1857/495 2772/1857/495 3099/1857/495 3100/1857/495
f 2910/1857/505 2973/1857/505 3300/1857/505 3237/1857/505
f 2871/1857/506 2872/1857/506 3199/1857/506 3198/1857/506
f 2774/1857/488 2773/1857/488 3100/1857/488 3101/1857/488
f 2974/2997/517 2967/2998/517 3294/2999/517 3301/3000/517
f 2873/3001/524 2871/3002/524 3198/3003/524 3200/3004/524
f 2775/1857/492 2774/1857/492 3101/1857/492 3102/1857/492
f 2967/2998/519 2975/3005/519 3302/3006/519 3294/2999/519
f 2874/2862/491 2873/3007/491 3200/2579/491 3201/2070/491
f 2716/1857/500 2775/1857/500 3102/1857/500 3043/1857/500
f 2975/3005/520 2976/2773/520 3303/2776/520 3302/3006/520
f 2875/2771/500 2873/3008/500 3200/3009/500 3202/2772/500
f 2762/1857/494 2776/1857/494 3103/1857/494 3089/1857/494
o Cylinder.012
v -0.913470 0.069899 -1.542566
v -0.917490 0.019955 -1.542560
v -0.851833 0.063828 -1.542659
v -0.975108 0.063828 -1.542474
v -1.034377 0.045849 -1.542386
v -1.088999 0.016653 -1.542304
v -1.136876 -0.022639 -1.542232
v -1.176168 -0.070516 -1.542174
v -1.205364 -0.125138 -1.542130
v -1.223343 -0.184407 -1.542103
v -1.229414 -0.246045 -1.542094
v -1.223343 -0.307682 -1.542103
v -1.159373 -0.246045 -1.542199
v -1.158491 -0.255000 -1.542200
v -1.158491 -0.237090 -1.542200
v -1.155879 -0.228479 -1.542204
v -1.151637 -0.220542 -1.542210
v -1.145928 -0.213586 -1.542219
v -1.138972 -0.207878 -1.542229
v -1.131036 -0.203636 -1.542241
v -1.122425 -0.201024 -1.542254
v -1.113470 -0.200142 -1.542267
v -1.104515 -0.201024 -1.542281
v -1.095904 -0.203636 -1.542294
v -1.087968 -0.207878 -1.542306
v -1.081012 -0.213586 -1.542316
v -1.069663 -0.150451 -1.542333
v -1.064327 -0.153303 -1.542341
v -1.072279 -0.149052 -1.542329
v -1.079250 -0.143332 -1.542318
v -1.084971 -0.136361 -1.542310
v -1.089222 -0.128408 -1.542304
v -1.091839 -0.119779 -1.542300
v -1.092723 -0.110805 -1.542298
v -1.091839 -0.101831 -1.542300
v -1.089222 -0.093201 -1.542304
v -1.084971 -0.085249 -1.542310
v -1.079250 -0.078278 -1.542318
v -1.072279 -0.072557 -1.542329
v -1.064327 -0.068306 -1.542341
v -1.055697 -0.065689 -1.542354
v -1.046723 -0.064805 -1.542367
v -1.037749 -0.065689 -1.542381
v -1.029120 -0.068306 -1.542394
v -1.021167 -0.072557 -1.542405
v -1.014196 -0.078278 -1.542416
v -0.937291 -0.067369 -1.542531
v -0.935094 -0.068543 -1.542534
v -0.943046 -0.064292 -1.542522
v -0.950017 -0.058572 -1.542512
v -0.955738 -0.051601 -1.542503
v -0.959989 -0.043648 -1.542497
v -0.962606 -0.035019 -1.542493
v -0.963490 -0.026045 -1.542492
v -0.962606 -0.017071 -1.542493
v -0.959989 -0.008441 -1.542497
v -0.955738 -0.000488 -1.542503
v -0.950017 0.006482 -1.542512
v -0.943046 0.012203 -1.542522
v -0.935094 0.016454 -1.542534
v -0.926464 0.019071 -1.542547
v -0.926464 -0.071161 -1.542547
v -0.917490 -0.072045 -1.542560
v -0.908516 -0.071161 -1.542574
v -0.899887 -0.068543 -1.542587
v -0.891934 -0.064292 -1.542599
v -0.884963 -0.058572 -1.542609
v -0.879243 -0.051601 -1.542618
v -0.874992 -0.043648 -1.542624
v -0.872374 -0.035019 -1.542628
v -0.871490 -0.026045 -1.542629
v -0.872374 -0.017071 -1.542628
v -0.874992 -0.008441 -1.542624
v -0.879243 -0.000488 -1.542618
v -0.884963 0.006482 -1.542609
v -0.891934 0.012203 -1.542599
v -0.899887 0.016454 -1.542587
v -0.908516 0.019071 -1.542574
v -1.008476 -0.085249 -1.542424
v -1.004225 -0.093201 -1.542431
v -1.001607 -0.101831 -1.542435
v -1.000723 -0.110805 -1.542436
v -1.001607 -0.119779 -1.542435
v -1.004225 -0.128408 -1.542431
v -1.008476 -0.136361 -1.542424
v -1.014196 -0.143332 -1.542416
v -0.978160 -0.145211 -1.542470
v -0.980139 -0.146268 -1.542467
v -0.959392 -0.135179 -1.542498
v -0.936881 -0.128351 -1.542531
v -0.913470 -0.126045 -1.542566
v -0.890059 -0.128351 -1.542601
v -0.867548 -0.135179 -1.542635
v -0.846802 -0.146268 -1.542666
v -0.828618 -0.161192 -1.542693
v -0.813694 -0.179376 -1.542716
v -0.802605 -0.200123 -1.542732
v -0.795776 -0.222634 -1.542742
v -0.793470 -0.246045 -1.542746
v -0.795776 -0.269456 -1.542742
v -0.802605 -0.291967 -1.542732
v -0.813694 -0.312713 -1.542716
v -0.828618 -0.330898 -1.542693
v -0.846802 -0.345821 -1.542666
v -0.867548 -0.356910 -1.542635
v -0.890059 -0.363739 -1.542601
v -0.913470 -0.366045 -1.542566
v -0.936881 -0.363739 -1.542531
v -0.959392 -0.356910 -1.542498
v -0.980139 -0.345821 -1.542467
v -0.998323 -0.330898 -1.542440
v -1.013247 -0.312713 -1.542417
v -1.024336 -0.291967 -1.542401
v -1.031164 -0.269456 -1.542390
v -1.033470 -0.246045 -1.542387
v -1.031164 -0.222634 -1.542390
v -1.024336 -0.200123 -1.542401
v -1.013247 -0.179376 -1.542417
v -0.998323 -0.161192 -1.542440
v -0.984864 -0.150146 -1.542460
v -1.021167 -0.149052 -1.542405
v -1.029120 -0.153303 -1.542394
v -1.037749 -0.155921 -1.542381
v -1.046723 -0.156805 -1.542367
v -1.055697 -0.155921 -1.542354
v -1.075303 -0.220542 -1.542324
v -1.071061 -0.228479 -1.542331
v -1.068449 -0.237090 -1.542335
v -1.067567 -0.246045 -1.542336
v -1.068449 -0.255000 -1.542335
v -1.071061 -0.263611 -1.542331
v -1.075303 -0.271547 -1.542324
v -1.081012 -0.278503 -1.542316
v -1.087968 -0.284212 -1.542306
v -0.925594 -0.433921 -1.542548
v -0.931303 -0.440877 -1.542540
v -0.918638 -0.428212 -1.542559
v -0.910702 -0.423970 -1.542570
v -0.902091 -0.421358 -1.542583
v -0.893136 -0.420476 -1.542597
v -0.884181 -0.421358 -1.542610
v -0.875570 -0.423970 -1.542623
v -0.867634 -0.428212 -1.542635
v -0.860678 -0.433921 -1.542645
v -0.854969 -0.440877 -1.542654
v -0.850727 -0.448813 -1.542660
v -0.848115 -0.457424 -1.542664
v -0.847233 -0.466379 -1.542665
v -0.848115 -0.475335 -1.542664
v -0.850727 -0.483946 -1.542660
v -0.854969 -0.491882 -1.542654
v -0.860678 -0.498838 -1.542645
v -0.867634 -0.504546 -1.542635
v -0.875570 -0.508788 -1.542623
v -0.884181 -0.511400 -1.542610
v -0.893136 -0.512282 -1.542597
v -0.902091 -0.511400 -1.542583
v -0.910702 -0.508788 -1.542570
v -0.913470 -0.561989 -1.542566
v -0.975108 -0.555918 -1.542474
v -0.851833 -0.555918 -1.542659
v -0.792564 -0.537939 -1.542747
v -0.737942 -0.508742 -1.542829
v -0.690065 -0.469451 -1.542900
v -0.731299 -0.428532 -1.542839
v -0.650773 -0.421574 -1.542959
v -0.621577 -0.366951 -1.543003
v -0.603598 -0.307682 -1.543030
v -0.597527 -0.246045 -1.543039
v -0.603598 -0.184407 -1.543030
v -0.650690 -0.246845 -1.542959
v -0.651574 -0.237871 -1.542958
v -0.651574 -0.255819 -1.542958
v -0.654192 -0.264448 -1.542954
v -0.658443 -0.272401 -1.542948
v -0.664164 -0.279372 -1.542939
v -0.671134 -0.285092 -1.542929
v -0.679087 -0.289343 -1.542917
v -0.687716 -0.291961 -1.542904
v -0.696690 -0.292845 -1.542891
v -0.705665 -0.291961 -1.542877
v -0.714294 -0.289343 -1.542864
v -0.722247 -0.285092 -1.542852
v -0.729217 -0.279372 -1.542842
v -0.734938 -0.272401 -1.542833
v -0.739189 -0.264448 -1.542827
v -0.741807 -0.255819 -1.542823
v -0.742690 -0.246845 -1.542822
v -0.741807 -0.237871 -1.542823
v -0.739189 -0.229241 -1.542827
v -0.734938 -0.221289 -1.542833
v -0.729217 -0.214318 -1.542842
v -0.727506 -0.212914 -1.542844
v -0.722247 -0.208597 -1.542852
v -0.731299 -0.143332 -1.542839
v -0.725578 -0.136361 -1.542847
v -0.732419 -0.144252 -1.542837
v -0.738269 -0.149052 -1.542828
v -0.754851 -0.350889 -1.542804
v -0.763825 -0.350005 -1.542790
v -0.746222 -0.353506 -1.542817
v -0.738269 -0.357757 -1.542828
v -0.731299 -0.363478 -1.542839
v -0.725578 -0.370449 -1.542847
v -0.721327 -0.378401 -1.542854
v -0.718709 -0.387031 -1.542858
v -0.717826 -0.396005 -1.542859
v -0.718709 -0.404979 -1.542858
v -0.721327 -0.413608 -1.542854
v -0.725578 -0.421561 -1.542847
v -0.772800 -0.350889 -1.542777
v -0.781429 -0.353506 -1.542764
v -0.789382 -0.357757 -1.542752
v -0.796352 -0.363478 -1.542742
v -0.802073 -0.370449 -1.542733
v -0.806324 -0.378401 -1.542727
v -0.808942 -0.387031 -1.542723
v -0.809825 -0.396005 -1.542721
v -0.808942 -0.404979 -1.542723
v -0.806324 -0.413608 -1.542727
v -0.802073 -0.421561 -1.542733
v -0.796352 -0.428532 -1.542742
v -0.789382 -0.434253 -1.542752
v -0.781429 -0.438503 -1.542764
v -0.772800 -0.441121 -1.542777
v -0.763825 -0.442005 -1.542790
v -0.754851 -0.441121 -1.542804
v -0.746222 -0.438503 -1.542817
v -0.738269 -0.434253 -1.542828
v -0.746222 -0.153303 -1.542817
v -0.754851 -0.155921 -1.542804
v -0.763825 -0.156805 -1.542790
v -0.772800 -0.155921 -1.542777
v -0.781429 -0.153303 -1.542764
v -0.789382 -0.149052 -1.542752
v -0.796352 -0.143332 -1.542742
v -0.802073 -0.136361 -1.542733
v -0.806324 -0.128408 -1.542727
v -0.808942 -0.119779 -1.542723
v -0.809825 -0.110805 -1.542721
v -0.808942 -0.101831 -1.542723
v -0.806324 -0.093201 -1.542727
v -0.802073 -0.085249 -1.542733
v -0.796352 -0.078278 -1.542742
v -0.789382 -0.072557 -1.542752
v -0.781429 -0.068306 -1.542764
v -0.772800 -0.065689 -1.542777
v -0.763826 -0.064805 -1.542790
v -0.754851 -0.065689 -1.542804
v -0.746222 -0.068306 -1.542817
v -0.738269 -0.072557 -1.542828
v -0.731299 -0.078278 -1.542839
v -0.690065 -0.022639 -1.542900
v -0.725578 -0.085249 -1.542847
v -0.721327 -0.093201 -1.542854
v -0.718709 -0.101831 -1.542858
v -0.717826 -0.110805 -1.542859
v -0.718709 -0.119779 -1.542858
v -0.721327 -0.128408 -1.542854
v -0.737942 0.016653 -1.542829
v -0.650773 -0.070516 -1.542959
v -0.621577 -0.125138 -1.543003
v -0.792564 0.045849 -1.542747
v -0.714294 -0.204346 -1.542864
v -0.705665 -0.201729 -1.542877
v -0.696690 -0.200845 -1.542891
v -0.687716 -0.201729 -1.542904
v -0.679087 -0.204346 -1.542917
v -0.671134 -0.208597 -1.542929
v -0.664164 -0.214318 -1.542939
v -0.658443 -0.221289 -1.542948
v -0.654192 -0.229241 -1.542954
v -1.034377 -0.537939 -1.542386
v -1.088999 -0.508742 -1.542304
v -1.136876 -0.469451 -1.542232
v -1.084971 -0.421561 -1.542310
v -1.176168 -0.421574 -1.542174
v -1.205364 -0.366951 -1.542130
v -1.079250 -0.428532 -1.542318
v -1.089221 -0.413608 -1.542304
v -1.091839 -0.404979 -1.542300
v -1.092723 -0.396005 -1.542298
v -1.091839 -0.387031 -1.542300
v -1.089221 -0.378402 -1.542304
v -1.084971 -0.370449 -1.542310
v -1.079250 -0.363478 -1.542318
v -1.072279 -0.357757 -1.542329
v -1.064327 -0.353506 -1.542341
v -1.055697 -0.350889 -1.542354
v -1.046723 -0.350005 -1.542367
v -1.037749 -0.350889 -1.542381
v -1.029120 -0.353506 -1.542394
v -1.021167 -0.357757 -1.542405
v -1.014196 -0.363478 -1.542416
v -1.008476 -0.370449 -1.542424
v -1.004225 -0.378402 -1.542431
v -1.001607 -0.387031 -1.542435
v -1.000723 -0.396005 -1.542436
v -1.001607 -0.404979 -1.542435
v -1.001980 -0.406209 -1.542434
v -1.004225 -0.413608 -1.542431
v -0.938157 -0.457424 -1.542529
v -0.939039 -0.466379 -1.542528
v -0.935545 -0.448813 -1.542534
v -0.938157 -0.475335 -1.542529
v -0.935545 -0.483946 -1.542534
v -0.931303 -0.491882 -1.542540
v -0.925594 -0.498838 -1.542548
v -0.918638 -0.504546 -1.542559
v -1.008476 -0.421561 -1.542424
v -1.014196 -0.428532 -1.542416
v -1.021167 -0.434253 -1.542405
v -1.029120 -0.438503 -1.542394
v -1.037749 -0.441121 -1.542381
v -1.046723 -0.442005 -1.542367
v -1.055697 -0.441121 -1.542354
v -1.064327 -0.438503 -1.542341
v -1.072279 -0.434253 -1.542329
v -1.095904 -0.288454 -1.542294
v -1.104515 -0.291066 -1.542281
v -1.113470 -0.291948 -1.542267
v -1.122425 -0.291066 -1.542254
v -1.131036 -0.288454 -1.542241
v -1.138972 -0.284212 -1.542229
v -1.145928 -0.278503 -1.542219
v -1.151637 -0.271547 -1.542210
v -1.155879 -0.263611 -1.542204
v -0.913416 0.069899 -1.506110
v -0.917436 0.019955 -1.506104
v -0.851778 0.063828 -1.506202
v -0.975053 0.063828 -1.506018
v -1.034322 0.045849 -1.505929
v -1.088944 0.016653 -1.505847
v -1.136821 -0.022639 -1.505776
v -1.176113 -0.070516 -1.505717
v -1.205309 -0.125138 -1.505673
v -1.223288 -0.184407 -1.505646
v -1.229359 -0.246045 -1.505637
v -1.223288 -0.307683 -1.505646
v -1.159319 -0.246045 -1.505742
v -1.158437 -0.255000 -1.505743
v -1.158437 -0.237090 -1.505743
v -1.155824 -0.228479 -1.505747
v -1.151583 -0.220543 -1.505754
v -1.145874 -0.213587 -1.505762
v -1.138918 -0.207878 -1.505773
v -1.130982 -0.203636 -1.505784
v -1.122371 -0.201024 -1.505797
v -1.113416 -0.200142 -1.505811
v -1.104460 -0.201024 -1.505824
v -1.095849 -0.203636 -1.505837
v -1.087913 -0.207878 -1.505849
v -1.080957 -0.213587 -1.505859
v -1.069608 -0.150451 -1.505876
v -1.064272 -0.153303 -1.505884
v -1.072225 -0.149053 -1.505872
v -1.079195 -0.143332 -1.505862
v -1.084916 -0.136361 -1.505853
v -1.089167 -0.128408 -1.505847
v -1.091785 -0.119779 -1.505843
v -1.092669 -0.110805 -1.505842
v -1.091785 -0.101831 -1.505843
v -1.089167 -0.093201 -1.505847
v -1.084916 -0.085249 -1.505853
v -1.079195 -0.078278 -1.505862
v -1.072225 -0.072557 -1.505872
v -1.064272 -0.068306 -1.505884
v -1.055643 -0.065689 -1.505897
v -1.046669 -0.064805 -1.505911
v -1.037694 -0.065689 -1.505924
v -1.029065 -0.068306 -1.505937
v -1.021112 -0.072557 -1.505949
v -1.014142 -0.078278 -1.505959
v -0.937237 -0.067369 -1.506074
v -0.935039 -0.068543 -1.506077
v -0.942992 -0.064292 -1.506065
v -0.949963 -0.058572 -1.506055
v -0.955683 -0.051601 -1.506047
v -0.959934 -0.043648 -1.506040
v -0.962552 -0.035019 -1.506036
v -0.963436 -0.026045 -1.506035
v -0.962552 -0.017071 -1.506036
v -0.959934 -0.008441 -1.506040
v -0.955683 -0.000489 -1.506047
v -0.949963 0.006482 -1.506055
v -0.942992 0.012203 -1.506065
v -0.935039 0.016454 -1.506077
v -0.926410 0.019071 -1.506091
v -0.926410 -0.071161 -1.506091
v -0.917436 -0.072045 -1.506104
v -0.908462 -0.071161 -1.506117
v -0.899832 -0.068543 -1.506130
v -0.891880 -0.064292 -1.506142
v -0.884909 -0.058572 -1.506153
v -0.879188 -0.051601 -1.506161
v -0.874937 -0.043648 -1.506167
v -0.872320 -0.035019 -1.506171
v -0.871436 -0.026045 -1.506173
v -0.872320 -0.017071 -1.506171
v -0.874937 -0.008441 -1.506167
v -0.879188 -0.000489 -1.506161
v -0.884909 0.006482 -1.506153
v -0.891880 0.012203 -1.506142
v -0.899832 0.016454 -1.506130
v -0.908462 0.019071 -1.506117
v -1.008421 -0.085249 -1.505968
v -1.004170 -0.093201 -1.505974
v -1.001553 -0.101831 -1.505978
v -1.000669 -0.110805 -1.505979
v -1.001553 -0.119779 -1.505978
v -1.004170 -0.128408 -1.505974
v -1.008421 -0.136361 -1.505968
v -1.014142 -0.143332 -1.505959
v -0.978106 -0.145211 -1.506013
v -0.980084 -0.146269 -1.506010
v -0.959338 -0.135179 -1.506041
v -0.936827 -0.128351 -1.506075
v -0.913416 -0.126045 -1.506110
v -0.890005 -0.128351 -1.506145
v -0.867494 -0.135179 -1.506178
v -0.846747 -0.146269 -1.506209
v -0.828563 -0.161192 -1.506237
v -0.813639 -0.179376 -1.506259
v -0.802550 -0.200123 -1.506276
v -0.795722 -0.222634 -1.506286
v -0.793416 -0.246045 -1.506289
v -0.795722 -0.269456 -1.506286
v -0.802550 -0.291967 -1.506276
v -0.813639 -0.312713 -1.506259
v -0.828563 -0.330898 -1.506237
v -0.846747 -0.345821 -1.506209
v -0.867494 -0.356910 -1.506178
v -0.890005 -0.363739 -1.506145
v -0.913416 -0.366045 -1.506110
v -0.936827 -0.363739 -1.506075
v -0.959338 -0.356910 -1.506041
v -0.980084 -0.345821 -1.506010
v -0.998268 -0.330898 -1.505983
v -1.013192 -0.312713 -1.505961
v -1.024281 -0.291967 -1.505944
v -1.031110 -0.269456 -1.505934
v -1.033416 -0.246045 -1.505930
v -1.031110 -0.222634 -1.505934
v -1.024281 -0.200123 -1.505944
v -1.013192 -0.179376 -1.505961
v -0.998268 -0.161192 -1.505983
v -0.984809 -0.150146 -1.506003
v -1.021112 -0.149053 -1.505949
v -1.029065 -0.153303 -1.505937
v -1.037694 -0.155921 -1.505924
v -1.046669 -0.156805 -1.505911
v -1.055643 -0.155921 -1.505897
v -1.075249 -0.220543 -1.505868
v -1.071007 -0.228479 -1.505874
v -1.068395 -0.237090 -1.505878
v -1.067513 -0.246045 -1.505879
v -1.068395 -0.255000 -1.505878
v -1.071007 -0.263611 -1.505874
v -1.075249 -0.271547 -1.505868
v -1.080957 -0.278503 -1.505859
v -1.087913 -0.284212 -1.505849
v -0.925540 -0.433921 -1.506092
v -0.931248 -0.440877 -1.506083
v -0.918584 -0.428212 -1.506102
v -0.910648 -0.423971 -1.506114
v -0.902037 -0.421358 -1.506127
v -0.893081 -0.420476 -1.506140
v -0.884126 -0.421358 -1.506154
v -0.875515 -0.423971 -1.506167
v -0.867579 -0.428212 -1.506178
v -0.860623 -0.433921 -1.506189
v -0.854914 -0.440877 -1.506197
v -0.850672 -0.448813 -1.506204
v -0.848060 -0.457424 -1.506208
v -0.847178 -0.466379 -1.506209
v -0.848060 -0.475335 -1.506208
v -0.850672 -0.483946 -1.506204
v -0.854914 -0.491882 -1.506197
v -0.860623 -0.498838 -1.506189
v -0.867579 -0.504546 -1.506178
v -0.875515 -0.508788 -1.506167
v -0.884126 -0.511400 -1.506154
v -0.893081 -0.512282 -1.506140
v -0.902037 -0.511400 -1.506127
v -0.910648 -0.508788 -1.506114
v -0.913416 -0.561989 -1.506110
v -0.975053 -0.555918 -1.506018
v -0.851778 -0.555918 -1.506202
v -0.792509 -0.537939 -1.506291
v -0.737887 -0.508743 -1.506372
v -0.690010 -0.469451 -1.506444
v -0.731244 -0.428532 -1.506382
v -0.650718 -0.421574 -1.506503
v -0.621522 -0.366951 -1.506546
v -0.603543 -0.307682 -1.506573
v -0.597472 -0.246045 -1.506582
v -0.603543 -0.184407 -1.506573
v -0.650636 -0.246845 -1.506503
v -0.651520 -0.237871 -1.506502
v -0.651520 -0.255819 -1.506502
v -0.654137 -0.264448 -1.506498
v -0.658388 -0.272401 -1.506491
v -0.664109 -0.279372 -1.506483
v -0.671080 -0.285092 -1.506472
v -0.679033 -0.289343 -1.506460
v -0.687662 -0.291961 -1.506447
v -0.696636 -0.292845 -1.506434
v -0.705610 -0.291961 -1.506420
v -0.714239 -0.289343 -1.506408
v -0.722192 -0.285092 -1.506396
v -0.729163 -0.279372 -1.506385
v -0.734883 -0.272401 -1.506377
v -0.739134 -0.264448 -1.506370
v -0.741752 -0.255819 -1.506367
v -0.742636 -0.246845 -1.506365
v -0.741752 -0.237871 -1.506367
v -0.739134 -0.229241 -1.506370
v -0.734883 -0.221289 -1.506377
v -0.729163 -0.214318 -1.506385
v -0.727452 -0.212914 -1.506388
v -0.722192 -0.208597 -1.506396
v -0.731244 -0.143332 -1.506382
v -0.725523 -0.136361 -1.506391
v -0.732365 -0.144252 -1.506381
v -0.738215 -0.149053 -1.506372
v -0.754797 -0.350889 -1.506347
v -0.763771 -0.350005 -1.506334
v -0.746168 -0.353507 -1.506360
v -0.738215 -0.357757 -1.506372
v -0.731244 -0.363478 -1.506382
v -0.725523 -0.370449 -1.506391
v -0.721273 -0.378402 -1.506397
v -0.718655 -0.387031 -1.506401
v -0.717771 -0.396005 -1.506402
v -0.718655 -0.404979 -1.506401
v -0.721273 -0.413608 -1.506397
v -0.725523 -0.421561 -1.506391
v -0.772745 -0.350889 -1.506320
v -0.781374 -0.353507 -1.506307
v -0.789327 -0.357757 -1.506295
v -0.796298 -0.363478 -1.506285
v -0.802019 -0.370449 -1.506276
v -0.806269 -0.378402 -1.506270
v -0.808887 -0.387031 -1.506266
v -0.809771 -0.396005 -1.506265
v -0.808887 -0.404979 -1.506266
v -0.806269 -0.413608 -1.506270
v -0.802019 -0.421561 -1.506276
v -0.796298 -0.428532 -1.506285
v -0.789327 -0.434253 -1.506295
v -0.781374 -0.438503 -1.506307
v -0.772745 -0.441121 -1.506320
v -0.763771 -0.442005 -1.506334
v -0.754797 -0.441121 -1.506347
v -0.746168 -0.438503 -1.506360
v -0.738215 -0.434253 -1.506372
v -0.746168 -0.153303 -1.506360
v -0.754797 -0.155921 -1.506347
v -0.763771 -0.156805 -1.506334
v -0.772745 -0.155921 -1.506320
v -0.781374 -0.153303 -1.506307
v -0.789327 -0.149053 -1.506295
v -0.796298 -0.143332 -1.506285
v -0.802019 -0.136361 -1.506276
v -0.806269 -0.128408 -1.506270
v -0.808887 -0.119779 -1.506266
v -0.809771 -0.110805 -1.506265
v -0.808887 -0.101831 -1.506266
v -0.806269 -0.093201 -1.506270
v -0.802019 -0.085249 -1.506276
v -0.796298 -0.078278 -1.506285
v -0.789327 -0.072557 -1.506295
v -0.781374 -0.068306 -1.506307
v -0.772745 -0.065689 -1.506320
v -0.763771 -0.064805 -1.506334
v -0.754797 -0.065689 -1.506347
v -0.746168 -0.068306 -1.506360
v -0.738215 -0.072557 -1.506372
v -0.731244 -0.078278 -1.506382
v -0.690010 -0.022639 -1.506444
v -0.725523 -0.085249 -1.506391
v -0.721273 -0.093201 -1.506397
v -0.718655 -0.101831 -1.506401
v -0.717771 -0.110805 -1.506402
v -0.718655 -0.119779 -1.506401
v -0.721273 -0.128408 -1.506397
v -0.737887 0.016653 -1.506372
v -0.650718 -0.070516 -1.506503
v -0.621522 -0.125138 -1.506546
v -0.792509 0.045849 -1.506291
v -0.714239 -0.204346 -1.506408
v -0.705610 -0.201729 -1.506420
v -0.696636 -0.200845 -1.506434
v -0.687662 -0.201729 -1.506447
v -0.679033 -0.204346 -1.506460
v -0.671080 -0.208597 -1.506472
v -0.664109 -0.214318 -1.506483
v -0.658388 -0.221289 -1.506491
v -0.654137 -0.229241 -1.506498
v -1.034322 -0.537939 -1.505929
v -1.088944 -0.508743 -1.505847
v -1.136821 -0.469451 -1.505776
v -1.084916 -0.421561 -1.505853
v -1.176113 -0.421574 -1.505717
v -1.205309 -0.366951 -1.505673
v -1.079195 -0.428532 -1.505862
v -1.089167 -0.413608 -1.505847
v -1.091785 -0.404979 -1.505843
v -1.092669 -0.396005 -1.505842
v -1.091785 -0.387031 -1.505843
v -1.089167 -0.378402 -1.505847
v -1.084916 -0.370449 -1.505853
v -1.079195 -0.363478 -1.505862
v -1.072225 -0.357757 -1.505872
v -1.064272 -0.353507 -1.505884
v -1.055643 -0.350889 -1.505897
v -1.046669 -0.350005 -1.505911
v -1.037694 -0.350889 -1.505924
v -1.029065 -0.353507 -1.505937
v -1.021112 -0.357757 -1.505949
v -1.014142 -0.363478 -1.505959
v -1.008421 -0.370449 -1.505968
v -1.004170 -0.378402 -1.505974
v -1.001553 -0.387031 -1.505978
v -1.000669 -0.396005 -1.505979
v -1.001553 -0.404979 -1.505978
v -1.001926 -0.406209 -1.505978
v -1.004170 -0.413608 -1.505974
v -0.938102 -0.457424 -1.506073
v -0.938984 -0.466379 -1.506072
v -0.935490 -0.448813 -1.506077
v -0.938102 -0.475335 -1.506073
v -0.935490 -0.483946 -1.506077
v -0.931248 -0.491882 -1.506083
v -0.925540 -0.498838 -1.506092
v -0.918584 -0.504546 -1.506102
v -1.008421 -0.421561 -1.505968
v -1.014142 -0.428532 -1.505959
v -1.021112 -0.434253 -1.505949
v -1.029065 -0.438504 -1.505937
v -1.037694 -0.441121 -1.505924
v -1.046669 -0.442005 -1.505911
v -1.055643 -0.441121 -1.505897
v -1.064272 -0.438504 -1.505884
v -1.072225 -0.434253 -1.505872
v -1.095849 -0.288454 -1.505837
v -1.104460 -0.291066 -1.505824
v -1.113416 -0.291948 -1.505811
v -1.122371 -0.291066 -1.505797
v -1.130982 -0.288454 -1.505784
v -1.138918 -0.284212 -1.505773
v -1.145874 -0.278503 -1.505762
v -1.151583 -0.271547 -1.505754
v -1.155824 -0.263611 -1.505747
v -0.913334 0.069899 -1.451424
v -0.917354 0.019955 -1.451418
v -0.851696 0.063828 -1.451517
v -0.974971 0.063828 -1.451332
v -1.034240 0.045849 -1.451244
v -1.088863 0.016653 -1.451162
v -1.136740 -0.022639 -1.451090
v -1.176031 -0.070516 -1.451031
v -1.205228 -0.125138 -1.450988
v -1.223207 -0.184407 -1.450961
v -1.229277 -0.246045 -1.450952
v -1.223207 -0.307682 -1.450961
v -1.159237 -0.246045 -1.451057
v -1.158355 -0.255000 -1.451058
v -1.158355 -0.237090 -1.451058
v -1.155743 -0.228479 -1.451062
v -1.151501 -0.220542 -1.451068
v -1.145792 -0.213586 -1.451077
v -1.138836 -0.207878 -1.451087
v -1.130900 -0.203636 -1.451099
v -1.122289 -0.201024 -1.451112
v -1.113334 -0.200142 -1.451125
v -1.104379 -0.201024 -1.451139
v -1.095767 -0.203636 -1.451151
v -1.087831 -0.207878 -1.451163
v -1.080876 -0.213586 -1.451174
v -1.069527 -0.150451 -1.451191
v -1.064190 -0.153303 -1.451199
v -1.072143 -0.149052 -1.451187
v -1.079114 -0.143332 -1.451176
v -1.084834 -0.136361 -1.451168
v -1.089085 -0.128408 -1.451162
v -1.091703 -0.119779 -1.451157
v -1.092587 -0.110805 -1.451156
v -1.091703 -0.101831 -1.451157
v -1.089085 -0.093201 -1.451162
v -1.084834 -0.085249 -1.451168
v -1.079114 -0.078278 -1.451176
v -1.072143 -0.072557 -1.451187
v -1.064190 -0.068306 -1.451199
v -1.055561 -0.065689 -1.451212
v -1.046587 -0.064805 -1.451225
v -1.037613 -0.065689 -1.451239
v -1.028983 -0.068306 -1.451251
v -1.021031 -0.072557 -1.451263
v -1.014060 -0.078278 -1.451274
v -0.937155 -0.067369 -1.451389
v -0.934957 -0.068543 -1.451392
v -0.942910 -0.064292 -1.451380
v -0.949881 -0.058572 -1.451370
v -0.955602 -0.051601 -1.451361
v -0.959852 -0.043648 -1.451355
v -0.962470 -0.035019 -1.451351
v -0.963354 -0.026045 -1.451349
v -0.962470 -0.017071 -1.451351
v -0.959852 -0.008441 -1.451355
v -0.955602 -0.000488 -1.451361
v -0.949881 0.006482 -1.451370
v -0.942910 0.012203 -1.451380
v -0.934957 0.016454 -1.451392
v -0.926328 0.019071 -1.451405
v -0.926328 -0.071161 -1.451405
v -0.917354 -0.072045 -1.451418
v -0.908380 -0.071161 -1.451432
v -0.899751 -0.068543 -1.451445
v -0.891798 -0.064292 -1.451456
v -0.884827 -0.058572 -1.451467
v -0.879106 -0.051601 -1.451476
v -0.874856 -0.043648 -1.451482
v -0.872238 -0.035019 -1.451486
v -0.871354 -0.026045 -1.451487
v -0.872238 -0.017071 -1.451486
v -0.874856 -0.008441 -1.451482
v -0.879106 -0.000488 -1.451476
v -0.884827 0.006482 -1.451467
v -0.891798 0.012203 -1.451456
v -0.899751 0.016454 -1.451445
v -0.908380 0.019071 -1.451432
v -1.008339 -0.085249 -1.451282
v -1.004088 -0.093201 -1.451289
v -1.001471 -0.101831 -1.451292
v -1.000587 -0.110805 -1.451294
v -1.001471 -0.119779 -1.451292
v -1.004088 -0.128408 -1.451289
v -1.008339 -0.136361 -1.451282
v -1.014060 -0.143332 -1.451274
v -0.978024 -0.145211 -1.451327
v -0.980002 -0.146268 -1.451325
v -0.959256 -0.135179 -1.451356
v -0.936745 -0.128351 -1.451389
v -0.913334 -0.126045 -1.451424
v -0.889923 -0.128351 -1.451459
v -0.867412 -0.135179 -1.451493
v -0.846666 -0.146268 -1.451524
v -0.828481 -0.161192 -1.451551
v -0.813558 -0.179376 -1.451573
v -0.802469 -0.200123 -1.451590
v -0.795640 -0.222634 -1.451600
v -0.793334 -0.246045 -1.451604
v -0.795640 -0.269456 -1.451600
v -0.802469 -0.291967 -1.451590
v -0.813558 -0.312713 -1.451573
v -0.828481 -0.330898 -1.451551
v -0.846666 -0.345821 -1.451524
v -0.867412 -0.356910 -1.451493
v -0.889923 -0.363739 -1.451459
v -0.913334 -0.366045 -1.451424
v -0.936745 -0.363739 -1.451389
v -0.959256 -0.356910 -1.451356
v -0.980002 -0.345821 -1.451325
v -0.998187 -0.330898 -1.451297
v -1.013110 -0.312713 -1.451275
v -1.024199 -0.291967 -1.451259
v -1.031028 -0.269456 -1.451248
v -1.033334 -0.246045 -1.451245
v -1.031028 -0.222634 -1.451248
v -1.024199 -0.200123 -1.451259
v -1.013110 -0.179376 -1.451275
v -0.998187 -0.161192 -1.451297
v -0.984727 -0.150146 -1.451317
v -1.021031 -0.149052 -1.451263
v -1.028983 -0.153303 -1.451251
v -1.037613 -0.155921 -1.451239
v -1.046587 -0.156805 -1.451225
v -1.055561 -0.155921 -1.451212
v -1.075167 -0.220542 -1.451182
v -1.070925 -0.228479 -1.451189
v -1.068313 -0.237090 -1.451192
v -1.067431 -0.246045 -1.451194
v -1.068313 -0.255000 -1.451192
v -1.070925 -0.263611 -1.451189
v -1.075167 -0.271547 -1.451182
v -1.080876 -0.278503 -1.451174
v -1.087831 -0.284212 -1.451163
v -0.925458 -0.433921 -1.451406
v -0.931166 -0.440877 -1.451398
v -0.918502 -0.428212 -1.451417
v -0.910566 -0.423970 -1.451428
v -0.901955 -0.421358 -1.451441
v -0.893000 -0.420476 -1.451455
v -0.884044 -0.421358 -1.451468
v -0.875433 -0.423970 -1.451481
v -0.867497 -0.428212 -1.451493
v -0.860541 -0.433921 -1.451503
v -0.854833 -0.440877 -1.451512
v -0.850591 -0.448813 -1.451518
v -0.847979 -0.457424 -1.451522
v -0.847097 -0.466379 -1.451523
v -0.847979 -0.475335 -1.451522
v -0.850591 -0.483946 -1.451518
v -0.854833 -0.491882 -1.451512
v -0.860541 -0.498838 -1.451503
v -0.867497 -0.504546 -1.451493
v -0.875433 -0.508788 -1.451481
v -0.884044 -0.511400 -1.451468
v -0.893000 -0.512282 -1.451455
v -0.901955 -0.511400 -1.451441
v -0.910566 -0.508788 -1.451428
v -0.913334 -0.561989 -1.451424
v -0.974971 -0.555918 -1.451332
v -0.851696 -0.555918 -1.451517
v -0.792428 -0.537939 -1.451605
v -0.737805 -0.508742 -1.451687
v -0.689928 -0.469451 -1.451758
v -0.731162 -0.428532 -1.451697
v -0.650637 -0.421574 -1.451817
v -0.621440 -0.366951 -1.451861
v -0.603461 -0.307682 -1.451888
v -0.597391 -0.246045 -1.451897
v -0.603461 -0.184407 -1.451888
v -0.650554 -0.246845 -1.451817
v -0.651438 -0.237871 -1.451816
v -0.651438 -0.255819 -1.451816
v -0.654056 -0.264448 -1.451812
v -0.658307 -0.272401 -1.451806
v -0.664027 -0.279372 -1.451797
v -0.670998 -0.285092 -1.451787
v -0.678951 -0.289343 -1.451775
v -0.687580 -0.291961 -1.451762
v -0.696554 -0.292845 -1.451748
v -0.705528 -0.291961 -1.451735
v -0.714158 -0.289343 -1.451722
v -0.722110 -0.285092 -1.451710
v -0.729081 -0.279372 -1.451700
v -0.734802 -0.272401 -1.451691
v -0.739053 -0.264448 -1.451685
v -0.741670 -0.255819 -1.451681
v -0.742554 -0.246845 -1.451680
v -0.741670 -0.237871 -1.451681
v -0.739053 -0.229241 -1.451685
v -0.734802 -0.221289 -1.451691
v -0.729081 -0.214318 -1.451700
v -0.727370 -0.212914 -1.451702
v -0.722110 -0.208597 -1.451710
v -0.731162 -0.143332 -1.451697
v -0.725442 -0.136361 -1.451705
v -0.732283 -0.144252 -1.451695
v -0.738133 -0.149052 -1.451686
v -0.754715 -0.350889 -1.451661
v -0.763689 -0.350005 -1.451648
v -0.746086 -0.353506 -1.451674
v -0.738133 -0.357757 -1.451686
v -0.731162 -0.363478 -1.451697
v -0.725442 -0.370449 -1.451705
v -0.721191 -0.378401 -1.451712
v -0.718573 -0.387031 -1.451716
v -0.717689 -0.396005 -1.451717
v -0.718573 -0.404979 -1.451716
v -0.721191 -0.413608 -1.451712
v -0.725442 -0.421561 -1.451705
v -0.772663 -0.350889 -1.451635
v -0.781293 -0.353506 -1.451622
v -0.789245 -0.357757 -1.451610
v -0.796216 -0.363478 -1.451599
v -0.801937 -0.370449 -1.451591
v -0.806188 -0.378401 -1.451584
v -0.808805 -0.387031 -1.451581
v -0.809689 -0.396005 -1.451579
v -0.808805 -0.404979 -1.451581
v -0.806188 -0.413608 -1.451584
v -0.801937 -0.421561 -1.451591
v -0.796216 -0.428532 -1.451599
v -0.789245 -0.434253 -1.451610
v -0.781293 -0.438503 -1.451622
v -0.772663 -0.441121 -1.451635
v -0.763689 -0.442005 -1.451648
v -0.754715 -0.441121 -1.451661
v -0.746086 -0.438503 -1.451674
v -0.738133 -0.434253 -1.451686
v -0.746086 -0.153303 -1.451674
v -0.754715 -0.155921 -1.451661
v -0.763689 -0.156805 -1.451648
v -0.772663 -0.155921 -1.451635
v -0.781293 -0.153303 -1.451622
v -0.789245 -0.149052 -1.451610
v -0.796216 -0.143332 -1.451599
v -0.801937 -0.136361 -1.451591
v -0.806188 -0.128408 -1.451584
v -0.808805 -0.119779 -1.451581
v -0.809689 -0.110805 -1.451579
v -0.808805 -0.101831 -1.451581
v -0.806188 -0.093201 -1.451584
v -0.801937 -0.085249 -1.451591
v -0.796216 -0.078278 -1.451599
v -0.789245 -0.072557 -1.451610
v -0.781293 -0.068306 -1.451622
v -0.772663 -0.065689 -1.451635
v -0.763689 -0.064805 -1.451648
v -0.754715 -0.065689 -1.451661
v -0.746086 -0.068306 -1.451674
v -0.738133 -0.072557 -1.451686
v -0.731162 -0.078278 -1.451697
v -0.689928 -0.022639 -1.451758
v -0.725442 -0.085249 -1.451705
v -0.721191 -0.093201 -1.451712
v -0.718573 -0.101831 -1.451716
v -0.717689 -0.110805 -1.451717
v -0.718573 -0.119779 -1.451716
v -0.721191 -0.128408 -1.451712
v -0.737805 0.016653 -1.451687
v -0.650637 -0.070516 -1.451817
v -0.621440 -0.125138 -1.451861
v -0.792428 0.045849 -1.451605
v -0.714158 -0.204346 -1.451722
v -0.705528 -0.201729 -1.451735
v -0.696554 -0.200845 -1.451748
v -0.687580 -0.201729 -1.451762
v -0.678951 -0.204346 -1.451775
v -0.670998 -0.208597 -1.451787
v -0.664027 -0.214318 -1.451797
v -0.658307 -0.221289 -1.451806
v -0.654056 -0.229241 -1.451812
v -1.034240 -0.537939 -1.451244
v -1.088863 -0.508742 -1.451162
v -1.136740 -0.469451 -1.451090
v -1.084834 -0.421561 -1.451168
v -1.176031 -0.421574 -1.451031
v -1.205228 -0.366951 -1.450988
v -1.079114 -0.428532 -1.451176
v -1.089085 -0.413608 -1.451162
v -1.091703 -0.404979 -1.451157
v -1.092587 -0.396005 -1.451156
v -1.091703 -0.387031 -1.451157
v -1.089085 -0.378402 -1.451162
v -1.084834 -0.370449 -1.451168
v -1.079114 -0.363478 -1.451176
v -1.072143 -0.357757 -1.451187
v -1.064190 -0.353506 -1.451199
v -1.055561 -0.350889 -1.451212
v -1.046587 -0.350005 -1.451225
v -1.037613 -0.350889 -1.451239
v -1.028983 -0.353506 -1.451251
v -1.021031 -0.357757 -1.451263
v -1.014060 -0.363478 -1.451274
v -1.008339 -0.370449 -1.451282
v -1.004088 -0.378402 -1.451289
v -1.001471 -0.387031 -1.451292
v -1.000587 -0.396005 -1.451294
v -1.001471 -0.404979 -1.451292
v -1.001844 -0.406209 -1.451292
v -1.004088 -0.413608 -1.451289
v -0.938021 -0.457424 -1.451387
v -0.938902 -0.466379 -1.451386
v -0.935408 -0.448813 -1.451391
v -0.938021 -0.475335 -1.451387
v -0.935408 -0.483946 -1.451391
v -0.931166 -0.491882 -1.451398
v -0.925458 -0.498838 -1.451406
v -0.918502 -0.504546 -1.451417
v -1.008339 -0.421561 -1.451282
v -1.014060 -0.428532 -1.451274
v -1.021031 -0.434253 -1.451263
v -1.028983 -0.438503 -1.451251
v -1.037613 -0.441121 -1.451239
v -1.046587 -0.442005 -1.451225
v -1.055561 -0.441121 -1.451212
v -1.064190 -0.438503 -1.451199
v -1.072143 -0.434253 -1.451187
v -1.095767 -0.288454 -1.451151
v -1.104379 -0.291066 -1.451139
v -1.113334 -0.291948 -1.451125
v -1.122289 -0.291066 -1.451112
v -1.130900 -0.288454 -1.451099
v -1.138836 -0.284212 -1.451087
v -1.145792 -0.278503 -1.451077
v -1.151501 -0.271547 -1.451068
v -1.155743 -0.263611 -1.451062
v -0.913279 0.069899 -1.414968
v -0.917299 0.019955 -1.414962
v -0.851642 0.063828 -1.415060
v -0.974917 0.063828 -1.414875
v -1.034186 0.045849 -1.414787
v -1.088808 0.016653 -1.414705
v -1.136685 -0.022639 -1.414634
v -1.175977 -0.070516 -1.414575
v -1.205173 -0.125138 -1.414531
v -1.223152 -0.184407 -1.414504
v -1.229223 -0.246045 -1.414495
v -1.223152 -0.307683 -1.414504
v -1.159182 -0.246045 -1.414600
v -1.158300 -0.255000 -1.414601
v -1.158300 -0.237090 -1.414601
v -1.155688 -0.228479 -1.414605
v -1.151446 -0.220543 -1.414611
v -1.145738 -0.213587 -1.414620
v -1.138782 -0.207878 -1.414631
v -1.130846 -0.203636 -1.414642
v -1.122235 -0.201024 -1.414655
v -1.113279 -0.200142 -1.414669
v -1.104324 -0.201024 -1.414682
v -1.095713 -0.203636 -1.414695
v -1.087777 -0.207878 -1.414707
v -1.080821 -0.213587 -1.414717
v -1.069472 -0.150451 -1.414734
v -1.064136 -0.153303 -1.414742
v -1.072089 -0.149053 -1.414730
v -1.079059 -0.143332 -1.414720
v -1.084780 -0.136361 -1.414711
v -1.089031 -0.128408 -1.414705
v -1.091648 -0.119779 -1.414701
v -1.092532 -0.110805 -1.414700
v -1.091648 -0.101831 -1.414701
v -1.089031 -0.093201 -1.414705
v -1.084780 -0.085249 -1.414711
v -1.079059 -0.078278 -1.414720
v -1.072089 -0.072557 -1.414730
v -1.064136 -0.068306 -1.414742
v -1.055506 -0.065689 -1.414755
v -1.046532 -0.064805 -1.414768
v -1.037558 -0.065689 -1.414782
v -1.028929 -0.068306 -1.414795
v -1.020976 -0.072557 -1.414807
v -1.014005 -0.078278 -1.414817
v -0.937100 -0.067369 -1.414932
v -0.934903 -0.068543 -1.414935
v -0.942856 -0.064292 -1.414923
v -0.949826 -0.058572 -1.414913
v -0.955547 -0.051601 -1.414904
v -0.959798 -0.043648 -1.414898
v -0.962416 -0.035019 -1.414894
v -0.963299 -0.026045 -1.414893
v -0.962416 -0.017071 -1.414894
v -0.959798 -0.008441 -1.414898
v -0.955547 -0.000489 -1.414904
v -0.949826 0.006482 -1.414913
v -0.942856 0.012203 -1.414923
v -0.934903 0.016454 -1.414935
v -0.926274 0.019071 -1.414948
v -0.926274 -0.071161 -1.414948
v -0.917299 -0.072045 -1.414962
v -0.908325 -0.071161 -1.414975
v -0.899696 -0.068543 -1.414988
v -0.891743 -0.064292 -1.415000
v -0.884773 -0.058572 -1.415010
v -0.879052 -0.051601 -1.415019
v -0.874801 -0.043648 -1.415025
v -0.872183 -0.035019 -1.415029
v -0.871300 -0.026045 -1.415030
v -0.872183 -0.017071 -1.415029
v -0.874801 -0.008441 -1.415025
v -0.879052 -0.000489 -1.415019
v -0.884773 0.006482 -1.415010
v -0.891743 0.012203 -1.415000
v -0.899696 0.016454 -1.414988
v -0.908325 0.019071 -1.414975
v -1.008285 -0.085249 -1.414826
v -1.004034 -0.093201 -1.414832
v -1.001416 -0.101831 -1.414836
v -1.000532 -0.110805 -1.414837
v -1.001416 -0.119779 -1.414836
v -1.004034 -0.128408 -1.414832
v -1.008285 -0.136361 -1.414826
v -1.014005 -0.143332 -1.414817
v -0.977970 -0.145211 -1.414871
v -0.979948 -0.146269 -1.414868
v -0.959201 -0.135179 -1.414899
v -0.936690 -0.128351 -1.414933
v -0.913279 -0.126045 -1.414968
v -0.889869 -0.128351 -1.415003
v -0.867357 -0.135179 -1.415036
v -0.846611 -0.146269 -1.415067
v -0.828427 -0.161192 -1.415094
v -0.813503 -0.179376 -1.415117
v -0.802414 -0.200123 -1.415133
v -0.795585 -0.222634 -1.415144
v -0.793280 -0.246045 -1.415147
v -0.795585 -0.269456 -1.415144
v -0.802414 -0.291967 -1.415133
v -0.813503 -0.312713 -1.415117
v -0.828427 -0.330898 -1.415094
v -0.846611 -0.345821 -1.415067
v -0.867357 -0.356910 -1.415036
v -0.889869 -0.363739 -1.415003
v -0.913279 -0.366045 -1.414968
v -0.936690 -0.363739 -1.414933
v -0.959201 -0.356910 -1.414899
v -0.979948 -0.345821 -1.414868
v -0.998132 -0.330898 -1.414841
v -1.013056 -0.312713 -1.414818
v -1.024145 -0.291967 -1.414802
v -1.030974 -0.269456 -1.414792
v -1.033279 -0.246045 -1.414788
v -1.030974 -0.222634 -1.414792
v -1.024145 -0.200123 -1.414802
v -1.013056 -0.179376 -1.414818
v -0.998132 -0.161192 -1.414841
v -0.984673 -0.150146 -1.414861
v -1.020976 -0.149053 -1.414807
v -1.028929 -0.153303 -1.414795
v -1.037558 -0.155921 -1.414782
v -1.046532 -0.156805 -1.414768
v -1.055506 -0.155921 -1.414755
v -1.075112 -0.220543 -1.414726
v -1.070871 -0.228479 -1.414732
v -1.068258 -0.237090 -1.414736
v -1.067376 -0.246045 -1.414737
v -1.068258 -0.255000 -1.414736
v -1.070871 -0.263611 -1.414732
v -1.075112 -0.271547 -1.414726
v -1.080821 -0.278503 -1.414717
v -1.087777 -0.284212 -1.414707
v -0.925403 -0.433921 -1.414950
v -0.931112 -0.440877 -1.414941
v -0.918447 -0.428212 -1.414960
v -0.910511 -0.423971 -1.414972
v -0.901900 -0.421358 -1.414985
v -0.892945 -0.420476 -1.414998
v -0.883990 -0.421358 -1.415012
v -0.875379 -0.423971 -1.415024
v -0.867443 -0.428212 -1.415036
v -0.860487 -0.433921 -1.415047
v -0.854778 -0.440877 -1.415055
v -0.850536 -0.448813 -1.415062
v -0.847924 -0.457424 -1.415065
v -0.847042 -0.466379 -1.415067
v -0.847924 -0.475335 -1.415065
v -0.850536 -0.483946 -1.415062
v -0.854778 -0.491882 -1.415055
v -0.860487 -0.498838 -1.415047
v -0.867443 -0.504546 -1.415036
v -0.875379 -0.508788 -1.415024
v -0.883990 -0.511400 -1.415012
v -0.892945 -0.512282 -1.414998
v -0.901900 -0.511400 -1.414985
v -0.910511 -0.508788 -1.414972
v -0.913279 -0.561989 -1.414968
v -0.974917 -0.555918 -1.414875
v -0.851642 -0.555918 -1.415060
v -0.792373 -0.537939 -1.415148
v -0.737751 -0.508743 -1.415230
v -0.689874 -0.469451 -1.415302
v -0.731108 -0.428532 -1.415240
v -0.650582 -0.421574 -1.415361
v -0.621386 -0.366951 -1.415404
v -0.603407 -0.307682 -1.415431
v -0.597336 -0.246045 -1.415440
v -0.603407 -0.184407 -1.415431
v -0.650500 -0.246845 -1.415361
v -0.651384 -0.237871 -1.415359
v -0.651384 -0.255819 -1.415359
v -0.654001 -0.264448 -1.415355
v -0.658252 -0.272401 -1.415349
v -0.663973 -0.279372 -1.415341
v -0.670943 -0.285092 -1.415330
v -0.678896 -0.289343 -1.415318
v -0.687526 -0.291961 -1.415305
v -0.696500 -0.292845 -1.415292
v -0.705474 -0.291961 -1.415278
v -0.714103 -0.289343 -1.415265
v -0.722056 -0.285092 -1.415254
v -0.729027 -0.279372 -1.415243
v -0.734747 -0.272401 -1.415235
v -0.738998 -0.264448 -1.415228
v -0.741616 -0.255819 -1.415224
v -0.742500 -0.246845 -1.415223
v -0.741616 -0.237871 -1.415224
v -0.738998 -0.229241 -1.415228
v -0.734747 -0.221289 -1.415235
v -0.729027 -0.214318 -1.415243
v -0.727315 -0.212914 -1.415246
v -0.722056 -0.208597 -1.415254
v -0.731108 -0.143332 -1.415240
v -0.725387 -0.136361 -1.415249
v -0.732229 -0.144252 -1.415238
v -0.738078 -0.149053 -1.415230
v -0.754661 -0.350889 -1.415205
v -0.763635 -0.350005 -1.415192
v -0.746031 -0.353507 -1.415218
v -0.738078 -0.357757 -1.415230
v -0.731108 -0.363478 -1.415240
v -0.725387 -0.370449 -1.415249
v -0.721136 -0.378402 -1.415255
v -0.718519 -0.387031 -1.415259
v -0.717635 -0.396005 -1.415260
v -0.718519 -0.404979 -1.415259
v -0.721136 -0.413608 -1.415255
v -0.725387 -0.421561 -1.415249
v -0.772609 -0.350889 -1.415178
v -0.781238 -0.353507 -1.415165
v -0.789191 -0.357757 -1.415153
v -0.796162 -0.363478 -1.415143
v -0.801882 -0.370449 -1.415134
v -0.806133 -0.378402 -1.415128
v -0.808751 -0.387031 -1.415124
v -0.809635 -0.396005 -1.415123
v -0.808751 -0.404979 -1.415124
v -0.806133 -0.413608 -1.415128
v -0.801882 -0.421561 -1.415134
v -0.796162 -0.428532 -1.415143
v -0.789191 -0.434253 -1.415153
v -0.781238 -0.438503 -1.415165
v -0.772609 -0.441121 -1.415178
v -0.763635 -0.442005 -1.415192
v -0.754661 -0.441121 -1.415205
v -0.746031 -0.438503 -1.415218
v -0.738078 -0.434253 -1.415230
v -0.746031 -0.153303 -1.415218
v -0.754661 -0.155921 -1.415205
v -0.763635 -0.156805 -1.415192
v -0.772609 -0.155921 -1.415178
v -0.781238 -0.153303 -1.415165
v -0.789191 -0.149053 -1.415153
v -0.796162 -0.143332 -1.415143
v -0.801882 -0.136361 -1.415134
v -0.806133 -0.128408 -1.415128
v -0.808751 -0.119779 -1.415124
v -0.809635 -0.110805 -1.415123
v -0.808751 -0.101831 -1.415124
v -0.806133 -0.093201 -1.415128
v -0.801882 -0.085249 -1.415134
v -0.796162 -0.078278 -1.415143
v -0.789191 -0.072557 -1.415153
v -0.781238 -0.068306 -1.415165
v -0.772609 -0.065689 -1.415178
v -0.763635 -0.064805 -1.415192
v -0.754661 -0.065689 -1.415205
v -0.746031 -0.068306 -1.415218
v -0.738078 -0.072557 -1.415230
v -0.731108 -0.078278 -1.415240
v -0.689874 -0.022639 -1.415302
v -0.725387 -0.085249 -1.415249
v -0.721136 -0.093201 -1.415255
v -0.718519 -0.101831 -1.415259
v -0.717635 -0.110805 -1.415260
v -0.718519 -0.119779 -1.415259
v -0.721136 -0.128408 -1.415255
v -0.737751 0.016653 -1.415230
v -0.650582 -0.070516 -1.415361
v -0.621386 -0.125138 -1.415404
v -0.792373 0.045849 -1.415148
v -0.714103 -0.204346 -1.415265
v -0.705474 -0.201729 -1.415278
v -0.696500 -0.200845 -1.415292
v -0.687526 -0.201729 -1.415305
v -0.678896 -0.204346 -1.415318
v -0.670943 -0.208597 -1.415330
v -0.663973 -0.214318 -1.415341
v -0.658252 -0.221289 -1.415349
v -0.654001 -0.229241 -1.415355
v -1.034186 -0.537939 -1.414787
v -1.088808 -0.508743 -1.414705
v -1.136685 -0.469451 -1.414634
v -1.084780 -0.421561 -1.414711
v -1.175977 -0.421574 -1.414575
v -1.205173 -0.366951 -1.414531
v -1.079059 -0.428532 -1.414720
v -1.089031 -0.413608 -1.414705
v -1.091648 -0.404979 -1.414701
v -1.092532 -0.396005 -1.414700
v -1.091648 -0.387031 -1.414701
v -1.089031 -0.378402 -1.414705
v -1.084780 -0.370449 -1.414711
v -1.079059 -0.363478 -1.414720
v -1.072088 -0.357757 -1.414730
v -1.064136 -0.353507 -1.414742
v -1.055506 -0.350889 -1.414755
v -1.046532 -0.350005 -1.414768
v -1.037558 -0.350889 -1.414782
v -1.028929 -0.353507 -1.414795
v -1.020976 -0.357757 -1.414807
v -1.014005 -0.363478 -1.414817
v -1.008285 -0.370449 -1.414826
v -1.004034 -0.378402 -1.414832
v -1.001416 -0.387031 -1.414836
v -1.000532 -0.396005 -1.414837
v -1.001416 -0.404979 -1.414836
v -1.001789 -0.406209 -1.414835
v -1.004034 -0.413608 -1.414832
v -0.937966 -0.457424 -1.414931
v -0.938848 -0.466379 -1.414930
v -0.935354 -0.448813 -1.414935
v -0.937966 -0.475335 -1.414931
v -0.935354 -0.483946 -1.414935
v -0.931112 -0.491882 -1.414941
v -0.925403 -0.498838 -1.414950
v -0.918447 -0.504546 -1.414960
v -1.008285 -0.421561 -1.414826
v -1.014005 -0.428532 -1.414817
v -1.020976 -0.434253 -1.414807
v -1.028929 -0.438504 -1.414795
v -1.037558 -0.441121 -1.414782
v -1.046532 -0.442005 -1.414768
v -1.055506 -0.441121 -1.414755
v -1.064136 -0.438504 -1.414742
v -1.072088 -0.434253 -1.414730
v -1.095713 -0.288454 -1.414695
v -1.104324 -0.291066 -1.414682
v -1.113279 -0.291948 -1.414669
v -1.122235 -0.291066 -1.414655
v -1.130846 -0.288454 -1.414642
v -1.138782 -0.284212 -1.414631
v -1.145738 -0.278503 -1.414620
v -1.151446 -0.271547 -1.414611
v -1.155688 -0.263611 -1.414605
vn 0.0015 -0.0000 1.0000
vn -0.0015 -0.0000 -1.0000
vn -0.7730 -0.6344 0.0012
vn -0.0980 0.9952 0.0001
vn 0.9569 -0.2903 -0.0014
vn -0.6344 -0.7730 0.0009
vn -0.2903 0.9569 0.0004
vn -0.8819 -0.4714 0.0013
vn 0.9952 -0.0980 -0.0015
vn -0.4714 -0.8819 0.0007
vn -0.4714 0.8819 0.0007
vn -0.9569 -0.2903 0.0014
vn 0.9952 0.0980 -0.0015
vn 0.8819 -0.4714 -0.0013
vn -0.6344 0.7730 0.0010
vn -0.9952 -0.0980 0.0015
vn 0.7730 -0.6344 -0.0012
vn -0.7730 0.6344 0.0012
vn -0.9952 0.0980 0.0015
vn 0.6344 -0.7730 -0.0010
vn -0.8819 0.4714 0.0013
vn -0.9569 0.2903 0.0014
vn 0.4714 -0.8819 -0.0007
vn 0.2903 -0.9569 -0.0004
vn 0.0980 -0.9952 -0.0001
vn -0.0980 -0.9952 0.0001
vn -0.2903 -0.9569 0.0004
vn 0.0980 0.9952 -0.0001
vn 0.2903 0.9569 -0.0004
vn 0.4714 0.8819 -0.0007
vn 0.6344 0.7730 -0.0009
vn 0.7730 0.6344 -0.0012
vn 0.8819 0.4714 -0.0013
vn 0.9569 0.2903 -0.0014
vn 0.6344 -0.7730 -0.0009
vt 0.000000 0.000000
vt 0.160773 0.248875
vt 0.158964 0.249282
vt 0.158252 0.230821
vt 0.160773 0.229703
vt 0.007012 0.978222
vt 0.007521 0.975511
vt 0.007490 0.972753
vt 0.006923 0.970054
vt 0.005839 0.967517
vt 0.004282 0.965241
vt 0.002310 0.963312
vt -0.000000 0.961805
vt -0.000000 0.936722
vt 0.002200 0.937605
vt 0.004916 0.938115
vt 0.007680 0.938084
vt 0.010385 0.937515
vt 0.012927 0.936430
vt 0.015208 0.934869
vt 0.017141 0.932893
vt 0.018651 0.930578
vt 0.019681 0.928013
vt 0.020190 0.925296
vt 0.020160 0.922532
vt 0.019591 0.919828
vt 0.040997 0.916606
vt 0.041205 0.935589
vt 0.037706 0.954248
vt 0.030635 0.971866
vt 0.020262 0.987766
vt 0.005985 0.980782
vt 0.140386 0.486487
vt 0.140386 0.502192
vt 0.131453 0.502192
vt 0.131453 0.486487
vt 0.140386 0.469003
vt 0.131453 0.469003
vt 0.140386 0.450412
vt 0.131453 0.450412
vt 0.423166 0.233788
vt 0.423166 0.240955
vt 0.414234 0.240955
vt 0.414234 0.233788
vt 0.414233 0.236813
vt 0.414233 0.239561
vt 0.405301 0.239561
vt 0.405301 0.236813
vt 0.423166 0.226912
vt 0.414234 0.226912
vt 0.414233 0.234072
vt 0.405301 0.234072
vt 0.414233 0.231442
vt 0.405301 0.231442
vt 0.414233 0.229024
vt 0.405301 0.229024
vt 0.414233 0.226912
vt 0.405301 0.226912
vt 0.428018 0.216845
vt 0.428018 0.219162
vt 0.419085 0.219162
vt 0.419085 0.216845
vt 0.428018 0.214281
vt 0.419085 0.214281
vt 0.428018 0.211568
vt 0.419085 0.211568
vt 0.428018 0.208810
vt 0.419085 0.208810
vt 0.428018 0.206113
vt 0.419085 0.206113
vt 0.414233 0.242210
vt 0.414233 0.244657
vt 0.405301 0.244657
vt 0.405301 0.242210
vt 0.436951 0.243800
vt 0.436951 0.246548
vt 0.428018 0.246548
vt 0.428018 0.243801
vt 0.436951 0.241165
vt 0.428018 0.241165
vt 0.436951 0.238742
vt 0.428018 0.238742
vt 0.436951 0.236626
vt 0.428018 0.236626
vt 0.371907 0.216206
vt 0.371907 0.218528
vt 0.362974 0.218528
vt 0.362974 0.216206
vt 0.371907 0.213636
vt 0.362974 0.213636
vt 0.371907 0.210917
vt 0.362974 0.210917
vt 0.371907 0.208154
vt 0.362974 0.208154
vt 0.419085 0.206033
vt 0.419085 0.208603
vt 0.410152 0.208603
vt 0.410152 0.206033
vt 0.419085 0.203314
vt 0.410152 0.203314
vt 0.419085 0.200550
vt 0.410152 0.200550
vt 0.419085 0.197848
vt 0.410152 0.197848
vt 0.419085 0.195311
vt 0.410152 0.195311
vt 0.419085 0.193037
vt 0.410152 0.193037
vt 0.160709 0.311812
vt 0.158399 0.311812
vt 0.158399 0.302879
vt 0.160709 0.302879
vt 0.160681 0.320745
vt 0.158399 0.320745
vt 0.158399 0.311812
vt 0.160681 0.311812
vt 0.419085 0.221278
vt 0.419085 0.223932
vt 0.410152 0.223932
vt 0.410152 0.221278
vt 0.419085 0.218525
vt 0.410152 0.218525
vt 0.419085 0.215777
vt 0.410152 0.215777
vt 0.419085 0.213142
vt 0.410152 0.213142
vt 0.498641 0.223291
vt 0.495934 0.223291
vt 0.495934 0.214358
vt 0.498641 0.214358
vt 0.419085 0.210719
vt 0.410152 0.210719
vt 0.501187 0.223291
vt 0.501187 0.214358
vt 0.419085 0.208603
vt 0.410152 0.208603
vt 0.428018 0.203792
vt 0.419085 0.206113
vt 0.419085 0.203792
vt 0.428018 0.201222
vt 0.419085 0.201222
vt 0.140386 0.242631
vt 0.140386 0.229703
vt 0.149319 0.229703
vt 0.149319 0.242631
vt 0.428018 0.198503
vt 0.419085 0.198503
vt 0.158252 0.229703
vt 0.158252 0.244515
vt 0.149319 0.244515
vt 0.149319 0.229703
vt 0.158252 0.574848
vt 0.158252 0.593408
vt 0.149319 0.593408
vt 0.149319 0.574848
vt 0.428018 0.195739
vt 0.419085 0.195739
vt 0.158252 0.261360
vt 0.149319 0.261360
vt 0.158252 0.555866
vt 0.149319 0.555866
vt 0.158252 0.279589
vt 0.149319 0.279589
vt 0.158252 0.537191
vt 0.149319 0.537191
vt 0.140386 0.258023
vt 0.149319 0.258023
vt 0.158252 0.519541
vt 0.149319 0.519541
vt 0.140386 0.275287
vt 0.149319 0.275287
vt 0.158252 0.503595
vt 0.149319 0.503595
vt 0.158252 0.352113
vt 0.158252 0.366649
vt 0.149319 0.366649
vt 0.149319 0.352113
vt 0.158252 0.335474
vt 0.149319 0.335474
vt 0.158252 0.317372
vt 0.149319 0.317372
vt 0.158252 0.298502
vt 0.149319 0.298502
vt 0.160959 0.276081
vt 0.158252 0.276081
vt 0.158252 0.267148
vt 0.160959 0.267148
vt 0.496533 0.237598
vt 0.493818 0.237598
vt 0.493818 0.228665
vt 0.496533 0.228665
vt 0.499297 0.237598
vt 0.499297 0.228665
vt 0.160818 0.293946
vt 0.158256 0.293946
vt 0.158256 0.285013
vt 0.160818 0.285013
vt 0.158252 0.610832
vt 0.149319 0.610832
vt 0.160339 0.329678
vt 0.158399 0.329678
vt 0.158399 0.320745
vt 0.160339 0.320745
vt 0.158252 0.626452
vt 0.149319 0.626452
vt 0.506165 0.201970
vt 0.504141 0.201970
vt 0.504141 0.193037
vt 0.506165 0.193037
vt 0.140386 0.379324
vt 0.140386 0.395188
vt 0.131453 0.395188
vt 0.131453 0.379324
vt 0.508518 0.201970
vt 0.508518 0.193037
vt 0.428018 0.193037
vt 0.419085 0.193037
vt 0.140386 0.412781
vt 0.131453 0.412781
vt 0.140386 0.431428
vt 0.131453 0.431428
vt 0.445883 0.243800
vt 0.445883 0.246548
vt 0.436951 0.246548
vt 0.436951 0.243801
vt 0.445883 0.241165
vt 0.436951 0.241165
vt 0.445883 0.238742
vt 0.436951 0.238742
vt 0.445883 0.236626
vt 0.436951 0.236626
vt 0.371907 0.201061
vt 0.371907 0.208154
vt 0.362974 0.208154
vt 0.362974 0.201061
vt 0.371907 0.193851
vt 0.362974 0.193851
vt 0.371907 0.186802
vt 0.362974 0.186802
vt 0.478839 0.237598
vt 0.476530 0.237598
vt 0.476530 0.228665
vt 0.478839 0.228665
vt 0.481401 0.237598
vt 0.481401 0.228665
vt 0.484116 0.237598
vt 0.484116 0.228665
vt 0.140386 0.293760
vt 0.149319 0.293760
vt 0.140386 0.312732
vt 0.149319 0.312732
vt 0.140386 0.331474
vt 0.149319 0.331474
vt 0.503732 0.223291
vt 0.501187 0.223291
vt 0.501187 0.214358
vt 0.503732 0.214358
vt 0.140386 0.349265
vt 0.149319 0.349265
vt 0.506019 0.223291
vt 0.506019 0.214358
vt 0.140386 0.365422
vt 0.149319 0.365422
vt 0.140386 0.379324
vt 0.149319 0.379324
vt 0.140386 0.515514
vt 0.131453 0.515514
vt 0.149319 0.486487
vt 0.149319 0.502192
vt 0.140386 0.502192
vt 0.140386 0.486487
vt 0.149319 0.469003
vt 0.140386 0.469003
vt 0.149319 0.450412
vt 0.140386 0.450412
vt 0.501585 0.211752
vt 0.498889 0.211752
vt 0.498889 0.202819
vt 0.501585 0.202819
vt 0.504117 0.211752
vt 0.504117 0.202819
vt 0.160709 0.302879
vt 0.158256 0.302879
vt 0.158256 0.293946
vt 0.160709 0.293946
vt 0.479277 0.201970
vt 0.476530 0.201970
vt 0.476530 0.193037
vt 0.479277 0.193037
vt 0.481913 0.201970
vt 0.481913 0.193037
vt 0.484335 0.201970
vt 0.484335 0.193037
vt 0.416803 0.249888
vt 0.414233 0.249888
vt 0.414233 0.240955
vt 0.416803 0.240955
vt 0.419522 0.249888
vt 0.419522 0.240955
vt 0.422286 0.249888
vt 0.422286 0.240955
vt 0.160959 0.285013
vt 0.158256 0.285013
vt 0.158256 0.276081
vt 0.160959 0.276081
vt 0.501607 0.247016
vt 0.499297 0.247016
vt 0.499297 0.238083
vt 0.501607 0.238083
vt 0.504168 0.247016
vt 0.504168 0.238083
vt 0.161005 0.258215
vt 0.158252 0.258215
vt 0.158252 0.249282
vt 0.161005 0.249282
vt 0.501596 0.201970
vt 0.498889 0.201970
vt 0.498889 0.193037
vt 0.501596 0.193037
vt 0.131453 0.242631
vt 0.131453 0.229703
vt 0.140386 0.229703
vt 0.140386 0.242631
vt 0.158252 0.366649
vt 0.158252 0.381461
vt 0.149319 0.381461
vt 0.149319 0.366649
vt 0.140386 0.586767
vt 0.140386 0.605327
vt 0.131453 0.605327
vt 0.131453 0.586767
vt 0.404531 0.247218
vt 0.404531 0.249981
vt 0.395598 0.249981
vt 0.395598 0.247218
vt 0.158252 0.398306
vt 0.149319 0.398306
vt 0.140386 0.567785
vt 0.131453 0.567785
vt 0.158252 0.416535
vt 0.149319 0.416535
vt 0.140386 0.549111
vt 0.131453 0.549111
vt 0.131453 0.258023
vt 0.140386 0.258023
vt 0.140386 0.531461
vt 0.131453 0.531461
vt 0.131453 0.275287
vt 0.140386 0.275287
vt 0.158252 0.489059
vt 0.158252 0.503595
vt 0.149319 0.503595
vt 0.149319 0.489059
vt 0.158252 0.472420
vt 0.149319 0.472420
vt 0.158252 0.454318
vt 0.149319 0.454318
vt 0.158252 0.435448
vt 0.149319 0.435448
vt 0.496533 0.246531
vt 0.493818 0.246531
vt 0.493818 0.237598
vt 0.496533 0.237598
vt 0.484116 0.210903
vt 0.481401 0.210903
vt 0.481401 0.201970
vt 0.484116 0.201970
vt 0.499297 0.246531
vt 0.499297 0.237598
vt 0.478839 0.210903
vt 0.478839 0.201970
vt 0.140386 0.622752
vt 0.131453 0.622752
vt 0.160339 0.338611
vt 0.158399 0.338611
vt 0.158399 0.329678
vt 0.160339 0.329678
vt 0.476530 0.210903
vt 0.476530 0.201970
vt 0.140386 0.638371
vt 0.131453 0.638371
vt 0.478554 0.246531
vt 0.476530 0.246531
vt 0.476530 0.237598
vt 0.478554 0.237598
vt 0.404531 0.239704
vt 0.404531 0.241978
vt 0.395598 0.241978
vt 0.395598 0.239704
vt 0.149319 0.379324
vt 0.149319 0.395188
vt 0.140386 0.395188
vt 0.140386 0.379324
vt 0.480906 0.246531
vt 0.480906 0.237598
vt 0.404531 0.244515
vt 0.395598 0.244515
vt 0.483496 0.246531
vt 0.483496 0.237598
vt 0.149319 0.412781
vt 0.140386 0.412781
vt 0.149319 0.431428
vt 0.140386 0.431428
vt 0.160999 0.267148
vt 0.158252 0.267148
vt 0.158252 0.258215
vt 0.160999 0.258215
vt 0.131453 0.293760
vt 0.140386 0.293760
vt 0.131453 0.312732
vt 0.140386 0.312732
vt 0.131453 0.331473
vt 0.140386 0.331473
vt 0.506662 0.211752
vt 0.504117 0.211752
vt 0.504117 0.202819
vt 0.506662 0.202819
vt 0.131453 0.349265
vt 0.140386 0.349265
vt 0.508949 0.211752
vt 0.508949 0.202819
vt 0.131453 0.365422
vt 0.140386 0.365422
vt 0.131453 0.379324
vt 0.140386 0.379324
vt 0.149319 0.515514
vt 0.140386 0.515514
s 0
usemtl Circle
f 3396/3010/525 3397/3010/525 3398/3010/525 3399/3010/525 3400/3010/525 3401/3010/525 3402/3010/525 3403/3010/525 3404/3010/525 3405/3010/525 3406/3010/525 3407/3010/525 3408/3010/525 3409/3010/525 3410/3010/525 3411/3010/525 3412/3010/525 3414/3010/525 3416/3010/525 3417/3010/525 3418/3010/525 3419/3010/525 3420/3010/525 3421/3010/525 3422/3010/525 3423/3010/525 3424/3010/525 3425/3010/525 3426/3010/525 3427/3010/525 3428/3010/525 3369/3010/525 3368/3010/525 3371/3010/525 3372/3010/525 3373/3010/525 3374/3010/525 3375/3010/525 3376/3010/525 3377/3010/525 3378/3010/525 3380/3010/525 3382/3010/525 3383/3010/525 3384/3010/525 3385/3010/525 3386/3010/525 3387/3010/525 3388/3010/525 3389/3010/525 3390/3010/525 3391/3010/525 3392/3010/525 3394/3010/525
f 3454/3010/525 3456/3010/525 3457/3010/525 3458/3010/525 3459/3010/525 3460/3010/525 3461/3010/525 3462/3010/525 3463/3010/525 3464/3010/525 3465/3010/525 3466/3010/525 3467/3010/525 3468/3010/525 3469/3010/525 3470/3010/525 3471/3010/525 3472/3010/525 3473/3010/525 3474/3010/525 3475/3010/525 3476/3010/525 3477/3010/525 3478/3010/525 3479/3010/525 3480/3010/525 3481/3010/525 3482/3010/525 3483/3010/525 3484/3010/525 3485/3010/525 3486/3010/525 3487/3010/525 3453/3010/525 3488/3010/525 3489/3010/525 3490/3010/525 3491/3010/525 3492/3010/525 3395/3010/525 3393/3010/525 3493/3010/525 3494/3010/525 3495/3010/525 3496/3010/525 3497/3010/525 3498/3010/525 3499/3010/525 3500/3010/525 3502/3010/525 3504/3010/525 3505/3010/525 3506/3010/525 3507/3010/525 3508/3010/525 3509/3010/525 3510/3010/525 3511/3010/525 3512/3010/525 3513/3010/525 3514/3010/525 3515/3010/525 3516/3010/525 3517/3010/525 3518/3010/525 3519/3010/525 3520/3010/525 3521/3010/525 3522/3010/525 3523/3010/525 3524/3010/525 3526/3010/525 3528/3010/525 3529/3010/525 3530/3010/525 3531/3010/525 3532/3010/525 3596/3010/525 3595/3010/525 3594/3010/525 3593/3010/525 3592/3010/525 3591/3010/525 3590/3010/525 3589/3010/525 3588/3010/525 3587/3010/525 3586/3010/525 3585/3010/525 3584/3010/525 3583/3010/525 3582/3010/525 3581/3010/525 3580/3010/525 3579/3010/525 3578/3010/525 3567/3010/525 3566/3010/525 3564/3010/525 3565/3010/525 3597/3010/525 3598/3010/525 3599/3010/525 3600/3010/525 3601/3010/525 3602/3010/525 3603/3010/525 3604/3010/525 3605/3010/525 3606/3010/525 3607/3010/525 3608/3010/525 3609/3010/525 3610/3010/525 3611/3010/525 3612/3010/525 3613/3010/525 3614/3010/525 3615/3010/525 3616/3010/525 3617/3010/525 3618/3010/525 3619/3010/525 3620/3010/525 3627/3010/525 3630/3010/525 3370/3010/525 3368/3010/525 3369/3010/525 3445/3010/525 3444/3010/525 3443/3010/525 3442/3010/525 3441/3010/525 3440/3010/525 3439/3010/525 3438/3010/525 3437/3010/525 3436/3010/525 3435/3010/525 3434/3010/525 3433/3010/525 3432/3010/525 3431/3010/525 3430/3010/525 3429/3010/525 3415/3010/525 3414/3010/525 3412/3010/525 3413/3010/525 3446/3010/525 3447/3010/525 3448/3010/525 3449/3010/525 3450/3010/525 3451/3010/525 3452/3010/525
f 3647/3010/525 3648/3010/525 3649/3010/525 3650/3010/525 3651/3010/525 3652/3010/525 3653/3010/525 3654/3010/525 3655/3010/525 3656/3010/525 3657/3010/525 3658/3010/525 3659/3010/525 3660/3010/525 3661/3010/525 3662/3010/525 3663/3010/525 3664/3010/525 3665/3010/525 3666/3010/525 3667/3010/525 3669/3010/525 3671/3010/525 3503/3010/525 3502/3010/525 3500/3010/525 3501/3010/525 3686/3010/525 3687/3010/525 3688/3010/525 3689/3010/525 3690/3010/525 3691/3010/525 3692/3010/525 3693/3010/525 3694/3010/525 3381/3010/525 3380/3010/525 3378/3010/525 3379/3010/525 3645/3010/525 3644/3010/525 3642/3010/525 3643/3010/525
f 3395/3011/525 3394/3012/525 3392/3013/525 3393/3014/525
f 3487/3010/525 3455/3010/525 3454/3010/525 3452/3010/525 3453/3010/525
f 3525/3015/525 3676/3016/525 3675/3017/525 3674/3018/525 3673/3019/525 3672/3020/525 3670/3021/525 3669/3022/525 3667/3023/525 3668/3024/525 3677/3025/525 3678/3026/525 3679/3027/525 3680/3028/525 3681/3029/525 3682/3030/525 3683/3031/525 3684/3032/525 3685/3033/525 3646/3034/525 3643/3035/525 3642/3036/525 3641/3037/525 3640/3038/525 3527/3039/525 3526/3040/525 3524/3041/525
f 3540/3010/525 3541/3010/525 3542/3010/525 3543/3010/525 3544/3010/525 3545/3010/525 3546/3010/525 3547/3010/525 3548/3010/525 3549/3010/525 3550/3010/525 3551/3010/525 3552/3010/525 3553/3010/525 3554/3010/525 3555/3010/525 3556/3010/525 3557/3010/525 3558/3010/525 3559/3010/525 3560/3010/525 3562/3010/525 3564/3010/525 3566/3010/525 3568/3010/525 3569/3010/525 3570/3010/525 3571/3010/525 3572/3010/525 3573/3010/525 3574/3010/525 3575/3010/525 3576/3010/525 3577/3010/525 3532/3010/525 3531/3010/525 3533/3010/525 3534/3010/525 3535/3010/525 3536/3010/525 3538/3010/525
f 3560/3010/525 3561/3010/525 3631/3010/525 3632/3010/525 3633/3010/525 3634/3010/525 3635/3010/525 3636/3010/525 3637/3010/525 3638/3010/525 3639/3010/525 3539/3010/525 3538/3010/525 3536/3010/525 3537/3010/525 3629/3010/525 3628/3010/525 3620/3010/525 3619/3010/525 3621/3010/525 3622/3010/525 3623/3010/525 3624/3010/525 3625/3010/525 3626/3010/525 3563/3010/525 3562/3010/525
f 3723/3010/526 3721/3010/526 3719/3010/526 3718/3010/526 3717/3010/526 3716/3010/526 3715/3010/526 3714/3010/526 3713/3010/526 3712/3010/526 3711/3010/526 3710/3010/526 3709/3010/526 3707/3010/526 3705/3010/526 3704/3010/526 3703/3010/526 3702/3010/526 3701/3010/526 3700/3010/526 3699/3010/526 3698/3010/526 3695/3010/526 3696/3010/526 3755/3010/526 3754/3010/526 3753/3010/526 3752/3010/526 3751/3010/526 3750/3010/526 3749/3010/526 3748/3010/526 3747/3010/526 3746/3010/526 3745/3010/526 3744/3010/526 3743/3010/526 3741/3010/526 3739/3010/526 3738/3010/526 3737/3010/526 3736/3010/526 3735/3010/526 3734/3010/526 3733/3010/526 3732/3010/526 3731/3010/526 3730/3010/526 3729/3010/526 3728/3010/526 3727/3010/526 3726/3010/526 3725/3010/526 3724/3010/526
f 3781/3010/526 3779/3010/526 3778/3010/526 3777/3010/526 3776/3010/526 3775/3010/526 3774/3010/526 3773/3010/526 3740/3010/526 3739/3010/526 3741/3010/526 3742/3010/526 3756/3010/526 3757/3010/526 3758/3010/526 3759/3010/526 3760/3010/526 3761/3010/526 3762/3010/526 3763/3010/526 3764/3010/526 3765/3010/526 3766/3010/526 3767/3010/526 3768/3010/526 3769/3010/526 3770/3010/526 3771/3010/526 3772/3010/526 3696/3010/526 3695/3010/526 3697/3010/526 3957/3010/526 3954/3010/526 3947/3010/526 3946/3010/526 3945/3010/526 3944/3010/526 3943/3010/526 3942/3010/526 3941/3010/526 3940/3010/526 3939/3010/526 3938/3010/526 3937/3010/526 3936/3010/526 3935/3010/526 3934/3010/526 3933/3010/526 3932/3010/526 3931/3010/526 3930/3010/526 3929/3010/526 3928/3010/526 3927/3010/526 3926/3010/526 3925/3010/526 3924/3010/526 3892/3010/526 3891/3010/526 3893/3010/526 3894/3010/526 3905/3010/526 3906/3010/526 3907/3010/526 3908/3010/526 3909/3010/526 3910/3010/526 3911/3010/526 3912/3010/526 3913/3010/526 3914/3010/526 3915/3010/526 3916/3010/526 3917/3010/526 3918/3010/526 3919/3010/526 3920/3010/526 3921/3010/526 3922/3010/526 3923/3010/526 3859/3010/526 3858/3010/526 3857/3010/526 3856/3010/526 3855/3010/526 3853/3010/526 3851/3010/526 3850/3010/526 3849/3010/526 3848/3010/526 3847/3010/526 3846/3010/526 3845/3010/526 3844/3010/526 3843/3010/526 3842/3010/526 3841/3010/526 3840/3010/526 3839/3010/526 3838/3010/526 3837/3010/526 3836/3010/526 3835/3010/526 3834/3010/526 3833/3010/526 3832/3010/526 3831/3010/526 3829/3010/526 3827/3010/526 3826/3010/526 3825/3010/526 3824/3010/526 3823/3010/526 3822/3010/526 3821/3010/526 3820/3010/526 3720/3010/526 3722/3010/526 3819/3010/526 3818/3010/526 3817/3010/526 3816/3010/526 3815/3010/526 3780/3010/526 3814/3010/526 3813/3010/526 3812/3010/526 3811/3010/526 3810/3010/526 3809/3010/526 3808/3010/526 3807/3010/526 3806/3010/526 3805/3010/526 3804/3010/526 3803/3010/526 3802/3010/526 3801/3010/526 3800/3010/526 3799/3010/526 3798/3010/526 3797/3010/526 3796/3010/526 3795/3010/526 3794/3010/526 3793/3010/526 3792/3010/526 3791/3010/526 3790/3010/526 3789/3010/526 3788/3010/526 3787/3010/526 3786/3010/526 3785/3010/526 3784/3010/526 3783/3010/526
f 3974/3010/526 3970/3010/526 3969/3010/526 3971/3010/526 3972/3010/526 3706/3010/526 3705/3010/526 3707/3010/526 3708/3010/526 4021/3010/526 4020/3010/526 4019/3010/526 4018/3010/526 4017/3010/526 4016/3010/526 4015/3010/526 4014/3010/526 4013/3010/526 3828/3010/526 3827/3010/526 3829/3010/526 3830/3010/526 3998/3010/526 3996/3010/526 3994/3010/526 3993/3010/526 3992/3010/526 3991/3010/526 3990/3010/526 3989/3010/526 3988/3010/526 3987/3010/526 3986/3010/526 3985/3010/526 3984/3010/526 3983/3010/526 3982/3010/526 3981/3010/526 3980/3010/526 3979/3010/526 3978/3010/526 3977/3010/526 3976/3010/526 3975/3010/526
f 3722/3010/526 3720/3010/526 3719/3010/526 3721/3010/526
f 3814/3010/526 3780/3010/526 3779/3010/526 3781/3010/526 3782/3010/526
f 3852/3010/526 3851/3010/526 3853/3010/526 3854/3010/526 3967/3010/526 3968/3010/526 3969/3010/526 3970/3010/526 3973/3010/526 4012/3010/526 4011/3010/526 4010/3010/526 4009/3010/526 4008/3010/526 4007/3010/526 4006/3010/526 4005/3010/526 4004/3010/526 3995/3010/526 3994/3010/526 3996/3010/526 3997/3010/526 3999/3010/526 4000/3010/526 4001/3010/526 4002/3010/526 4003/3010/526
f 3867/3010/526 3865/3010/526 3863/3010/526 3862/3010/526 3861/3010/526 3860/3010/526 3858/3010/526 3859/3010/526 3904/3010/526 3903/3010/526 3902/3010/526 3901/3010/526 3900/3010/526 3899/3010/526 3898/3010/526 3897/3010/526 3896/3010/526 3895/3010/526 3893/3010/526 3891/3010/526 3889/3010/526 3887/3010/526 3886/3010/526 3885/3010/526 3884/3010/526 3883/3010/526 3882/3010/526 3881/3010/526 3880/3010/526 3879/3010/526 3878/3010/526 3877/3010/526 3876/3010/526 3875/3010/526 3874/3010/526 3873/3010/526 3872/3010/526 3871/3010/526 3870/3010/526 3869/3010/526 3868/3010/526
f 3887/3010/526 3889/3010/526 3890/3010/526 3953/3010/526 3952/3010/526 3951/3010/526 3950/3010/526 3949/3010/526 3948/3010/526 3946/3010/526 3947/3010/526 3955/3010/526 3956/3010/526 3864/3010/526 3863/3010/526 3865/3010/526 3866/3010/526 3966/3010/526 3965/3010/526 3964/3010/526 3963/3010/526 3962/3010/526 3961/3010/526 3960/3010/526 3959/3010/526 3958/3010/526 3888/3010/526
f 3674/3010/527 3675/3010/527 4002/3010/527 4001/3010/527
f 3567/3010/528 3578/3010/528 3905/3010/528 3894/3010/528
f 3479/3010/527 3478/3010/527 3805/3010/527 3806/3010/527
f 3377/3042/529 3376/3043/529 3703/3044/529 3704/3045/529
f 3675/3010/530 3676/3010/530 4003/3010/530 4002/3010/530
f 3578/3010/531 3579/3010/531 3906/3010/531 3905/3010/531
f 3480/3010/532 3479/3010/532 3806/3010/532 3807/3010/532
f 3378/3046/533 3377/3042/533 3704/3045/533 3705/3047/533
f 3676/3010/534 3525/3010/534 3852/3010/534 4003/3010/534
f 3579/3010/535 3580/3010/535 3907/3010/535 3906/3010/535
f 3481/3010/536 3480/3010/536 3807/3010/536 3808/3010/536
f 3379/3048/537 3378/3046/537 3705/3047/537 3706/3049/537
f 3677/3010/538 3668/3010/538 3995/3010/538 4004/3010/538
f 3580/3010/539 3581/3010/539 3908/3010/539 3907/3010/539
f 3482/3010/540 3481/3010/540 3808/3010/540 3809/3010/540
f 3678/3010/541 3677/3010/541 4004/3010/541 4005/3010/541
f 3581/3010/542 3582/3010/542 3909/3010/542 3908/3010/542
f 3483/3050/543 3482/3051/543 3809/3052/543 3810/3053/543
f 3380/3054/540 3381/3055/540 3708/3056/540 3707/3057/540
f 3679/3010/544 3678/3010/544 4005/3010/544 4006/3010/544
f 3582/3010/545 3583/3010/545 3910/3010/545 3909/3010/545
f 3484/3058/546 3483/3050/546 3810/3053/546 3811/3059/546
f 3382/3060/543 3380/3054/543 3707/3057/543 3709/3061/543
f 3680/3010/547 3679/3010/547 4006/3010/547 4007/3010/547
f 3583/3010/546 3584/3010/546 3911/3010/546 3910/3010/546
f 3485/3010/545 3484/3010/545 3811/3010/545 3812/3010/545
f 3383/3062/546 3382/3060/546 3709/3061/546 3710/3063/546
f 3681/3010/548 3680/3010/548 4007/3010/548 4008/3010/548
f 3584/3010/543 3585/3010/543 3912/3010/543 3911/3010/543
f 3486/3010/542 3485/3010/542 3812/3010/542 3813/3010/542
f 3384/3064/545 3383/3062/545 3710/3063/545 3711/3065/545
f 3682/3010/549 3681/3010/549 4008/3010/549 4009/3010/549
f 3585/3010/540 3586/3010/540 3913/3010/540 3912/3010/540
f 3487/3010/539 3486/3010/539 3813/3010/539 3814/3010/539
f 3385/3066/542 3384/3064/542 3711/3065/542 3712/3067/542
f 3683/3010/550 3682/3010/550 4009/3010/550 4010/3010/550
f 3586/3010/536 3587/3010/536 3914/3010/536 3913/3010/536
f 3455/3010/539 3487/3010/539 3814/3010/539 3782/3010/539
f 3386/3068/539 3385/3069/539 3712/3070/539 3713/3071/539
f 3684/3010/551 3683/3010/551 4010/3010/551 4011/3010/551
f 3587/3010/532 3588/3010/532 3915/3010/532 3914/3010/532
f 3387/3072/535 3386/3068/535 3713/3071/535 3714/3073/535
f 3685/3010/534 3684/3010/534 4011/3010/534 4012/3010/534
f 3588/3010/527 3589/3010/527 3916/3010/527 3915/3010/527
f 3488/3010/544 3453/3010/544 3780/3010/544 3815/3010/544
f 3388/3074/531 3387/3072/531 3714/3073/531 3715/3075/531
f 3646/3010/530 3685/3010/530 4012/3010/530 3973/3010/530
f 3589/3010/530 3590/3010/530 3917/3010/530 3916/3010/530
f 3489/3010/547 3488/3010/547 3815/3010/547 3816/3010/547
f 3389/3076/528 3388/3074/528 3715/3075/528 3716/3077/528
f 3686/3010/547 3501/3010/547 3828/3010/547 4013/3010/547
f 3590/3010/534 3591/3010/534 3918/3010/534 3917/3010/534
f 3490/3010/548 3489/3010/548 3816/3010/548 3817/3010/548
f 3390/3078/552 3389/3076/552 3716/3077/552 3717/3079/552
f 3687/3010/548 3686/3010/548 4013/3010/548 4014/3010/548
f 3591/3010/551 3592/3010/551 3919/3010/551 3918/3010/551
f 3491/3010/549 3490/3010/549 3817/3010/549 3818/3010/549
f 3391/3010/553 3390/3010/553 3717/3010/553 3718/3010/553
f 3688/3010/549 3687/3010/549 4014/3010/549 4015/3010/549
f 3592/3010/550 3593/3010/550 3920/3010/550 3919/3010/550
f 3492/3010/550 3491/3010/550 3818/3010/550 3819/3010/550
f 3392/3010/554 3391/3010/554 3718/3010/554 3719/3010/554
f 3689/3010/550 3688/3010/550 4015/3010/550 4016/3010/550
f 3593/3010/549 3594/3010/549 3921/3010/549 3920/3010/549
f 3395/3010/551 3492/3010/551 3819/3010/551 3722/3010/551
f 3393/3010/555 3392/3010/555 3719/3010/555 3720/3010/555
f 3690/3010/551 3689/3010/551 4016/3010/551 4017/3010/551
f 3594/3010/548 3595/3010/548 3922/3010/548 3921/3010/548
f 3691/3010/534 3690/3010/534 4017/3010/534 4018/3010/534
f 3595/3010/547 3596/3010/547 3923/3010/547 3922/3010/547
f 3493/3010/556 3393/3010/556 3720/3010/556 3820/3010/556
f 3394/3010/534 3395/3010/534 3722/3010/534 3721/3010/534
f 3692/3010/530 3691/3010/530 4018/3010/530 4019/3010/530
f 3596/3010/544 3532/3010/544 3859/3010/544 3923/3010/544
f 3494/3010/557 3493/3010/557 3820/3010/557 3821/3010/557
f 3396/3010/534 3394/3010/534 3721/3010/534 3723/3010/534
f 3693/3010/527 3692/3010/527 4019/3010/527 4020/3010/527
f 3597/3010/547 3565/3010/547 3892/3010/547 3924/3010/547
f 3495/3010/558 3494/3010/558 3821/3010/558 3822/3010/558
f 3397/3010/530 3396/3010/530 3723/3010/530 3724/3010/530
f 3694/3080/532 3693/3081/532 4020/3082/532 4021/3083/532
f 3598/3010/548 3597/3010/548 3924/3010/548 3925/3010/548
f 3496/3010/537 3495/3010/537 3822/3010/537 3823/3010/537
f 3398/3010/527 3397/3010/527 3724/3010/527 3725/3010/527
f 3381/3055/536 3694/3080/536 4021/3083/536 3708/3056/536
f 3599/3010/549 3598/3010/549 3925/3010/549 3926/3010/549
f 3497/3010/533 3496/3010/533 3823/3010/533 3824/3010/533
f 3399/3010/532 3398/3010/532 3725/3010/532 3726/3010/532
f 3600/3010/550 3599/3010/550 3926/3010/550 3927/3010/550
f 3498/3010/529 3497/3010/529 3824/3010/529 3825/3010/529
f 3400/3010/536 3399/3010/536 3726/3010/536 3727/3010/536
f 3601/3010/551 3600/3010/551 3927/3010/551 3928/3010/551
f 3499/3010/538 3498/3010/538 3825/3010/538 3826/3010/538
f 3401/3010/540 3400/3010/540 3727/3010/540 3728/3010/540
f 3602/3010/534 3601/3010/534 3928/3010/534 3929/3010/534
f 3500/3010/541 3499/3010/541 3826/3010/541 3827/3010/541
f 3402/3084/543 3401/3085/543 3728/3086/543 3729/3087/543
f 3603/3010/530 3602/3010/530 3929/3010/530 3930/3010/530
f 3501/3010/544 3500/3010/544 3827/3010/544 3828/3010/544
f 3403/3088/546 3402/3084/546 3729/3087/546 3730/3089/546
f 3604/3010/527 3603/3010/527 3930/3010/527 3931/3010/527
f 3404/3090/545 3403/3088/545 3730/3089/545 3731/3091/545
f 3605/3010/532 3604/3010/532 3931/3010/532 3932/3010/532
f 3502/3010/542 3503/3010/542 3830/3010/542 3829/3010/542
f 3405/3092/542 3404/3090/542 3731/3091/542 3732/3093/542
f 3606/3010/536 3605/3010/536 3932/3010/536 3933/3010/536
f 3504/3010/539 3502/3010/539 3829/3010/539 3831/3010/539
f 3406/3094/539 3405/3095/539 3732/3096/539 3733/3097/539
f 3607/3010/540 3606/3010/540 3933/3010/540 3934/3010/540
f 3505/3010/535 3504/3010/535 3831/3010/535 3832/3010/535
f 3407/3098/535 3406/3094/535 3733/3097/535 3734/3099/535
f 3608/3010/543 3607/3010/543 3934/3010/543 3935/3010/543
f 3506/3010/531 3505/3010/531 3832/3010/531 3833/3010/531
f 3408/3100/531 3407/3098/531 3734/3099/531 3735/3101/531
f 3609/3010/546 3608/3010/546 3935/3010/546 3936/3010/546
f 3507/3010/528 3506/3010/528 3833/3010/528 3834/3010/528
f 3409/3102/528 3408/3100/528 3735/3101/528 3736/3103/528
f 3610/3010/545 3609/3010/545 3936/3010/545 3937/3010/545
f 3508/3010/552 3507/3010/552 3834/3010/552 3835/3010/552
f 3410/3010/552 3409/3010/552 3736/3010/552 3737/3010/552
f 3611/3010/542 3610/3010/542 3937/3010/542 3938/3010/542
f 3509/3010/553 3508/3010/553 3835/3010/553 3836/3010/553
f 3411/3010/553 3410/3010/553 3737/3010/553 3738/3010/553
f 3612/3010/539 3611/3010/539 3938/3010/539 3939/3010/539
f 3510/3010/554 3509/3010/554 3836/3010/554 3837/3010/554
f 3412/3010/554 3411/3010/554 3738/3010/554 3739/3010/554
f 3613/3104/535 3612/3105/535 3939/3106/535 3940/3107/535
f 3511/3010/555 3510/3010/555 3837/3010/555 3838/3010/555
f 3413/3010/555 3412/3010/555 3739/3010/555 3740/3010/555
f 3614/3108/531 3613/3104/531 3940/3107/531 3941/3109/531
f 3512/3010/556 3511/3010/556 3838/3010/556 3839/3010/556
f 3615/3110/528 3614/3108/528 3941/3109/528 3942/3111/528
f 3513/3010/557 3512/3010/557 3839/3010/557 3840/3010/557
f 3414/3010/534 3415/3010/534 3742/3010/534 3741/3010/534
f 3616/3112/552 3615/3110/552 3942/3111/552 3943/3113/552
f 3514/3010/558 3513/3010/558 3840/3010/558 3841/3010/558
f 3416/3010/534 3414/3010/534 3741/3010/534 3743/3010/534
f 3617/3114/553 3616/3112/553 3943/3113/553 3944/3115/553
f 3515/3010/537 3514/3010/537 3841/3010/537 3842/3010/537
f 3417/3010/530 3416/3010/530 3743/3010/530 3744/3010/530
f 3618/3116/554 3617/3114/554 3944/3115/554 3945/3117/554
f 3516/3010/533 3515/3010/533 3842/3010/533 3843/3010/533
f 3418/3010/527 3417/3010/527 3744/3010/527 3745/3010/527
f 3619/3118/555 3618/3119/555 3945/3120/555 3946/3121/555
f 3517/3122/529 3516/3123/529 3843/3124/529 3844/3125/529
f 3419/3010/532 3418/3010/532 3745/3010/532 3746/3010/532
f 3518/3010/538 3517/3010/538 3844/3010/538 3845/3010/538
f 3420/3126/536 3419/3127/536 3746/3128/536 3747/3129/536
f 3621/3010/556 3619/3010/556 3946/3010/556 3948/3010/556
f 3519/3010/541 3518/3010/541 3845/3010/541 3846/3010/541
f 3421/3130/540 3420/3126/540 3747/3129/540 3748/3131/540
f 3622/3010/557 3621/3010/557 3948/3010/557 3949/3010/557
f 3520/3010/544 3519/3010/544 3846/3010/544 3847/3010/544
f 3422/3132/543 3421/3130/543 3748/3131/543 3749/3133/543
f 3623/3010/558 3622/3010/558 3949/3010/558 3950/3010/558
f 3521/3010/547 3520/3010/547 3847/3010/547 3848/3010/547
f 3423/3134/546 3422/3132/546 3749/3133/546 3750/3135/546
f 3624/3136/537 3623/3137/537 3950/3138/537 3951/3139/537
f 3522/3010/548 3521/3010/548 3848/3010/548 3849/3010/548
f 3424/3140/545 3423/3134/545 3750/3135/545 3751/3141/545
f 3625/3142/533 3624/3136/533 3951/3139/533 3952/3143/533
f 3523/3010/549 3522/3010/549 3849/3010/549 3850/3010/549
f 3425/3144/542 3424/3140/542 3751/3141/542 3752/3145/542
f 3626/3010/529 3625/3010/529 3952/3010/529 3953/3010/529
f 3524/3010/550 3523/3010/550 3850/3010/550 3851/3010/550
f 3426/3146/539 3425/3078/539 3752/3147/539 3753/3148/539
f 3563/3010/538 3626/3010/538 3953/3010/538 3890/3010/538
f 3525/3010/551 3524/3010/551 3851/3010/551 3852/3010/551
f 3427/3149/535 3426/3146/535 3753/3148/535 3754/3150/535
f 3627/3151/530 3620/3152/530 3947/3153/530 3954/3154/530
f 3428/3155/531 3427/3149/531 3754/3150/531 3755/3156/531
f 3620/3157/527 3628/3158/527 3955/3159/527 3947/3160/527
f 3526/3161/552 3527/3162/552 3854/3163/552 3853/3164/552
f 3369/3165/528 3428/3155/528 3755/3156/528 3696/3166/528
f 3628/3158/532 3629/3167/532 3956/3168/532 3955/3159/532
f 3528/3169/528 3526/3161/528 3853/3164/528 3855/3170/528
f 3415/3010/551 3429/3010/551 3756/3010/551 3742/3010/551
f 3629/3167/536 3537/3171/536 3864/3172/536 3956/3168/536
f 3529/3173/531 3528/3169/531 3855/3170/531 3856/3174/531
f 3429/3010/550 3430/3010/550 3757/3010/550 3756/3010/550
f 3630/3175/534 3627/3151/534 3954/3154/534 3957/3176/534
f 3530/3177/535 3529/3173/535 3856/3174/535 3857/3178/535
f 3430/3010/549 3431/3010/549 3758/3010/549 3757/3010/549
f 3370/3179/551 3630/3175/551 3957/3176/551 3697/3180/551
f 3531/3181/539 3530/3177/539 3857/3178/539 3858/3182/539
f 3431/3010/548 3432/3010/548 3759/3010/548 3758/3010/548
f 3631/3010/535 3561/3010/535 3888/3010/535 3958/3010/535
f 3432/3010/547 3433/3010/547 3760/3010/547 3759/3010/547
f 3632/3010/531 3631/3010/531 3958/3010/531 3959/3010/531
f 3533/3183/542 3531/3184/542 3858/3185/542 3860/3186/542
f 3433/3010/544 3434/3010/544 3761/3010/544 3760/3010/544
f 3633/3010/528 3632/3010/528 3959/3010/528 3960/3010/528
f 3534/3187/545 3533/3183/545 3860/3186/545 3861/3188/545
f 3434/3010/541 3435/3010/541 3762/3010/541 3761/3010/541
f 3634/3010/552 3633/3010/552 3960/3010/552 3961/3010/552
f 3535/3189/546 3534/3187/546 3861/3188/546 3862/3190/546
f 3435/3010/538 3436/3010/538 3763/3010/538 3762/3010/538
f 3635/3010/553 3634/3010/553 3961/3010/553 3962/3010/553
f 3536/3191/543 3535/3189/543 3862/3190/543 3863/3192/543
f 3436/3010/529 3437/3010/529 3764/3010/529 3763/3010/529
f 3636/3010/554 3635/3010/554 3962/3010/554 3963/3010/554
f 3537/3171/540 3536/3191/540 3863/3192/540 3864/3172/540
f 3437/3010/533 3438/3010/533 3765/3010/533 3764/3010/533
f 3637/3010/555 3636/3010/555 3963/3010/555 3964/3010/555
f 3438/3193/537 3439/3194/537 3766/3195/537 3765/3196/537
f 3638/3010/556 3637/3010/556 3964/3010/556 3965/3010/556
f 3538/3010/537 3539/3010/537 3866/3010/537 3865/3010/537
f 3439/3010/558 3440/3010/558 3767/3010/558 3766/3010/558
f 3639/3197/557 3638/3198/557 3965/3199/557 3966/3200/557
f 3540/3010/533 3538/3010/533 3865/3010/533 3867/3010/533
f 3440/3010/557 3441/3010/557 3768/3010/557 3767/3010/557
f 3539/3201/558 3639/3197/558 3966/3200/558 3866/3202/558
f 3541/3010/529 3540/3010/529 3867/3010/529 3868/3010/529
f 3441/3203/556 3442/3204/556 3769/3205/556 3768/3206/556
f 3527/3162/553 3640/3207/553 3967/3208/553 3854/3163/553
f 3542/3209/538 3541/3210/538 3868/3211/538 3869/3212/538
f 3442/3010/555 3443/3010/555 3770/3010/555 3769/3010/555
f 3640/3207/554 3641/3213/554 3968/3214/554 3967/3208/554
f 3543/3215/541 3542/3216/541 3869/3217/541 3870/3218/541
f 3443/3010/554 3444/3010/554 3771/3010/554 3770/3010/554
f 3641/3219/555 3642/3220/555 3969/3221/555 3968/3222/555
f 3544/3223/559 3543/3215/559 3870/3218/559 3871/3224/559
f 3444/3010/553 3445/3010/553 3772/3010/553 3771/3010/553
f 3545/3010/547 3544/3010/547 3871/3010/547 3872/3010/547
f 3445/3225/552 3369/3165/552 3696/3166/552 3772/3226/552
f 3642/3220/556 3644/3227/556 3971/3228/556 3969/3221/556
f 3546/3010/548 3545/3010/548 3872/3010/548 3873/3010/548
f 3446/3010/556 3413/3010/556 3740/3010/556 3773/3010/556
f 3644/3227/557 3645/3229/557 3972/3230/557 3971/3228/557
f 3547/3010/549 3546/3010/549 3873/3010/549 3874/3010/549
f 3447/3010/557 3446/3010/557 3773/3010/557 3774/3010/557
f 3645/3229/558 3379/3048/558 3706/3049/558 3972/3230/558
f 3548/3010/550 3547/3010/550 3874/3010/550 3875/3010/550
f 3448/3010/558 3447/3010/558 3774/3010/558 3775/3010/558
f 3643/3010/527 3646/3010/527 3973/3010/527 3970/3010/527
f 3549/3010/551 3548/3010/551 3875/3010/551 3876/3010/551
f 3449/3010/537 3448/3010/537 3775/3010/537 3776/3010/537
f 3647/3010/532 3643/3010/532 3970/3010/532 3974/3010/532
f 3550/3010/534 3549/3010/534 3876/3010/534 3877/3010/534
f 3450/3010/533 3449/3010/533 3776/3010/533 3777/3010/533
f 3648/3010/536 3647/3010/536 3974/3010/536 3975/3010/536
f 3551/3010/530 3550/3010/530 3877/3010/530 3878/3010/530
f 3451/3010/529 3450/3010/529 3777/3010/529 3778/3010/529
f 3649/3010/540 3648/3010/540 3975/3010/540 3976/3010/540
f 3552/3010/527 3551/3010/527 3878/3010/527 3879/3010/527
f 3452/3010/538 3451/3010/538 3778/3010/538 3779/3010/538
f 3650/3231/543 3649/3232/543 3976/3233/543 3977/3234/543
f 3553/3010/532 3552/3010/532 3879/3010/532 3880/3010/532
f 3453/3010/541 3452/3010/541 3779/3010/541 3780/3010/541
f 3651/3235/546 3650/3231/546 3977/3234/546 3978/3236/546
f 3554/3010/536 3553/3010/536 3880/3010/536 3881/3010/536
f 3652/3237/545 3651/3235/545 3978/3236/545 3979/3238/545
f 3555/3010/540 3554/3010/540 3881/3010/540 3882/3010/540
f 3454/3010/535 3455/3010/535 3782/3010/535 3781/3010/535
f 3653/3239/542 3652/3237/542 3979/3238/542 3980/3240/542
f 3556/3010/543 3555/3010/543 3882/3010/543 3883/3010/543
f 3456/3010/535 3454/3010/535 3781/3010/535 3783/3010/535
f 3654/3010/539 3653/3010/539 3980/3010/539 3981/3010/539
f 3557/3010/546 3556/3010/546 3883/3010/546 3884/3010/546
f 3457/3241/531 3456/3242/531 3783/3243/531 3784/3244/531
f 3655/3010/535 3654/3010/535 3981/3010/535 3982/3010/535
f 3558/3010/545 3557/3010/545 3884/3010/545 3885/3010/545
f 3458/3245/528 3457/3241/528 3784/3244/528 3785/3246/528
f 3656/3010/531 3655/3010/531 3982/3010/531 3983/3010/531
f 3559/3010/542 3558/3010/542 3885/3010/542 3886/3010/542
f 3459/3247/552 3458/3245/552 3785/3246/552 3786/3248/552
f 3657/3010/528 3656/3010/528 3983/3010/528 3984/3010/528
f 3560/3010/539 3559/3010/539 3886/3010/539 3887/3010/539
f 3460/3010/553 3459/3010/553 3786/3010/553 3787/3010/553
f 3658/3010/552 3657/3010/552 3984/3010/552 3985/3010/552
f 3561/3010/539 3560/3010/539 3887/3010/539 3888/3010/539
f 3461/3010/554 3460/3010/554 3787/3010/554 3788/3010/554
f 3659/3010/553 3658/3010/553 3985/3010/553 3986/3010/553
f 3462/3010/555 3461/3010/555 3788/3010/555 3789/3010/555
f 3660/3010/554 3659/3010/554 3986/3010/554 3987/3010/554
f 3562/3010/541 3563/3010/541 3890/3010/541 3889/3010/541
f 3463/3010/556 3462/3010/556 3789/3010/556 3790/3010/556
f 3661/3010/555 3660/3010/555 3987/3010/555 3988/3010/555
f 3564/3010/544 3562/3010/544 3889/3010/544 3891/3010/544
f 3464/3010/557 3463/3010/557 3790/3010/557 3791/3010/557
f 3662/3010/556 3661/3010/556 3988/3010/556 3989/3010/556
f 3565/3010/544 3564/3010/544 3891/3010/544 3892/3010/544
f 3465/3010/558 3464/3010/558 3791/3010/558 3792/3010/558
f 3663/3010/557 3662/3010/557 3989/3010/557 3990/3010/557
f 3466/3010/537 3465/3010/537 3792/3010/537 3793/3010/537
f 3664/3010/558 3663/3010/558 3990/3010/558 3991/3010/558
f 3566/3010/552 3567/3010/552 3894/3010/552 3893/3010/552
f 3467/3010/533 3466/3010/533 3793/3010/533 3794/3010/533
f 3665/3010/537 3664/3010/537 3991/3010/537 3992/3010/537
f 3568/3010/553 3566/3010/553 3893/3010/553 3895/3010/553
f 3468/3010/529 3467/3010/529 3794/3010/529 3795/3010/529
f 3666/3010/533 3665/3010/533 3992/3010/533 3993/3010/533
f 3569/3010/554 3568/3010/554 3895/3010/554 3896/3010/554
f 3469/3010/538 3468/3010/538 3795/3010/538 3796/3010/538
f 3667/3010/529 3666/3010/529 3993/3010/529 3994/3010/529
f 3570/3249/555 3569/3250/555 3896/3251/555 3897/3252/555
f 3470/3010/541 3469/3010/541 3796/3010/541 3797/3010/541
f 3668/3010/529 3667/3010/529 3994/3010/529 3995/3010/529
f 3571/3253/556 3570/3249/556 3897/3252/556 3898/3254/556
f 3471/3010/544 3470/3010/544 3797/3010/544 3798/3010/544
f 3572/3255/557 3571/3253/557 3898/3254/557 3899/3256/557
f 3472/3010/547 3471/3010/547 3798/3010/547 3799/3010/547
f 3368/3257/550 3370/3179/550 3697/3180/550 3695/3258/550
f 3669/3010/543 3670/3010/543 3997/3010/543 3996/3010/543
f 3573/3010/558 3572/3010/558 3899/3010/558 3900/3010/558
f 3473/3010/548 3472/3010/548 3799/3010/548 3800/3010/548
f 3371/3259/549 3368/3257/549 3695/3258/549 3698/3260/549
f 3671/3010/546 3669/3010/546 3996/3010/546 3998/3010/546
f 3574/3010/537 3573/3010/537 3900/3010/537 3901/3010/537
f 3474/3010/549 3473/3010/549 3800/3010/549 3801/3010/549
f 3372/3261/548 3371/3259/548 3698/3260/548 3699/3262/548
f 3503/3010/545 3671/3010/545 3998/3010/545 3830/3010/545
f 3575/3263/533 3574/3264/533 3901/3265/533 3902/3266/533
f 3475/3010/550 3474/3010/550 3801/3010/550 3802/3010/550
f 3373/3267/547 3372/3261/547 3699/3262/547 3700/3268/547
f 3670/3010/540 3672/3010/540 3999/3010/540 3997/3010/540
f 3576/3269/529 3575/3263/529 3902/3266/529 3903/3270/529
f 3476/3010/551 3475/3010/551 3802/3010/551 3803/3010/551
f 3374/3271/544 3373/3267/544 3700/3268/544 3701/3272/544
f 3672/3010/536 3673/3010/536 4000/3010/536 3999/3010/536
f 3577/3010/538 3576/3010/538 3903/3010/538 3904/3010/538
f 3477/3010/534 3476/3010/534 3803/3010/534 3804/3010/534
f 3375/3273/541 3374/3271/541 3701/3272/541 3702/3274/541
f 3673/3010/532 3674/3010/532 4001/3010/532 4000/3010/532
f 3532/3010/541 3577/3010/541 3904/3010/541 3859/3010/541
f 3478/3010/530 3477/3010/530 3804/3010/530 3805/3010/530
f 3376/3043/538 3375/3275/538 3702/3276/538 3703/3044/538
f 4050/3010/525 4051/3010/525 4052/3010/525 4053/3010/525 4054/3010/525 4055/3010/525 4056/3010/525 4057/3010/525 4058/3010/525 4059/3010/525 4060/3010/525 4061/3010/525 4062/3010/525 4063/3010/525 4064/3010/525 4065/3010/525 4066/3010/525 4068/3010/525 4070/3010/525 4071/3010/525 4072/3010/525 4073/3010/525 4074/3010/525 4075/3010/525 4076/3010/525 4077/3010/525 4078/3010/525 4079/3010/525 4080/3010/525 4081/3010/525 4082/3010/525 4023/3010/525 4022/3010/525 4025/3010/525 4026/3010/525 4027/3010/525 4028/3010/525 4029/3010/525 4030/3010/525 4031/3010/525 4032/3010/525 4034/3010/525 4036/3010/525 4037/3010/525 4038/3010/525 4039/3010/525 4040/3010/525 4041/3010/525 4042/3010/525 4043/3010/525 4044/3010/525 4045/3010/525 4046/3010/525 4048/3010/525
f 4108/3010/525 4110/3010/525 4111/3010/525 4112/3010/525 4113/3010/525 4114/3010/525 4115/3010/525 4116/3010/525 4117/3010/525 4118/3010/525 4119/3010/525 4120/3010/525 4121/3010/525 4122/3010/525 4123/3010/525 4124/3010/525 4125/3010/525 4126/3010/525 4127/3010/525 4128/3010/525 4129/3010/525 4130/3010/525 4131/3010/525 4132/3010/525 4133/3010/525 4134/3010/525 4135/3010/525 4136/3010/525 4137/3010/525 4138/3010/525 4139/3010/525 4140/3010/525 4141/3010/525 4107/3010/525 4142/3010/525 4143/3010/525 4144/3010/525 4145/3010/525 4146/3010/525 4049/3010/525 4047/3010/525 4147/3010/525 4148/3010/525 4149/3010/525 4150/3010/525 4151/3010/525 4152/3010/525 4153/3010/525 4154/3010/525 4156/3010/525 4158/3010/525 4159/3010/525 4160/3010/525 4161/3010/525 4162/3010/525 4163/3010/525 4164/3010/525 4165/3010/525 4166/3010/525 4167/3010/525 4168/3010/525 4169/3010/525 4170/3010/525 4171/3010/525 4172/3010/525 4173/3010/525 4174/3010/525 4175/3010/525 4176/3010/525 4177/3010/525 4178/3010/525 4180/3010/525 4182/3010/525 4183/3010/525 4184/3010/525 4185/3010/525 4186/3010/525 4250/3010/525 4249/3010/525 4248/3010/525 4247/3010/525 4246/3010/525 4245/3010/525 4244/3010/525 4243/3010/525 4242/3010/525 4241/3010/525 4240/3010/525 4239/3010/525 4238/3010/525 4237/3010/525 4236/3010/525 4235/3010/525 4234/3010/525 4233/3010/525 4232/3010/525 4221/3010/525 4220/3010/525 4218/3010/525 4219/3010/525 4251/3010/525 4252/3010/525 4253/3010/525 4254/3010/525 4255/3010/525 4256/3010/525 4257/3010/525 4258/3010/525 4259/3010/525 4260/3010/525 4261/3010/525 4262/3010/525 4263/3010/525 4264/3010/525 4265/3010/525 4266/3010/525 4267/3010/525 4268/3010/525 4269/3010/525 4270/3010/525 4271/3010/525 4272/3010/525 4273/3010/525 4274/3010/525 4281/3010/525 4284/3010/525 4024/3010/525 4022/3010/525 4023/3010/525 4099/3010/525 4098/3010/525 4097/3010/525 4096/3010/525 4095/3010/525 4094/3010/525 4093/3010/525 4092/3010/525 4091/3010/525 4090/3010/525 4089/3010/525 4088/3010/525 4087/3010/525 4086/3010/525 4085/3010/525 4084/3010/525 4083/3010/525 4069/3010/525 4068/3010/525 4066/3010/525 4067/3010/525 4100/3010/525 4101/3010/525 4102/3010/525 4103/3010/525 4104/3010/525 4105/3010/525 4106/3010/525
f 4301/3010/525 4302/3010/525 4303/3010/525 4304/3010/525 4305/3010/525 4306/3010/525 4307/3010/525 4308/3010/525 4309/3010/525 4310/3010/525 4311/3010/525 4312/3010/525 4313/3010/525 4314/3010/525 4315/3010/525 4316/3010/525 4317/3010/525 4318/3010/525 4319/3010/525 4320/3010/525 4321/3010/525 4323/3010/525 4325/3010/525 4157/3010/525 4156/3010/525 4154/3010/525 4155/3010/525 4340/3010/525 4341/3010/525 4342/3010/525 4343/3010/525 4344/3010/525 4345/3010/525 4346/3010/525 4347/3010/525 4348/3010/525 4035/3010/525 4034/3010/525 4032/3010/525 4033/3010/525 4299/3010/525 4298/3010/525 4296/3010/525 4297/3010/525
f 4049/3010/525 4048/3010/525 4046/3010/525 4047/3010/525
f 4141/3010/525 4109/3010/525 4108/3010/525 4106/3010/525 4107/3010/525
f 4179/3010/525 4330/3010/525 4329/3010/525 4328/3010/525 4327/3010/525 4326/3010/525 4324/3010/525 4323/3010/525 4321/3010/525 4322/3010/525 4331/3010/525 4332/3010/525 4333/3010/525 4334/3010/525 4335/3010/525 4336/3010/525 4337/3010/525 4338/3010/525 4339/3010/525 4300/3010/525 4297/3010/525 4296/3010/525 4295/3010/525 4294/3010/525 4181/3010/525 4180/3010/525 4178/3010/525
f 4194/3010/525 4195/3010/525 4196/3010/525 4197/3010/525 4198/3010/525 4199/3010/525 4200/3010/525 4201/3010/525 4202/3010/525 4203/3010/525 4204/3010/525 4205/3010/525 4206/3010/525 4207/3010/525 4208/3010/525 4209/3010/525 4210/3010/525 4211/3010/525 4212/3010/525 4213/3010/525 4214/3010/525 4216/3010/525 4218/3010/525 4220/3010/525 4222/3010/525 4223/3010/525 4224/3010/525 4225/3010/525 4226/3010/525 4227/3010/525 4228/3010/525 4229/3010/525 4230/3010/525 4231/3010/525 4186/3010/525 4185/3010/525 4187/3010/525 4188/3010/525 4189/3010/525 4190/3010/525 4192/3010/525
f 4214/3010/525 4215/3010/525 4285/3010/525 4286/3010/525 4287/3010/525 4288/3010/525 4289/3010/525 4290/3010/525 4291/3010/525 4292/3010/525 4293/3010/525 4193/3010/525 4192/3010/525 4190/3010/525 4191/3010/525 4283/3010/525 4282/3010/525 4274/3010/525 4273/3010/525 4275/3010/525 4276/3010/525 4277/3010/525 4278/3010/525 4279/3010/525 4280/3010/525 4217/3010/525 4216/3010/525
f 4377/3010/526 4375/3010/526 4373/3010/526 4372/3010/526 4371/3010/526 4370/3010/526 4369/3010/526 4368/3010/526 4367/3010/526 4366/3010/526 4365/3010/526 4364/3010/526 4363/3010/526 4361/3010/526 4359/3010/526 4358/3010/526 4357/3010/526 4356/3010/526 4355/3010/526 4354/3010/526 4353/3010/526 4352/3010/526 4349/3010/526 4350/3010/526 4409/3010/526 4408/3010/526 4407/3010/526 4406/3010/526 4405/3010/526 4404/3010/526 4403/3010/526 4402/3010/526 4401/3010/526 4400/3010/526 4399/3010/526 4398/3010/526 4397/3010/526 4395/3010/526 4393/3010/526 4392/3010/526 4391/3010/526 4390/3010/526 4389/3010/526 4388/3010/526 4387/3010/526 4386/3010/526 4385/3010/526 4384/3010/526 4383/3010/526 4382/3010/526 4381/3010/526 4380/3010/526 4379/3010/526 4378/3010/526
f 4435/3010/526 4433/3010/526 4432/3010/526 4431/3010/526 4430/3010/526 4429/3010/526 4428/3010/526 4427/3010/526 4394/3010/526 4393/3010/526 4395/3010/526 4396/3010/526 4410/3010/526 4411/3010/526 4412/3010/526 4413/3010/526 4414/3010/526 4415/3010/526 4416/3010/526 4417/3010/526 4418/3010/526 4419/3010/526 4420/3010/526 4421/3010/526 4422/3010/526 4423/3010/526 4424/3010/526 4425/3010/526 4426/3010/526 4350/3010/526 4349/3010/526 4351/3010/526 4611/3010/526 4608/3010/526 4601/3010/526 4600/3010/526 4599/3010/526 4598/3010/526 4597/3010/526 4596/3010/526 4595/3010/526 4594/3010/526 4593/3010/526 4592/3010/526 4591/3010/526 4590/3010/526 4589/3010/526 4588/3010/526 4587/3010/526 4586/3010/526 4585/3010/526 4584/3010/526 4583/3010/526 4582/3010/526 4581/3010/526 4580/3010/526 4579/3010/526 4578/3010/526 4546/3010/526 4545/3010/526 4547/3010/526 4548/3010/526 4559/3010/526 4560/3010/526 4561/3010/526 4562/3010/526 4563/3010/526 4564/3010/526 4565/3010/526 4566/3010/526 4567/3010/526 4568/3010/526 4569/3010/526 4570/3010/526 4571/3010/526 4572/3010/526 4573/3010/526 4574/3010/526 4575/3010/526 4576/3010/526 4577/3010/526 4513/3010/526 4512/3010/526 4511/3010/526 4510/3010/526 4509/3010/526 4507/3010/526 4505/3010/526 4504/3010/526 4503/3010/526 4502/3010/526 4501/3010/526 4500/3010/526 4499/3010/526 4498/3010/526 4497/3010/526 4496/3010/526 4495/3010/526 4494/3010/526 4493/3010/526 4492/3010/526 4491/3010/526 4490/3010/526 4489/3010/526 4488/3010/526 4487/3010/526 4486/3010/526 4485/3010/526 4483/3010/526 4481/3010/526 4480/3010/526 4479/3010/526 4478/3010/526 4477/3010/526 4476/3010/526 4475/3010/526 4474/3010/526 4374/3010/526 4376/3010/526 4473/3010/526 4472/3010/526 4471/3010/526 4470/3010/526 4469/3010/526 4434/3010/526 4468/3010/526 4467/3010/526 4466/3010/526 4465/3010/526 4464/3010/526 4463/3010/526 4462/3010/526 4461/3010/526 4460/3010/526 4459/3010/526 4458/3010/526 4457/3010/526 4456/3010/526 4455/3010/526 4454/3010/526 4453/3010/526 4452/3010/526 4451/3010/526 4450/3010/526 4449/3010/526 4448/3010/526 4447/3010/526 4446/3010/526 4445/3010/526 4444/3010/526 4443/3010/526 4442/3010/526 4441/3010/526 4440/3010/526 4439/3010/526 4438/3010/526 4437/3010/526
f 4628/3010/526 4624/3010/526 4623/3010/526 4625/3010/526 4626/3010/526 4360/3010/526 4359/3010/526 4361/3010/526 4362/3010/526 4675/3010/526 4674/3010/526 4673/3010/526 4672/3010/526 4671/3010/526 4670/3010/526 4669/3010/526 4668/3010/526 4667/3010/526 4482/3010/526 4481/3010/526 4483/3010/526 4484/3010/526 4652/3010/526 4650/3010/526 4648/3010/526 4647/3010/526 4646/3010/526 4645/3010/526 4644/3010/526 4643/3010/526 4642/3010/526 4641/3010/526 4640/3010/526 4639/3010/526 4638/3010/526 4637/3010/526 4636/3010/526 4635/3010/526 4634/3010/526 4633/3010/526 4632/3010/526 4631/3010/526 4630/3010/526 4629/3010/526
f 4376/3010/526 4374/3010/526 4373/3010/526 4375/3010/526
f 4468/3010/526 4434/3010/526 4433/3010/526 4435/3010/526 4436/3010/526
f 4506/3010/526 4505/3010/526 4507/3010/526 4508/3010/526 4621/3010/526 4622/3010/526 4623/3010/526 4624/3010/526 4627/3010/526 4666/3010/526 4665/3010/526 4664/3010/526 4663/3010/526 4662/3010/526 4661/3010/526 4660/3010/526 4659/3010/526 4658/3010/526 4649/3010/526 4648/3010/526 4650/3010/526 4651/3010/526 4653/3010/526 4654/3010/526 4655/3010/526 4656/3010/526 4657/3010/526
f 4521/3010/526 4519/3010/526 4517/3010/526 4516/3010/526 4515/3010/526 4514/3010/526 4512/3010/526 4513/3010/526 4558/3010/526 4557/3010/526 4556/3010/526 4555/3010/526 4554/3010/526 4553/3010/526 4552/3010/526 4551/3010/526 4550/3010/526 4549/3010/526 4547/3010/526 4545/3010/526 4543/3010/526 4541/3010/526 4540/3010/526 4539/3010/526 4538/3010/526 4537/3010/526 4536/3010/526 4535/3010/526 4534/3010/526 4533/3010/526 4532/3010/526 4531/3010/526 4530/3010/526 4529/3010/526 4528/3010/526 4527/3010/526 4526/3010/526 4525/3010/526 4524/3010/526 4523/3010/526 4522/3010/526
f 4541/3010/526 4543/3010/526 4544/3010/526 4607/3010/526 4606/3010/526 4605/3010/526 4604/3010/526 4603/3010/526 4602/3010/526 4600/3010/526 4601/3010/526 4609/3010/526 4610/3010/526 4518/3010/526 4517/3010/526 4519/3010/526 4520/3010/526 4620/3010/526 4619/3010/526 4618/3010/526 4617/3010/526 4616/3010/526 4615/3010/526 4614/3010/526 4613/3010/526 4612/3010/526 4542/3010/526
f 4328/3010/527 4329/3010/527 4656/3010/527 4655/3010/527
f 4221/3010/528 4232/3010/528 4559/3010/528 4548/3010/528
f 4133/3010/527 4132/3010/527 4459/3010/527 4460/3010/527
f 4031/3277/529 4030/3278/529 4357/3279/529 4358/3280/529
f 4329/3010/530 4330/3010/530 4657/3010/530 4656/3010/530
f 4232/3010/531 4233/3010/531 4560/3010/531 4559/3010/531
f 4134/3010/532 4133/3010/532 4460/3010/532 4461/3010/532
f 4032/3281/533 4031/3277/533 4358/3280/533 4359/3282/533
f 4330/3010/534 4179/3010/534 4506/3010/534 4657/3010/534
f 4233/3010/535 4234/3010/535 4561/3010/535 4560/3010/535
f 4135/3010/536 4134/3010/536 4461/3010/536 4462/3010/536
f 4033/3283/537 4032/3281/537 4359/3282/537 4360/3284/537
f 4331/3010/538 4322/3010/538 4649/3010/538 4658/3010/538
f 4234/3010/539 4235/3010/539 4562/3010/539 4561/3010/539
f 4136/3010/540 4135/3010/540 4462/3010/540 4463/3010/540
f 4332/3010/541 4331/3010/541 4658/3010/541 4659/3010/541
f 4235/3010/542 4236/3010/542 4563/3010/542 4562/3010/542
f 4137/3010/543 4136/3010/543 4463/3010/543 4464/3010/543
f 4034/3010/540 4035/3010/540 4362/3010/540 4361/3010/540
f 4333/3010/544 4332/3010/544 4659/3010/544 4660/3010/544
f 4236/3010/545 4237/3010/545 4564/3010/545 4563/3010/545
f 4138/3010/546 4137/3010/546 4464/3010/546 4465/3010/546
f 4036/3010/543 4034/3010/543 4361/3010/543 4363/3010/543
f 4334/3010/547 4333/3010/547 4660/3010/547 4661/3010/547
f 4237/3010/546 4238/3010/546 4565/3010/546 4564/3010/546
f 4139/3010/545 4138/3010/545 4465/3010/545 4466/3010/545
f 4037/3010/546 4036/3010/546 4363/3010/546 4364/3010/546
f 4335/3010/548 4334/3010/548 4661/3010/548 4662/3010/548
f 4238/3010/543 4239/3010/543 4566/3010/543 4565/3010/543
f 4140/3010/542 4139/3010/542 4466/3010/542 4467/3010/542
f 4038/3010/545 4037/3010/545 4364/3010/545 4365/3010/545
f 4336/3010/549 4335/3010/549 4662/3010/549 4663/3010/549
f 4239/3010/540 4240/3010/540 4567/3010/540 4566/3010/540
f 4141/3010/539 4140/3010/539 4467/3010/539 4468/3010/539
f 4039/3010/542 4038/3010/542 4365/3010/542 4366/3010/542
f 4337/3010/550 4336/3010/550 4663/3010/550 4664/3010/550
f 4240/3010/536 4241/3010/536 4568/3010/536 4567/3010/536
f 4109/3010/539 4141/3010/539 4468/3010/539 4436/3010/539
f 4040/3010/539 4039/3010/539 4366/3010/539 4367/3010/539
f 4338/3010/551 4337/3010/551 4664/3010/551 4665/3010/551
f 4241/3010/532 4242/3010/532 4569/3010/532 4568/3010/532
f 4041/3010/535 4040/3010/535 4367/3010/535 4368/3010/535
f 4339/3010/534 4338/3010/534 4665/3010/534 4666/3010/534
f 4242/3010/527 4243/3010/527 4570/3010/527 4569/3010/527
f 4142/3010/544 4107/3010/544 4434/3010/544 4469/3010/544
f 4042/3010/531 4041/3010/531 4368/3010/531 4369/3010/531
f 4300/3010/530 4339/3010/530 4666/3010/530 4627/3010/530
f 4243/3010/530 4244/3010/530 4571/3010/530 4570/3010/530
f 4143/3010/547 4142/3010/547 4469/3010/547 4470/3010/547
f 4043/3010/528 4042/3010/528 4369/3010/528 4370/3010/528
f 4340/3010/547 4155/3010/547 4482/3010/547 4667/3010/547
f 4244/3010/534 4245/3010/534 4572/3010/534 4571/3010/534
f 4144/3010/548 4143/3010/548 4470/3010/548 4471/3010/548
f 4044/3285/552 4043/3286/552 4370/3287/552 4371/3288/552
f 4341/3010/548 4340/3010/548 4667/3010/548 4668/3010/548
f 4245/3010/551 4246/3010/551 4573/3010/551 4572/3010/551
f 4145/3010/549 4144/3010/549 4471/3010/549 4472/3010/549
f 4045/3289/553 4044/3285/553 4371/3288/553 4372/3290/553
f 4342/3010/549 4341/3010/549 4668/3010/549 4669/3010/549
f 4246/3010/550 4247/3010/550 4574/3010/550 4573/3010/550
f 4146/3010/550 4145/3010/550 4472/3010/550 4473/3010/550
f 4046/3010/554 4045/3010/554 4372/3010/554 4373/3010/554
f 4343/3010/550 4342/3010/550 4669/3010/550 4670/3010/550
f 4247/3010/549 4248/3010/549 4575/3010/549 4574/3010/549
f 4049/3010/551 4146/3010/551 4473/3010/551 4376/3010/551
f 4047/3010/555 4046/3010/555 4373/3010/555 4374/3010/555
f 4344/3010/551 4343/3010/551 4670/3010/551 4671/3010/551
f 4248/3010/548 4249/3010/548 4576/3010/548 4575/3010/548
f 4345/3010/534 4344/3010/534 4671/3010/534 4672/3010/534
f 4249/3010/547 4250/3010/547 4577/3010/547 4576/3010/547
f 4147/3010/556 4047/3010/556 4374/3010/556 4474/3010/556
f 4048/3010/534 4049/3010/534 4376/3010/534 4375/3010/534
f 4346/3010/530 4345/3010/530 4672/3010/530 4673/3010/530
f 4250/3010/544 4186/3010/544 4513/3010/544 4577/3010/544
f 4148/3010/557 4147/3010/557 4474/3010/557 4475/3010/557
f 4050/3010/534 4048/3010/534 4375/3010/534 4377/3010/534
f 4347/3010/527 4346/3010/527 4673/3010/527 4674/3010/527
f 4251/3010/547 4219/3010/547 4546/3010/547 4578/3010/547
f 4149/3010/558 4148/3010/558 4475/3010/558 4476/3010/558
f 4051/3010/530 4050/3010/530 4377/3010/530 4378/3010/530
f 4348/3010/532 4347/3010/532 4674/3010/532 4675/3010/532
f 4252/3010/548 4251/3010/548 4578/3010/548 4579/3010/548
f 4150/3010/537 4149/3010/537 4476/3010/537 4477/3010/537
f 4052/3010/527 4051/3010/527 4378/3010/527 4379/3010/527
f 4035/3010/536 4348/3010/536 4675/3010/536 4362/3010/536
f 4253/3010/549 4252/3010/549 4579/3010/549 4580/3010/549
f 4151/3010/533 4150/3010/533 4477/3010/533 4478/3010/533
f 4053/3291/532 4052/3292/532 4379/3293/532 4380/3294/532
f 4254/3010/550 4253/3010/550 4580/3010/550 4581/3010/550
f 4152/3010/529 4151/3010/529 4478/3010/529 4479/3010/529
f 4054/3010/536 4053/3010/536 4380/3010/536 4381/3010/536
f 4255/3010/551 4254/3010/551 4581/3010/551 4582/3010/551
f 4153/3010/538 4152/3010/538 4479/3010/538 4480/3010/538
f 4055/3010/540 4054/3010/540 4381/3010/540 4382/3010/540
f 4256/3010/534 4255/3010/534 4582/3010/534 4583/3010/534
f 4154/3010/541 4153/3010/541 4480/3010/541 4481/3010/541
f 4056/3295/543 4055/3296/543 4382/3297/543 4383/3298/543
f 4257/3010/530 4256/3010/530 4583/3010/530 4584/3010/530
f 4155/3010/544 4154/3010/544 4481/3010/544 4482/3010/544
f 4057/3299/546 4056/3295/546 4383/3298/546 4384/3300/546
f 4258/3010/527 4257/3010/527 4584/3010/527 4585/3010/527
f 4058/3301/545 4057/3299/545 4384/3300/545 4385/3302/545
f 4259/3010/532 4258/3010/532 4585/3010/532 4586/3010/532
f 4156/3010/542 4157/3010/542 4484/3010/542 4483/3010/542
f 4059/3010/542 4058/3010/542 4385/3010/542 4386/3010/542
f 4260/3010/536 4259/3010/536 4586/3010/536 4587/3010/536
f 4158/3010/539 4156/3010/539 4483/3010/539 4485/3010/539
f 4060/3010/539 4059/3010/539 4386/3010/539 4387/3010/539
f 4261/3010/540 4260/3010/540 4587/3010/540 4588/3010/540
f 4159/3010/535 4158/3010/535 4485/3010/535 4486/3010/535
f 4061/3303/535 4060/3304/535 4387/3305/535 4388/3306/535
f 4262/3010/543 4261/3010/543 4588/3010/543 4589/3010/543
f 4160/3010/531 4159/3010/531 4486/3010/531 4487/3010/531
f 4062/3307/531 4061/3303/531 4388/3306/531 4389/3308/531
f 4263/3010/546 4262/3010/546 4589/3010/546 4590/3010/546
f 4161/3010/528 4160/3010/528 4487/3010/528 4488/3010/528
f 4063/3309/528 4062/3307/528 4389/3308/528 4390/3310/528
f 4264/3010/545 4263/3010/545 4590/3010/545 4591/3010/545
f 4162/3010/552 4161/3010/552 4488/3010/552 4489/3010/552
f 4064/3010/552 4063/3010/552 4390/3010/552 4391/3010/552
f 4265/3010/542 4264/3010/542 4591/3010/542 4592/3010/542
f 4163/3010/553 4162/3010/553 4489/3010/553 4490/3010/553
f 4065/3010/553 4064/3010/553 4391/3010/553 4392/3010/553
f 4266/3010/539 4265/3010/539 4592/3010/539 4593/3010/539
f 4164/3010/554 4163/3010/554 4490/3010/554 4491/3010/554
f 4066/3010/554 4065/3010/554 4392/3010/554 4393/3010/554
f 4267/3010/535 4266/3010/535 4593/3010/535 4594/3010/535
f 4165/3010/555 4164/3010/555 4491/3010/555 4492/3010/555
f 4067/3010/555 4066/3010/555 4393/3010/555 4394/3010/555
f 4268/3010/531 4267/3010/531 4594/3010/531 4595/3010/531
f 4166/3010/556 4165/3010/556 4492/3010/556 4493/3010/556
f 4269/3010/528 4268/3010/528 4595/3010/528 4596/3010/528
f 4167/3010/557 4166/3010/557 4493/3010/557 4494/3010/557
f 4068/3010/534 4069/3010/534 4396/3010/534 4395/3010/534
f 4270/3311/552 4269/3312/552 4596/3313/552 4597/3314/552
f 4168/3010/558 4167/3010/558 4494/3010/558 4495/3010/558
f 4070/3010/534 4068/3010/534 4395/3010/534 4397/3010/534
f 4271/3010/553 4270/3010/553 4597/3010/553 4598/3010/553
f 4169/3010/537 4168/3010/537 4495/3010/537 4496/3010/537
f 4071/3010/530 4070/3010/530 4397/3010/530 4398/3010/530
f 4272/3010/554 4271/3010/554 4598/3010/554 4599/3010/554
f 4170/3010/533 4169/3010/533 4496/3010/533 4497/3010/533
f 4072/3010/527 4071/3010/527 4398/3010/527 4399/3010/527
f 4273/3315/555 4272/3316/555 4599/3317/555 4600/3318/555
f 4171/3010/529 4170/3010/529 4497/3010/529 4498/3010/529
f 4073/3010/532 4072/3010/532 4399/3010/532 4400/3010/532
f 4172/3010/538 4171/3010/538 4498/3010/538 4499/3010/538
f 4074/3010/536 4073/3010/536 4400/3010/536 4401/3010/536
f 4275/3319/556 4273/3315/556 4600/3318/556 4602/3320/556
f 4173/3010/541 4172/3010/541 4499/3010/541 4500/3010/541
f 4075/3321/540 4074/3322/540 4401/3323/540 4402/3324/540
f 4276/3010/557 4275/3010/557 4602/3010/557 4603/3010/557
f 4174/3010/544 4173/3010/544 4500/3010/544 4501/3010/544
f 4076/3010/543 4075/3010/543 4402/3010/543 4403/3010/543
f 4277/3010/558 4276/3010/558 4603/3010/558 4604/3010/558
f 4175/3010/547 4174/3010/547 4501/3010/547 4502/3010/547
f 4077/3010/546 4076/3010/546 4403/3010/546 4404/3010/546
f 4278/3325/537 4277/3326/537 4604/3327/537 4605/3328/537
f 4176/3010/548 4175/3010/548 4502/3010/548 4503/3010/548
f 4078/3010/545 4077/3010/545 4404/3010/545 4405/3010/545
f 4279/3216/533 4278/3325/533 4605/3328/533 4606/3217/533
f 4177/3010/549 4176/3010/549 4503/3010/549 4504/3010/549
f 4079/3010/542 4078/3010/542 4405/3010/542 4406/3010/542
f 4280/3010/529 4279/3010/529 4606/3010/529 4607/3010/529
f 4178/3010/550 4177/3010/550 4504/3010/550 4505/3010/550
f 4080/3010/539 4079/3010/539 4406/3010/539 4407/3010/539
f 4217/3010/538 4280/3010/538 4607/3010/538 4544/3010/538
f 4179/3010/551 4178/3010/551 4505/3010/551 4506/3010/551
f 4081/3010/535 4080/3010/535 4407/3010/535 4408/3010/535
f 4281/3329/530 4274/3330/530 4601/3331/530 4608/3332/530
f 4082/3010/531 4081/3010/531 4408/3010/531 4409/3010/531
f 4274/3333/527 4282/3334/527 4609/3335/527 4601/3336/527
f 4180/3337/552 4181/3338/552 4508/3339/552 4507/3340/552
f 4023/3341/528 4082/3342/528 4409/3343/528 4350/3344/528
f 4282/3334/532 4283/3345/532 4610/3346/532 4609/3335/532
f 4182/3347/528 4180/3337/528 4507/3340/528 4509/3348/528
f 4069/3010/551 4083/3010/551 4410/3010/551 4396/3010/551
f 4283/3345/536 4191/3349/536 4518/3350/536 4610/3346/536
f 4183/3351/531 4182/3347/531 4509/3348/531 4510/3352/531
f 4083/3010/550 4084/3010/550 4411/3010/550 4410/3010/550
f 4284/3353/534 4281/3329/534 4608/3332/534 4611/3354/534
f 4184/3355/535 4183/3351/535 4510/3352/535 4511/3356/535
f 4084/3010/549 4085/3010/549 4412/3010/549 4411/3010/549
f 4024/3357/551 4284/3353/551 4611/3354/551 4351/3358/551
f 4185/3275/539 4184/3355/539 4511/3356/539 4512/3276/539
f 4085/3010/548 4086/3010/548 4413/3010/548 4412/3010/548
f 4285/3010/535 4215/3010/535 4542/3010/535 4612/3010/535
f 4086/3010/547 4087/3010/547 4414/3010/547 4413/3010/547
f 4286/3010/531 4285/3010/531 4612/3010/531 4613/3010/531
f 4187/3359/542 4185/3360/542 4512/3361/542 4514/3362/542
f 4087/3010/544 4088/3010/544 4415/3010/544 4414/3010/544
f 4287/3010/528 4286/3010/528 4613/3010/528 4614/3010/528
f 4188/3363/545 4187/3359/545 4514/3362/545 4515/3364/545
f 4088/3010/541 4089/3010/541 4416/3010/541 4415/3010/541
f 4288/3010/552 4287/3010/552 4614/3010/552 4615/3010/552
f 4189/3365/546 4188/3363/546 4515/3364/546 4516/3366/546
f 4089/3010/538 4090/3010/538 4417/3010/538 4416/3010/538
f 4289/3010/553 4288/3010/553 4615/3010/553 4616/3010/553
f 4190/3367/543 4189/3365/543 4516/3366/543 4517/3368/543
f 4090/3010/529 4091/3010/529 4418/3010/529 4417/3010/529
f 4290/3010/554 4289/3010/554 4616/3010/554 4617/3010/554
f 4191/3349/540 4190/3367/540 4517/3368/540 4518/3350/540
f 4091/3010/533 4092/3010/533 4419/3010/533 4418/3010/533
f 4291/3010/555 4290/3010/555 4617/3010/555 4618/3010/555
f 4092/3010/537 4093/3010/537 4420/3010/537 4419/3010/537
f 4292/3010/556 4291/3010/556 4618/3010/556 4619/3010/556
f 4192/3010/537 4193/3010/537 4520/3010/537 4519/3010/537
f 4093/3010/558 4094/3010/558 4421/3010/558 4420/3010/558
f 4293/3369/557 4292/3370/557 4619/3371/557 4620/3372/557
f 4194/3010/533 4192/3010/533 4519/3010/533 4521/3010/533
f 4094/3373/557 4095/3374/557 4422/3375/557 4421/3376/557
f 4193/3377/558 4293/3369/558 4620/3372/558 4520/3378/558
f 4195/3010/529 4194/3010/529 4521/3010/529 4522/3010/529
f 4095/3374/556 4096/3379/556 4423/3380/556 4422/3375/556
f 4181/3338/553 4294/3381/553 4621/3382/553 4508/3339/553
f 4196/3383/538 4195/3384/538 4522/3385/538 4523/3386/538
f 4096/3379/555 4097/3387/555 4424/3388/555 4423/3380/555
f 4294/3381/554 4295/3389/554 4622/3390/554 4621/3382/554
f 4197/3391/541 4196/3392/541 4523/3393/541 4524/3394/541
f 4097/3395/554 4098/3396/554 4425/3397/554 4424/3398/554
f 4295/3399/555 4296/3400/555 4623/3401/555 4622/3402/555
f 4198/3403/559 4197/3391/559 4524/3394/559 4525/3404/559
f 4098/3396/553 4099/3405/553 4426/3406/553 4425/3397/553
f 4199/3407/547 4198/3403/547 4525/3404/547 4526/3408/547
f 4099/3405/552 4023/3341/552 4350/3344/552 4426/3406/552
f 4296/3400/556 4298/3409/556 4625/3410/556 4623/3401/556
f 4200/3010/548 4199/3010/548 4526/3010/548 4527/3010/548
f 4100/3010/556 4067/3010/556 4394/3010/556 4427/3010/556
f 4298/3409/557 4299/3411/557 4626/3412/557 4625/3410/557
f 4201/3010/549 4200/3010/549 4527/3010/549 4528/3010/549
f 4101/3010/557 4100/3010/557 4427/3010/557 4428/3010/557
f 4299/3411/558 4033/3283/558 4360/3284/558 4626/3412/558
f 4202/3010/550 4201/3010/550 4528/3010/550 4529/3010/550
f 4102/3010/558 4101/3010/558 4428/3010/558 4429/3010/558
f 4297/3010/527 4300/3010/527 4627/3010/527 4624/3010/527
f 4203/3010/551 4202/3010/551 4529/3010/551 4530/3010/551
f 4103/3010/537 4102/3010/537 4429/3010/537 4430/3010/537
f 4301/3010/532 4297/3010/532 4624/3010/532 4628/3010/532
f 4204/3010/534 4203/3010/534 4530/3010/534 4531/3010/534
f 4104/3010/533 4103/3010/533 4430/3010/533 4431/3010/533
f 4302/3010/536 4301/3010/536 4628/3010/536 4629/3010/536
f 4205/3010/530 4204/3010/530 4531/3010/530 4532/3010/530
f 4105/3010/529 4104/3010/529 4431/3010/529 4432/3010/529
f 4303/3010/540 4302/3010/540 4629/3010/540 4630/3010/540
f 4206/3010/527 4205/3010/527 4532/3010/527 4533/3010/527
f 4106/3010/538 4105/3010/538 4432/3010/538 4433/3010/538
f 4304/3413/543 4303/3414/543 4630/3415/543 4631/3416/543
f 4207/3010/532 4206/3010/532 4533/3010/532 4534/3010/532
f 4107/3010/541 4106/3010/541 4433/3010/541 4434/3010/541
f 4305/3010/546 4304/3010/546 4631/3010/546 4632/3010/546
f 4208/3010/536 4207/3010/536 4534/3010/536 4535/3010/536
f 4306/3010/545 4305/3010/545 4632/3010/545 4633/3010/545
f 4209/3010/540 4208/3010/540 4535/3010/540 4536/3010/540
f 4108/3010/535 4109/3010/535 4436/3010/535 4435/3010/535
f 4307/3010/542 4306/3010/542 4633/3010/542 4634/3010/542
f 4210/3010/543 4209/3010/543 4536/3010/543 4537/3010/543
f 4110/3010/535 4108/3010/535 4435/3010/535 4437/3010/535
f 4308/3010/539 4307/3010/539 4634/3010/539 4635/3010/539
f 4211/3010/546 4210/3010/546 4537/3010/546 4538/3010/546
f 4111/3010/531 4110/3010/531 4437/3010/531 4438/3010/531
f 4309/3010/535 4308/3010/535 4635/3010/535 4636/3010/535
f 4212/3010/545 4211/3010/545 4538/3010/545 4539/3010/545
f 4112/3010/528 4111/3010/528 4438/3010/528 4439/3010/528
f 4310/3010/531 4309/3010/531 4636/3010/531 4637/3010/531
f 4213/3010/542 4212/3010/542 4539/3010/542 4540/3010/542
f 4113/3010/552 4112/3010/552 4439/3010/552 4440/3010/552
f 4311/3010/528 4310/3010/528 4637/3010/528 4638/3010/528
f 4214/3010/539 4213/3010/539 4540/3010/539 4541/3010/539
f 4114/3010/553 4113/3010/553 4440/3010/553 4441/3010/553
f 4312/3010/552 4311/3010/552 4638/3010/552 4639/3010/552
f 4215/3010/539 4214/3010/539 4541/3010/539 4542/3010/539
f 4115/3010/554 4114/3010/554 4441/3010/554 4442/3010/554
f 4313/3010/553 4312/3010/553 4639/3010/553 4640/3010/553
f 4116/3010/555 4115/3010/555 4442/3010/555 4443/3010/555
f 4314/3010/554 4313/3010/554 4640/3010/554 4641/3010/554
f 4216/3010/541 4217/3010/541 4544/3010/541 4543/3010/541
f 4117/3010/556 4116/3010/556 4443/3010/556 4444/3010/556
f 4315/3010/555 4314/3010/555 4641/3010/555 4642/3010/555
f 4218/3010/544 4216/3010/544 4543/3010/544 4545/3010/544
f 4118/3010/557 4117/3010/557 4444/3010/557 4445/3010/557
f 4316/3010/556 4315/3010/556 4642/3010/556 4643/3010/556
f 4219/3010/544 4218/3010/544 4545/3010/544 4546/3010/544
f 4119/3010/558 4118/3010/558 4445/3010/558 4446/3010/558
f 4317/3010/557 4316/3010/557 4643/3010/557 4644/3010/557
f 4120/3010/537 4119/3010/537 4446/3010/537 4447/3010/537
f 4318/3010/558 4317/3010/558 4644/3010/558 4645/3010/558
f 4220/3010/552 4221/3010/552 4548/3010/552 4547/3010/552
f 4121/3010/533 4120/3010/533 4447/3010/533 4448/3010/533
f 4319/3010/537 4318/3010/537 4645/3010/537 4646/3010/537
f 4222/3010/553 4220/3010/553 4547/3010/553 4549/3010/553
f 4122/3010/529 4121/3010/529 4448/3010/529 4449/3010/529
f 4320/3010/533 4319/3010/533 4646/3010/533 4647/3010/533
f 4223/3010/554 4222/3010/554 4549/3010/554 4550/3010/554
f 4123/3010/538 4122/3010/538 4449/3010/538 4450/3010/538
f 4321/3010/529 4320/3010/529 4647/3010/529 4648/3010/529
f 4224/3010/555 4223/3010/555 4550/3010/555 4551/3010/555
f 4124/3010/541 4123/3010/541 4450/3010/541 4451/3010/541
f 4322/3010/529 4321/3010/529 4648/3010/529 4649/3010/529
f 4225/3010/556 4224/3010/556 4551/3010/556 4552/3010/556
f 4125/3010/544 4124/3010/544 4451/3010/544 4452/3010/544
f 4226/3010/557 4225/3010/557 4552/3010/557 4553/3010/557
f 4126/3010/547 4125/3010/547 4452/3010/547 4453/3010/547
f 4022/3417/550 4024/3357/550 4351/3358/550 4349/3418/550
f 4323/3010/543 4324/3010/543 4651/3010/543 4650/3010/543
f 4227/3010/558 4226/3010/558 4553/3010/558 4554/3010/558
f 4127/3010/548 4126/3010/548 4453/3010/548 4454/3010/548
f 4025/3419/549 4022/3417/549 4349/3418/549 4352/3420/549
f 4325/3010/546 4323/3010/546 4650/3010/546 4652/3010/546
f 4228/3010/537 4227/3010/537 4554/3010/537 4555/3010/537
f 4128/3010/549 4127/3010/549 4454/3010/549 4455/3010/549
f 4026/3421/548 4025/3419/548 4352/3420/548 4353/3422/548
f 4157/3010/545 4325/3010/545 4652/3010/545 4484/3010/545
f 4229/3423/533 4228/3424/533 4555/3425/533 4556/3426/533
f 4129/3010/550 4128/3010/550 4455/3010/550 4456/3010/550
f 4027/3427/547 4026/3421/547 4353/3422/547 4354/3428/547
f 4324/3010/540 4326/3010/540 4653/3010/540 4651/3010/540
f 4230/3429/529 4229/3423/529 4556/3426/529 4557/3430/529
f 4130/3010/551 4129/3010/551 4456/3010/551 4457/3010/551
f 4028/3431/544 4027/3427/544 4354/3428/544 4355/3432/544
f 4326/3010/536 4327/3010/536 4654/3010/536 4653/3010/536
f 4231/3010/538 4230/3010/538 4557/3010/538 4558/3010/538
f 4131/3010/534 4130/3010/534 4457/3010/534 4458/3010/534
f 4029/3433/541 4028/3431/541 4355/3432/541 4356/3434/541
f 4327/3010/532 4328/3010/532 4655/3010/532 4654/3010/532
f 4186/3010/541 4231/3010/541 4558/3010/541 4513/3010/541
f 4132/3010/530 4131/3010/530 4458/3010/530 4459/3010/530
f 4030/3278/538 4029/3435/538 4356/3436/538 4357/3279/538
o Cylinder.017
v -1.159457 -0.448779 -0.022978
v -1.078543 -0.457341 -0.023099
v -1.159599 -0.448779 -0.117473
v -1.078685 -0.457341 -0.117594
v -1.154752 0.220759 -0.117480
v -1.154610 0.220759 -0.022985
vn -0.1052 -0.9944 0.0002
vn 0.9938 0.1115 -0.0015
vn 0.0015 -0.0000 1.0000
vn -1.0000 0.0072 0.0015
vn -0.0015 -0.0000 -1.0000
vt 0.375000 0.750000
vt 0.625000 0.750000
vt 0.875000 0.750000
vt 0.375000 0.000000
vt 0.625000 0.500000
vt 0.875000 0.500000
s 0
usemtl Circle
f 4678/3437/560 4679/3438/560 4677/3439/560 4676/3440/560
f 4680/3441/561 4681/3442/561 4677/3439/561 4679/3438/561
f 4677/3439/562 4681/3442/562 4676/3440/562
f 4678/3437/563 4676/3440/563 4681/3442/563 4680/3441/563
f 4678/3437/564 4680/3441/564 4679/3438/564
o Cylinder.018
v -0.625489 -0.448779 -0.118272
v -0.706403 -0.457341 -0.118151
v -0.625347 -0.448779 -0.023776
v -0.706261 -0.457341 -0.023655
v -0.630194 0.220759 -0.023769
v -0.630336 0.220759 -0.118265
vn 0.1052 -0.9944 -0.0002
vn -0.9938 0.1115 0.0015
vn -0.0015 -0.0000 -1.0000
vn 1.0000 0.0072 -0.0015
vn 0.0015 -0.0000 1.0000
vt 0.375000 0.750000
vt 0.625000 0.750000
vt 0.875000 0.750000
vt 0.375000 0.000000
vt 0.625000 0.500000
vt 0.875000 0.500000
s 0
usemtl Handel2
f 4684/3443/565 4685/3444/565 4683/3445/565 4682/3446/565
f 4686/3447/566 4687/3448/566 4683/3445/566 4685/3444/566
f 4683/3445/567 4687/3448/567 4682/3446/567
f 4684/3443/568 4682/3446/568 4687/3448/568 4686/3447/568
f 4684/3443/569 4686/3447/569 4685/3444/569
o Cylinder.019
v -0.629371 0.190528 -0.019891
v -1.156142 0.190528 -0.019103
v -0.629372 0.180774 -0.020851
v -1.156144 0.180774 -0.020064
v -0.629376 0.171394 -0.023697
v -1.156148 0.171394 -0.022909
v -0.629383 0.162750 -0.028317
v -1.156155 0.162750 -0.027529
v -0.629392 0.155173 -0.034535
v -1.156164 0.155173 -0.033747
v -0.629404 0.148955 -0.042112
v -1.156176 0.148955 -0.041324
v -0.629417 0.144334 -0.050756
v -1.156188 0.144334 -0.049969
v -0.629431 0.141489 -0.060136
v -1.156203 0.141489 -0.059348
v -0.629445 0.140528 -0.069891
v -1.156217 0.140528 -0.069103
v -0.629460 0.141489 -0.079645
v -1.156232 0.141489 -0.078857
v -0.629474 0.144334 -0.089025
v -1.156246 0.144334 -0.088237
v -0.629487 0.148955 -0.097669
v -1.156259 0.148955 -0.096881
v -0.629498 0.155173 -0.105246
v -1.156270 0.155173 -0.104458
v -0.629507 0.162750 -0.111464
v -1.156279 0.162750 -0.110676
v -0.629514 0.171394 -0.116084
v -1.156286 0.171394 -0.115297
v -0.629519 0.180774 -0.118930
v -1.156291 0.180774 -0.118142
v -0.629520 0.190528 -0.119890
v -1.156292 0.190528 -0.119103
v -0.629519 0.200283 -0.118930
v -1.156291 0.200283 -0.118142
v -0.629514 0.209662 -0.116084
v -1.156286 0.209662 -0.115297
v -0.629507 0.218307 -0.111464
v -1.156279 0.218307 -0.110676
v -0.629498 0.225884 -0.105246
v -1.156270 0.225884 -0.104458
v -0.629487 0.232102 -0.097669
v -1.156259 0.232102 -0.096881
v -0.629474 0.236722 -0.089025
v -1.156246 0.236722 -0.088237
v -0.629460 0.239568 -0.079645
v -1.156232 0.239568 -0.078857
v -0.629445 0.240528 -0.069891
v -1.156217 0.240528 -0.069103
v -0.629431 0.239568 -0.060136
v -1.156203 0.239568 -0.059348
v -0.629417 0.236722 -0.050756
v -1.156188 0.236722 -0.049969
v -0.629404 0.232102 -0.042112
v -1.156176 0.232102 -0.041324
v -0.629392 0.225884 -0.034535
v -1.156164 0.225884 -0.033747
v -0.629383 0.218307 -0.028317
v -1.156155 0.218307 -0.027529
v -0.629376 0.209662 -0.023697
v -1.156148 0.209662 -0.022909
v -0.629372 0.200283 -0.020851
v -1.156144 0.200283 -0.020064
vn 0.0015 -0.0980 0.9952
vn 0.0014 -0.2903 0.9569
vn 0.0013 -0.4714 0.8819
vn 0.0012 -0.6344 0.7730
vn 0.0009 -0.7730 0.6344
vn 0.0007 -0.8819 0.4714
vn 0.0004 -0.9569 0.2903
vn 0.0001 -0.9952 0.0980
vn -0.0001 -0.9952 -0.0980
vn -0.0004 -0.9569 -0.2903
vn -0.0007 -0.8819 -0.4714
vn -0.0009 -0.7730 -0.6344
vn -0.0012 -0.6344 -0.7730
vn -0.0013 -0.4714 -0.8819
vn -0.0014 -0.2903 -0.9569
vn -0.0015 -0.0980 -0.9952
vn -0.0015 0.0980 -0.9952
vn -0.0014 0.2903 -0.9569
vn -0.0013 0.4714 -0.8819
vn -0.0012 0.6344 -0.7730
vn -0.0009 0.7730 -0.6344
vn -0.0007 0.8819 -0.4714
vn -0.0004 0.9569 -0.2903
vn -0.0001 0.9952 -0.0980
vn 0.0001 0.9952 0.0980
vn 0.0004 0.9569 0.2903
vn 0.0007 0.8819 0.4714
vn 0.0009 0.7730 0.6344
vn 0.0012 0.6344 0.7730
vn 0.0013 0.4714 0.8819
vn -1.0000 -0.0000 0.0015
vn 0.0014 0.2903 0.9569
vn 0.0015 0.0980 0.9952
vn 1.0000 -0.0000 -0.0015
vt 0.243069 0.997258
vt 0.243069 0.810456
vt 0.261027 0.810456
vt 0.261027 0.997258
vt 0.277943 0.810456
vt 0.277943 0.997258
vt 0.293167 0.810456
vt 0.293167 0.997258
vt 0.000000 0.916606
vt 0.000000 0.729804
vt 0.012947 0.729804
vt 0.012947 0.916606
vt 0.028171 0.729804
vt 0.028171 0.916606
vt 0.045087 0.729804
vt 0.045087 0.916606
vt 0.063045 0.729804
vt 0.063045 0.916606
vt 0.081355 0.729804
vt 0.081355 0.916606
vt 0.099313 0.729804
vt 0.099313 0.916606
vt 0.116229 0.729804
vt 0.116229 0.916606
vt 0.131453 0.729804
vt 0.131453 0.916606
vt 0.144400 0.729804
vt 0.144400 0.916606
vt 0.306114 0.810456
vt 0.306114 0.997258
vt 0.321338 0.810456
vt 0.321338 0.997258
vt 0.338254 0.810456
vt 0.338254 0.997258
vt 0.356212 0.810456
vt 0.356212 0.997258
vt 0.374522 0.810456
vt 0.374522 0.997258
vt 0.392480 0.810456
vt 0.392480 0.997258
vt 0.409396 0.810456
vt 0.409396 0.997258
vt 0.424620 0.810456
vt 0.424620 0.997258
vt 0.866520 0.186802
vt 0.866520 0.000000
vt 0.881744 0.000000
vt 0.881744 0.186802
vt 0.898660 0.000000
vt 0.898660 0.186802
vt 0.916618 0.000000
vt 0.916618 0.186802
vt 0.934927 0.000000
vt 0.934927 0.186802
vt 0.952885 0.000000
vt 0.952885 0.186802
vt 0.969801 0.000000
vt 0.969801 0.186802
vt 0.985025 0.000000
vt 0.985025 0.186802
vt 0.161714 0.997258
vt 0.161714 0.810456
vt 0.174661 0.810456
vt 0.174661 0.997258
vt 0.189885 0.810456
vt 0.189885 0.997258
vt 0.206801 0.810456
vt 0.206801 0.997258
vt 0.755818 0.602003
vt 0.742871 0.589056
vt 0.732699 0.573832
vt 0.725692 0.556916
vt 0.722120 0.538958
vt 0.722120 0.520649
vt 0.725692 0.502691
vt 0.732699 0.485775
vt 0.742871 0.470551
vt 0.755818 0.457604
vt 0.771042 0.447431
vt 0.787958 0.440424
vt 0.805916 0.436852
vt 0.824226 0.436852
vt 0.842184 0.440424
vt 0.859100 0.447431
vt 0.874324 0.457604
vt 0.887271 0.470551
vt 0.897443 0.485775
vt 0.904450 0.502691
vt 0.908022 0.520649
vt 0.908022 0.538958
vt 0.904450 0.556916
vt 0.897443 0.573832
vt 0.887271 0.589056
vt 0.874324 0.602003
vt 0.859100 0.612176
vt 0.842184 0.619183
vt 0.824226 0.622755
vt 0.805916 0.622755
vt 0.787958 0.619183
vt 0.771042 0.612176
vt 0.224759 0.810456
vt 0.224759 0.997258
vt 0.742871 0.775858
vt 0.732699 0.760634
vt 0.725692 0.743718
vt 0.722120 0.725760
vt 0.722120 0.707451
vt 0.725692 0.689493
vt 0.732699 0.672577
vt 0.742871 0.657353
vt 0.755818 0.644406
vt 0.771042 0.634233
vt 0.787958 0.627226
vt 0.805916 0.623654
vt 0.824226 0.623654
vt 0.842184 0.627226
vt 0.859100 0.634233
vt 0.874324 0.644406
vt 0.887271 0.657353
vt 0.897443 0.672577
vt 0.904450 0.689493
vt 0.908022 0.707451
vt 0.908022 0.725760
vt 0.904450 0.743718
vt 0.897443 0.760634
vt 0.887271 0.775858
vt 0.874324 0.788805
vt 0.859100 0.798978
vt 0.842184 0.805984
vt 0.824226 0.809557
vt 0.805916 0.809557
vt 0.787958 0.805984
vt 0.771042 0.798978
vt 0.755818 0.788805
s 0
usemtl Handel2
f 4688/3449/570 4689/3450/570 4691/3451/570 4690/3452/570
f 4690/3452/571 4691/3451/571 4693/3453/571 4692/3454/571
f 4692/3454/572 4693/3453/572 4695/3455/572 4694/3456/572
f 4694/3457/573 4695/3458/573 4697/3459/573 4696/3460/573
f 4696/3460/574 4697/3459/574 4699/3461/574 4698/3462/574
f 4698/3462/575 4699/3461/575 4701/3463/575 4700/3464/575
f 4700/3464/576 4701/3463/576 4703/3465/576 4702/3466/576
f 4702/3466/577 4703/3465/577 4705/3467/577 4704/3468/577
f 4704/3468/578 4705/3467/578 4707/3469/578 4706/3470/578
f 4706/3470/579 4707/3469/579 4709/3471/579 4708/3472/579
f 4708/3472/580 4709/3471/580 4711/3473/580 4710/3474/580
f 4710/3474/581 4711/3473/581 4713/3475/581 4712/3476/581
f 4712/3456/582 4713/3455/582 4715/3477/582 4714/3478/582
f 4714/3478/583 4715/3477/583 4717/3479/583 4716/3480/583
f 4716/3480/584 4717/3479/584 4719/3481/584 4718/3482/584
f 4718/3482/585 4719/3481/585 4721/3483/585 4720/3484/585
f 4720/3484/586 4721/3483/586 4723/3485/586 4722/3486/586
f 4722/3486/587 4723/3485/587 4725/3487/587 4724/3488/587
f 4724/3488/588 4725/3487/588 4727/3489/588 4726/3490/588
f 4726/3490/589 4727/3489/589 4729/3491/589 4728/3492/589
f 4728/3493/590 4729/3494/590 4731/3495/590 4730/3496/590
f 4730/3496/591 4731/3495/591 4733/3497/591 4732/3498/591
f 4732/3498/592 4733/3497/592 4735/3499/592 4734/3500/592
f 4734/3500/593 4735/3499/593 4737/3501/593 4736/3502/593
f 4736/3502/594 4737/3501/594 4739/3503/594 4738/3504/594
f 4738/3504/595 4739/3503/595 4741/3505/595 4740/3506/595
f 4740/3506/596 4741/3505/596 4743/3507/596 4742/3508/596
f 4742/3509/597 4743/3510/597 4745/3511/597 4744/3512/597
f 4744/3512/598 4745/3511/598 4747/3513/598 4746/3514/598
f 4746/3514/599 4747/3513/599 4749/3515/599 4748/3516/599
f 4691/3517/600 4689/3518/600 4751/3519/600 4749/3520/600 4747/3521/600 4745/3522/600 4743/3523/600 4741/3524/600 4739/3525/600 4737/3526/600 4735/3527/600 4733/3528/600 4731/3529/600 4729/3530/600 4727/3531/600 4725/3532/600 4723/3533/600 4721/3534/600 4719/3535/600 4717/3536/600 4715/3537/600 4713/3538/600 4711/3539/600 4709/3540/600 4707/3541/600 4705/3542/600 4703/3543/600 4701/3544/600 4699/3545/600 4697/3546/600 4695/3547/600 4693/3548/600
f 4748/3516/601 4749/3515/601 4751/3549/601 4750/3550/601
f 4750/3550/602 4751/3549/602 4689/3450/602 4688/3449/602
f 4688/3551/603 4690/3552/603 4692/3553/603 4694/3554/603 4696/3555/603 4698/3556/603 4700/3557/603 4702/3558/603 4704/3559/603 4706/3560/603 4708/3561/603 4710/3562/603 4712/3563/603 4714/3564/603 4716/3565/603 4718/3566/603 4720/3567/603 4722/3568/603 4724/3569/603 4726/3570/603 4728/3571/603 4730/3572/603 4732/3573/603 4734/3574/603 4736/3575/603 4738/3576/603 4740/3577/603 4742/3578/603 4744/3579/603 4746/3580/603 4748/3581/603 4750/3582/603
