# Blender 4.4.3
# www.blender.org
mtllib Revolver.mtl
o Circle
v 13.771444 -7.000001 -6.663972
v 13.679851 -7.000001 -13.252848
v 13.680729 -7.000001 -13.189545
v 13.683335 -7.000001 -13.002073
v 13.687568 -7.000001 -12.697636
v 13.693263 -7.000001 -12.287930
v 13.700203 -7.000001 -11.788702
v 13.708121 -7.000001 -11.219137
v 13.725647 -7.000001 -9.958410
v 13.743173 -7.000001 -8.697683
v 13.751091 -7.000001 -8.128119
v 13.758031 -7.000001 -7.628891
v 13.763726 -7.000001 -7.219185
v 13.767959 -7.000001 -6.914747
v 13.770565 -7.000001 -6.727274
v 16.271202 -7.000001 -6.698723
v 16.179607 -7.000001 -13.287598
v 16.180489 -7.000001 -13.224297
v 16.183094 -7.000001 -13.036823
v 16.187326 -7.000001 -12.732386
v 16.193022 -7.000001 -12.322680
v 16.225407 -7.000001 -9.993160
v 16.234341 -7.000001 -9.350447
v 16.242931 -7.000001 -8.732433
v 16.250849 -7.000001 -8.162868
v 16.257790 -7.000001 -7.663641
v 16.263485 -7.000001 -7.253936
v 16.267717 -7.000001 -6.949497
v 16.270323 -7.000001 -6.762025
v 16.225407 -7.000001 -9.993160
v 13.725647 -7.000001 -9.958410
vn -0.0000 1.0000 -0.0000
vn -0.0000 0.9401 -0.3408
vn -0.0000 0.3838 -0.9234
vn -0.0000 -0.7571 -0.6534
vn -0.0000 -0.3936 -0.9193
vn -0.0000 -1.0000 -0.0000
vt 0.000000 0.000000
s 1
usemtl iron
f 10/1/1 11/1/1 25/1/1 24/1/1
f 11/1/1 12/1/1 26/1/1 25/1/1
f 12/1/1 13/1/1 27/1/1 26/1/1
f 13/1/1 14/1/1 28/1/1 27/1/1
f 2/1/2 3/1/1 18/1/1 17/1/3
f 14/1/1 15/1/1 29/1/1 28/1/1
f 3/1/1 4/1/1 19/1/1 18/1/1
f 15/1/1 1/1/4 16/1/5 29/1/1
f 4/1/1 5/1/1 20/1/1 19/1/1
f 5/1/1 6/1/1 21/1/1 20/1/1
f 30/1/6 31/1/6 2/1/2 17/1/3
f 16/1/5 1/1/4 31/1/6 30/1/6
l 6 7
l 7 8
l 22 23
l 23 24
l 9 22
l 9 31
o Circle.001
v 13.771444 -7.000001 -6.663972
v 13.725647 -3.705241 -9.958410
v 13.679851 -7.000001 -13.252848
v 13.680729 -7.642777 -13.189545
v 13.683335 -8.260851 -13.002073
v 13.687568 -8.830472 -12.697636
v 13.693263 -9.329748 -12.287930
v 13.700203 -9.739493 -11.788702
v 13.708121 -10.043962 -11.219137
v 13.716713 -10.231453 -10.601122
v 13.725647 -10.294761 -9.958410
v 13.734582 -10.231453 -9.315697
v 13.743173 -10.043962 -8.697683
v 13.751091 -9.739493 -8.128119
v 13.758031 -9.329748 -7.628891
v 13.763726 -8.830472 -7.219185
v 13.767959 -8.260851 -6.914747
v 13.770565 -7.642777 -6.727274
v 16.271202 -7.000001 -6.698723
v 16.179607 -7.000001 -13.287598
v 16.180489 -7.642777 -13.224297
v 16.183094 -8.260851 -13.036823
v 16.187326 -8.830471 -12.732386
v 16.193022 -9.329748 -12.322680
v 16.199963 -9.739493 -11.823452
v 16.207880 -10.043962 -11.253887
v 16.216471 -10.231453 -10.635874
v 16.225407 -10.294761 -9.993160
v 16.234341 -10.231453 -9.350447
v 16.242931 -10.043962 -8.732433
v 16.250851 -9.739493 -8.162868
v 16.257790 -9.329748 -7.663641
v 16.263485 -8.830471 -7.253936
v 16.267717 -8.260851 -6.949497
v 16.270323 -7.642777 -6.762025
v 13.771444 -7.000001 -6.663972
v 13.725647 -3.705241 -9.958410
v 13.679851 -7.000001 -13.252848
v 13.680729 -7.642777 -13.189545
v 13.683335 -8.260851 -13.002073
v 13.687568 -8.830472 -12.697636
v 13.693263 -9.329748 -12.287930
v 13.700203 -9.739493 -11.788702
v 13.708121 -10.043962 -11.219137
v 13.716713 -10.231453 -10.601122
v 13.725647 -10.294761 -9.958410
v 13.734582 -10.231453 -9.315697
v 13.743173 -10.043962 -8.697683
v 13.751091 -9.739493 -8.128119
v 13.758031 -9.329748 -7.628891
v 13.763726 -8.830472 -7.219185
v 13.767959 -8.260851 -6.914747
v 13.770565 -7.642777 -6.727274
v 16.271202 -7.000001 -6.698723
v 16.179607 -7.000001 -13.287598
v 16.180489 -7.642777 -13.224297
v 16.183094 -8.260851 -13.036823
v 16.187326 -8.830471 -12.732386
v 16.193022 -9.329748 -12.322680
v 16.199963 -9.739493 -11.823452
v 16.207880 -10.043962 -11.253887
v 16.216471 -10.231453 -10.635874
v 16.225407 -10.294761 -9.993160
v 16.234341 -10.231453 -9.350447
v 16.242931 -10.043962 -8.732433
v 16.250851 -9.739493 -8.162868
v 16.257790 -9.329748 -7.663641
v 16.263485 -8.830471 -7.253936
v 16.267717 -8.260851 -6.949497
v 16.270323 -7.642777 -6.762025
v 13.771444 -6.500001 -6.663972
v 13.725647 -3.205241 -9.958410
v 13.679851 -6.500001 -13.252848
v 13.680729 -7.142777 -13.189545
v 13.683335 -7.760851 -13.002073
v 13.687568 -8.330472 -12.697636
v 13.693263 -8.829748 -12.287930
v 13.700203 -9.239493 -11.788702
v 13.708121 -9.543962 -11.219137
v 13.716713 -9.731453 -10.601122
v 13.725647 -9.794761 -9.958410
v 13.734582 -9.731453 -9.315697
v 13.743173 -9.543962 -8.697683
v 13.751091 -9.239493 -8.128119
v 13.758031 -8.829748 -7.628891
v 13.763726 -8.330472 -7.219185
v 13.767959 -7.760851 -6.914747
v 13.770565 -7.142777 -6.727274
v 16.271202 -6.500001 -6.698723
v 16.179607 -6.500001 -13.287598
v 16.180489 -7.142777 -13.224297
v 16.183094 -7.760851 -13.036823
v 16.187326 -8.330471 -12.732386
v 16.193022 -8.829748 -12.322680
v 16.199963 -9.239493 -11.823452
v 16.207880 -9.543962 -11.253887
v 16.216471 -9.731453 -10.635874
v 16.225407 -9.794761 -9.993160
v 16.234341 -9.731453 -9.350447
v 16.242931 -9.543962 -8.732433
v 16.250851 -9.239493 -8.162868
v 16.257790 -8.829748 -7.663641
v 16.263485 -8.330471 -7.253936
v 16.267717 -7.760851 -6.949497
v 16.270323 -7.142777 -6.762025
vn -0.0066 -0.8819 -0.4714
vn -0.0040 -0.9569 -0.2903
vn -0.0014 -0.9952 -0.0980
vn 0.0014 -0.9952 0.0980
vn 0.0040 -0.9569 0.2903
vn 0.0066 -0.8819 0.4714
vn 0.0088 -0.7730 0.6343
vn 0.0107 -0.6344 0.7729
vn 0.0123 -0.4714 0.8818
vn -0.0138 -0.0980 -0.9951
vn 0.0133 -0.2903 0.9568
vn -0.0133 -0.2903 -0.9568
vn 0.0138 -0.0980 0.9951
vn -0.0123 -0.4714 -0.8818
vn -0.0107 -0.6344 -0.7729
vn -0.0088 -0.7730 -0.6343
vn -0.9999 -0.0000 0.0139
vn 0.9999 -0.0000 -0.0139
vn 0.0139 -0.0000 0.9999
vn -0.0000 -0.0000 1.0000
vn -0.9999 0.0001 0.0138
vn -0.9999 -0.0001 0.0139
vn -0.9999 -0.0000 0.0140
vn -0.9999 0.0001 0.0139
vn -0.9999 -0.0000 0.0138
vn 0.0066 0.8819 0.4714
vn 0.0040 0.9569 0.2903
vn 0.0014 0.9952 0.0980
vn -0.0014 0.9952 -0.0980
vn -0.0040 0.9569 -0.2903
vn -0.0066 0.8819 -0.4714
vn -0.0088 0.7730 -0.6343
vn -0.0107 0.6344 -0.7729
vn -0.0123 0.4714 -0.8818
vn 0.0138 0.0980 0.9951
vn -0.0133 0.2903 -0.9568
vn 0.0133 0.2903 0.9568
vn -0.0138 0.0980 -0.9951
vn 0.0123 0.4714 0.8818
vn 0.0107 0.6344 0.7729
vn 0.0088 0.7730 0.6343
vn -0.0139 -0.0000 -0.9999
vt 0.000000 0.000000
s 1
usemtl iron
f 39/2/7 56/2/7 57/2/7 40/2/7
f 40/2/8 57/2/8 58/2/8 41/2/8
f 41/2/9 58/2/9 59/2/9 42/2/9
f 42/2/10 59/2/10 60/2/10 43/2/10
f 43/2/11 60/2/11 61/2/11 44/2/11
f 44/2/12 61/2/12 62/2/12 45/2/12
f 45/2/13 62/2/13 63/2/13 46/2/13
f 46/2/14 63/2/14 64/2/14 47/2/14
f 47/2/15 64/2/15 65/2/15 48/2/15
f 34/2/16 51/2/16 52/2/16 35/2/16
f 48/2/17 65/2/17 66/2/17 49/2/17
f 35/2/18 52/2/18 53/2/18 36/2/18
f 49/2/19 66/2/19 50/2/19 32/2/19
f 36/2/20 53/2/20 54/2/20 37/2/20
f 37/2/21 54/2/21 55/2/21 38/2/21
f 38/2/22 55/2/22 56/2/22 39/2/22
f 83/2/23 84/2/23 119/2/23 118/2/23
f 98/2/24 97/2/24 132/2/24 133/2/24
f 69/2/23 70/2/23 105/2/23 104/2/23
f 82/2/23 83/2/23 118/2/23 117/2/23
f 97/2/24 96/2/24 131/2/24 132/2/24
f 67/2/25 85/2/25 120/2/25 102/2/25
f 81/2/23 82/2/23 117/2/23 116/2/23
f 96/2/24 95/2/24 130/2/24 131/2/24
f 80/2/23 81/2/23 116/2/23 115/2/23
f 95/2/24 94/2/24 129/2/24 130/2/24
f 79/2/23 80/2/23 115/2/23 114/2/23
f 94/2/24 93/2/24 128/2/24 129/2/24
f 78/2/23 79/2/23 114/2/23 113/2/23
f 93/2/24 92/2/24 127/2/24 128/2/24
f 77/2/23 78/2/23 113/2/23 112/2/23
f 92/2/24 91/2/24 126/2/24 127/2/24
s 0
f 52/2/23 51/2/26 86/2/23 87/2/26
f 37/2/27 38/2/26 73/2/23 72/2/26
f 66/2/23 65/2/26 100/2/23 101/2/26
f 53/2/23 52/2/26 87/2/23 88/2/26
f 38/2/23 39/2/26 74/2/23 73/2/26
f 50/2/23 66/2/26 101/2/28 85/2/26
f 54/2/23 53/2/26 88/2/23 89/2/26
f 39/2/29 40/2/26 75/2/23 74/2/26
f 55/2/23 54/2/26 89/2/27 90/2/26
f 40/2/28 41/2/26 76/2/28 75/2/26
f 56/2/23 55/2/26 90/2/23 91/2/26
f 41/2/23 42/2/26 77/2/23 76/2/26
f 57/2/23 56/2/26 91/2/29 92/2/26
f 42/2/23 43/2/26 78/2/30 77/2/26
f 58/2/28 57/2/26 92/2/28 93/2/26
f 43/2/30 44/2/26 79/2/23 78/2/26
f 59/2/23 58/2/26 93/2/23 94/2/26
f 44/2/29 45/2/26 80/2/30 79/2/26
f 60/2/30 59/2/26 94/2/23 95/2/26
f 45/2/23 46/2/26 81/2/30 80/2/26
f 61/2/23 60/2/26 95/2/30 96/2/26
f 46/2/31 47/2/26 82/2/23 81/2/26
f 32/2/23 50/2/26 85/2/23 67/2/26
f 62/2/30 61/2/26 96/2/29 97/2/26
f 47/2/23 48/2/26 83/2/23 82/2/26
f 34/2/23 35/2/26 70/2/23 69/2/26
f 63/2/30 62/2/26 97/2/23 98/2/26
f 48/2/23 49/2/26 84/2/23 83/2/26
f 35/2/23 36/2/26 71/2/23 70/2/26
f 64/2/23 63/2/26 98/2/31 99/2/26
f 49/2/28 32/2/26 67/2/23 84/2/26
f 51/2/23 34/2/26 69/2/23 86/2/26
f 36/2/23 37/2/26 72/2/23 71/2/26
f 65/2/23 64/2/26 99/2/23 100/2/26
s 1
f 109/2/32 110/2/32 127/2/32 126/2/32
f 110/2/33 111/2/33 128/2/33 127/2/33
f 111/2/34 112/2/34 129/2/34 128/2/34
f 112/2/35 113/2/35 130/2/35 129/2/35
f 113/2/36 114/2/36 131/2/36 130/2/36
f 114/2/37 115/2/37 132/2/37 131/2/37
f 115/2/38 116/2/38 133/2/38 132/2/38
f 116/2/39 117/2/39 134/2/39 133/2/39
f 117/2/40 118/2/40 135/2/40 134/2/40
f 104/2/41 105/2/41 122/2/41 121/2/41
f 118/2/42 119/2/42 136/2/42 135/2/42
f 105/2/43 106/2/43 123/2/43 122/2/43
f 119/2/44 102/2/44 120/2/44 136/2/44
f 106/2/45 107/2/45 124/2/45 123/2/45
f 107/2/46 108/2/46 125/2/46 124/2/46
f 108/2/47 109/2/47 126/2/47 125/2/47
f 70/2/23 71/2/23 106/2/23 105/2/23
f 99/2/24 98/2/24 133/2/24 134/2/24
f 84/2/23 67/2/23 102/2/23 119/2/23
f 86/2/48 69/2/48 104/2/48 121/2/48
f 71/2/23 72/2/23 107/2/23 106/2/23
f 100/2/24 99/2/24 134/2/24 135/2/24
f 87/2/24 86/2/24 121/2/24 122/2/24
f 72/2/23 73/2/23 108/2/23 107/2/23
f 101/2/24 100/2/24 135/2/24 136/2/24
f 88/2/24 87/2/24 122/2/24 123/2/24
f 73/2/23 74/2/23 109/2/23 108/2/23
f 85/2/24 101/2/24 136/2/24 120/2/24
f 89/2/24 88/2/24 123/2/24 124/2/24
f 74/2/23 75/2/23 110/2/23 109/2/23
f 90/2/24 89/2/24 124/2/24 125/2/24
f 75/2/23 76/2/23 111/2/23 110/2/23
f 91/2/24 90/2/24 125/2/24 126/2/24
f 76/2/23 77/2/23 112/2/23 111/2/23
l 33 68
l 68 103
o Cube
v 12.444416 -5.722374 -1.212078
v 14.990515 -7.136988 -5.300416
v 15.031465 -10.082938 -2.354752
v 15.042957 -13.932007 -1.527956
v 17.649273 -5.722374 -1.284433
v 13.831733 -7.136988 -5.398304
v 13.538157 -8.464888 -3.807110
v 13.297224 -10.082938 -2.501251
v 12.796890 -11.936136 -1.669492
v 13.003252 -13.932007 -1.271388
v 12.714314 -7.136988 -5.720377
v 17.254158 -7.136988 -5.783493
v 16.146124 -7.136988 -5.430483
v 16.483822 -8.464888 -3.848060
v 16.760956 -10.082938 -2.549407
v 17.284220 -11.936136 -1.731879
v 17.086025 -13.932007 -1.542445
v 15.013004 -8.464888 -3.682525
v 15.043628 -11.936135 -1.479706
v 12.443335 -13.932007 -1.289876
v 12.002960 -11.936136 -1.898324
v 12.422993 -10.082938 -2.753231
v 12.403797 -8.464888 -4.134065
v 12.379337 -7.136988 -5.893483
v 12.392967 -7.850125 -4.913019
v 18.071484 -11.936136 -1.982693
v 17.647455 -13.932007 -1.415303
v 17.627850 -10.082938 -2.825592
v 17.608654 -8.464888 -4.206423
v 17.597826 -7.850132 -4.985369
v 17.584196 -7.136988 -5.965845
v 12.378035 -2.750117 -5.987297
v 12.374233 -7.093286 -6.260718
v 17.582891 -2.750117 -6.059652
v 17.582891 -7.092550 -6.059651
v 14.980462 -6.750469 -6.023473
v 13.944420 -6.805017 -6.009071
v 12.823013 -6.979873 -5.993481
v 17.137909 -6.979876 -6.053465
v 16.016504 -6.805019 -6.037876
v 11.933187 -15.257957 -1.588837
v 18.149832 -15.257957 -1.675273
v 12.416899 -4.052732 -3.191624
v 17.621754 -4.052732 -3.263979
v 12.428673 -4.649000 -2.344572
v 17.633532 -4.649000 -2.416927
v 12.438755 -5.242846 -1.619309
v 17.643612 -5.242846 -1.691664
v 12.054207 -11.759616 1.788103
v 18.122730 -11.759616 1.703741
v 12.471472 -8.490114 0.734057
v 17.676329 -8.490114 0.661701
v 12.458864 -6.905121 -0.172796
v 17.661989 -6.875970 -0.369795
v 12.451374 -6.253743 -0.711664
v 17.656231 -6.253743 -0.784019
v 11.993124 -15.223810 2.722596
v 18.209768 -15.223810 2.636176
v 12.022276 -13.491713 2.155360
v 18.164860 -13.491713 2.069968
vn 0.0059 0.9065 0.4223
vn -0.0155 -0.0881 -0.9960
vn 0.0398 -0.8810 -0.4715
vn 0.0536 -0.7715 -0.6340
vn 0.0652 -0.6326 -0.7718
vn 0.0762 -0.4253 -0.9018
vn 0.2471 -0.4515 -0.8574
vn 0.1755 -0.2139 -0.9610
vn 0.1310 -0.8810 -0.4547
vn 0.1762 -0.7715 -0.6113
vn 0.2145 -0.6326 -0.7442
vn 0.2734 -0.9296 -0.2473
vn 0.2921 -0.7715 -0.5652
vn -0.2288 -0.8810 -0.4142
vn -0.3077 -0.7715 -0.5569
vn -0.1931 -0.7715 -0.6062
vn -0.2351 -0.6326 -0.7380
vn -0.2709 -0.4515 -0.8502
vn -0.0900 -0.1720 -0.9810
vn 0.9987 0.0352 -0.0376
vn 0.0181 -0.2063 0.9783
vn -0.1436 -0.8810 -0.4508
vn -0.0529 -0.8810 -0.4702
vn -0.0712 -0.7715 -0.6322
vn -0.0866 -0.6326 -0.7697
vn -0.1012 -0.4253 -0.8994
vn -0.0621 -0.0322 -0.9976
vn 0.0130 0.0028 -0.9999
vn 0.9994 -0.0347 0.0095
vn -0.0001 1.0000 -0.0079
vn 0.0080 0.8177 0.5755
vn 0.0088 0.7738 0.6334
vn 0.0106 0.6473 0.7621
vn 0.0132 0.3053 0.9522
vn 0.0207 0.5182 0.8550
vn 0.0190 0.5992 0.8004
vn 0.0101 0.6856 0.7279
vn 0.0132 0.3110 0.9503
vn -0.0000 -1.0000 -0.0000
vn 0.0136 0.2072 0.9782
vt 0.375000 0.687494
vt 0.375000 0.624988
vt 0.125000 0.624988
vt 0.125000 0.687494
vt 0.718750 0.562500
vt 0.718750 0.625000
vt 0.750000 0.625000
vt 0.750000 0.562500
vt 0.718750 0.833528
vt 0.750000 0.836983
vt 0.750000 0.812500
vt 0.718750 0.812500
vt 0.718750 0.750000
vt 0.750000 0.750000
vt 0.718750 0.687500
vt 0.750000 0.687500
vt 0.707298 0.625000
vt 0.702414 0.687500
vt 0.709848 0.562500
vt 0.687500 0.822452
vt 0.687500 0.812500
vt 0.693825 0.750000
vt 0.687500 0.778935
vt 0.675960 0.815315
vt 0.677368 0.812500
vt 0.812500 0.812500
vt 0.812500 0.822452
vt 0.824040 0.815315
vt 0.822633 0.812500
vt 0.812500 0.778935
vt 0.806175 0.750000
vt 0.781250 0.750000
vt 0.781250 0.812500
vt 0.781250 0.687500
vt 0.797586 0.687500
vt 0.792702 0.625000
vt 0.781250 0.625000
vt 0.790152 0.562500
vt 0.781250 0.562500
vt 0.375000 0.718747
vt 0.375000 0.734373
vt 0.375000 0.750000
vt 0.390625 0.750000
vt 0.406250 0.750000
vt 0.437500 0.750000
vt 0.500000 0.750000
vt 0.531250 0.750000
vt 0.562500 0.750000
vt 0.000000 0.000000
vt 0.593104 0.256019
vt 0.781250 0.833527
vt 0.479815 0.267939
vt 0.484498 0.297977
vt 0.485959 0.325729
vt 0.484498 0.353481
vt 0.479815 0.383519
vt 0.476797 0.395438
vt 0.593104 0.395438
vt 0.476797 0.256019
vt 0.125000 0.718747
vt 0.125000 0.734373
vt 0.125000 0.750000
vt 0.390625 1.000000
vt 0.406250 1.000000
vt 0.437500 1.000000
vt 0.500000 1.000000
vt 0.531250 1.000000
vt 0.562500 1.000000
vt 0.375000 1.000000
s 1
usemtl Material.001
f 180/3/49 170/4/49 168/5/49 179/6/49
f 146/7/50 145/8/50 155/9/50 140/10/50
f 173/11/51 172/12/51 138/13/51 142/14/51
f 143/15/52 142/14/52 138/13/52 154/16/52
f 144/17/53 143/15/53 154/16/53 139/18/53
f 145/8/54 144/17/54 139/18/54 155/9/54
f 145/8/55 157/19/55 158/20/55 144/17/55
f 146/7/56 156/21/56 157/19/56 145/8/56
f 174/22/57 173/11/57 142/14/57 147/23/57
f 159/24/58 161/25/58 147/23/58 142/14/58 143/15/58
f 144/17/59 158/20/59 159/24/59 143/15/59
f 169/26/60 174/22/60 147/23/60 160/27/60
f 161/25/61 160/27/61 147/23/61
f 148/28/62 175/29/62 171/30/62 167/31/62
f 148/28/63 167/31/63 166/32/63
f 166/32/64 165/33/64 150/34/64 149/35/64 148/28/64
f 151/36/65 150/34/65 165/33/65 164/37/65
f 164/37/66 162/38/66 152/39/66 151/36/66
f 162/38/67 163/40/67 153/41/67 152/39/67
f 180/3/68 182/42/68 184/43/68 141/44/68 192/45/68 190/46/68 188/47/68 186/48/68 196/49/68 194/50/68 178/51/68 163/51/68 162/38/68 164/37/68 165/33/68 166/32/68 167/31/68 171/30/68 170/52/68
f 177/51/69 178/51/69 163/51/69 156/51/69
f 149/35/70 176/53/70 175/29/70 148/28/70
f 138/13/71 172/12/71 176/53/71 149/35/71
f 154/16/72 138/13/72 149/35/72 150/34/72
f 139/18/73 154/16/73 150/34/73 151/36/73
f 155/9/74 139/18/74 151/36/74 152/39/74
f 140/10/75 155/9/75 152/39/75 153/41/75
f 175/54/76 176/55/76 172/56/76 173/57/76 174/58/76 169/59/76 168/60/76 170/52/76 171/61/76
f 177/51/77 156/51/77 157/19/77 158/20/77 159/24/77 161/25/77 160/27/77 169/26/77 168/60/77 179/6/77 181/62/77 183/63/77 137/64/77 191/65/77 189/66/77 187/67/77 185/68/77 195/69/77 193/70/77
f 193/70/78 194/50/78 178/51/78 177/51/78
f 182/42/79 180/3/79 179/6/79 181/62/79
f 184/43/80 182/42/80 181/62/80 183/63/80
f 141/44/81 184/43/81 183/63/81 137/64/81
f 188/47/82 187/67/82 185/68/82 186/48/82
f 190/46/83 189/66/83 187/67/83 188/47/83
f 192/45/84 191/65/84 189/66/84 190/46/84
f 141/44/85 137/71/85 191/65/85 192/45/85
f 196/49/86 195/69/86 193/70/86 194/50/86
f 163/51/87 156/51/87 140/10/87 153/41/87
f 186/48/88 185/68/88 195/69/88 196/49/88
o Cube.001
v 15.759941 -0.107689 -4.923533
v 15.753176 0.721060 -5.410147
v 15.792764 0.278938 -2.562437
v 15.785999 1.707687 -3.049050
v 14.231859 -0.107689 -4.902291
v 14.225095 0.721060 -5.388906
v 14.264683 0.278938 -2.541193
v 14.257917 1.707687 -3.027808
v 15.776352 0.585624 -3.742984
v 15.769588 1.414374 -4.229599
v 14.248271 0.585624 -3.721742
v 14.241507 1.414374 -4.208356
v 15.777793 1.761030 -3.639325
v 14.256476 0.932281 -3.131467
v 15.784558 0.932281 -3.152710
v 14.249712 1.761030 -3.618082
v 15.756558 0.306686 -5.166840
v 15.896623 0.986125 -2.285519
v 14.368542 0.986125 -2.264276
v 14.228477 0.306686 -5.145598
v 14.244888 0.999999 -3.965049
v 15.772970 0.999999 -3.986291
v 14.253095 1.346656 -3.374774
v 15.781177 1.346656 -3.396018
v 15.881886 1.834358 -3.345578
v 15.795610 0.605609 -2.357622
v 14.353806 1.834358 -3.324335
v 14.257197 1.519984 -3.079638
v 15.785278 1.519984 -3.100881
v 15.754868 0.513873 -5.288494
v 15.792010 1.346906 -2.616593
v 14.263929 1.346906 -2.595352
v 14.226786 0.513873 -5.267251
v 14.243197 1.207186 -4.086703
v 15.771278 1.207186 -4.107945
v 14.251403 1.553843 -3.496427
v 15.779485 1.553843 -3.517671
v 14.305501 1.677171 -3.201986
v 15.833582 1.677171 -3.223228
v 14.267312 0.632531 -2.352045
v 14.230168 0.099499 -5.023943
v 14.246580 0.792812 -3.843396
v 15.774661 0.792812 -3.864638
v 14.254786 1.139468 -3.253121
v 15.782866 1.139468 -3.274364
v 15.758249 0.099499 -5.045187
v 15.790444 1.062797 -2.729250
v 14.262363 1.062797 -2.708009
vn 0.9578 0.1701 0.2318
vn 0.0089 0.7679 0.6405
vn -0.9999 -0.0000 0.0139
vn -0.0120 -0.5064 -0.8622
vn 0.0070 -0.8623 0.5063
vn -0.0070 0.8623 -0.5063
vn 0.9999 -0.0000 -0.0139
vn -0.9546 0.2402 0.1764
vn 0.0032 -0.5012 0.8653
vn -0.0034 0.9705 -0.2411
vn 0.0067 -0.2145 0.9767
vn 0.9442 -0.2012 -0.2607
vn -0.9437 0.2032 0.2609
vn 0.0055 0.9190 0.3943
vn -0.9578 -0.1701 -0.2318
vn 0.9546 -0.2402 -0.1764
vn 0.9893 -0.1436 -0.0254
vn -0.9896 -0.1390 -0.0359
vn -0.9893 0.1436 0.0254
vn 0.0102 0.6777 0.7353
vn 0.9896 0.1390 0.0359
vt 0.562500 0.218750
vt 0.625000 0.218750
vt 0.625000 0.250000
vt 0.531250 0.250000
vt 0.625000 0.500000
vt 0.531250 0.500000
vt 0.562500 0.625000
vt 0.625000 0.625000
vt 0.625000 0.750000
vt 0.562500 0.750000
vt 0.625000 1.000000
vt 0.562500 1.000000
vt 0.125000 0.625000
vt 0.375000 0.625000
vt 0.375000 0.750000
vt 0.125000 0.750000
vt 0.875000 0.625000
vt 0.875000 0.750000
vt 0.625000 0.562500
vt 0.875000 0.562500
vt 0.125000 0.562500
vt 0.375000 0.562500
vt 0.562500 0.562500
vt 0.562500 0.000000
vt 0.625000 0.000000
vt 0.625000 0.125000
vt 0.562500 0.125000
vt 0.562500 0.531250
vt 0.625000 0.531250
vt 0.000000 0.000000
vt 0.406250 0.500000
vt 0.875000 0.531250
vt 0.625000 0.187500
vt 0.562500 0.187500
vt 0.437500 0.125000
vt 0.500000 0.125000
vt 0.500000 0.187500
vt 0.437500 0.187500
vt 0.437500 0.531250
vt 0.500000 0.531250
vt 0.500000 0.562500
vt 0.437500 0.562500
vt 0.437500 0.000000
vt 0.500000 0.000000
vt 0.500000 0.625000
vt 0.437500 0.625000
vt 0.437500 0.750000
vt 0.500000 0.750000
vt 0.500000 1.000000
vt 0.437500 1.000000
vt 0.437500 0.500000
vt 0.437500 0.250000
vt 0.437500 0.218750
vt 0.500000 0.218750
vt 0.875000 0.500000
vt 0.375000 0.187500
vt 0.375000 0.218750
vt 0.375000 1.000000
vt 0.375000 0.000000
vt 0.375000 0.125000
s 1
usemtl iron
f 235/72/89 221/73/89 200/74/89 227/75/89
f 227/75/90 200/74/90 204/76/90 228/77/90
f 230/78/91 208/79/91 202/80/91 229/81/91
f 229/81/92 202/80/92 198/82/92 226/83/92
f 205/84/93 207/85/93 201/86/93 197/87/93
f 208/79/94 206/88/94 198/89/94 202/80/94
f 212/90/94 209/91/94 206/88/94 208/79/94
f 211/92/93 210/93/93 207/85/93 205/84/93
f 232/94/91 212/90/91 208/79/91 230/78/91
f 226/95/95 198/96/95 206/97/95 231/98/95
f 234/99/96 223/100/96 212/90/96 232/94/96
f 203/101/97 199/101/97 222/101/97 236/102/97
f 223/100/98 221/103/98 209/91/98 212/90/98
f 231/98/95 206/97/95 209/104/95 233/105/95
f 239/106/95 218/107/95 220/108/95 241/109/95
f 244/110/91 224/111/91 219/112/91 240/113/91
f 242/114/95 213/115/95 218/107/95 239/106/95
f 240/113/91 219/112/91 217/116/91 238/117/91
f 237/118/92 216/119/92 213/120/92 242/121/92
f 238/117/91 217/116/91 216/119/91 237/118/91
f 215/122/99 236/102/99 222/101/99 214/123/99
f 214/123/100 222/101/100 243/124/100 225/125/100
f 241/109/95 220/108/95 225/125/95 243/124/95
f 236/102/101 215/122/101 224/111/101 244/110/101
f 204/76/102 200/126/102 221/103/102 223/100/102
f 228/77/103 204/76/103 223/100/103 234/99/103
f 233/105/104 209/104/104 221/73/104 235/72/104
f 220/108/105 233/105/105 235/72/105 225/125/105
f 215/122/106 228/77/106 234/99/106 224/111/106
f 218/107/95 231/98/95 233/105/95 220/108/95
f 224/111/107 234/99/107 232/94/107 219/112/107
f 213/115/95 226/95/95 231/98/95 218/107/95
f 219/112/91 232/94/91 230/78/91 217/116/91
f 216/119/92 229/81/92 226/83/92 213/120/92
f 217/116/91 230/78/91 229/81/91 216/119/91
f 214/123/108 227/75/108 228/77/108 215/122/108
f 225/125/109 235/72/109 227/75/109 214/123/109
f 211/127/95 241/109/95 243/124/95 222/128/95
f 207/85/91 238/117/91 237/118/91 201/86/91
f 201/86/92 237/118/92 242/121/92 197/129/92
f 210/93/91 240/113/91 238/117/91 207/85/91
f 197/130/95 242/114/95 239/106/95 205/131/95
f 205/131/95 239/106/95 241/109/95 211/127/95
o Cube.002
v 17.406166 -7.163815 -12.133448
v 14.876611 0.499998 -13.494144
v 14.963923 1.012760 -7.213315
v 17.492519 -7.163814 -5.921639
v 14.681540 0.480783 -13.491432
v 17.474894 -5.788683 -7.189571
v 17.191578 1.400552 -5.987196
v 14.493964 0.423877 -13.488825
v 12.347982 -7.163815 -12.063131
v 12.434336 -7.163814 -5.851323
v 12.416710 -5.788683 -7.119255
v 15.157299 1.244366 -6.764227
v 12.733337 1.400552 -5.925221
v 12.347982 -5.788683 -12.063131
v 15.235916 1.012760 -7.190339
v 17.406166 -5.788683 -12.133448
v 17.474894 1.500553 -7.189571
v 12.416710 1.500553 -7.119255
v 17.321445 -7.163815 -13.844608
v 12.456472 -7.163815 -13.776978
v 12.970020 -5.788683 -13.784115
v 16.973026 -5.788683 -13.839764
v 17.128067 -7.163815 -14.410004
v 12.723230 -7.163815 -14.348770
v 12.962126 -5.788683 -14.352091
v 15.157299 -3.386645 -6.764227
v 16.965130 -5.788683 -14.407738
v 15.071993 -3.529267 -6.301869
v 12.326906 0.363874 -13.579309
v 17.385090 0.363874 -13.649626
v 12.319010 0.363874 -14.147285
v 15.337963 1.244366 -6.712155
v 17.377193 0.363874 -14.217602
v 15.498200 1.012760 -7.114741
v 12.326906 1.083414 -13.579309
v 17.385090 1.083414 -13.649626
v 12.321854 0.818990 -13.942640
v 17.380037 0.818990 -14.012957
v 12.416464 0.732810 -7.136907
v 17.474648 0.732810 -7.207223
v 12.416464 1.452350 -7.136907
v 17.474648 1.452350 -7.207223
v 15.498200 -3.155040 -7.114741
v 15.337963 -3.386645 -6.712155
v 15.164095 -3.529267 -6.275322
v 15.504997 1.244366 -6.625836
v 15.740697 1.012760 -6.989426
v 15.740697 -3.155040 -6.989426
v 15.504997 -3.386645 -6.625836
v 15.249249 -3.529267 -6.231318
v 15.651982 1.244366 -6.508589
v 15.954085 1.012760 -6.819211
v 16.218884 0.701072 -7.091473
v 15.954085 -3.155040 -6.819211
v 15.651982 -3.386645 -6.508589
v 15.324182 -3.529267 -6.171546
v 15.773269 1.244366 -6.364921
v 15.259257 0.423877 -13.499464
v 16.130165 1.012760 -6.610636
v 16.442989 0.701072 -6.826007
v 15.071682 0.480783 -13.496857
v 16.699718 0.321278 -7.002758
v 16.890484 -0.112026 -7.134096
v 16.890484 -2.030254 -7.134096
v 16.130165 -3.155040 -6.610636
v 15.773269 -3.386645 -6.364921
v 15.386012 -3.529267 -6.098304
v 15.864197 1.244366 -6.200350
v 16.262173 1.012760 -6.371718
v 16.611004 0.701072 -6.521922
v 16.897280 0.321278 -6.645191
v 17.110003 -0.112026 -6.736788
v 17.240997 -0.582188 -6.793193
v 17.285229 -1.071140 -6.812239
v 17.240997 -1.560092 -6.793193
v 17.110003 -2.030254 -6.736788
v 16.897280 -2.463558 -6.645191
v 16.611004 -2.843351 -6.521922
v 16.262173 -3.155040 -6.371718
v 15.864197 -3.386645 -6.200350
v 15.432366 -3.529267 -6.014408
v 15.921271 1.244366 -6.021204
v 16.345032 1.012760 -6.111636
v 16.716463 0.701072 -6.190901
v 17.021288 0.321278 -6.255951
v 17.021288 -2.463558 -6.255951
v 16.716463 -2.843351 -6.190901
v 16.345032 -3.155040 -6.111636
v 15.921271 -3.386645 -6.021204
v 15.461463 -3.529267 -5.923078
v 14.040084 1.244366 -5.995053
v 13.613975 1.012760 -6.073671
v 13.240482 0.701072 -6.142580
v 12.933968 0.321278 -6.199132
v 12.706205 -0.112026 -6.241154
v 12.706205 -2.030254 -6.241154
v 12.933968 -2.463558 -6.199132
v 13.240482 -2.843351 -6.142580
v 13.613975 -3.155040 -6.073671
v 14.040084 -3.386645 -5.995053
v 14.502442 -3.529267 -5.909747
v 14.092157 1.244366 -6.175717
v 13.689571 1.012760 -6.335955
v 13.336700 0.701072 -6.476404
v 13.047108 0.321278 -6.591668
v 12.831921 -0.112026 -6.677316
v 12.699409 -0.582188 -6.730059
v 12.654667 -1.071140 -6.747868
v 12.699409 -1.560092 -6.730059
v 12.831921 -2.030254 -6.677316
v 13.047108 -2.463558 -6.591668
v 13.336700 -2.843351 -6.476404
v 13.689571 -3.155040 -6.335955
v 14.092157 -3.386645 -6.175717
v 14.528989 -3.529267 -6.001849
v 14.178475 1.244366 -6.342750
v 13.814886 1.012760 -6.578450
v 13.496196 0.701072 -6.785042
v 13.234655 0.321278 -6.954588
v 13.040312 -0.112026 -7.080572
v 13.040312 -2.030254 -7.080572
v 13.234655 -2.463558 -6.954588
v 13.496196 -2.843351 -6.785042
v 13.814886 -3.155040 -6.578450
v 14.178475 -3.386645 -6.342750
v 14.572993 -3.529267 -6.087002
v 14.295722 1.244366 -6.489735
v 13.985102 1.012760 -6.791838
v 13.712839 0.701072 -7.056634
v 13.712839 -2.843351 -7.056634
v 13.985102 -3.155040 -6.791838
v 14.295722 -3.386645 -6.489735
v 14.632765 -3.529267 -6.161934
v 14.439390 1.244366 -6.611022
v 14.193676 1.012760 -6.967920
v 14.193676 -3.155040 -6.967920
v 14.439390 -3.386645 -6.611022
v 14.706007 -3.529267 -6.223766
v 14.603960 1.244366 -6.701951
v 14.432594 1.012760 -7.099926
v 14.432594 -3.155040 -7.099926
v 14.603960 -3.386645 -6.701951
v 14.789904 -3.529267 -6.270120
v 14.783108 1.244366 -6.759025
v 14.692675 1.012760 -7.182786
v 14.783108 -3.386645 -6.759025
v 14.881232 -3.529267 -6.299217
v 14.969947 1.244366 -6.780053
v 14.969947 -3.386645 -6.780053
v 14.976482 -3.529267 -6.309937
v 16.740818 0.701072 -5.974495
v 15.927309 1.244366 -5.967559
v 16.364550 -3.155040 -5.938227
v 16.360779 1.012760 -5.971721
v 15.931498 -3.386645 -5.930342
v 17.052822 0.321278 -5.975775
v 15.461510 -3.529267 -5.922660
v 15.459355 -3.529480 -5.922629
v 14.035540 1.244366 -5.941261
v 13.222151 0.701072 -5.925581
v 13.602121 1.012760 -5.933371
v 15.076643 -3.564236 -5.917029
v 15.123705 -3.560633 -5.917713
v 15.210758 -3.553031 -5.918984
v 15.000790 -3.567919 -5.915946
v 14.981963 -3.568102 -5.915682
v 14.963136 -3.567919 -5.915420
v 15.021172 -3.567333 -5.916234
v 15.045217 -3.566210 -5.916576
v 14.032388 -3.386645 -5.903942
v 14.504561 -3.529480 -5.909356
v 14.502407 -3.529267 -5.909328
v 14.753164 -3.553031 -5.912623
v 14.942755 -3.567333 -5.915143
v 14.918710 -3.566210 -5.914817
v 14.887281 -3.564236 -5.914397
v 14.840219 -3.560633 -5.913771
v 13.219738 -2.843351 -5.897018
v 12.910234 0.321278 -5.918188
v 12.908339 -2.463558 -5.895746
v 12.677052 -2.030254 -5.896019
v 13.599284 -3.155040 -5.899786
v 15.341478 -3.155040 -7.159913
v 15.517152 -3.112982 -7.162355
v 14.964740 -3.186385 -7.154676
v 15.230017 -3.172419 -7.158364
v 14.588005 -3.155040 -7.149438
v 13.809955 -2.843351 -7.138623
v 14.073627 -2.981304 -7.142288
v 14.412327 -3.112981 -7.146995
v 14.699461 -3.172419 -7.150988
v 13.078506 -2.030254 -7.128455
v 13.376650 -2.463558 -7.132599
v 12.849699 -1.071140 -7.125273
v 12.968801 -1.749317 -7.126929
v 12.904036 -1.560092 -7.126029
v 12.968801 -0.392963 -7.126929
v 12.904036 -0.582188 -7.126029
v 13.631096 -2.704408 -7.136136
v 13.078506 -0.112026 -7.128455
v 17.079781 -1.071140 -7.184078
v 16.960678 -0.392962 -7.182422
v 17.025444 -0.582188 -7.183322
v 16.298382 0.562129 -7.173215
v 16.552830 0.321278 -7.176753
v 16.850973 -0.112026 -7.180897
v 16.119522 0.701072 -7.170729
v 15.855851 0.839025 -7.167063
v 15.230017 1.030140 -7.158364
v 15.341478 1.012760 -7.159913
v 15.517152 0.970703 -7.162355
v 14.412327 0.970702 -7.146995
v 14.588005 1.012760 -7.149438
v 14.699461 1.030139 -7.150988
v 13.809955 0.701072 -7.138623
v 14.073627 0.839025 -7.142288
v 13.631096 0.562128 -7.136136
v 13.376650 0.321278 -7.132599
v 14.964739 1.044106 -7.154676
v 16.037106 0.732810 -7.187239
v 15.867400 0.821600 -7.184880
v 15.283040 1.012760 -7.176756
v 15.524219 0.955020 -7.180110
v 14.964494 1.034670 -7.172328
v 14.404769 0.955019 -7.164547
v 14.645952 1.012760 -7.167901
v 14.061586 0.821599 -7.159777
v 13.891882 0.732810 -7.157418
v 14.695704 1.020518 -7.168592
v 15.233283 1.020518 -7.176065
v 15.926252 0.732810 -7.275665
v 15.297809 0.732810 -7.525797
v 15.624349 0.732810 -7.431679
v 14.621482 0.732810 -7.516395
v 14.000236 0.732810 -7.248889
v 14.959183 0.732810 -7.554403
v 14.297685 0.732810 -7.413236
v 17.382366 -2.527937 -13.845455
v 17.374470 -2.527937 -14.413429
v 12.316288 -2.527937 -14.343113
v 12.324183 -2.527937 -13.775139
v 17.382366 -4.158310 -13.845455
v 17.147137 -4.158310 -14.410269
v 12.570244 -4.158310 -14.346643
v 12.324183 -4.158310 -13.775139
v 17.382801 -1.268090 -13.814220
v 17.374470 -0.899154 -14.413429
v 12.316288 -0.899154 -14.343113
v 12.324183 -0.899154 -13.775139
v 16.973026 -4.973496 -13.839764
v 16.965130 -4.973496 -14.407738
v 12.962126 -4.973496 -14.352091
v 12.970020 -4.973496 -13.784115
v 17.382366 -3.343123 -13.845455
v 17.374470 -3.343123 -14.413429
v 12.316288 -3.343123 -14.343113
v 12.324183 -3.343123 -13.775139
v 17.382366 -1.713545 -13.845455
v 17.374470 -1.713545 -14.413429
v 12.316288 -1.713545 -14.343113
v 12.324183 -1.713545 -13.775139
v 17.385090 -0.452108 -13.649626
v 17.377193 -0.452108 -14.217602
v 12.319010 -0.452108 -14.147285
v 12.326906 -0.452108 -13.579309
v 15.862226 -0.452108 -14.196541
v 15.847729 -0.304912 -14.196339
v 13.943249 -0.117319 -14.169865
v 13.871852 -0.452108 -14.168873
v 13.886348 -0.304912 -14.169073
v 14.035649 0.055568 -14.171148
v 15.790829 -0.117319 -14.195549
v 15.574077 0.207104 -14.192535
v 15.698428 0.055568 -14.194263
v 14.160000 0.207104 -14.172878
v 14.372145 0.363874 -14.175827
v 14.311522 0.331467 -14.174984
v 15.361932 0.363874 -14.189587
v 15.422555 0.331467 -14.190430
v 15.798724 -0.117319 -13.627573
v 15.855624 -0.304912 -13.628365
v 15.870121 -0.452108 -13.628567
v 13.879747 -0.452108 -13.600897
v 13.894243 -0.304912 -13.601097
v 15.706325 0.055568 -13.626289
v 15.581972 0.207104 -13.624561
v 14.380040 0.363874 -13.607851
v 15.369828 0.363874 -13.621611
v 15.430450 0.331467 -13.622454
v 14.043545 0.055568 -13.603174
v 14.167896 0.207104 -13.604902
v 13.951144 -0.117319 -13.601889
v 14.319418 0.331467 -13.607010
v 15.250060 0.423877 -14.161045
v 15.062840 0.480783 -14.132851
v 14.867889 0.499998 -14.121498
v 14.672698 0.480783 -14.127426
v 14.484767 0.423877 -14.150406
v 15.358586 0.370779 -13.500843
v 14.394635 0.370779 -13.487444
v 14.872420 -1.500002 -13.795586
v 15.067512 -1.480788 -13.796951
v 15.579530 -1.207109 -13.800289
v 15.634147 -1.140557 -13.800711
v 15.255110 -1.423882 -13.797783
v 15.427995 -1.331472 -13.799118
v 14.316866 -1.331472 -13.790535
v 14.489751 -1.423882 -13.791870
v 14.023612 -1.023097 -13.788269
v 14.165332 -1.207109 -13.789364
v 14.040970 -1.055572 -13.788403
v 14.677342 -1.480788 -13.793320
v 15.246963 -1.423882 -14.383854
v 14.864316 -1.500002 -14.378534
v 15.059387 -1.480788 -14.381247
v 14.481669 -1.423882 -14.373215
v 14.157278 -1.207109 -14.368706
v 14.669245 -1.480788 -14.375822
v 14.308800 -1.331472 -14.370811
v 15.695705 -1.055572 -14.390091
v 15.571355 -1.207109 -14.388363
v 15.779305 -0.899154 -14.391254
v 15.419832 -1.331472 -14.386257
v 14.032927 -1.055572 -14.366978
v 13.949327 -0.899154 -14.365814
v 15.854499 -0.695093 -13.709324
v 15.797056 -0.882686 -13.747562
v 15.865519 -0.586337 -13.687313
v 15.704144 -1.055572 -13.783081
v 13.948939 -0.882686 -13.760469
v 13.911736 -0.758920 -13.735767
v 15.874546 -0.500002 -13.649612
v 13.874739 -0.500002 -13.621811
v 13.892764 -0.695093 -13.707537
v 15.788207 -0.882686 -14.384163
v 13.940626 -0.882686 -14.358479
v 13.884870 -0.695093 -14.275513
v 15.866650 -0.500002 -14.217587
v 13.866843 -0.500002 -14.189785
v 15.846249 -0.695093 -14.302778
vn 0.9981 0.0109 0.0605
vn -0.9960 0.0109 0.0882
vn 0.9810 0.1245 -0.1487
vn -0.0000 -1.0000 -0.0000
vn 0.0012 0.9965 0.0832
vn -0.0139 -0.0000 -0.9999
vn -0.0000 1.0000 -0.0000
vn 0.9999 -0.0000 -0.0139
vn -0.9623 0.1792 -0.2047
vn 0.9684 0.1805 -0.1720
vn -0.9424 0.2570 -0.2140
vn 0.0139 -0.0000 0.9999
vn -0.9999 -0.0000 0.0139
vn -0.0082 0.8086 -0.5883
vn -0.0127 0.4101 -0.9119
vn -0.0008 0.9984 -0.0572
vn 0.0008 -0.9983 0.0582
vn -0.0245 0.9565 0.2905
vn -0.0083 0.9951 0.0981
vn -0.0398 -0.8810 0.4715
vn -0.0536 -0.7715 0.6340
vn -0.0398 0.8810 0.4715
vn -0.1310 0.8810 0.4547
vn -0.0808 0.9565 0.2802
vn -0.0273 0.9951 0.0946
vn -0.1310 -0.8810 0.4547
vn -0.1762 -0.7715 0.6113
vn -0.1762 0.7715 0.6113
vn -0.2172 -0.8810 0.4204
vn -0.2921 -0.7715 0.5652
vn -0.2172 0.8810 0.4204
vn -0.1339 0.9565 0.2590
vn -0.0452 0.9951 0.0875
vn -0.2951 0.8810 0.3699
vn -0.1818 0.9565 0.2279
vn -0.0614 0.9951 0.0770
vn -0.2951 -0.8810 0.3699
vn -0.3967 -0.7715 0.4974
vn -0.4830 -0.6326 0.6055
vn -0.3616 -0.8810 0.3052
vn -0.4861 -0.7715 0.4104
vn -0.5918 -0.6326 0.4996
vn -0.6746 -0.4696 0.5695
vn -0.3616 0.8810 0.3052
vn -0.7315 -0.2890 0.6175
vn -0.2228 0.9565 0.1881
vn -0.0753 0.9951 0.0635
vn -0.8379 -0.2890 0.4630
vn -0.2552 0.9565 0.1410
vn -0.8711 -0.0975 0.4813
vn -0.0862 0.9951 0.0476
vn -0.4142 -0.8810 0.2288
vn -0.5569 -0.7715 0.3077
vn -0.6779 -0.6326 0.3746
vn -0.7728 -0.4696 0.4270
vn -0.4142 0.8810 0.2288
vn -0.6062 -0.7715 0.1931
vn -0.7380 0.6326 0.2351
vn -0.7380 -0.6326 0.2351
vn -0.6062 0.7715 0.1931
vn -0.4508 0.8810 0.1436
vn -0.2778 0.9565 0.0885
vn -0.0938 0.9951 0.0299
vn -0.4508 -0.8810 0.1436
vn -0.2897 0.9565 0.0326
vn -0.0980 0.9951 0.0110
vn -0.4702 -0.8810 0.0529
vn -0.6322 -0.7715 0.0712
vn -0.7697 -0.6326 0.0866
vn -0.4702 0.8810 0.0529
vn 0.4715 -0.8810 0.0398
vn 0.8797 0.4696 0.0743
vn 0.6340 -0.7715 0.0536
vn 0.7718 0.6326 0.0652
vn 0.7718 -0.6326 0.0652
vn 0.6340 0.7715 0.0536
vn 0.4715 0.8810 0.0398
vn 0.2905 0.9565 0.0245
vn 0.0982 0.9951 0.0082
vn 0.6113 0.7715 0.1762
vn 0.8483 -0.4696 0.2445
vn 0.4547 0.8810 0.1310
vn 0.2802 0.9565 0.0808
vn 0.0946 0.9951 0.0273
vn 0.4547 -0.8810 0.1310
vn 0.8483 0.4696 0.2445
vn 0.6113 -0.7715 0.1762
vn 0.7442 0.6326 0.2145
vn 0.7442 -0.6326 0.2145
vn 0.8505 0.2890 0.4395
vn 0.4204 -0.8810 0.2172
vn 0.7843 0.4696 0.4053
vn 0.5652 -0.7715 0.2921
vn 0.6881 0.6326 0.3556
vn 0.6881 -0.6326 0.3556
vn 0.5652 0.7715 0.2921
vn 0.7843 -0.4696 0.4053
vn 0.4204 0.8810 0.2172
vn 0.8505 -0.2890 0.4395
vn 0.2590 0.9565 0.1339
vn 0.8842 -0.0976 0.4569
vn 0.0875 0.9951 0.0452
vn 0.8842 0.0976 0.4569
vn 0.3699 0.8810 0.2951
vn 0.7484 -0.2890 0.5970
vn 0.2279 0.9565 0.1818
vn 0.0770 0.9951 0.0614
vn 0.7484 0.2890 0.5970
vn 0.3699 -0.8810 0.2951
vn 0.6902 0.4696 0.5505
vn 0.4974 -0.7715 0.3967
vn 0.6055 0.6326 0.4830
vn 0.6055 -0.6326 0.4830
vn 0.4974 0.7715 0.3967
vn 0.6902 -0.4696 0.5505
vn 0.3052 -0.8810 0.3616
vn 0.4104 -0.7715 0.4861
vn 0.4104 -0.7715 0.4862
vn 0.4996 0.6326 0.5918
vn 0.4996 -0.6326 0.5918
vn 0.4104 0.7715 0.4861
vn 0.3052 0.8810 0.3616
vn 0.1881 0.9565 0.2228
vn 0.0635 0.9951 0.0753
vn 0.1410 0.9565 0.2552
vn 0.0476 0.9951 0.0862
vn 0.2288 -0.8810 0.4142
vn 0.3077 -0.7715 0.5569
vn 0.3077 0.7715 0.5569
vn 0.2288 0.8810 0.4142
vn 0.1931 -0.7715 0.6062
vn 0.1931 0.7715 0.6062
vn 0.1436 0.8810 0.4508
vn 0.0885 0.9565 0.2778
vn 0.0299 0.9951 0.0938
vn 0.1436 -0.8810 0.4508
vn 0.1436 -0.8810 0.4509
vn 0.0326 0.9565 0.2897
vn 0.0110 0.9951 0.0979
vn 0.0529 -0.8810 0.4702
vn 0.0712 -0.7715 0.6322
vn 0.0529 0.8810 0.4702
vn 0.9212 -0.3351 -0.1977
vn -0.8315 -0.5277 -0.1738
vn 0.0103 -0.0290 0.9995
vn 0.9687 -0.1355 -0.2079
vn -0.9677 -0.1503 -0.2023
vn -0.0051 -0.2164 0.9763
vn 0.0078 -0.3510 0.9363
vn -0.0127 0.4013 -0.9159
vn 0.0980 -0.9952 -0.0014
vn 0.2903 -0.9569 -0.0040
vn 0.4714 -0.8819 -0.0066
vn 0.6343 -0.7730 -0.0088
vn 0.7729 -0.6344 -0.0107
vn 0.8818 -0.4714 -0.0123
vn 0.9568 -0.2903 -0.0133
vn 0.9951 -0.0980 -0.0138
vn 0.9951 0.0980 -0.0138
vn 0.9569 0.2903 -0.0133
vn 0.8818 0.4714 -0.0123
vn 0.7729 0.6344 -0.0107
vn 0.6343 0.7730 -0.0088
vn 0.4714 0.8819 -0.0066
vn 0.2903 0.9569 -0.0040
vn 0.0980 0.9952 -0.0014
vn -0.0980 0.9952 0.0014
vn -0.2903 0.9569 0.0040
vn -0.4713 0.8819 0.0066
vn -0.6343 0.7730 0.0088
vn -0.7729 0.6344 0.0107
vn -0.8818 0.4714 0.0123
vn -0.9568 0.2903 0.0133
vn -0.9951 0.0980 0.0138
vn -0.9951 -0.0980 0.0138
vn -0.9568 -0.2903 0.0133
vn -0.8818 -0.4714 0.0123
vn -0.7729 -0.6344 0.0107
vn -0.6343 -0.7730 0.0088
vn -0.4714 -0.8819 0.0066
vn -0.2903 -0.9569 0.0040
vn -0.0980 -0.9952 0.0014
vn 0.0139 0.0081 0.9999
vt 0.454447 0.198971
vt 0.625000 0.198971
vt 0.625000 0.250000
vt 0.375000 0.250000
vt 0.375000 0.000000
vt 0.454447 0.000000
vt 0.454447 0.551029
vt 0.454447 0.750000
vt 0.375000 0.750000
vt 0.375000 0.500000
vt 0.625000 0.500000
vt 0.625000 0.551029
vt 0.125000 0.500000
vt 0.125000 0.750000
vt 0.875000 0.500000
vt 0.875000 0.551029
vt 0.594024 0.431139
vt 0.589334 0.439979
vt 0.621005 0.500000
vt 0.621005 0.250000
vt 0.589334 0.308149
vt 0.594024 0.316989
vt 0.598679 0.330021
vt 0.603123 0.346761
vt 0.604543 0.355444
vt 0.605129 0.360953
vt 0.605601 0.374064
vt 0.605129 0.387175
vt 0.604543 0.392684
vt 0.603123 0.401367
vt 0.598679 0.418107
vt 0.125000 0.747218
vt 0.375000 0.747218
vt 0.454447 1.000000
vt 0.375000 1.000000
vt 0.454447 0.826749
vt 0.454447 0.851476
vt 0.454447 0.848480
vt 0.454447 0.840991
vt 0.454447 0.834845
vt 0.454447 0.830278
vt 0.454447 0.827465
vt 0.454447 0.900396
vt 0.454447 0.925123
vt 0.454447 0.924406
vt 0.454447 0.921594
vt 0.454447 0.917027
vt 0.454447 0.910881
vt 0.454447 0.903392
vt 0.224604 0.747218
vt 0.221608 0.747218
vt 0.214119 0.747218
vt 0.207973 0.747218
vt 0.203406 0.747218
vt 0.200594 0.747218
vt 0.199877 0.747218
vt 0.273524 0.747218
vt 0.298251 0.747218
vt 0.297535 0.747218
vt 0.294722 0.747218
vt 0.290155 0.747218
vt 0.284009 0.747218
vt 0.276520 0.747218
vt 0.454447 0.894848
vt 0.454447 0.885577
vt 0.454447 0.875936
vt 0.454447 0.866295
vt 0.454447 0.857024
vt 0.204438 0.747218
vt 0.196050 0.747218
vt 0.302078 0.747218
vt 0.293690 0.747218
vt 0.276728 0.747218
vt 0.264808 0.747218
vt 0.262349 0.747218
vt 0.249064 0.747218
vt 0.235779 0.747218
vt 0.233320 0.747218
vt 0.221400 0.747218
vt 0.201467 0.747218
vt 0.216279 0.747218
vt 0.232350 0.747218
vt 0.265778 0.747218
vt 0.281849 0.747218
vt 0.296661 0.747218
vt 0.272886 0.747218
vt 0.225242 0.747218
vt 0.750000 0.062500
vt 0.718750 0.062500
vt 0.718750 0.125000
vt 0.750000 0.125000
vt 0.731291 0.012337
vt 0.737400 0.012100
vt 0.718750 0.817190
vt 0.718750 0.875000
vt 0.750000 0.875000
vt 0.750000 0.820959
vt 0.750000 0.812500
vt 0.718750 0.812500
vt 0.718750 0.814594
vt 0.750000 0.818413
vt 0.718750 0.756364
vt 0.750000 0.756364
vt 0.750000 0.179041
vt 0.718750 0.182810
vt 0.706173 0.187500
vt 0.687500 0.125000
vt 0.687500 0.187500
vt 0.687500 0.062500
vt 0.706209 0.012337
vt 0.699851 0.013097
vt 0.706173 0.812500
vt 0.687500 0.812500
vt 0.687500 0.875000
vt 0.713135 0.812500
vt 0.687500 0.804066
vt 0.687500 0.756364
vt 0.687500 0.800922
vt 0.687500 0.195933
vt 0.656250 0.812500
vt 0.656250 0.875000
vt 0.656250 0.777663
vt 0.656250 0.774168
vt 0.687500 0.800923
vt 0.656250 0.756364
vt 0.656250 0.125000
vt 0.656250 0.187500
vt 0.656250 0.062500
vt 0.675149 0.013097
vt 0.668236 0.014554
vt 0.625000 0.125000
vt 0.625000 0.187500
vt 0.625000 0.062500
vt 0.644264 0.014554
vt 0.636346 0.017117
vt 0.625000 0.812500
vt 0.625000 0.875000
vt 0.636432 0.750000
vt 0.625000 0.750000
vt 0.643137 0.756364
vt 0.625000 0.727135
vt 0.593750 0.812500
vt 0.593750 0.875000
vt 0.593750 0.750000
vt 0.611169 0.687500
vt 0.593750 0.687500
vt 0.593750 0.625000
vt 0.597967 0.625000
vt 0.593750 0.125000
vt 0.593750 0.187500
vt 0.593750 0.587654
vt 0.593750 0.062500
vt 0.613654 0.017117
vt 0.603927 0.021793
vt 0.591405 0.562500
vt 0.562500 0.562500
vt 0.562500 0.625000
vt 0.562500 0.062500
vt 0.562500 0.125000
vt 0.562500 0.500000
vt 0.589521 0.500000
vt 0.583573 0.021793
vt 0.570210 0.031658
vt 0.562500 0.812500
vt 0.562500 0.875000
vt 0.562500 0.750000
vt 0.562500 0.687500
vt 0.562500 0.187500
vt 0.531250 0.750000
vt 0.531250 0.812500
vt 0.562500 0.250000
vt 0.531250 0.250000
vt 0.531250 0.312500
vt 0.562500 0.312500
vt 0.531250 0.687500
vt 0.531250 0.187500
vt 0.531250 0.125000
vt 0.531250 0.062500
vt 0.531319 0.062224
vt 0.554790 0.031658
vt 0.531250 0.875000
vt 0.531113 0.062500
vt 0.516053 0.125000
vt 0.531181 0.062224
vt 0.515131 0.812500
vt 0.522278 0.875000
vt 0.511661 0.750000
vt 0.509682 0.687500
vt 0.511272 0.187500
vt 0.968750 0.812500
vt 0.968750 0.875000
vt 0.977722 0.875000
vt 0.984869 0.812500
vt 0.992041 0.312500
vt 0.968750 0.312500
vt 0.968750 0.375000
vt 0.992595 0.375000
vt 0.968750 0.750000
vt 0.988339 0.750000
vt 0.990917 0.250000
vt 0.968750 0.250000
vt 0.990318 0.687500
vt 0.968750 0.687500
vt 0.988728 0.187500
vt 0.968750 0.187500
vt 0.983947 0.125000
vt 0.968750 0.125000
vt 0.968887 0.062500
vt 0.968750 0.062500
vt 0.968819 0.062224
vt 0.937500 0.187500
vt 0.937500 0.250000
vt 0.968750 0.625000
vt 0.937500 0.625000
vt 0.937500 0.687500
vt 0.937500 0.125000
vt 0.937500 0.062500
vt 0.968681 0.062224
vt 0.945210 0.031658
vt 0.937500 0.812500
vt 0.937500 0.875000
vt 0.937500 0.312500
vt 0.937500 0.375000
vt 0.937500 0.750000
vt 0.908595 0.437500
vt 0.937500 0.437500
vt 0.906250 0.375000
vt 0.906250 0.412346
vt 0.906250 0.812500
vt 0.906250 0.875000
vt 0.906250 0.312500
vt 0.906250 0.750000
vt 0.906250 0.250000
vt 0.906250 0.687500
vt 0.906250 0.187500
vt 0.906250 0.625000
vt 0.906250 0.125000
vt 0.908595 0.562500
vt 0.906250 0.587654
vt 0.937500 0.562500
vt 0.906250 0.062500
vt 0.937500 0.500000
vt 0.910479 0.500000
vt 0.929790 0.031658
vt 0.916427 0.021793
vt 0.875000 0.125000
vt 0.875000 0.187500
vt 0.902033 0.625000
vt 0.875000 0.062500
vt 0.896073 0.021793
vt 0.886346 0.017117
vt 0.902033 0.375000
vt 0.875000 0.812500
vt 0.875000 0.875000
vt 0.888831 0.312500
vt 0.875000 0.750000
vt 0.875000 0.250000
vt 0.875000 0.272865
vt 0.888831 0.687500
vt 0.875000 0.727135
vt 0.843750 0.812500
vt 0.843750 0.875000
vt 0.843750 0.777663
vt 0.863568 0.750000
vt 0.843750 0.774169
vt 0.856863 0.756365
vt 0.843750 0.756364
vt 0.863568 0.250000
vt 0.843750 0.222338
vt 0.843750 0.187500
vt 0.843750 0.125000
vt 0.843750 0.062500
vt 0.863654 0.017117
vt 0.855736 0.014554
vt 0.812500 0.062500
vt 0.812500 0.125000
vt 0.831764 0.014554
vt 0.824851 0.013097
vt 0.812500 0.812500
vt 0.812500 0.875000
vt 0.812500 0.804066
vt 0.812500 0.756366
vt 0.812500 0.800922
vt 0.812500 0.187500
vt 0.812500 0.195933
vt 0.843750 0.222337
vt 0.793827 0.812500
vt 0.781250 0.756364
vt 0.781250 0.812500
vt 0.786864 0.812500
vt 0.812500 0.756364
vt 0.793827 0.187500
vt 0.781250 0.125000
vt 0.781250 0.182810
vt 0.781250 0.062500
vt 0.800149 0.013097
vt 0.793791 0.012337
vt 0.781250 0.817190
vt 0.781250 0.875000
vt 0.781250 0.814594
vt 0.762600 0.012100
vt 0.768709 0.012337
vt 0.291013 0.747218
vt 0.211420 0.747218
vt 0.214118 0.747218
vt 0.221607 0.747218
vt 0.230151 0.747218
vt 0.239421 0.747218
vt 0.249063 0.747218
vt 0.258704 0.747218
vt 0.267975 0.747218
vt 0.454447 0.921159
vt 0.454447 0.830713
vt 0.199648 0.747218
vt 0.200075 0.747218
vt 0.200602 0.747218
vt 0.203411 0.747218
vt 0.207975 0.747218
vt 0.298486 0.747218
vt 0.294729 0.747218
vt 0.296592 0.747218
vt 0.297545 0.747218
vt 0.454447 0.826516
vt 0.454447 0.925356
vt 1.000000 0.511635
vt 1.000000 0.500000
vt 0.968750 0.500000
vt 0.968750 0.511796
vt 0.937500 0.512270
vt 0.919544 0.500000
vt 0.917209 0.502237
vt 0.906250 0.502237
vt 0.906250 0.512771
vt 0.917209 0.512771
vt 0.875000 0.512771
vt 0.875000 0.502237
vt 0.843750 0.502237
vt 0.843750 0.512771
vt 0.812500 0.502237
vt 0.812500 0.512771
vt 0.781250 0.512771
vt 0.781250 0.502237
vt 0.757672 0.512771
vt 0.757672 0.502236
vt 0.750000 0.502626
vt 0.750000 0.513160
vt 0.718750 0.504211
vt 0.718750 0.514745
vt 0.708117 0.504729
vt 0.687500 0.505178
vt 0.687500 0.516269
vt 0.662120 0.505674
vt 0.656250 0.505672
vt 0.656250 0.516403
vt 0.684523 0.516403
vt 0.625000 0.505658
vt 0.625000 0.516403
vt 0.593750 0.505640
vt 0.593750 0.516403
vt 0.562500 0.505621
vt 0.562500 0.516403
vt 0.531250 0.505599
vt 0.531250 0.516403
vt 0.500000 0.505591
vt 0.500000 0.516403
vt 0.468750 0.505566
vt 0.468750 0.516403
vt 0.437500 0.505533
vt 0.437500 0.516403
vt 0.406250 0.505513
vt 0.406250 0.516403
vt 0.375000 0.505496
vt 0.375000 0.516403
vt 0.361275 0.505490
vt 0.343750 0.505145
vt 0.343750 0.516403
vt 0.312500 0.516269
vt 0.315477 0.516403
vt 0.312500 0.504462
vt 0.281250 0.503738
vt 0.281250 0.514745
vt 0.263829 0.503327
vt 0.250000 0.502626
vt 0.250000 0.513160
vt 0.242328 0.502236
vt 0.218750 0.502237
vt 0.218750 0.512771
vt 0.242328 0.512771
vt 0.187500 0.512771
vt 0.187500 0.502237
vt 0.156250 0.512771
vt 0.156250 0.502237
vt 0.125000 0.502237
vt 0.125000 0.512771
vt 0.093750 0.512771
vt 0.093750 0.502237
vt 0.080456 0.500000
vt 0.062500 0.500000
vt 0.062500 0.512270
vt 0.082791 0.512771
vt 0.082791 0.502237
vt 0.031250 0.500000
vt 0.031250 0.511796
vt 0.000000 0.500000
vt 0.000000 0.511636
vt 0.865685 0.458988
vt 0.841844 0.471731
vt 0.796822 0.485388
vt 0.750000 0.490000
vt 0.703178 0.485388
vt 0.658156 0.028269
vt 0.634315 0.041012
s 1
usemtl iron
f 250/132/110 261/133/110 251/134/110 248/135/110 245/136/110 260/137/110
f 255/138/111 258/139/111 253/140/111 254/141/111 257/142/111 262/143/111
f 260/137/112 245/136/112 263/136/112 266/137/112
f 248/144/113 254/141/113 253/140/113 245/145/113
f 262/143/114 257/142/114 251/146/114 261/147/114
f 459/148/115 461/149/115 262/150/115 261/151/115 448/152/115 451/153/115 452/154/115 455/155/115 454/156/115 453/157/115 463/158/115 458/159/115 457/160/115 456/161/115 460/162/115
f 260/163/116 258/164/116 255/141/116 250/144/116
f 506/137/117 507/137/117 277/137/117 274/137/117
f 258/164/116 260/163/116 266/163/116 265/164/116
f 253/140/118 258/139/118 265/139/118 264/140/118
f 245/145/113 253/140/113 264/140/113 263/145/113
f 271/165/115 267/166/115 268/140/115 269/139/115
f 266/137/119 263/136/119 267/136/119 271/137/119
f 263/145/113 264/140/113 268/140/113 267/145/113
f 264/140/120 265/139/120 269/139/120 268/140/120
f 274/137/117 277/137/117 282/137/117 280/137/117
f 513/167/115 508/139/115 275/139/115 520/168/115 521/169/115 519/170/115 515/171/115 512/172/115 514/173/115
f 522/174/115 277/165/115 507/165/115 510/175/115 511/176/115 516/177/115 518/178/115 517/179/115 523/180/115
f 506/163/121 274/163/121 532/181/121 533/182/121 530/183/121 529/184/121 524/185/121 525/186/121 526/187/121
f 531/188/121 273/164/121 509/164/121 527/189/121 528/190/121 536/191/121 534/192/121 535/193/121 537/194/121
f 508/139/122 509/139/122 273/139/122 275/139/122
f 279/164/123 280/163/123 282/163/123 281/164/123
f 279/139/122 273/139/122 283/139/122 285/139/122
f 275/139/122 273/139/122 279/139/122 281/139/122
f 275/139/124 281/139/124 282/165/124 277/165/124 522/174/124 538/195/124 539/196/124 540/197/124 541/198/124 542/199/124 520/168/124
f 465/200/121 464/201/121 284/163/121 286/163/121 285/164/121 283/164/121 472/202/121 471/203/121 469/204/121 470/205/121 473/206/121 468/207/121 474/208/121 466/209/121 467/210/121
f 280/163/125 279/164/125 285/164/125 286/163/125
f 274/137/117 280/137/117 286/137/117 284/137/117
f 274/163/126 284/163/126 464/201/126 475/211/126 477/212/126 476/213/126 480/207/126 478/214/126 481/215/126 479/216/126 472/202/126 283/164/126 273/164/126 531/188/126 544/217/126 543/218/126 532/181/126
f 394/219/127 272/220/127 270/221/127 393/222/127
f 409/223/128 272/220/128 394/219/128 410/224/128
f 453/225/129 256/226/129 392/227/129 463/228/129
f 247/229/129 259/230/129 474/231/129 468/232/129
f 476/233/130 259/230/130 247/229/130 480/234/130
f 429/235/131 393/222/131 270/221/131 430/236/131
f 427/237/132 430/236/132 270/221/132 288/238/132 287/239/132
f 272/220/133 289/240/133 288/238/133 270/221/133
f 289/240/134 272/220/134 409/241/134 412/242/134
f 454/243/135 278/244/135 276/245/135 256/226/135 453/225/135
f 259/230/135 466/246/135 474/231/135
f 455/247/136 278/244/136 454/243/136
f 477/248/136 467/249/136 466/246/136 259/230/136 476/233/136
f 287/239/137 428/250/137 427/237/137
f 278/244/138 291/251/138 290/252/138 276/245/138
f 452/253/139 291/251/139 278/244/139 455/247/139
f 465/254/139 467/255/139 477/248/139 475/256/139
f 288/238/140 293/257/140 292/258/140 287/239/140
f 289/240/141 294/259/141 293/257/141 288/238/141
f 294/259/142 289/240/142 412/260/142 413/261/142
f 293/257/143 299/262/143 298/263/143 292/258/143
f 294/259/144 300/264/144 299/262/144 293/257/144
f 300/264/145 294/259/145 413/265/145 406/266/145
f 291/251/146 296/267/146 295/268/146 290/252/146
f 451/269/147 297/270/147 296/267/147 291/251/147 452/253/147
f 464/271/147 465/254/147 475/256/147
f 448/272/148 297/270/148 451/269/148
f 296/267/149 303/273/149 301/274/149 295/268/149
f 297/270/150 304/275/150 303/273/150 296/267/150
f 449/276/151 306/277/151 304/275/151 297/270/151 448/272/151
f 307/278/152 306/277/152 449/276/152 450/279/152
f 299/262/153 310/280/153 309/281/153 298/263/153
f 446/282/154 307/278/154 450/279/154
f 300/264/155 311/283/155 310/280/155 299/262/155
f 311/283/156 300/264/156 406/284/156 407/285/156
f 447/286/157 317/287/157 316/288/157 307/278/157 446/282/157
f 311/283/158 325/289/158 324/290/158 310/280/158
f 318/291/159 317/287/159 447/286/159 445/292/159
f 325/289/160 311/283/160 407/293/160 408/294/160
f 303/273/161 313/295/161 312/296/161 301/274/161
f 304/275/162 314/297/162 313/295/162 303/273/162
f 306/277/163 315/298/163 314/297/163 304/275/163
f 307/278/164 316/288/164 315/298/164 306/277/164
f 310/280/165 324/290/165 323/299/165 309/281/165
f 314/297/166 328/300/166 327/301/166 313/295/166
f 322/302/167 331/303/167 330/304/167 321/305/167
f 315/298/168 329/306/168 328/300/168 314/297/168
f 323/299/169 332/307/169 331/303/169 322/302/169
f 324/290/170 333/308/170 332/307/170 323/299/170
f 325/289/171 334/309/171 333/308/171 324/290/171
f 402/310/172 334/309/172 325/289/172 408/311/172
f 313/295/173 327/301/173 326/312/173 312/296/173
f 333/308/174 334/309/174 401/313/174 399/314/174
f 334/309/175 402/315/175 401/313/175
f 326/312/176 327/301/176 398/316/176 396/317/176
f 327/301/177 328/300/177 395/318/177 398/316/177
f 395/318/178 328/300/178 329/306/178 400/319/178
f 332/307/179 333/308/179 399/314/179 397/320/179
f 336/321/180 335/322/180 403/323/180 405/324/180
f 424/325/181 341/326/181 340/327/181 425/328/181
f 337/329/182 336/321/182 405/324/182 404/330/182
f 422/331/183 342/332/183 341/326/183 424/325/183
f 423/333/184 338/334/184 337/329/184 404/330/184
f 426/335/185 343/336/185 342/332/185 422/331/185
f 414/337/186 344/338/186 343/336/186 426/335/186
f 416/339/187 345/340/187 344/338/187 414/337/187
f 345/340/188 416/339/188 415/341/188
f 343/336/189 357/342/189 356/343/189 342/332/189
f 339/344/190 350/345/190 349/346/190 338/334/190
f 344/338/191 358/347/191 357/342/191 343/336/191
f 345/340/192 359/348/192 358/347/192 344/338/192
f 359/348/193 345/340/193 415/349/193 417/350/193
f 336/321/194 347/351/194 346/352/194 335/322/194
f 341/326/195 355/353/195 354/354/195 340/327/195
f 337/329/196 348/355/196 347/351/196 336/321/196
f 342/332/197 356/343/197 355/353/197 341/326/197
f 338/334/198 349/346/198 348/355/198 337/329/198
f 440/356/199 353/357/199 354/354/199 365/358/199 439/359/199
f 347/351/200 361/360/200 360/361/200 346/352/200
f 355/353/201 366/362/201 365/358/201 354/354/201
f 348/355/202 362/363/202 361/360/202 347/351/202
f 356/343/203 367/364/203 366/362/203 355/353/203
f 349/346/204 363/365/204 362/363/204 348/355/204
f 357/342/205 368/366/205 367/364/205 356/343/205
f 350/345/206 364/367/206 363/365/206 349/346/206
f 358/347/207 369/368/207 368/366/207 357/342/207
f 442/369/208 441/370/208 364/367/208 350/345/208 351/371/208
f 359/348/209 370/372/209 369/368/209 358/347/209
f 351/371/210 352/373/210 438/374/210 442/369/210
f 370/372/211 359/348/211 417/375/211 421/376/211
f 352/373/212 353/357/212 440/356/212 438/374/212
f 369/368/213 376/377/213 375/378/213 368/366/213
f 441/370/214 444/379/214 364/367/214
f 370/372/215 377/380/215 376/377/215 369/368/215
f 377/380/216 370/372/216 421/381/216 420/382/216
f 365/358/217 436/383/217 439/359/217
f 361/360/218 372/384/218 371/385/218 360/361/218
f 365/358/219 366/362/219 437/386/219 436/383/219
f 362/363/220 373/387/220 372/384/220 361/360/220
f 437/386/221 366/362/221 367/364/221 374/388/221 443/389/221
f 462/390/222 461/391/222 373/387/222 362/363/222 363/365/222
f 368/366/223 375/378/223 374/388/223 367/364/223
f 462/390/224 363/365/224 364/367/224 444/379/224
f 372/384/225 379/392/225 378/393/225 371/385/225
f 460/394/226 379/392/226 372/384/226 373/387/226 459/395/226
f 471/396/227 472/397/227 479/398/227
f 374/388/228 432/399/228 443/389/228
f 461/391/229 459/395/229 373/387/229
f 433/400/230 432/399/230 374/388/230 375/378/230 380/401/230
f 376/377/231 381/402/231 380/401/231 375/378/231
f 377/380/232 382/403/232 381/402/232 376/377/232
f 382/403/233 377/380/233 420/404/233 419/405/233
f 382/403/234 387/406/234 386/407/234 381/402/234
f 387/406/235 382/403/235 419/408/235 418/409/235
f 379/392/236 384/410/236 383/411/236 378/393/236
f 384/410/237 379/392/237 460/394/237 456/412/237
f 481/413/237 469/414/237 471/396/237 479/398/237
f 380/401/238 385/415/238 434/416/238 433/417/238
f 381/402/239 386/407/239 385/415/239 380/401/239
f 384/410/240 456/412/240 457/418/240
f 478/419/240 389/420/240 470/421/240 469/414/240 481/422/240
f 385/415/241 431/423/241 434/416/241
f 390/424/242 435/425/242 431/423/242 385/415/242 386/407/242
f 387/406/243 391/426/243 390/424/243 386/407/243
f 391/426/244 387/406/244 418/427/244 411/428/244
f 458/429/245 388/430/245 383/411/245 384/410/245 457/418/245
f 389/420/246 473/431/246 470/421/246
f 391/426/247 394/219/247 393/222/247 390/424/247
f 410/432/248 394/219/248 391/426/248 411/433/248
f 392/227/249 388/430/249 458/429/249 463/228/249
f 389/420/249 247/229/249 468/232/249 473/431/249
f 480/234/250 247/229/250 389/420/250 478/419/250
f 435/425/251 390/424/251 393/222/251 429/235/251
f 500/139/122 501/139/122 485/139/122 484/139/122
f 501/164/121 498/163/121 482/163/121 485/164/121
f 499/165/115 500/139/115 484/139/115 483/165/115
f 498/137/117 499/137/117 483/137/117 482/137/117
f 494/137/252 495/137/252 487/137/252 486/137/252
f 495/165/115 496/139/115 488/139/115 487/165/115
f 497/164/121 494/163/121 486/163/121 489/164/121
f 496/139/253 497/139/253 489/139/253 488/139/253
f 504/139/122 505/139/122 493/139/122 492/139/122
f 553/434/254 493/164/254 505/164/254 502/163/254 490/163/254 548/435/254 547/436/254 550/437/254 549/438/254 546/439/254 545/440/254 556/441/254 552/442/254 551/194/254 554/193/254 555/192/254
f 566/443/115 491/165/115 503/165/115 504/139/115 492/139/115 569/444/115 568/171/115 561/170/115 563/169/115 560/199/115 562/198/115 558/197/115 559/196/115 557/195/115 567/180/115 565/179/115 564/178/115
f 502/137/117 503/137/117 491/137/117 490/137/117
f 269/139/122 265/139/122 497/139/122 496/139/122
f 265/164/121 266/163/121 494/163/121 497/164/121
f 271/165/115 269/139/115 496/139/115 495/165/115
f 266/137/117 271/137/117 495/137/117 494/137/117
f 486/137/255 487/137/255 499/137/255 498/137/255
f 487/165/115 488/139/115 500/139/115 499/165/115
f 489/164/121 486/163/121 498/163/121 501/164/121
f 488/139/256 489/139/256 501/139/256 500/139/256
f 482/137/117 483/137/117 503/137/117 502/137/117
f 483/165/115 484/139/115 504/139/115 503/165/115
f 485/164/121 482/163/121 502/163/121 505/164/121
f 484/139/122 485/139/122 505/139/122 504/139/122
f 492/139/122 493/139/122 509/139/122 508/139/122
f 548/435/257 490/163/257 506/163/257 526/187/257 576/445/257 572/446/257 570/447/257 571/448/257 573/449/257
f 577/450/258 527/189/258 509/164/258 493/164/258 553/434/258 574/451/258 575/452/258 578/453/258
f 492/139/259 508/139/259 513/167/259 583/454/259 581/173/259 580/172/259 569/444/259
f 510/175/259 507/165/259 491/165/259 566/443/259 579/177/259 584/176/259 582/455/259
f 490/137/117 491/137/117 507/137/117 506/137/117
f 540/456/260 246/457/260 249/458/260 541/459/260
f 541/459/261 249/458/261 252/373/261 542/460/261
f 542/460/262 252/373/262 544/461/262 531/462/262 537/463/262 521/464/262 520/465/262
f 519/466/263 521/464/263 537/463/263 535/467/263
f 519/466/264 535/467/264 534/468/264 515/469/264
f 515/469/265 534/468/265 536/470/265 512/471/265
f 514/472/266 512/471/266 536/470/266 528/473/266
f 513/474/267 514/472/267 528/473/267 527/475/267 577/476/267 583/477/267
f 583/477/268 577/476/268 578/478/268 581/479/268
f 581/479/269 578/478/269 575/480/269 574/481/269 580/482/269
f 580/482/270 574/481/270 553/483/270 555/484/270 568/485/270 569/486/270
f 555/484/271 554/487/271 561/488/271 568/485/271
f 561/488/272 554/487/272 551/489/272 563/490/272
f 563/490/273 551/489/273 552/491/273 560/492/273
f 560/492/274 552/491/274 556/493/274 562/494/274
f 562/494/275 556/493/275 545/495/275 558/496/275
f 558/496/276 545/495/276 546/497/276 559/498/276
f 559/498/277 546/497/277 549/499/277 557/500/277
f 557/500/278 549/499/278 550/501/278 567/502/278
f 567/502/279 550/501/279 547/503/279 565/504/279
f 547/503/280 548/505/280 573/506/280 564/507/280 565/504/280
f 579/508/281 566/509/281 564/507/281 573/506/281 571/510/281
f 571/510/282 570/511/282 584/512/282 579/508/282
f 570/511/283 572/513/283 576/514/283 582/515/283 584/512/283
f 526/516/284 525/517/284 511/518/284 510/519/284 582/515/284 576/514/284
f 516/520/285 511/518/285 525/517/285 524/521/285
f 518/522/286 516/520/286 524/521/286 529/523/286
f 530/524/287 517/525/287 518/522/287 529/523/287
f 523/526/288 517/525/288 530/524/288 533/527/288
f 543/528/289 302/529/289 538/530/289 522/531/289 523/526/289 533/527/289 532/532/289
f 538/530/290 302/529/290 305/533/290 539/534/290
f 539/534/291 305/533/291 246/535/291 540/536/291
f 544/537/115 252/538/115 249/539/115 246/540/115 305/541/115 302/542/115 543/543/115
f 251/146/292 257/142/292 254/141/292 248/144/292
l 257 404
l 251 395
l 318 319
l 308 320
l 319 320
l 320 321
o Cube.003
v 15.690787 -6.115813 -8.331711
v 15.718425 -6.819625 -7.385015
v 15.664080 -7.965403 -11.025604
v 15.706336 -9.385839 -9.820339
v 14.162780 -6.136414 -8.302418
v 14.190418 -6.840226 -7.355722
v 14.136073 -7.986004 -10.996311
v 14.178329 -9.406440 -9.791046
v 15.689615 -7.637795 -9.463179
v 15.717254 -8.341606 -8.516487
v 14.161609 -7.658395 -9.433887
v 14.189247 -8.362207 -8.487194
v 15.716668 -9.102597 -9.082222
v 14.161023 -8.419386 -9.999622
v 15.689030 -8.398785 -10.028915
v 14.188662 -9.123199 -9.052929
v 15.704606 -6.467719 -7.858362
v 15.777037 -8.972285 -11.059933
v 14.249030 -8.992887 -11.030640
v 14.176600 -6.488320 -7.829069
v 14.175427 -8.010302 -8.960541
v 15.703435 -7.989700 -8.989834
v 14.174842 -8.771293 -9.526276
v 15.702849 -8.750691 -9.555569
v 15.813924 -9.362308 -9.410101
v 14.140898 -8.496558 -11.103668
v 15.668905 -8.475957 -11.132961
v 14.285917 -9.382909 -9.380808
v 14.174549 -9.151788 -9.809143
v 15.702558 -9.131186 -9.838436
v 15.711515 -6.643672 -7.621688
v 15.690929 -9.209123 -10.499746
v 14.162922 -9.229723 -10.470453
v 14.183509 -6.664273 -7.592395
v 14.182337 -8.186255 -8.723867
v 15.710344 -8.165653 -8.753160
v 14.181751 -8.947246 -9.289602
v 15.709759 -8.926644 -9.318895
v 14.230233 -9.267348 -9.594976
v 15.758240 -9.246747 -9.624269
v 14.169689 -6.312367 -8.065744
v 14.168518 -7.834349 -9.197214
v 15.696526 -7.813747 -9.226507
v 14.167933 -8.595340 -9.762949
v 15.695939 -8.574739 -9.792242
v 15.697697 -6.291766 -8.095037
v 15.685731 -8.803572 -10.485699
v 14.157723 -8.824173 -10.456406
vn 0.9755 -0.1743 -0.1346
vn 0.0082 -0.9677 -0.2519
vn -0.9997 -0.0135 0.0192
vn 0.0006 0.8025 0.5966
vn -0.0234 0.5965 -0.8023
vn 0.0234 -0.5965 0.8023
vn 0.9997 0.0135 -0.0192
vn -0.9731 -0.2298 -0.0135
vn -0.0148 0.9975 -0.0695
vn 0.0225 -0.7804 0.6248
vn 0.9705 0.2244 0.0884
vn -0.9705 -0.2244 -0.0884
vn 0.0145 -0.9985 0.0535
vn 0.0215 -0.2055 0.9784
vn -0.9755 0.1743 0.1346
vn 0.9731 0.2298 0.0135
vn 0.9910 0.1191 -0.0606
vn -0.9951 0.0988 0.0059
vn -0.9910 -0.1191 0.0606
vn 0.0050 -0.9213 -0.3888
vn 0.9951 -0.0988 -0.0059
vn -0.0169 -0.1492 -0.9887
vt 0.562500 0.218750
vt 0.625000 0.218750
vt 0.625000 0.250000
vt 0.531250 0.250000
vt 0.625000 0.500000
vt 0.531250 0.500000
vt 0.562500 0.625000
vt 0.625000 0.625000
vt 0.625000 0.750000
vt 0.562500 0.750000
vt 0.625000 1.000000
vt 0.562500 1.000000
vt 0.125000 0.625000
vt 0.375000 0.625000
vt 0.375000 0.750000
vt 0.125000 0.750000
vt 0.875000 0.625000
vt 0.875000 0.750000
vt 0.625000 0.562500
vt 0.875000 0.562500
vt 0.125000 0.562500
vt 0.375000 0.562500
vt 0.562500 0.562500
vt 0.562500 0.000000
vt 0.625000 0.000000
vt 0.625000 0.125000
vt 0.562500 0.125000
vt 0.562500 0.531250
vt 0.625000 0.531250
vt 0.125000 0.531250
vt 0.375000 0.531250
vt 0.875000 0.531250
vt 0.625000 0.187500
vt 0.562500 0.187500
vt 0.437500 0.125000
vt 0.500000 0.125000
vt 0.500000 0.187500
vt 0.437500 0.187500
vt 0.437500 0.531250
vt 0.500000 0.531250
vt 0.500000 0.562500
vt 0.437500 0.562500
vt 0.437500 0.000000
vt 0.500000 0.000000
vt 0.500000 0.625000
vt 0.437500 0.625000
vt 0.437500 0.750000
vt 0.500000 0.750000
vt 0.500000 1.000000
vt 0.437500 1.000000
vt 0.375000 0.218750
vt 0.437500 0.218750
vt 0.000000 0.000000
vt 0.500000 0.218750
vt 0.437500 0.500000
vt 0.875000 0.500000
vt 0.125000 0.500000
vt 0.375000 0.500000
vt 0.437500 0.250000
vt 0.375000 0.187500
vt 0.375000 1.000000
vt 0.375000 0.000000
vt 0.375000 0.125000
s 1
usemtl iron
f 624/544/293 609/545/293 588/546/293 616/547/293
f 616/547/294 588/546/294 592/548/294 617/549/294
f 619/550/295 596/551/295 590/552/295 618/553/295
f 618/553/296 590/552/296 586/554/296 615/555/296
f 593/556/297 595/557/297 589/558/297 585/559/297
f 596/551/298 594/560/298 586/561/298 590/552/298
f 600/562/298 597/563/298 594/560/298 596/551/298
f 599/564/297 598/565/297 595/557/297 593/556/297
f 621/566/295 600/562/295 596/551/295 619/550/295
f 615/567/299 586/568/299 594/569/299 620/570/299
f 623/571/300 612/572/300 600/562/300 621/566/300
f 611/573/301 610/574/301 598/565/301 599/564/301
f 612/572/302 609/575/302 597/563/302 600/562/302
f 620/570/299 594/569/299 597/576/299 622/577/299
f 627/578/299 606/579/299 608/580/299 629/581/299
f 632/582/295 613/583/295 607/584/295 628/585/295
f 630/586/299 601/587/299 606/579/299 627/578/299
f 628/585/295 607/584/295 605/588/295 626/589/295
f 625/590/296 604/591/296 601/592/296 630/593/296
f 626/589/295 605/588/295 604/591/295 625/590/295
f 611/594/303 631/595/303 602/596/303
f 602/596/303 631/595/303 614/597/303
f 629/581/299 608/580/299 614/597/299 631/595/299
f 610/574/304 603/598/304 613/583/304 632/582/304
f 592/548/305 588/599/305 609/575/305 612/572/305
f 587/600/306 591/601/306 610/574/306 611/573/306
f 617/549/307 592/548/307 612/572/307 623/571/307
f 622/577/308 597/576/308 609/545/308 624/544/308
f 608/580/309 622/577/309 624/544/309 614/597/309
f 603/598/310 617/549/310 623/571/310 613/583/310
f 606/579/299 620/570/299 622/577/299 608/580/299
f 613/583/311 623/571/311 621/566/311 607/584/311
f 601/587/299 615/567/299 620/570/299 606/579/299
f 607/584/295 621/566/295 619/550/295 605/588/295
f 604/591/296 618/553/296 615/555/296 601/592/296
f 605/588/295 619/550/295 618/553/295 604/591/295
f 602/602/312 616/547/312 617/549/312 603/598/312
f 614/597/313 624/544/313 616/547/313 602/602/313
f 599/603/299 629/581/299 631/595/299 611/594/299
f 603/596/314 610/596/314 611/596/314 602/596/314
f 595/557/295 626/589/295 625/590/295 589/558/295
f 589/558/296 625/590/296 630/593/296 585/604/296
f 598/565/295 628/585/295 626/589/295 595/557/295
f 585/605/299 630/586/299 627/578/299 593/606/299
f 610/574/295 632/582/295 628/585/295 598/565/295
f 593/606/299 627/578/299 629/581/299 599/603/299
l 616 631
o Cylinder.001
v 14.873571 0.999998 -13.713200
v 14.873571 0.499998 -13.713200
v 14.627218 0.999995 -31.434547
v 14.627218 0.499995 -31.434547
v 14.580964 0.971176 -13.709133
v 14.678500 0.480783 -13.710489
v 14.334611 0.971173 -31.430481
v 14.432147 0.480781 -31.431835
v 14.299602 0.885817 -13.705221
v 14.490925 0.423877 -13.707882
v 14.053248 0.885814 -31.426567
v 14.244572 0.423875 -31.429226
v 14.040297 0.747202 -13.701618
v 14.318055 0.331468 -13.705479
v 13.793943 0.747200 -31.422962
v 14.071702 0.331465 -31.426823
v 13.813014 0.560658 -13.698458
v 14.166533 0.207105 -13.703373
v 13.566661 0.560655 -31.419804
v 13.920179 0.207102 -31.424717
v 14.042182 0.055568 -13.701643
v 13.626488 0.333353 -13.695866
v 13.795829 0.055565 -31.422989
v 13.380134 0.333351 -31.417210
v 13.487886 0.074023 -13.693937
v 13.949781 -0.117319 -13.700359
v 13.241533 0.074020 -31.415283
v 13.703428 -0.117321 -31.421703
v 13.402535 -0.207367 -13.692751
v 13.892881 -0.304912 -13.699568
v 13.156183 -0.207369 -31.414097
v 13.646527 -0.304914 -31.420914
v 13.873668 -0.500002 -13.699301
v 13.373716 -0.500002 -13.692350
v 13.627315 -0.500005 -31.420647
v 13.127363 -0.500005 -31.413696
v 13.892881 -0.695092 -13.699568
v 13.402535 -0.792638 -13.692751
v 13.156183 -0.792640 -31.414097
v 13.646527 -0.695095 -31.420914
v 13.487886 -1.074027 -13.693937
v 13.949781 -0.882685 -13.700359
v 13.241533 -1.074030 -31.415283
v 13.703428 -0.882688 -31.421703
v 13.626488 -1.333357 -13.695864
v 14.042182 -1.055572 -13.701643
v 13.380134 -1.333360 -31.417210
v 13.795829 -1.055575 -31.422989
v 13.813014 -1.560662 -13.698456
v 14.166533 -1.207109 -13.703373
v 13.566661 -1.560665 -31.419804
v 13.920179 -1.207111 -31.424717
v 14.040297 -1.747206 -13.701616
v 14.318055 -1.331472 -13.705479
v 13.793943 -1.747209 -31.422962
v 14.071702 -1.331474 -31.426823
v 14.299602 -1.885821 -13.705221
v 14.490925 -1.423882 -13.707882
v 14.053248 -1.885824 -31.426567
v 14.244572 -1.423884 -31.429226
v 14.678500 -1.480787 -13.710487
v 14.580964 -1.971180 -13.709133
v 14.334611 -1.971183 -31.430481
v 14.432147 -1.480790 -31.431835
v 14.873571 -2.000002 -13.713200
v 14.873571 -1.500002 -13.713200
v 14.627218 -1.500005 -31.434547
v 14.627218 -2.000005 -31.434547
v 15.068644 -1.480787 -13.715912
v 15.166179 -1.971180 -13.717268
v 14.822289 -1.480790 -31.437256
v 14.919826 -1.971183 -31.438614
v 15.256218 -1.423882 -13.718521
v 15.447541 -1.885821 -13.721180
v 15.009865 -1.423884 -31.439865
v 15.201188 -1.885824 -31.442528
v 15.706846 -1.747206 -13.724785
v 15.429088 -1.331472 -13.720924
v 15.182734 -1.331474 -31.442268
v 15.460493 -1.747209 -31.446129
v 15.934129 -1.560662 -13.727943
v 15.580610 -1.207109 -13.723030
v 15.334257 -1.207111 -31.444374
v 15.687777 -1.560665 -31.449287
v 16.120655 -1.333357 -13.730537
v 15.704961 -1.055572 -13.724758
v 15.874302 -1.333360 -31.451881
v 15.458608 -1.055575 -31.446106
v 16.259256 -1.074027 -13.732464
v 15.797361 -0.882685 -13.726044
v 16.012903 -1.074030 -31.453812
v 15.551008 -0.882688 -31.447388
v 16.344608 -0.792638 -13.733650
v 15.854262 -0.695092 -13.726833
v 16.098255 -0.792640 -31.454994
v 15.607908 -0.695095 -31.448181
v 16.373426 -0.500002 -13.734051
v 15.873475 -0.500002 -13.727100
v 16.127073 -0.500005 -31.455399
v 15.627122 -0.500005 -31.448448
v 16.344608 -0.207367 -13.733650
v 15.854262 -0.304912 -13.726833
v 16.098255 -0.207369 -31.454994
v 15.607908 -0.304914 -31.448181
v 16.259256 0.074023 -13.732464
v 15.797361 -0.117319 -13.726044
v 16.012903 0.074020 -31.453812
v 15.551008 -0.117321 -31.447388
v 16.120655 0.333353 -13.730537
v 15.704961 0.055568 -13.724758
v 15.874302 0.333351 -31.451881
v 15.458608 0.055565 -31.446106
v 15.934129 0.560658 -13.727943
v 15.580610 0.207105 -13.723030
v 15.687777 0.560655 -31.449291
v 15.334257 0.207102 -31.444374
v 15.706846 0.747202 -13.724785
v 15.429088 0.331468 -13.720924
v 15.460493 0.747200 -31.446129
v 15.182734 0.331465 -31.442268
v 15.447541 0.885817 -13.721180
v 15.256218 0.423877 -13.718521
v 15.201188 0.885814 -31.442528
v 15.009865 0.423875 -31.439865
v 15.068644 0.480783 -13.715912
v 15.166179 0.971176 -13.717268
v 14.919826 0.971173 -31.438614
v 14.822289 0.480781 -31.437260
v 14.750395 0.999997 -22.573874
v 14.457788 0.971174 -22.569805
v 14.176425 0.885816 -22.565895
v 13.917120 0.747201 -22.562290
v 13.689837 0.560657 -22.559130
v 13.503311 0.333352 -22.556538
v 13.364710 0.074022 -22.554611
v 13.279360 -0.207368 -22.553425
v 13.250540 -0.500003 -22.553022
v 13.279360 -0.792639 -22.553425
v 13.364710 -1.074029 -22.554611
v 13.503311 -1.333359 -22.556538
v 13.689837 -1.560664 -22.559130
v 13.917120 -1.747208 -22.562290
v 14.176425 -1.885823 -22.565895
v 14.457788 -1.971181 -22.569805
v 14.750395 -2.000003 -22.573874
v 15.043002 -1.971181 -22.577942
v 15.324365 -1.885823 -22.581852
v 15.583670 -1.747208 -22.585457
v 15.810952 -1.560664 -22.588617
v 15.997478 -1.333359 -22.591209
v 16.136080 -1.074029 -22.593136
v 16.221432 -0.792639 -22.594322
v 16.250250 -0.500003 -22.594725
v 16.221432 -0.207368 -22.594322
v 16.136080 0.074022 -22.593136
v 15.997478 0.333352 -22.591209
v 15.810952 0.560657 -22.588617
v 15.583670 0.747201 -22.585457
v 15.324365 0.885816 -22.581852
v 15.043002 0.971174 -22.577942
v 14.688807 0.999996 -27.004210
v 14.396199 0.971174 -27.000143
v 14.114837 0.885816 -26.996231
v 13.855532 0.747201 -26.992626
v 13.628249 0.560656 -26.989468
v 13.441723 0.333352 -26.986874
v 13.303122 0.074022 -26.984947
v 13.217772 -0.207368 -26.983761
v 13.188951 -0.500004 -26.983360
v 13.217772 -0.792639 -26.983761
v 13.303122 -1.074029 -26.984947
v 13.441723 -1.333359 -26.986874
v 13.628249 -1.560664 -26.989468
v 13.855532 -1.747208 -26.992626
v 14.114837 -1.885823 -26.996231
v 14.396199 -1.971181 -27.000141
v 14.688807 -2.000004 -27.004210
v 14.981414 -1.971181 -27.008278
v 15.262776 -1.885823 -27.012188
v 15.522081 -1.747208 -27.015793
v 15.749364 -1.560664 -27.018953
v 15.935890 -1.333359 -27.021545
v 16.074492 -1.074029 -27.023474
v 16.159843 -0.792639 -27.024660
v 16.188662 -0.500004 -27.025061
v 16.159843 -0.207368 -27.024660
v 16.074492 0.074022 -27.023474
v 15.935890 0.333352 -27.021545
v 15.749364 0.560656 -27.018953
v 15.522081 0.747201 -27.015793
v 15.262776 0.885816 -27.012188
v 14.981414 0.971174 -27.008278
v 14.365405 0.971173 -29.215309
v 14.084043 0.885815 -29.211399
v 13.824738 0.747200 -29.207794
v 13.597455 0.560655 -29.204636
v 13.410929 0.333351 -29.202042
v 13.272327 0.074020 -29.200115
v 13.186977 -0.207369 -29.198929
v 13.158157 -0.500005 -29.198528
v 13.186977 -0.792640 -29.198929
v 13.272327 -1.074029 -29.200115
v 13.410929 -1.333359 -29.202042
v 13.597455 -1.560665 -29.204636
v 13.824738 -1.747208 -29.207794
v 14.084043 -1.885823 -29.211399
v 14.365405 -1.971182 -29.215309
v 14.658012 -2.000005 -29.219379
v 14.950620 -1.971182 -29.223446
v 15.231982 -1.885824 -29.227356
v 15.491287 -1.747209 -29.230961
v 15.718570 -1.560665 -29.234123
v 15.905096 -1.333360 -29.236713
v 16.043697 -1.074030 -29.238640
v 16.129047 -0.792640 -29.239830
v 16.157867 -0.500005 -29.240227
v 16.129047 -0.207369 -29.239830
v 16.043697 0.074020 -29.238640
v 15.905096 0.333351 -29.236713
v 15.718570 0.560655 -29.234123
v 15.491287 0.747200 -29.230961
v 15.231982 0.885815 -29.227356
v 14.950620 0.971173 -29.223446
v 14.642615 0.999995 -30.326962
v 14.350008 0.971173 -30.322895
v 14.068645 0.885814 -30.318985
v 13.809340 0.747200 -30.315380
v 13.582058 0.560655 -30.312218
v 13.395532 0.333351 -30.309628
v 13.256929 0.074020 -30.307701
v 13.171579 -0.207369 -30.306511
v 13.142759 -0.500005 -30.306114
v 13.171579 -0.792640 -30.306511
v 13.256929 -1.074030 -30.307701
v 13.395532 -1.333360 -30.309628
v 13.582058 -1.560665 -30.312218
v 13.809340 -1.747209 -30.315380
v 14.068645 -1.885824 -30.318985
v 14.350008 -1.971183 -30.322895
v 14.642615 -2.000005 -30.326962
v 14.935223 -1.971183 -30.331032
v 15.216585 -1.885824 -30.334942
v 15.475890 -1.747209 -30.338547
v 15.703173 -1.560665 -30.341705
v 15.889699 -1.333360 -30.344299
v 16.028301 -1.074030 -30.346226
v 16.113651 -0.792640 -30.347412
v 16.142471 -0.500005 -30.347813
v 16.113651 -0.207369 -30.347412
v 16.028301 0.074020 -30.346226
v 15.889699 0.333351 -30.344299
v 15.703173 0.560655 -30.341705
v 15.475890 0.747200 -30.338547
v 15.216585 0.885814 -30.334942
v 14.935223 0.971173 -30.331032
v 14.357707 0.971173 -29.769104
v 14.076344 0.885814 -29.765190
v 13.817039 0.647200 -29.761585
v 13.589756 0.560655 -29.758427
v 13.403230 0.333351 -29.755833
v 13.264629 0.074020 -29.753906
v 13.179277 -0.207369 -29.752720
v 13.150459 -0.500005 -29.752319
v 13.179277 -0.792640 -29.752720
v 13.264629 -1.074030 -29.753906
v 13.403230 -1.333360 -29.755833
v 13.589756 -1.560665 -29.758427
v 13.817039 -1.747209 -29.761585
v 14.076344 -1.885824 -29.765190
v 14.357707 -1.971183 -29.769104
v 14.650313 -2.000005 -29.773170
v 14.942921 -1.971183 -29.777237
v 15.224283 -1.885824 -29.781151
v 15.483588 -1.747209 -29.784756
v 15.710872 -1.560665 -29.787914
v 15.897398 -1.333360 -29.790508
v 16.035999 -1.074030 -29.792435
v 16.121349 -0.792640 -29.793621
v 16.150169 -0.500005 -29.794022
v 16.121349 -0.207369 -29.793621
v 16.035999 0.074020 -29.792435
v 15.897398 0.333351 -29.790508
v 15.710872 0.560655 -29.787914
v 15.483588 0.747200 -29.784756
v 15.224283 0.885814 -29.781151
v 14.942921 0.971173 -29.777237
v 14.673409 0.999995 -28.111794
v 14.380802 0.971174 -28.107727
v 14.099441 0.885816 -28.103817
v 13.840136 0.747200 -28.100212
v 13.612852 0.560655 -28.097050
v 13.426326 0.333352 -28.094460
v 13.287724 0.074021 -28.092529
v 13.202374 -0.207368 -28.091347
v 13.173553 -0.500005 -28.090942
v 13.202374 -0.792639 -28.091347
v 13.287724 -1.074029 -28.092529
v 13.426326 -1.333359 -28.094460
v 13.612852 -1.560665 -28.097050
v 13.840136 -1.747208 -28.100212
v 14.099441 -1.885823 -28.103817
v 14.380802 -1.971182 -28.107727
v 14.673409 -2.000004 -28.111794
v 14.966017 -1.971182 -28.115860
v 15.247379 -1.885823 -28.119774
v 15.506684 -1.747208 -28.123379
v 15.733967 -1.560665 -28.126537
v 15.920493 -1.333359 -28.129131
v 16.059093 -1.074029 -28.131058
v 16.144445 -0.792639 -28.132244
v 16.173264 -0.500005 -28.132645
v 16.144445 -0.207368 -28.132244
v 16.059093 0.074021 -28.131058
v 15.920493 0.333352 -28.129131
v 15.733967 0.560655 -28.126537
v 15.506684 0.747200 -28.123379
v 15.247379 0.885816 -28.119774
v 14.966017 0.971174 -28.115864
v 14.373104 0.971174 -28.661518
v 14.091742 0.885816 -28.657608
v 13.832437 0.747200 -28.654003
v 13.605153 0.560655 -28.650845
v 13.418627 0.333351 -28.648251
v 13.280025 0.074020 -28.646324
v 13.194675 -0.207369 -28.645138
v 13.165855 -0.500005 -28.644737
v 13.194675 -0.792639 -28.645138
v 13.280025 -1.074029 -28.646324
v 13.418627 -1.333359 -28.648251
v 13.605153 -1.560665 -28.650845
v 13.832437 -1.747208 -28.654003
v 14.091742 -1.885823 -28.657608
v 14.373104 -1.971182 -28.661518
v 14.665710 -2.000005 -28.665588
v 14.958318 -1.971182 -28.669655
v 15.239680 -1.885823 -28.673565
v 15.498985 -1.747208 -28.677170
v 15.726269 -1.560665 -28.680328
v 15.912795 -1.333359 -28.682922
v 16.051395 -1.074029 -28.684849
v 16.136745 -0.792639 -28.686035
v 16.165565 -0.500005 -28.686436
v 16.136745 -0.207369 -28.686035
v 16.051395 0.074020 -28.684849
v 15.912795 0.333351 -28.682922
v 15.726269 0.560655 -28.680328
v 15.498985 0.747200 -28.677170
v 15.239680 0.885816 -28.673565
v 14.958318 0.971174 -28.669655
v 14.658012 1.899995 -29.219379
v 14.365405 1.871174 -29.215309
v 14.950620 1.871173 -29.223446
v 14.642615 1.899995 -30.326962
v 14.350008 1.871173 -30.322895
v 14.935223 1.871173 -30.331032
v 14.650313 1.899995 -29.773170
v 14.357707 1.871173 -29.769104
v 14.942921 1.871173 -29.777237
v 14.673409 0.999995 -28.111794
v 14.380802 0.971174 -28.107727
v 14.966017 0.971174 -28.115864
v 14.665710 1.599995 -28.665588
v 14.373104 1.571174 -28.661518
v 14.958318 1.571174 -28.669655
vn -0.0980 0.9952 0.0014
vn -0.2903 0.9569 0.0040
vn -0.4713 0.8819 0.0066
vn -0.6343 0.7730 0.0088
vn -0.7729 0.6344 0.0107
vn -0.8818 0.4714 0.0123
vn -0.9568 0.2903 0.0133
vn -0.9951 0.0980 0.0138
vn -0.9951 -0.0980 0.0138
vn -0.9568 -0.2903 0.0133
vn -0.8818 -0.4714 0.0123
vn -0.7729 -0.6344 0.0107
vn -0.6343 -0.7730 0.0088
vn -0.4713 -0.8819 0.0066
vn -0.2903 -0.9569 0.0040
vn -0.0980 -0.9952 0.0014
vn 0.0980 -0.9952 -0.0014
vn 0.2903 -0.9569 -0.0040
vn 0.4714 -0.8819 -0.0066
vn 0.6343 -0.7730 -0.0088
vn 0.7729 -0.6344 -0.0107
vn 0.8818 -0.4714 -0.0123
vn 0.9568 -0.2903 -0.0133
vn 0.9951 -0.0980 -0.0138
vn 0.9951 0.0980 -0.0138
vn 0.9568 0.2903 -0.0133
vn 0.8818 0.4714 -0.0123
vn 0.7729 0.6344 -0.0107
vn 0.6343 0.7730 -0.0088
vn 0.4714 0.8819 -0.0066
vn 0.4713 0.8819 -0.0066
vn -0.0139 -0.0000 -0.9999
vn 0.2903 0.9569 -0.0040
vn 0.0980 0.9952 -0.0014
vn 0.0139 -0.0000 0.9999
vn 0.9569 -0.2903 -0.0133
vn 0.9569 0.2903 -0.0133
vn -0.4714 0.8819 0.0066
vn -0.4714 -0.8819 0.0066
vn -0.9999 -0.0000 0.0139
vn 0.4713 -0.8819 -0.0066
vn 0.9999 -0.0000 -0.0139
vn -0.5123 0.8547 0.0843
vn -0.5856 0.8066 0.0810
vn -0.0140 -0.0000 -0.9999
vn -0.0000 -0.0000 -1.0000
vn -0.5876 0.8066 -0.0647
vn -0.5144 0.8547 -0.0700
vn -0.0138 -0.0000 -0.9999
vn 0.0929 0.8760 0.4733
vn -0.0797 0.8760 0.4757
vn -0.0565 0.6768 0.7340
vn 0.0768 0.6768 0.7322
vt 1.000000 0.968750
vt 1.000000 1.000000
vt 0.968750 1.000000
vt 0.968750 0.968750
vt 0.937500 1.000000
vt 0.937500 0.968750
vt 0.906250 1.000000
vt 0.906250 0.968750
vt 0.875000 1.000000
vt 0.875000 0.968750
vt 0.843750 1.000000
vt 0.843750 0.968750
vt 0.812500 1.000000
vt 0.812500 0.968750
vt 0.781250 1.000000
vt 0.781250 0.968750
vt 0.750000 1.000000
vt 0.750000 0.968750
vt 0.718750 1.000000
vt 0.718750 0.968750
vt 0.687500 1.000000
vt 0.687500 0.968750
vt 0.656250 1.000000
vt 0.656250 0.968750
vt 0.625000 1.000000
vt 0.625000 0.968750
vt 0.593750 1.000000
vt 0.593750 0.968750
vt 0.562500 1.000000
vt 0.562500 0.968750
vt 0.531250 1.000000
vt 0.531250 0.968750
vt 0.500000 1.000000
vt 0.500000 0.968750
vt 0.468750 1.000000
vt 0.468750 0.968750
vt 0.437500 1.000000
vt 0.437500 0.968750
vt 0.406250 1.000000
vt 0.406250 0.968750
vt 0.375000 1.000000
vt 0.375000 0.968750
vt 0.343750 1.000000
vt 0.343750 0.968750
vt 0.312500 1.000000
vt 0.312500 0.968750
vt 0.281250 1.000000
vt 0.281250 0.968750
vt 0.250000 1.000000
vt 0.250000 0.968750
vt 0.218750 1.000000
vt 0.218750 0.968750
vt 0.187500 1.000000
vt 0.187500 0.968750
vt 0.156250 1.000000
vt 0.156250 0.968750
vt 0.125000 1.000000
vt 0.125000 0.968750
vt 0.093750 1.000000
vt 0.093750 0.968750
vt 0.062500 1.000000
vt 0.062500 0.968750
vt 0.281214 0.406926
vt 0.311229 0.397821
vt 0.341844 0.471731
vt 0.296822 0.485388
vt 0.250000 0.490000
vt 0.203178 0.485388
vt 0.158156 0.471731
vt 0.116663 0.449553
vt 0.080294 0.419706
vt 0.050447 0.383337
vt 0.028269 0.341844
vt 0.014612 0.296822
vt 0.010000 0.250000
vt 0.014612 0.203178
vt 0.028269 0.158156
vt 0.050447 0.116663
vt 0.080294 0.080294
vt 0.116663 0.050447
vt 0.158156 0.028269
vt 0.188771 0.102179
vt 0.161109 0.116965
vt 0.136863 0.136863
vt 0.116965 0.161109
vt 0.102179 0.188771
vt 0.093074 0.218786
vt 0.090000 0.250000
vt 0.093074 0.281214
vt 0.102179 0.311229
vt 0.116965 0.338891
vt 0.136863 0.363137
vt 0.161109 0.383035
vt 0.188771 0.397821
vt 0.218786 0.406926
vt 0.250000 0.410000
vt 0.218786 0.093074
vt 0.203178 0.014612
vt 0.250000 0.010000
vt 0.296822 0.014612
vt 0.341844 0.028269
vt 0.383337 0.050447
vt 0.419706 0.080294
vt 0.449553 0.116663
vt 0.471731 0.158156
vt 0.485388 0.203178
vt 0.490000 0.250000
vt 0.485388 0.296822
vt 0.471731 0.341844
vt 0.449553 0.383337
vt 0.419706 0.419706
vt 0.383337 0.449553
vt 0.338891 0.383035
vt 0.363137 0.363137
vt 0.383035 0.338891
vt 0.397821 0.311229
vt 0.406926 0.281214
vt 0.410000 0.250000
vt 0.406926 0.218786
vt 0.397821 0.188771
vt 0.383035 0.161109
vt 0.363137 0.136863
vt 0.338891 0.116965
vt 0.311229 0.102179
vt 0.281214 0.093074
vt 0.250000 0.090000
vt 0.031250 1.000000
vt 0.031250 0.968750
vt 0.000000 1.000000
vt 0.000000 0.968750
vt 0.906925 0.281214
vt 0.985388 0.296822
vt 0.990000 0.250000
vt 0.985388 0.203178
vt 0.971731 0.158156
vt 0.949553 0.116663
vt 0.919706 0.080294
vt 0.883337 0.050447
vt 0.841844 0.028269
vt 0.796822 0.014612
vt 0.750000 0.010000
vt 0.703178 0.014612
vt 0.658156 0.028269
vt 0.616663 0.050447
vt 0.580294 0.080294
vt 0.550447 0.116663
vt 0.528269 0.158156
vt 0.514612 0.203178
vt 0.593074 0.218786
vt 0.602179 0.188771
vt 0.616965 0.161109
vt 0.636863 0.136863
vt 0.661109 0.116965
vt 0.688771 0.102179
vt 0.718785 0.093074
vt 0.750000 0.090000
vt 0.781214 0.093074
vt 0.811229 0.102179
vt 0.838891 0.116965
vt 0.863137 0.136863
vt 0.883035 0.161109
vt 0.897821 0.188771
vt 0.906925 0.218786
vt 0.910000 0.250000
vt 0.590000 0.250000
vt 0.510000 0.250000
vt 0.514612 0.296822
vt 0.528269 0.341844
vt 0.550447 0.383337
vt 0.580294 0.419706
vt 0.616663 0.449553
vt 0.658156 0.471731
vt 0.703178 0.485388
vt 0.750000 0.490000
vt 0.796822 0.485388
vt 0.841844 0.471731
vt 0.883337 0.449553
vt 0.919706 0.419706
vt 0.949553 0.383337
vt 0.971731 0.341844
vt 0.897821 0.311229
vt 0.883035 0.338891
vt 0.863137 0.363137
vt 0.838891 0.383035
vt 0.811229 0.397821
vt 0.781214 0.406926
vt 0.750000 0.410000
vt 0.718785 0.406926
vt 0.688771 0.397821
vt 0.661109 0.383035
vt 0.636863 0.363137
vt 0.616965 0.338891
vt 0.602179 0.311229
vt 0.593074 0.281214
vt 1.000000 0.500000
vt 0.968750 0.500000
vt 0.937500 0.500000
vt 0.906250 0.500000
vt 0.875000 0.500000
vt 0.843750 0.500000
vt 0.812500 0.500000
vt 0.781250 0.500000
vt 0.750000 0.500000
vt 0.718750 0.500000
vt 0.687500 0.500000
vt 0.656250 0.500000
vt 0.625000 0.500000
vt 0.593750 0.500000
vt 0.562500 0.500000
vt 0.531250 0.500000
vt 0.500000 0.500000
vt 0.468750 0.500000
vt 0.437500 0.500000
vt 0.406250 0.500000
vt 0.375000 0.500000
vt 0.343750 0.500000
vt 0.312500 0.500000
vt 0.281250 0.500000
vt 0.250000 0.500000
vt 0.218750 0.500000
vt 0.187500 0.500000
vt 0.156250 0.500000
vt 0.125000 0.500000
vt 0.093750 0.500000
vt 0.062500 0.500000
vt 0.031250 0.500000
vt 0.000000 0.500000
vt 0.031250 0.750000
vt 0.000000 0.750000
vt 0.062500 0.750000
vt 0.093750 0.750000
vt 0.125000 0.750000
vt 0.156250 0.750000
vt 0.187500 0.750000
vt 0.218750 0.750000
vt 0.250000 0.750000
vt 0.281250 0.750000
vt 0.312500 0.750000
vt 0.343750 0.750000
vt 0.375000 0.750000
vt 0.406250 0.750000
vt 0.437500 0.750000
vt 0.468750 0.750000
vt 0.500000 0.750000
vt 0.531250 0.750000
vt 0.562500 0.750000
vt 0.593750 0.750000
vt 0.625000 0.750000
vt 0.656250 0.750000
vt 0.687500 0.750000
vt 0.718750 0.750000
vt 0.750000 0.750000
vt 0.781250 0.750000
vt 0.812500 0.750000
vt 0.843750 0.750000
vt 0.875000 0.750000
vt 0.906250 0.750000
vt 0.937500 0.750000
vt 0.968750 0.750000
vt 1.000000 0.750000
vt 0.031250 0.875000
vt 0.000000 0.875000
vt 0.062500 0.875000
vt 0.093750 0.875000
vt 0.125000 0.875000
vt 0.156250 0.875000
vt 0.187500 0.875000
vt 0.218750 0.875000
vt 0.250000 0.875000
vt 0.281250 0.875000
vt 0.312500 0.875000
vt 0.343750 0.875000
vt 0.375000 0.875000
vt 0.406250 0.875000
vt 0.437500 0.875000
vt 0.468750 0.875000
vt 0.500000 0.875000
vt 0.531250 0.875000
vt 0.562500 0.875000
vt 0.593750 0.875000
vt 0.625000 0.875000
vt 0.656250 0.875000
vt 0.687500 0.875000
vt 0.718750 0.875000
vt 0.750000 0.875000
vt 0.781250 0.875000
vt 0.812500 0.875000
vt 0.843750 0.875000
vt 0.875000 0.875000
vt 0.906250 0.875000
vt 0.937500 0.875000
vt 0.968750 0.875000
vt 1.000000 0.875000
vt 0.968750 0.937500
vt 0.968750 0.921875
vt 0.062500 0.921875
vt 0.062500 0.937500
vt 0.031250 0.937500
vt 0.031250 0.921875
vt 0.093750 0.921875
vt 0.093750 0.937500
vt 0.125000 0.921875
vt 0.125000 0.937500
vt 0.156250 0.921875
vt 0.156250 0.937500
vt 0.187500 0.921875
vt 0.187500 0.937500
vt 0.218750 0.921875
vt 0.218750 0.937500
vt 0.250000 0.921875
vt 0.250000 0.937500
vt 0.281250 0.921875
vt 0.281250 0.937500
vt 0.312500 0.921875
vt 0.312500 0.937500
vt 0.343750 0.921875
vt 0.343750 0.937500
vt 0.375000 0.921875
vt 0.375000 0.937500
vt 0.406250 0.921875
vt 0.406250 0.937500
vt 0.437500 0.921875
vt 0.437500 0.937500
vt 0.468750 0.921875
vt 0.468750 0.937500
vt 0.500000 0.921875
vt 0.500000 0.937500
vt 0.531250 0.921875
vt 0.531250 0.937500
vt 0.562500 0.921875
vt 0.562500 0.937500
vt 0.593750 0.921875
vt 0.593750 0.937500
vt 0.625000 0.921875
vt 0.625000 0.937500
vt 0.656250 0.921875
vt 0.656250 0.937500
vt 0.687500 0.921875
vt 0.687500 0.937500
vt 0.718750 0.921875
vt 0.718750 0.937500
vt 0.750000 0.921875
vt 0.750000 0.937500
vt 0.781250 0.921875
vt 0.781250 0.937500
vt 0.812500 0.921875
vt 0.812500 0.937500
vt 0.843750 0.921875
vt 0.843750 0.937500
vt 0.875000 0.921875
vt 0.875000 0.937500
vt 0.906250 0.921875
vt 0.906250 0.937500
vt 0.937500 0.921875
vt 0.937500 0.937500
vt 0.062500 0.953125
vt 0.031250 0.953125
vt 0.093750 0.953125
vt 0.125000 0.953125
vt 0.156250 0.953125
vt 0.187500 0.953125
vt 0.218750 0.953125
vt 0.250000 0.953125
vt 0.281250 0.953125
vt 0.312500 0.953125
vt 0.343750 0.953125
vt 0.375000 0.953125
vt 0.406250 0.953125
vt 0.437500 0.953125
vt 0.468750 0.953125
vt 0.500000 0.953125
vt 0.531250 0.953125
vt 0.562500 0.953125
vt 0.593750 0.953125
vt 0.625000 0.953125
vt 0.656250 0.953125
vt 0.687500 0.953125
vt 0.718750 0.953125
vt 0.750000 0.953125
vt 0.781250 0.953125
vt 0.812500 0.953125
vt 0.843750 0.953125
vt 0.875000 0.953125
vt 0.906250 0.953125
vt 0.937500 0.953125
vt 0.968750 0.953125
vt 0.000000 0.906250
vt 0.031250 0.906250
vt 1.000000 0.906250
vt 0.968750 0.906250
vt 0.937500 0.906250
vt 0.906250 0.906250
vt 0.875000 0.906250
vt 0.843750 0.906250
vt 0.812500 0.906250
vt 0.781250 0.906250
vt 0.750000 0.906250
vt 0.718750 0.906250
vt 0.687500 0.906250
vt 0.656250 0.906250
vt 0.625000 0.906250
vt 0.593750 0.906250
vt 0.562500 0.906250
vt 0.531250 0.906250
vt 0.500000 0.906250
vt 0.468750 0.906250
vt 0.437500 0.906250
vt 0.406250 0.906250
vt 0.375000 0.906250
vt 0.343750 0.906250
vt 0.312500 0.906250
vt 0.281250 0.906250
vt 0.250000 0.906250
vt 0.218750 0.906250
vt 0.187500 0.906250
vt 0.156250 0.906250
vt 0.125000 0.906250
vt 0.093750 0.906250
vt 0.062500 0.906250
vt 0.000000 0.937500
vt 0.000000 0.921875
vt 1.000000 0.921875
vt 1.000000 0.937500
vt 0.000000 0.953125
vt 1.000000 0.953125
s 1
usemtl iron
f 856/607/315 635/608/315 639/609/315 857/610/315
f 857/610/316 639/609/316 643/611/316 858/612/316
f 858/612/317 643/611/317 647/613/317 859/614/317
f 859/614/318 647/613/318 651/615/318 860/616/318
f 860/616/319 651/615/319 656/617/319 861/618/319
f 861/618/320 656/617/320 659/619/320 862/620/320
f 862/620/321 659/619/321 663/621/321 863/622/321
f 863/622/322 663/621/322 668/623/322 864/624/322
f 864/624/323 668/623/323 671/625/323 865/626/323
f 865/626/324 671/625/324 675/627/324 866/628/324
f 866/628/325 675/627/325 679/629/325 867/630/325
f 867/630/326 679/629/326 683/631/326 868/632/326
f 868/632/327 683/631/327 687/633/327 869/634/327
f 869/634/328 687/633/328 691/635/328 870/636/328
f 870/636/329 691/635/329 695/637/329 871/638/329
f 871/638/330 695/637/330 700/639/330 872/640/330
f 872/640/331 700/639/331 704/641/331 873/642/331
f 873/642/332 704/641/332 708/643/332 874/644/332
f 874/644/333 708/643/333 712/645/333 875/646/333
f 875/646/334 712/645/334 716/647/334 876/648/334
f 876/648/335 716/647/335 719/649/335 877/650/335
f 877/650/336 719/649/336 723/651/336 878/652/336
f 878/652/337 723/651/337 727/653/337 879/654/337
f 879/654/338 727/653/338 731/655/338 880/656/338
f 880/656/339 731/655/339 735/657/339 881/658/339
f 881/658/340 735/657/340 739/659/340 882/660/340
f 882/660/341 739/659/341 743/661/341 883/662/341
f 883/662/342 743/661/342 747/663/342 884/664/342
f 884/664/343 747/663/343 751/665/343 885/666/343
f 885/666/344 751/665/345 755/667/345 886/668/344
f 640/669/346 644/670/346 643/671/346 639/672/346 635/673/346 759/674/346 755/675/346 751/676/346 747/677/346 743/678/346 739/679/346 735/680/346 731/681/346 727/682/346 723/683/346 719/684/346 716/685/346 712/686/346 708/687/346 707/688/346 711/689/346 715/690/346 720/691/346 724/692/346 728/693/346 732/694/346 736/695/346 740/696/346 744/697/346 748/698/346 752/699/346 756/700/346 760/701/346 636/702/346
f 703/703/346 707/688/346 708/687/346 704/704/346 700/705/346 695/706/346 691/707/346 687/708/346 683/709/346 679/710/346 675/711/346 671/712/346 668/713/346 663/714/346 659/715/346 656/716/346 651/717/346 647/718/346 643/671/346 644/670/346 648/719/346 652/720/346 655/721/346 660/722/346 664/723/346 667/724/346 672/725/346 676/726/346 680/727/346 684/728/346 688/729/346 692/730/346 696/731/346 699/732/346
f 886/668/347 755/667/347 759/733/347 887/734/347
f 887/734/348 759/733/348 635/735/348 856/736/348
f 662/737/349 661/738/349 666/739/349 670/740/349 673/741/349 677/742/349 681/743/349 685/744/349 689/745/349 694/746/349 697/747/349 702/748/349 706/749/349 709/750/349 713/751/349 717/752/349 721/753/349 725/754/349 726/755/349 722/756/349 718/757/349 714/758/349 710/759/349 705/760/349 701/761/349 698/762/349 693/763/349 690/764/349 686/765/349 682/766/349 678/767/349 674/768/349 669/769/349 665/770/349
f 730/771/349 726/755/349 725/754/349 729/772/349 733/773/349 737/774/349 741/775/349 745/776/349 749/777/349 753/778/349 758/779/349 633/780/349 637/781/349 641/782/349 645/783/349 649/784/349 654/785/349 657/786/349 661/738/349 662/737/349 658/787/349 653/788/349 650/789/349 646/790/349 642/791/349 638/792/349 634/793/349 757/794/349 754/795/349 750/796/349 746/797/349 742/798/349 738/799/349 734/800/349
f 636/608/331 634/801/331 638/802/331 640/609/331
f 640/609/332 638/802/332 642/803/332 644/611/332
f 644/611/333 642/803/333 646/804/333 648/613/333
f 648/613/334 646/804/334 650/805/334 652/615/334
f 655/617/335 652/615/335 650/805/335 653/806/335
f 660/619/336 655/617/336 653/806/336 658/807/336
f 664/621/350 660/619/350 658/807/350 662/808/350
f 667/623/338 664/621/338 662/808/338 665/809/338
f 672/625/339 667/623/339 665/809/339 669/810/339
f 676/627/351 672/625/351 669/810/351 674/811/351
f 680/629/341 676/627/341 674/811/341 678/812/341
f 684/631/342 680/629/342 678/812/342 682/813/342
f 688/633/343 684/631/343 682/813/343 686/814/343
f 692/635/344 688/633/344 686/814/344 690/815/344
f 696/637/347 692/635/347 690/815/347 693/816/347
f 699/639/348 696/637/348 693/816/348 698/817/348
f 703/641/315 699/639/315 698/817/315 701/818/315
f 707/643/316 703/641/316 701/818/316 705/819/316
f 705/819/352 710/820/352 711/645/352 707/643/352
f 715/647/318 711/645/318 710/820/318 714/821/318
f 715/647/319 714/821/319 718/822/319 720/649/319
f 720/649/320 718/822/320 722/823/320 724/651/320
f 724/651/321 722/823/321 726/824/321 728/653/321
f 728/653/322 726/824/322 730/825/322 732/655/322
f 732/655/323 730/825/323 734/826/323 736/657/323
f 736/657/324 734/826/324 738/827/324 740/659/324
f 740/659/325 738/827/325 742/828/325 744/661/325
f 744/661/326 742/828/326 746/829/326 748/663/326
f 748/663/327 746/829/327 750/830/327 752/665/327
f 752/665/353 750/830/353 754/831/353 756/667/353
f 756/667/329 754/831/329 757/832/329 760/733/329
f 634/833/330 636/735/330 760/733/330 757/832/330
f 758/832/348 792/834/348 761/835/348 633/833/348
f 753/831/347 791/836/347 792/834/347 758/832/347
f 749/830/344 790/837/344 791/836/344 753/831/344
f 745/829/343 789/838/343 790/837/343 749/830/343
f 741/828/342 788/839/342 789/838/342 745/829/342
f 737/827/341 787/840/341 788/839/341 741/828/341
f 733/826/340 786/841/340 787/840/340 737/827/340
f 729/825/339 785/842/339 786/841/339 733/826/339
f 725/824/338 784/843/338 785/842/338 729/825/338
f 721/823/337 783/844/337 784/843/337 725/824/337
f 717/822/336 782/845/336 783/844/336 721/823/336
f 713/821/335 781/846/335 782/845/335 717/822/335
f 709/820/334 780/847/334 781/846/334 713/821/334
f 706/819/333 779/848/333 780/847/333 709/820/333
f 702/818/332 778/849/332 779/848/332 706/819/332
f 697/817/331 777/850/331 778/849/331 702/818/331
f 694/816/330 776/851/330 777/850/330 697/817/330
f 689/815/329 775/852/329 776/851/329 694/816/329
f 685/814/353 774/853/353 775/852/353 689/815/353
f 681/813/327 773/854/327 774/853/327 685/814/327
f 677/812/326 772/855/326 773/854/326 681/813/326
f 673/811/325 771/856/325 772/855/325 677/812/325
f 670/810/324 770/857/324 771/856/324 673/811/324
f 666/809/323 769/858/323 770/857/323 670/810/323
f 661/808/322 768/859/322 769/858/322 666/809/322
f 657/807/321 767/860/321 768/859/321 661/808/321
f 654/806/320 766/861/320 767/860/320 657/807/320
f 649/805/319 765/862/319 766/861/319 654/806/319
f 645/804/318 764/863/318 765/862/318 649/805/318
f 641/803/352 763/864/352 764/863/352 645/804/352
f 637/802/316 762/865/316 763/864/316 641/803/316
f 633/801/315 761/866/315 762/865/315 637/802/315
f 792/834/348 824/867/348 793/868/348 761/835/348
f 791/836/347 823/869/347 824/867/347 792/834/347
f 790/837/344 822/870/344 823/869/344 791/836/344
f 789/838/343 821/871/343 822/870/343 790/837/343
f 788/839/342 820/872/342 821/871/342 789/838/342
f 787/840/341 819/873/341 820/872/341 788/839/341
f 786/841/340 818/874/340 819/873/340 787/840/340
f 785/842/339 817/875/339 818/874/339 786/841/339
f 784/843/338 816/876/338 817/875/338 785/842/338
f 783/844/337 815/877/337 816/876/337 784/843/337
f 782/845/336 814/878/336 815/877/336 783/844/336
f 781/846/335 813/879/335 814/878/335 782/845/335
f 780/847/334 812/880/334 813/879/334 781/846/334
f 779/848/333 811/881/333 812/880/333 780/847/333
f 778/849/332 810/882/332 811/881/332 779/848/332
f 777/850/331 809/883/331 810/882/331 778/849/331
f 776/851/330 808/884/330 809/883/330 777/850/330
f 775/852/329 807/885/329 808/884/329 776/851/329
f 774/853/353 806/886/353 807/885/353 775/852/353
f 773/854/327 805/887/327 806/886/327 774/853/327
f 772/855/326 804/888/326 805/887/326 773/854/326
f 771/856/325 803/889/325 804/888/325 772/855/325
f 770/857/324 802/890/324 803/889/324 771/856/324
f 769/858/323 801/891/323 802/890/323 770/857/323
f 768/859/322 800/892/322 801/891/322 769/858/322
f 767/860/321 799/893/321 800/892/321 768/859/321
f 766/861/320 798/894/320 799/893/320 767/860/320
f 765/862/319 797/895/319 798/894/319 766/861/319
f 764/863/318 796/896/318 797/895/318 765/862/318
f 763/864/352 795/897/352 796/896/352 764/863/352
f 762/865/316 794/898/316 795/897/316 763/864/316
f 761/866/315 793/899/315 794/898/315 762/865/315
f 825/900/354 951/901/354 995/901/354 983/900/354
f 980/902/347 854/903/347 855/904/347 981/905/347
f 979/906/344 853/907/345 854/903/345 980/902/344
f 978/908/343 852/909/343 853/907/343 979/906/343
f 977/910/342 851/911/342 852/909/342 978/908/342
f 976/912/341 850/913/341 851/911/341 977/910/341
f 975/914/340 849/915/340 850/913/340 976/912/340
f 974/916/339 848/917/339 849/915/339 975/914/339
f 973/918/338 847/919/338 848/917/338 974/916/338
f 972/920/337 846/921/337 847/919/337 973/918/337
f 971/922/336 845/923/336 846/921/336 972/920/336
f 970/924/335 844/925/335 845/923/335 971/922/335
f 969/926/334 843/927/334 844/925/334 970/924/334
f 968/928/333 842/929/355 843/927/355 969/926/333
f 967/930/332 841/931/332 842/929/332 968/928/332
f 966/932/331 840/933/331 841/931/331 967/930/331
f 965/934/330 839/935/330 840/933/330 966/932/330
f 964/936/329 838/937/329 839/935/329 965/934/329
f 963/938/353 837/939/353 838/937/353 964/936/353
f 962/940/327 836/941/327 837/939/327 963/938/327
f 961/942/326 835/943/326 836/941/326 962/940/326
f 960/944/325 834/945/325 835/943/325 961/942/325
f 959/946/324 833/947/324 834/945/324 960/944/324
f 958/948/323 832/949/323 833/947/323 959/946/323
f 957/950/322 831/951/322 832/949/322 958/948/322
f 956/952/321 830/953/321 831/951/321 957/950/321
f 955/954/320 829/955/320 830/953/320 956/952/320
f 954/956/319 828/957/319 829/955/319 955/954/319
f 953/958/318 827/959/318 828/957/318 954/956/318
f 952/960/352 826/961/317 827/959/317 953/958/352
f 951/901/316 825/900/316 826/961/316 952/960/316
f 887/734/346 856/736/346 985/736/346 987/734/346
f 981/905/356 855/904/356 984/904/356 996/905/356
f 917/962/347 886/668/347 887/734/347 918/963/347
f 916/964/344 885/666/344 886/668/344 917/962/344
f 915/965/343 884/664/343 885/666/343 916/964/343
f 914/966/342 883/662/342 884/664/342 915/965/342
f 913/967/341 882/660/341 883/662/341 914/966/341
f 912/968/340 881/658/340 882/660/340 913/967/340
f 911/969/339 880/656/339 881/658/339 912/968/339
f 910/970/338 879/654/338 880/656/338 911/969/338
f 909/971/337 878/652/337 879/654/337 910/970/337
f 908/972/336 877/650/336 878/652/336 909/971/336
f 907/973/335 876/648/335 877/650/335 908/972/335
f 906/974/334 875/646/334 876/648/334 907/973/334
f 905/975/333 874/644/333 875/646/333 906/974/333
f 904/976/332 873/642/332 874/644/332 905/975/332
f 903/977/331 872/640/331 873/642/331 904/976/331
f 902/978/330 871/638/330 872/640/330 903/977/330
f 901/979/329 870/636/329 871/638/329 902/978/329
f 900/980/353 869/634/328 870/636/328 901/979/353
f 899/981/327 868/632/327 869/634/327 900/980/327
f 898/982/326 867/630/326 868/632/326 899/981/326
f 897/983/325 866/628/325 867/630/325 898/982/325
f 896/984/324 865/626/324 866/628/324 897/983/324
f 895/985/323 864/624/323 865/626/323 896/984/323
f 894/986/322 863/622/322 864/624/322 895/985/322
f 893/987/321 862/620/321 863/622/321 894/986/321
f 892/988/320 861/618/320 862/620/320 893/987/320
f 891/989/319 860/616/319 861/618/319 892/988/319
f 890/990/357 859/614/357 860/616/357 891/989/357
f 889/991/358 858/612/358 859/614/358 890/990/358
f 888/992/316 857/610/316 858/612/316 889/991/316
f 857/610/354 888/992/354 989/992/354 986/610/354
s 0
f 919/993/359 950/994/360 993/994/346 991/993/360
s 1
f 825/900/316 888/992/316 889/991/316 826/961/316
f 826/961/361 889/991/361 890/990/361 827/959/361
f 827/959/362 890/990/362 891/989/362 828/957/362
f 828/957/319 891/989/319 892/988/319 829/955/319
f 829/955/320 892/988/320 893/987/320 830/953/320
f 830/953/321 893/987/321 894/986/321 831/951/321
f 831/951/322 894/986/322 895/985/322 832/949/322
f 832/949/323 895/985/323 896/984/323 833/947/323
f 833/947/324 896/984/324 897/983/324 834/945/324
f 834/945/325 897/983/325 898/982/325 835/943/325
f 835/943/326 898/982/326 899/981/326 836/941/326
f 836/941/327 899/981/327 900/980/327 837/939/327
f 837/939/353 900/980/353 901/979/353 838/937/353
f 838/937/329 901/979/329 902/978/329 839/935/329
f 839/935/330 902/978/330 903/977/330 840/933/330
f 840/933/331 903/977/331 904/976/331 841/931/331
f 841/931/332 904/976/332 905/975/332 842/929/332
f 842/929/355 905/975/333 906/974/333 843/927/355
f 843/927/334 906/974/334 907/973/334 844/925/334
f 844/925/335 907/973/335 908/972/335 845/923/335
f 845/923/336 908/972/336 909/971/336 846/921/336
f 846/921/337 909/971/337 910/970/337 847/919/337
f 847/919/338 910/970/338 911/969/338 848/917/338
f 848/917/339 911/969/339 912/968/339 849/915/339
f 849/915/340 912/968/340 913/967/340 850/913/340
f 850/913/341 913/967/341 914/966/341 851/911/341
f 851/911/342 914/966/342 915/965/342 852/909/342
f 852/909/343 915/965/343 916/964/343 853/907/343
f 853/907/345 916/964/344 917/962/344 854/903/345
f 854/903/347 917/962/347 918/963/347 855/904/347
f 918/963/356 887/734/356 987/734/356 990/963/356
f 793/899/315 919/995/315 920/996/315 794/898/315
f 794/898/316 920/996/316 921/997/316 795/897/316
f 795/897/352 921/997/352 922/998/352 796/896/352
f 796/896/318 922/998/318 923/999/318 797/895/318
f 797/895/319 923/999/319 924/1000/319 798/894/319
f 798/894/320 924/1000/320 925/1001/320 799/893/320
f 799/893/321 925/1001/321 926/1002/321 800/892/321
f 800/892/322 926/1002/322 927/1003/322 801/891/322
f 801/891/323 927/1003/323 928/1004/323 802/890/323
f 802/890/324 928/1004/324 929/1005/324 803/889/324
f 803/889/325 929/1005/325 930/1006/325 804/888/325
f 804/888/326 930/1006/326 931/1007/326 805/887/326
f 805/887/327 931/1007/327 932/1008/327 806/886/327
f 806/886/353 932/1008/353 933/1009/353 807/885/353
f 807/885/329 933/1009/329 934/1010/329 808/884/329
f 808/884/330 934/1010/330 935/1011/330 809/883/330
f 809/883/331 935/1011/331 936/1012/331 810/882/331
f 810/882/332 936/1012/332 937/1013/332 811/881/332
f 811/881/333 937/1013/333 938/1014/333 812/880/333
f 812/880/334 938/1014/334 939/1015/334 813/879/334
f 813/879/335 939/1015/335 940/1016/335 814/878/335
f 814/878/336 940/1016/336 941/1017/336 815/877/336
f 815/877/337 941/1017/337 942/1018/337 816/876/337
f 816/876/338 942/1018/338 943/1019/338 817/875/338
f 817/875/339 943/1019/339 944/1020/339 818/874/339
f 818/874/340 944/1020/340 945/1021/340 819/873/340
f 819/873/341 945/1021/341 946/1022/341 820/872/341
f 820/872/342 946/1022/342 947/1023/342 821/871/342
f 821/871/343 947/1023/343 948/1024/343 822/870/343
f 822/870/344 948/1024/344 949/1025/344 823/869/344
f 823/869/347 949/1025/347 950/994/347 824/867/347
f 824/867/348 950/994/348 919/993/348 793/868/348
f 888/992/354 825/900/354 983/900/354 989/992/354
f 920/996/316 951/901/316 952/960/316 921/997/316
f 921/997/352 952/960/352 953/958/352 922/998/352
f 922/998/318 953/958/318 954/956/318 923/999/318
f 923/999/319 954/956/319 955/954/319 924/1000/319
f 924/1000/320 955/954/320 956/952/320 925/1001/320
f 925/1001/321 956/952/321 957/950/321 926/1002/321
f 926/1002/322 957/950/322 958/948/322 927/1003/322
f 927/1003/323 958/948/323 959/946/323 928/1004/323
f 928/1004/324 959/946/324 960/944/324 929/1005/324
f 929/1005/325 960/944/325 961/942/325 930/1006/325
f 930/1006/326 961/942/326 962/940/326 931/1007/326
f 931/1007/327 962/940/327 963/938/327 932/1008/327
f 932/1008/353 963/938/353 964/936/353 933/1009/353
f 933/1009/329 964/936/329 965/934/329 934/1010/329
f 934/1010/330 965/934/330 966/932/330 935/1011/330
f 935/1011/331 966/932/331 967/930/331 936/1012/331
f 936/1012/332 967/930/332 968/928/332 937/1013/332
f 937/1013/333 968/928/333 969/926/333 938/1014/333
f 938/1014/334 969/926/334 970/924/334 939/1015/334
f 939/1015/335 970/924/335 971/922/335 940/1016/335
f 940/1016/336 971/922/336 972/920/336 941/1017/336
f 941/1017/337 972/920/337 973/918/337 942/1018/337
f 942/1018/338 973/918/338 974/916/338 943/1019/338
f 943/1019/339 974/916/339 975/914/339 944/1020/339
f 944/1020/340 975/914/340 976/912/340 945/1021/340
f 945/1021/341 976/912/341 977/910/341 946/1022/341
f 946/1022/342 977/910/342 978/908/342 947/1023/342
f 947/1023/343 978/908/343 979/906/343 948/1024/343
f 948/1024/344 979/906/344 980/902/344 949/1025/344
f 949/1025/347 980/902/347 981/905/347 950/994/347
s 0
f 920/996/363 919/995/360 991/995/346 992/996/360
s 1
f 996/905/364 984/904/364 982/1026/364 994/1027/364
f 994/1028/365 982/1029/365 983/900/365 995/901/365
f 990/963/348 987/734/348 985/736/348 988/1030/348
f 988/1031/315 985/607/315 986/610/315 989/992/315
f 982/1029/315 988/1031/315 989/992/315 983/900/315
f 984/904/348 990/963/348 988/1030/348 982/1026/348
f 991/995/366 994/1028/366 995/901/366 992/996/366
f 993/994/367 996/905/367 994/1027/367 991/993/367
f 856/607/346 857/610/346 986/610/346 985/607/346
f 950/994/356 981/905/356 996/905/356 993/994/356
f 951/901/354 920/996/354 992/996/354 995/901/354
f 855/904/356 918/963/356 990/963/356 984/904/356
o Mesh.004
v 16.326130 -4.594358 -9.419130
v 16.840290 -4.726840 -9.426277
v 16.867443 -4.726837 -7.473156
v 16.353283 -4.594354 -7.466010
v 15.949740 -4.232408 -9.413898
v 15.976892 -4.232405 -7.460777
v 15.811972 -3.737976 -9.411985
v 15.839123 -3.737973 -7.458861
v 15.949740 -3.243545 -9.413900
v 15.976892 -3.243541 -7.460777
v 16.326130 -2.881595 -9.419132
v 16.353283 -2.881592 -7.466010
v 16.840290 -2.749112 -9.426281
v 16.867443 -2.749109 -7.473156
v 17.354450 -2.881594 -9.433428
v 17.381601 -2.881591 -7.480304
v 17.730841 -3.243544 -9.438660
v 17.757992 -3.243541 -7.485538
v 17.868610 -3.737976 -9.440575
v 17.895760 -3.737972 -7.487453
v 17.730841 -4.232408 -9.438658
v 17.757992 -4.232404 -7.485538
v 17.354450 -4.594357 -9.433426
v 17.381601 -4.594354 -7.480304
v 16.840290 -2.645278 -9.426281
v 17.354450 -2.512795 -9.433428
v 17.381601 -2.512792 -7.480304
v 16.867443 -2.645275 -7.473156
v 17.730841 -2.150846 -9.438660
v 17.757992 -2.150842 -7.485538
v 17.868610 -1.656413 -9.440575
v 17.895760 -1.656410 -7.487453
v 17.730841 -1.161982 -9.438663
v 17.757992 -1.161979 -7.485538
v 17.354450 -0.800033 -9.433430
v 17.381601 -0.800029 -7.480305
v 16.840290 -0.667550 -9.426283
v 16.867443 -0.667547 -7.473157
v 16.326130 -0.800033 -9.419134
v 16.353283 -0.800029 -7.466010
v 15.949740 -1.161982 -9.413902
v 15.976892 -1.161979 -7.460778
v 15.811972 -1.656414 -9.411985
v 15.839123 -1.656411 -7.458862
v 15.949740 -2.150846 -9.413900
v 15.976892 -2.150843 -7.460777
v 16.326130 -2.512795 -9.419132
v 16.353283 -2.512792 -7.466010
v 13.082430 -2.645278 -9.374041
v 12.568270 -2.512795 -9.366892
v 12.595421 -2.512792 -7.413769
v 13.109581 -2.645275 -7.420918
v 12.191879 -2.150846 -9.361660
v 12.219030 -2.150843 -7.408537
v 12.054111 -1.656414 -9.359745
v 12.081263 -1.656411 -7.406622
v 12.191879 -1.161982 -9.361662
v 12.219030 -1.161979 -7.408537
v 12.568270 -0.800033 -9.366896
v 12.595421 -0.800029 -7.413769
v 13.082430 -0.667550 -9.374043
v 13.109581 -0.667547 -7.420918
v 13.596589 -0.800033 -9.381189
v 13.623741 -0.800029 -7.428065
v 13.972980 -1.161982 -9.386423
v 14.000133 -1.161979 -7.433297
v 14.110749 -1.656413 -9.388336
v 14.137900 -1.656410 -7.435212
v 13.972980 -2.150846 -9.386421
v 14.000133 -2.150842 -7.433297
v 13.596590 -2.512795 -9.381187
v 13.623741 -2.512792 -7.428065
v 13.082430 -4.737406 -9.374039
v 13.596590 -4.604923 -9.381186
v 13.623741 -4.604920 -7.428065
v 13.109581 -4.737403 -7.420916
v 13.972980 -4.242974 -9.386417
v 14.000133 -4.242971 -7.433297
v 14.110749 -3.748542 -9.388336
v 14.137900 -3.748539 -7.435212
v 13.972980 -3.254110 -9.386421
v 14.000133 -3.254107 -7.433297
v 13.596589 -2.892161 -9.381187
v 13.623741 -2.892158 -7.428065
v 13.082430 -2.759679 -9.374041
v 13.109581 -2.759676 -7.420918
v 12.568270 -2.892161 -9.366892
v 12.595421 -2.892158 -7.413769
v 12.191879 -3.254111 -9.361660
v 12.219030 -3.254108 -7.408537
v 12.054111 -3.748542 -9.359745
v 12.081263 -3.748539 -7.406621
v 12.191879 -4.242974 -9.361658
v 12.219030 -4.242971 -7.408537
v 12.568270 -4.604924 -9.366890
v 12.595421 -4.604920 -7.413769
v 14.950373 -5.815170 -9.400005
v 14.436213 -5.682687 -9.392857
v 14.463364 -5.682684 -7.439732
v 14.977524 -5.815167 -7.446881
v 14.059822 -5.320738 -9.387625
v 14.086973 -5.320735 -7.434505
v 13.922053 -4.826306 -9.385710
v 13.949204 -4.826303 -7.432589
v 14.059822 -4.331874 -9.387625
v 14.086974 -4.331871 -7.434505
v 14.436213 -3.969925 -9.392860
v 14.463364 -3.969922 -7.439736
v 14.950373 -3.837442 -9.400007
v 14.977524 -3.837439 -7.446885
v 15.464532 -3.969924 -9.407154
v 15.491683 -3.969921 -7.454031
v 15.840922 -4.331874 -9.412386
v 15.868074 -4.331871 -7.459263
v 15.978692 -4.826305 -9.414301
v 16.005844 -4.826302 -7.461178
v 15.840923 -5.320737 -9.412386
v 15.868074 -5.320734 -7.459263
v 15.464533 -5.682687 -9.407152
v 15.491684 -5.682684 -7.454028
v 15.464533 -1.374663 -9.407156
v 14.950373 -1.507146 -9.400007
v 14.977524 -1.507142 -7.446885
v 15.491684 -1.374659 -7.454031
v 15.840923 -1.012713 -9.412390
v 15.868074 -1.012710 -7.459264
v 15.978692 -0.518281 -9.414305
v 16.005844 -0.518278 -7.461180
v 15.840922 -0.023849 -9.412390
v 15.868074 -0.023846 -7.459265
v 15.464532 0.338100 -9.407158
v 15.491683 0.338103 -7.454036
v 14.950373 0.470582 -9.400009
v 14.977524 0.470585 -7.446888
v 14.436213 0.338100 -9.392862
v 14.463364 0.338103 -7.439741
v 14.059822 -0.023850 -9.387630
v 14.086974 -0.023847 -7.434505
v 13.922053 -0.518282 -9.385714
v 13.949204 -0.518278 -7.432589
v 14.059822 -1.012713 -9.387630
v 14.086973 -1.012710 -7.434505
v 14.436213 -1.374663 -9.392860
v 14.463364 -1.374660 -7.439737
v 15.842100 -5.899578 -9.412401
v 15.250655 -5.999865 -9.404179
v 15.277807 -5.999862 -7.451054
v 15.869251 -5.899575 -7.459277
v 16.406446 -5.702053 -9.420246
v 16.926552 -5.413292 -9.427477
v 16.953703 -5.413289 -7.474356
v 16.433598 -5.702050 -7.467122
v 17.386612 -5.042067 -9.433872
v 17.772648 -4.599659 -9.439240
v 17.799799 -4.599656 -7.486118
v 17.413761 -5.042064 -7.480752
v 18.072929 -4.099509 -9.443415
v 18.100080 -4.099506 -7.490292
v 18.278336 -3.556815 -9.446272
v 18.305485 -3.556812 -7.493147
v 18.382622 -2.988066 -9.447721
v 18.382622 -2.410543 -9.447721
v 18.409773 -2.410540 -7.494597
v 18.409773 -2.988063 -7.494597
v 18.278334 -1.841795 -9.446272
v 18.072929 -1.299101 -9.443417
v 18.100079 -1.299098 -7.490292
v 18.305485 -1.841791 -7.493147
v 17.772644 -0.798952 -9.439243
v 17.799797 -0.798949 -7.486119
v 17.386608 -0.356544 -9.433878
v 17.413761 -0.356540 -7.480752
v 16.926548 0.014681 -9.427481
v 16.406443 0.303442 -9.420252
v 16.433594 0.303445 -7.467130
v 16.953699 0.014684 -7.474356
v 15.842095 0.500967 -9.412407
v 15.250654 0.601252 -9.404184
v 15.277805 0.601255 -7.451063
v 15.869247 0.500970 -7.459284
v 14.650088 0.601252 -9.395836
v 14.677240 0.601255 -7.442714
v 14.058647 0.500966 -9.387613
v 14.085798 0.500969 -7.434493
v 13.494300 0.303441 -9.379768
v 12.974195 0.014680 -9.372538
v 13.001347 0.014683 -7.419413
v 13.521451 0.303444 -7.426647
v 12.514135 -0.356545 -9.366142
v 12.128099 -0.798953 -9.360775
v 12.155251 -0.798950 -7.407650
v 12.541286 -0.356542 -7.413018
v 11.827816 -1.299102 -9.356600
v 11.854967 -1.299099 -7.403476
v 11.622410 -1.841796 -9.353745
v 11.649563 -1.841793 -7.400620
v 11.518124 -2.410545 -9.352295
v 11.518124 -2.988068 -9.352295
v 11.545275 -2.988065 -7.399170
v 11.545275 -2.410542 -7.399170
v 11.622410 -3.556817 -9.353745
v 11.827816 -4.099511 -9.356600
v 11.854967 -4.099507 -7.403475
v 11.649563 -3.556814 -7.400620
v 12.128099 -4.599660 -9.360771
v 12.155251 -4.599657 -7.407650
v 12.514135 -5.042069 -9.366138
v 12.541286 -5.042065 -7.413016
v 12.974195 -5.413293 -9.372534
v 13.494301 -5.702054 -9.379763
v 13.521452 -5.702051 -7.426638
v 13.001347 -5.413290 -7.419411
v 14.058648 -5.899579 -9.387609
v 14.650089 -5.999865 -9.395830
v 14.677241 -5.999862 -7.442706
v 14.085799 -5.899576 -7.434484
v 14.977524 -2.699303 -7.446885
v 17.338978 -0.800034 -10.546303
v 17.715370 -1.161983 -10.551535
v 16.310661 -2.881595 -10.532005
v 16.824820 -2.749113 -10.539152
v 14.634619 -5.999867 -10.508705
v 15.235185 -5.999867 -10.517054
v 14.044352 -1.012715 -10.500502
v 13.906583 -0.518283 -10.498587
v 14.934902 -5.815171 -10.512878
v 15.449062 -5.682689 -10.520027
v 16.824820 -0.667551 -10.539156
v 16.310661 -0.800034 -10.532007
v 12.038641 -1.656415 -10.472618
v 12.176409 -1.161984 -10.474535
v 14.095278 -3.748543 -10.501207
v 13.957510 -4.242976 -10.499292
v 18.057459 -4.099511 -10.556288
v 18.273966 -3.425148 -10.559299
v 12.112629 -4.599662 -10.473644
v 12.609676 -5.113237 -10.480555
v 17.853138 -1.656415 -10.553448
v 17.715370 -2.150846 -10.551533
v 18.273966 -1.937878 -10.559299
v 18.057457 -1.299103 -10.556288
v 13.957510 -3.254111 -10.499292
v 13.581118 -2.892162 -10.494061
v 14.420742 -5.682689 -10.505732
v 14.044352 -5.320739 -10.500498
v 15.449062 -1.374664 -10.520027
v 14.934902 -1.507147 -10.512880
v 17.853138 -3.737977 -10.553448
v 17.715370 -4.232409 -10.551531
v 17.338978 -2.881595 -10.546299
v 17.715370 -3.243545 -10.551533
v 15.825453 -5.320738 -10.525259
v 14.634618 0.601251 -10.508707
v 15.235184 0.601251 -10.517057
v 15.825452 -4.331875 -10.525259
v 15.963220 -4.826306 -10.527174
v 13.066959 -2.645278 -10.486912
v 12.552799 -2.512796 -10.479765
v 17.338980 -2.512795 -10.546301
v 16.824820 -2.645278 -10.539152
v 12.176409 -3.254111 -10.474533
v 12.552799 -2.892162 -10.479765
v 12.112629 -0.798954 -10.473648
v 11.812346 -1.299104 -10.469471
v 17.338980 -4.594358 -10.546299
v 13.581118 -0.800034 -10.494062
v 13.957510 -1.161983 -10.499294
v 13.066959 -2.759679 -10.486914
v 12.594887 -0.271134 -10.480352
v 13.066959 -4.737408 -10.486912
v 12.552799 -4.604926 -10.479765
v 13.066959 -0.667551 -10.486916
v 15.963220 -0.518283 -10.527178
v 15.825452 -0.023851 -10.525263
v 17.757175 -4.599661 -10.552113
v 12.176409 -4.242976 -10.474531
v 12.038641 -3.748544 -10.472616
v 16.824820 -4.726842 -10.539152
v 17.273447 -5.084771 -10.545387
v 15.825453 -1.012715 -10.525261
v 12.552799 -0.800034 -10.479767
v 16.310661 -4.594359 -10.532003
v 15.934270 -4.232409 -10.526772
v 15.937642 -5.842645 -10.526817
v 13.961769 -5.849763 -10.499350
v 11.812346 -4.099512 -10.469471
v 12.176409 -2.150846 -10.474533
v 13.906583 -4.826306 -10.498583
v 14.420742 -1.374665 -10.505732
v 13.987663 0.479612 -10.499714
v 15.965401 0.456482 -10.527208
v 15.449061 -3.969926 -10.520027
v 11.614342 -1.945005 -10.466719
v 16.310661 -2.512796 -10.532005
v 13.957510 -2.150846 -10.499292
v 14.095278 -1.656415 -10.501207
v 15.934270 -2.150846 -10.526772
v 15.796501 -1.656415 -10.524858
v 13.581120 -4.604925 -10.494059
v 15.796501 -3.737978 -10.524858
v 13.581120 -2.512795 -10.494061
v 14.934902 0.470580 -10.512882
v 14.420742 0.338098 -10.505733
v 15.449061 0.338098 -10.520029
v 14.420742 -3.969926 -10.505732
v 14.934902 -3.837443 -10.512880
v 15.934270 -3.243545 -10.526773
v 15.934270 -1.161984 -10.526775
v 14.044352 -4.331876 -10.500500
v 14.044352 -0.023852 -10.500502
v 11.588436 -3.450050 -10.466358
v 17.757175 -0.798954 -10.552116
v 17.300825 -0.299606 -10.545773
v 17.714859 -0.798956 -13.596149
v 17.258509 -0.299607 -13.589806
v 18.015141 -1.299105 -13.600323
v 11.546120 -3.450054 -13.510391
v 11.770029 -4.099515 -13.513504
v 14.892586 -3.837446 -13.556911
v 15.406744 -3.969928 -13.564060
v 13.864266 -0.518285 -13.542620
v 14.002035 -0.023853 -13.544535
v 14.002035 -4.331879 -13.544533
v 14.378425 -3.969929 -13.549765
v 15.891953 -1.161986 -13.570808
v 15.754184 -1.656418 -13.568892
v 14.378425 0.338096 -13.549768
v 16.268345 -2.881599 -13.576038
v 15.891953 -3.243548 -13.570807
v 13.864266 -4.826311 -13.542616
v 16.268345 -0.800036 -13.576040
v 15.754184 -3.737979 -13.568890
v 15.406744 0.338096 -13.564062
v 14.892586 0.470578 -13.556915
v 14.892586 -5.815175 -13.556911
v 14.378425 -5.682692 -13.549763
v 13.538803 -2.512800 -13.538094
v 13.024643 -2.645283 -13.530945
v 16.782503 -4.726844 -13.583183
v 16.268345 -4.594361 -13.576036
v 15.783135 -0.023853 -13.569296
v 16.268345 -2.512800 -13.576038
v 15.891953 -2.150851 -13.570807
v 13.915194 -2.150849 -13.543325
v 15.891953 -4.232412 -13.570805
v 13.538803 -4.604928 -13.538092
v 13.915194 -4.242979 -13.543325
v 13.024643 -4.737411 -13.530943
v 15.406746 -1.374666 -13.564062
v 15.783136 -1.012716 -13.569294
v 13.915194 -1.161985 -13.543327
v 14.052961 -1.656416 -13.545240
v 15.920904 -4.826307 -13.571205
v 15.783136 -5.320742 -13.569290
v 16.782503 -2.645283 -13.583185
v 11.770029 -1.299106 -13.513506
v 11.572025 -1.945008 -13.510752
v 15.783135 -4.331879 -13.569292
v 12.510483 -2.512800 -13.523798
v 12.134092 -2.150851 -13.518566
v 13.024643 -2.759683 -13.530947
v 13.538802 -2.892165 -13.538094
v 15.192866 0.601250 -13.561090
v 15.923084 0.456481 -13.571241
v 14.052961 -3.748545 -13.545240
v 13.915194 -3.254114 -13.543325
v 13.945347 0.479610 -13.543747
v 14.592301 0.601249 -13.552740
v 14.378425 -1.374667 -13.549767
v 14.892586 -1.507149 -13.556913
v 17.673054 -3.243548 -13.595566
v 17.810822 -3.737979 -13.597481
v 12.510483 -4.604928 -13.523796
v 12.134092 -4.242979 -13.518566
v 14.002035 -1.012716 -13.544533
v 14.002035 -5.320743 -13.544531
v 11.996325 -1.656418 -13.516651
v 16.782503 -2.749116 -13.583187
v 17.296661 -2.881598 -13.590334
v 17.673054 -1.161985 -13.595568
v 17.810822 -1.656416 -13.597481
v 12.070312 -4.599664 -13.517677
v 13.919452 -5.849765 -13.543383
v 14.592302 -5.999868 -13.552736
v 16.782503 -0.667554 -13.583189
v 17.296661 -0.800036 -13.590336
v 15.895326 -5.842648 -13.570850
v 15.192868 -5.999868 -13.561085
v 12.134092 -1.161986 -13.518568
v 12.510483 -0.800036 -13.523800
v 13.024643 -0.667554 -13.530949
v 11.996325 -3.748546 -13.516651
v 12.134092 -3.254115 -13.518566
v 15.920904 -0.518285 -13.571211
v 17.231129 -5.084774 -13.589420
v 17.714859 -4.599662 -13.596146
v 17.296663 -4.594361 -13.590332
v 18.015142 -4.099514 -13.600321
v 13.538802 -0.800036 -13.538095
v 12.552570 -0.271136 -13.524385
v 12.070312 -0.798956 -13.517681
v 12.510483 -2.892165 -13.523798
v 17.673054 -4.232410 -13.595566
v 17.673054 -2.150849 -13.595566
v 17.296663 -2.512800 -13.590334
v 15.406746 -5.682692 -13.564058
v 18.231649 -1.937882 -13.603331
v 12.567360 -5.113238 -13.524586
v 18.231649 -3.425151 -13.603331
v 13.873213 0.043641 -13.542744
v 11.915237 -2.262262 -13.515524
v 12.968220 -0.423063 -13.530163
v 11.917809 -3.131416 -13.515558
v 12.990416 -4.954261 -13.530468
v 13.839856 -5.445851 -13.542276
v 15.971215 -5.445848 -13.571905
v 16.805857 -4.954256 -13.583508
v 17.865963 -3.098387 -13.598248
v 17.865961 -2.289556 -13.598248
v 16.813251 -0.440834 -13.583614
v 15.985990 0.086360 -13.572115
v 14.892586 -2.699311 -13.556913
v 12.083719 -2.699307 -10.473244
v 11.957554 -2.262259 -10.471491
v 11.960125 -3.131414 -10.471525
v 12.041403 -2.699311 -13.517277
v 12.510483 -2.702482 -13.523798
v 13.525909 -5.070171 -10.493292
v 13.032734 -4.954259 -10.486435
v 13.882172 -5.445850 -10.498243
v 13.483593 -5.070173 -13.537323
v 13.513339 -5.029077 -13.537737
v 16.366829 -5.083680 -10.532785
v 16.013531 -5.445846 -10.527874
v 16.848173 -4.954252 -10.539476
v 16.324512 -5.083683 -13.576817
v 16.282820 -5.023791 -13.576237
v 17.804661 -2.699305 -10.552774
v 17.908279 -3.098384 -10.554214
v 17.908278 -2.289552 -10.554214
v 17.762344 -2.699309 -13.596807
v 17.296663 -2.697198 -13.590334
v 16.343868 -0.296451 -10.532469
v 16.855568 -0.440832 -10.539581
v 16.028305 0.086361 -10.528082
v 16.301552 -0.296452 -13.576502
v 16.282818 -0.345704 -13.576241
v 13.540751 -0.324946 -10.493502
v 13.915529 0.043643 -10.498711
v 13.010536 -0.423061 -10.486130
v 13.498434 -0.324948 -13.537535
v 13.513339 -0.345704 -13.537741
v 11.518888 -2.990821 -9.352304
v 11.589317 -3.448835 -10.466372
v 11.516752 -2.408181 -9.352276
v 11.614998 -1.943529 -10.466728
v 12.969795 0.014028 -9.372477
v 12.606672 -0.268845 -10.480516
v 13.499059 0.306166 -9.379835
v 13.988585 0.475043 -10.499727
v 16.406818 0.303402 -9.420258
v 15.964746 0.454619 -10.527199
v 16.928486 0.012842 -9.427509
v 17.300125 -0.302045 -10.545763
v 18.382877 -2.410101 -9.447725
v 18.272980 -1.932906 -10.559284
v 18.382877 -2.987889 -9.447725
v 18.269897 -3.421826 -10.559240
v 16.928501 -5.410536 -9.427504
v 17.270397 -5.081753 -10.545345
v 16.406803 -5.702020 -9.420252
v 15.941683 -5.839862 -10.526875
v 13.496001 -5.703009 -9.379787
v 13.962655 -5.846979 -10.499363
v 12.972242 -5.414404 -9.372507
v 12.607922 -5.108438 -10.480530
v 13.538803 -4.604928 -13.538092
v 13.538803 -4.604928 -13.538092
v 13.024643 -4.737411 -13.530943
v 13.024643 -4.737411 -13.530943
v 13.024643 -4.737411 -13.530943
v 14.892586 -5.815175 -13.556911
v 14.892586 -5.815175 -13.556911
v 14.892586 -5.815175 -13.556911
v 14.592302 -5.999868 -13.552736
v 14.592302 -5.999868 -13.552736
v 16.268345 -2.881599 -13.576038
v 16.268345 -2.881599 -13.576038
v 16.268345 -2.881599 -13.576038
v 15.891953 -3.243548 -13.570807
v 15.891953 -3.243548 -13.570807
v 15.839123 -3.737973 -7.458861
v 15.839123 -3.737973 -7.458861
v 15.839123 -3.737973 -7.458861
v 15.976892 -3.243541 -7.460777
v 15.976892 -3.243541 -7.460777
v 13.623741 -0.800029 -7.428065
v 13.623741 -0.800029 -7.428065
v 14.000133 -1.161979 -7.433297
v 14.000133 -1.161979 -7.433297
v 17.810822 -3.737979 -13.597481
v 17.810822 -3.737979 -13.597481
v 17.673054 -4.232410 -13.595566
v 17.673054 -4.232410 -13.595566
v 17.714859 -4.599662 -13.596146
v 17.714859 -4.599662 -13.596146
v 18.015142 -4.099514 -13.600321
v 18.015142 -4.099514 -13.600321
v 14.977524 0.470585 -7.446888
v 14.977524 0.470585 -7.446888
v 14.977524 0.470585 -7.446888
v 14.463364 0.338103 -7.439741
v 14.463364 0.338103 -7.439741
v 16.813251 -0.440834 -13.583614
v 16.813251 -0.440834 -13.583614
v 16.301552 -0.296452 -13.576502
v 16.301552 -0.296452 -13.576502
v 17.757992 -2.150842 -7.485538
v 17.757992 -2.150842 -7.485538
v 18.305485 -1.841791 -7.493147
v 18.305485 -1.841791 -7.493147
v 16.353283 -2.881592 -7.466010
v 16.353283 -2.881592 -7.466010
v 16.353283 -2.881592 -7.466010
v 16.353283 -2.512792 -7.466010
v 16.353283 -2.512792 -7.466010
v 16.353283 -2.512792 -7.466010
v 16.782503 -4.726844 -13.583183
v 16.782503 -4.726844 -13.583183
v 16.782503 -4.726844 -13.583183
v 17.296663 -4.594361 -13.590332
v 17.296663 -4.594361 -13.590332
v 13.623741 -4.604920 -7.428065
v 13.623741 -4.604920 -7.428065
v 14.000133 -4.242971 -7.433297
v 14.000133 -4.242971 -7.433297
v 13.873213 0.043641 -13.542744
v 13.873213 0.043641 -13.542744
v 13.498434 -0.324948 -13.537535
v 13.498434 -0.324948 -13.537535
v 16.953703 -5.413289 -7.474356
v 16.953703 -5.413289 -7.474356
v 17.413761 -5.042064 -7.480752
v 17.413761 -5.042064 -7.480752
v 16.867443 -0.667547 -7.473157
v 16.867443 -0.667547 -7.473157
v 16.867443 -0.667547 -7.473157
v 15.868074 -0.023846 -7.459265
v 15.868074 -0.023846 -7.459265
v 15.868074 -0.023846 -7.459265
v 12.155251 -4.599657 -7.407650
v 12.155251 -4.599657 -7.407650
v 12.541286 -5.042065 -7.413016
v 12.541286 -5.042065 -7.413016
v 14.000133 -2.150842 -7.433297
v 14.000133 -2.150842 -7.433297
v 13.623741 -2.512792 -7.428065
v 13.623741 -2.512792 -7.428065
v 13.623741 -2.512792 -7.428065
v 16.867443 -4.726837 -7.473156
v 16.867443 -4.726837 -7.473156
v 16.867443 -4.726837 -7.473156
v 16.353283 -4.594354 -7.466010
v 16.353283 -4.594354 -7.466010
v 15.920904 -4.826307 -13.571205
v 15.920904 -4.826307 -13.571205
v 15.783135 -4.331879 -13.569292
v 15.783135 -4.331879 -13.569292
v 11.545275 -2.988065 -7.399170
v 11.545275 -2.988065 -7.399170
v 11.545275 -2.410542 -7.399170
v 11.545275 -2.410542 -7.399170
v 14.086973 -1.012710 -7.434505
v 14.086973 -1.012710 -7.434505
v 14.463364 -1.374660 -7.439737
v 14.463364 -1.374660 -7.439737
v 14.463364 -1.374660 -7.439737
v 16.782503 -0.667554 -13.583189
v 16.782503 -0.667554 -13.583189
v 16.782503 -0.667554 -13.583189
v 17.673054 -2.150849 -13.595566
v 17.673054 -2.150849 -13.595566
v 18.231649 -1.937882 -13.603331
v 18.231649 -1.937882 -13.603331
v 18.231649 -1.937882 -13.603331
v 12.552570 -0.271136 -13.524385
v 12.552570 -0.271136 -13.524385
v 12.552570 -0.271136 -13.524385
v 12.552570 -0.271136 -13.524385
v 15.869251 -5.899575 -7.459277
v 15.869251 -5.899575 -7.459277
v 16.433598 -5.702050 -7.467122
v 16.433598 -5.702050 -7.467122
v 15.976892 -4.232405 -7.460777
v 15.976892 -4.232405 -7.460777
v 13.513339 -0.345704 -13.537741
v 13.538803 -2.512800 -13.538094
v 13.538803 -2.512800 -13.538094
v 13.538803 -2.512800 -13.538094
v 13.538802 -2.892165 -13.538094
v 13.538802 -2.892165 -13.538094
v 13.538802 -2.892165 -13.538094
v 14.000133 -3.254107 -7.433297
v 14.000133 -3.254107 -7.433297
v 14.977524 -2.699303 -7.446885
v 14.977524 -2.699303 -7.446885
v 14.977524 -2.699303 -7.446885
v 14.977524 -2.699303 -7.446885
v 14.977524 -2.699303 -7.446885
v 14.977524 -2.699303 -7.446885
v 14.977524 -2.699303 -7.446885
v 14.977524 -2.699303 -7.446885
v 14.977524 -2.699303 -7.446885
v 14.977524 -2.699303 -7.446885
v 14.977524 -2.699303 -7.446885
v 14.977524 -2.699303 -7.446885
v 14.977524 -2.699303 -7.446885
v 14.977524 -2.699303 -7.446885
v 14.977524 -2.699303 -7.446885
v 14.977524 -2.699303 -7.446885
v 14.977524 -2.699303 -7.446885
v 12.510483 -0.800036 -13.523800
v 12.510483 -0.800036 -13.523800
v 13.024643 -0.667554 -13.530949
v 13.024643 -0.667554 -13.530949
v 13.024643 -0.667554 -13.530949
v 15.406744 -3.969928 -13.564060
v 15.406744 -3.969928 -13.564060
v 15.406744 -3.969928 -13.564060
v 15.754184 -3.737979 -13.568890
v 15.754184 -3.737979 -13.568890
v 15.754184 -3.737979 -13.568890
v 17.381601 -2.512792 -7.480304
v 17.381601 -2.512792 -7.480304
v 17.381601 -2.512792 -7.480304
v 18.409773 -2.410540 -7.494597
v 18.409773 -2.410540 -7.494597
v 18.231649 -3.425151 -13.603331
v 18.231649 -3.425151 -13.603331
v 18.231649 -3.425151 -13.603331
v 17.865963 -3.098387 -13.598248
v 17.865963 -3.098387 -13.598248
v 14.137900 -3.748539 -7.435212
v 14.137900 -3.748539 -7.435212
v 14.137900 -3.748539 -7.435212
v 16.268345 -2.512800 -13.576038
v 16.268345 -2.512800 -13.576038
v 16.268345 -2.512800 -13.576038
v 15.891953 -2.150851 -13.570807
v 15.891953 -2.150851 -13.570807
v 15.868074 -5.320734 -7.459263
v 15.868074 -5.320734 -7.459263
v 15.868074 -5.320734 -7.459263
v 17.231129 -5.084774 -13.589420
v 17.231129 -5.084774 -13.589420
v 17.231129 -5.084774 -13.589420
v 16.805857 -4.954256 -13.583508
v 16.805857 -4.954256 -13.583508
v 15.839123 -1.656411 -7.458862
v 15.839123 -1.656411 -7.458862
v 15.839123 -1.656411 -7.458862
v 13.623741 -2.892158 -7.428065
v 13.623741 -2.892158 -7.428065
v 13.623741 -2.892158 -7.428065
v 15.192868 -5.999868 -13.561085
v 15.192868 -5.999868 -13.561085
v 15.491683 -3.969921 -7.454031
v 15.491683 -3.969921 -7.454031
v 15.491683 -3.969921 -7.454031
v 13.945347 0.479610 -13.543747
v 13.945347 0.479610 -13.543747
v 13.945347 0.479610 -13.543747
v 16.867443 -2.749109 -7.473156
v 16.867443 -2.749109 -7.473156
v 17.381601 -2.881591 -7.480304
v 17.381601 -2.881591 -7.480304
v 17.381601 -2.881591 -7.480304
v 13.949204 -0.518278 -7.432589
v 13.949204 -0.518278 -7.432589
v 14.977524 -5.815167 -7.446881
v 14.977524 -5.815167 -7.446881
v 14.977524 -5.815167 -7.446881
v 15.277807 -5.999862 -7.451054
v 15.277807 -5.999862 -7.451054
v 13.915194 -4.242979 -13.543325
v 13.915194 -4.242979 -13.543325
v 14.052961 -3.748545 -13.545240
v 14.052961 -3.748545 -13.545240
v 14.052961 -3.748545 -13.545240
v 12.606672 -0.268845 -10.480516
v 14.463364 -3.969922 -7.439736
v 14.463364 -3.969922 -7.439736
v 14.463364 -3.969922 -7.439736
v 11.854967 -4.099507 -7.403475
v 11.854967 -4.099507 -7.403475
v 11.649563 -3.556814 -7.400620
v 11.649563 -3.556814 -7.400620
v 13.915194 -2.150849 -13.543325
v 13.915194 -2.150849 -13.543325
v 14.052961 -1.656416 -13.545240
v 14.052961 -1.656416 -13.545240
v 14.052961 -1.656416 -13.545240
v 11.614998 -1.943529 -10.466728
v 13.024643 -2.759683 -13.530947
v 13.024643 -2.759683 -13.530947
v 12.510483 -2.892165 -13.523798
v 12.510483 -2.892165 -13.523798
v 12.510483 -2.892165 -13.523798
v 15.491683 0.338103 -7.454036
v 15.491683 0.338103 -7.454036
v 15.869247 0.500970 -7.459284
v 15.869247 0.500970 -7.459284
v 17.714859 -0.798956 -13.596149
v 17.714859 -0.798956 -13.596149
v 17.673054 -1.161985 -13.595568
v 17.673054 -1.161985 -13.595568
v 12.510483 -2.702482 -13.523798
v 14.892586 0.470578 -13.556915
v 14.892586 0.470578 -13.556915
v 14.892586 0.470578 -13.556915
v 14.592301 0.601249 -13.552740
v 14.592301 0.601249 -13.552740
v 15.491684 -1.374659 -7.454031
v 15.491684 -1.374659 -7.454031
v 15.491684 -1.374659 -7.454031
v 12.595421 -2.892158 -7.413769
v 12.595421 -2.892158 -7.413769
v 12.595421 -2.892158 -7.413769
v 17.757992 -3.243541 -7.485538
v 17.757992 -3.243541 -7.485538
v 15.783136 -1.012716 -13.569294
v 15.783136 -1.012716 -13.569294
v 15.920904 -0.518285 -13.571211
v 15.920904 -0.518285 -13.571211
v 15.891953 -1.161986 -13.570808
v 15.891953 -1.161986 -13.570808
v 16.268345 -0.800036 -13.576040
v 16.268345 -0.800036 -13.576040
v 12.081263 -1.656411 -7.406622
v 12.081263 -1.656411 -7.406622
v 12.219030 -1.161979 -7.408537
v 12.219030 -1.161979 -7.408537
v 16.005844 -0.518278 -7.461180
v 16.005844 -0.518278 -7.461180
v 16.953699 0.014684 -7.474356
v 16.953699 0.014684 -7.474356
v 11.770029 -1.299106 -13.513506
v 11.770029 -1.299106 -13.513506
v 12.070312 -0.798956 -13.517681
v 12.070312 -0.798956 -13.517681
v 13.109581 -4.737403 -7.420916
v 13.109581 -4.737403 -7.420916
v 13.109581 -4.737403 -7.420916
v 16.282818 -0.345704 -13.576241
v 16.782503 -2.749116 -13.583187
v 16.782503 -2.749116 -13.583187
v 17.296661 -2.881598 -13.590334
v 17.296661 -2.881598 -13.590334
v 17.296661 -2.881598 -13.590334
v 18.015141 -1.299105 -13.600323
v 18.015141 -1.299105 -13.600323
v 15.406744 0.338096 -13.564062
v 15.406744 0.338096 -13.564062
v 15.192866 0.601250 -13.561090
v 15.192866 0.601250 -13.561090
v 15.923084 0.456481 -13.571241
v 15.923084 0.456481 -13.571241
v 15.923084 0.456481 -13.571241
v 13.915194 -3.254114 -13.543325
v 13.915194 -3.254114 -13.543325
v 13.521452 -5.702051 -7.426638
v 13.521452 -5.702051 -7.426638
v 13.001347 -5.413290 -7.419411
v 13.001347 -5.413290 -7.419411
v 14.892586 -2.699311 -13.556913
v 14.892586 -2.699311 -13.556913
v 14.892586 -2.699311 -13.556913
v 14.892586 -2.699311 -13.556913
v 14.892586 -2.699311 -13.556913
v 14.892586 -2.699311 -13.556913
v 14.892586 -2.699311 -13.556913
v 14.892586 -2.699311 -13.556913
v 14.892586 -2.699311 -13.556913
v 14.892586 -2.699311 -13.556913
v 14.892586 -2.699311 -13.556913
v 14.892586 -2.699311 -13.556913
v 14.892586 -2.699311 -13.556913
v 14.892586 -2.699311 -13.556913
v 14.892586 -2.699311 -13.556913
v 14.892586 -2.699311 -13.556913
v 14.892586 -2.699311 -13.556913
v 17.673054 -3.243548 -13.595566
v 17.673054 -3.243548 -13.595566
v 17.895760 -1.656410 -7.487453
v 17.895760 -1.656410 -7.487453
v 18.100079 -1.299098 -7.490292
v 18.100079 -1.299098 -7.490292
v 15.868074 -4.331871 -7.459263
v 15.868074 -4.331871 -7.459263
v 16.005844 -4.826302 -7.461178
v 16.005844 -4.826302 -7.461178
v 14.002035 -0.023853 -13.544535
v 14.002035 -0.023853 -13.544535
v 14.002035 -0.023853 -13.544535
v 13.109581 -2.759676 -7.420918
v 13.109581 -2.759676 -7.420918
v 13.024643 -2.645283 -13.530945
v 13.024643 -2.645283 -13.530945
v 16.353283 -0.800029 -7.466010
v 16.353283 -0.800029 -7.466010
v 17.799799 -4.599656 -7.486118
v 17.799799 -4.599656 -7.486118
v 18.100080 -4.099506 -7.490292
v 18.100080 -4.099506 -7.490292
v 17.762344 -2.699309 -13.596807
v 17.762344 -2.699309 -13.596807
v 17.296663 -2.697198 -13.590334
v 14.378425 -1.374667 -13.549767
v 14.378425 -1.374667 -13.549767
v 14.378425 -1.374667 -13.549767
v 14.892586 -1.507149 -13.556913
v 14.892586 -1.507149 -13.556913
v 14.137900 -1.656410 -7.435212
v 14.137900 -1.656410 -7.435212
v 14.137900 -1.656410 -7.435212
v 15.895326 -5.842648 -13.570850
v 15.895326 -5.842648 -13.570850
v 15.895326 -5.842648 -13.570850
v 15.971215 -5.445848 -13.571905
v 15.971215 -5.445848 -13.571905
v 12.567360 -5.113238 -13.524586
v 12.567360 -5.113238 -13.524586
v 12.567360 -5.113238 -13.524586
v 17.895760 -3.737972 -7.487453
v 17.895760 -3.737972 -7.487453
v 17.757992 -4.232404 -7.485538
v 17.757992 -4.232404 -7.485538
v 12.219030 -3.254108 -7.408537
v 12.219030 -3.254108 -7.408537
v 12.081263 -3.748539 -7.406621
v 12.081263 -3.748539 -7.406621
v 14.892586 -3.837446 -13.556911
v 14.892586 -3.837446 -13.556911
v 14.086974 -0.023847 -7.434505
v 14.086974 -0.023847 -7.434505
v 14.086974 -0.023847 -7.434505
v 13.521451 0.303444 -7.426647
v 13.521451 0.303444 -7.426647
v 15.277805 0.601255 -7.451063
v 15.277805 0.601255 -7.451063
v 15.976892 -2.150843 -7.460777
v 15.976892 -2.150843 -7.460777
v 14.002035 -4.331879 -13.544533
v 14.002035 -4.331879 -13.544533
v 13.864266 -4.826311 -13.542616
v 13.864266 -4.826311 -13.542616
v 12.219030 -2.150843 -7.408537
v 12.219030 -2.150843 -7.408537
v 15.754184 -1.656418 -13.568892
v 15.754184 -1.656418 -13.568892
v 15.754184 -1.656418 -13.568892
v 17.381601 -4.594354 -7.480304
v 17.381601 -4.594354 -7.480304
v 16.324512 -5.083683 -13.576817
v 16.324512 -5.083683 -13.576817
v 16.282820 -5.023791 -13.576237
v 12.968220 -0.423063 -13.530163
v 12.968220 -0.423063 -13.530163
v 12.219030 -4.242971 -7.408537
v 12.219030 -4.242971 -7.408537
v 14.977524 -3.837439 -7.446885
v 14.977524 -3.837439 -7.446885
v 11.770029 -4.099515 -13.513504
v 11.770029 -4.099515 -13.513504
v 11.996325 -3.748546 -13.516651
v 11.996325 -3.748546 -13.516651
v 11.572025 -1.945008 -13.510752
v 11.572025 -1.945008 -13.510752
v 11.572025 -1.945008 -13.510752
v 11.572025 -1.945008 -13.510752
v 12.134092 -4.242979 -13.518566
v 12.134092 -4.242979 -13.518566
v 12.070312 -4.599664 -13.517677
v 12.070312 -4.599664 -13.517677
v 14.463364 -5.682684 -7.439732
v 14.463364 -5.682684 -7.439732
v 14.085799 -5.899576 -7.434484
v 14.085799 -5.899576 -7.434484
v 12.134092 -3.254115 -13.518566
v 12.134092 -3.254115 -13.518566
v 18.305485 -3.556812 -7.493147
v 18.305485 -3.556812 -7.493147
v 15.783136 -5.320742 -13.569290
v 15.783136 -5.320742 -13.569290
v 15.783136 -5.320742 -13.569290
v 16.268345 -4.594361 -13.576036
v 16.268345 -4.594361 -13.576036
v 14.977524 -1.507142 -7.446885
v 14.977524 -1.507142 -7.446885
v 16.433594 0.303445 -7.467130
v 16.433594 0.303445 -7.467130
v 14.677241 -5.999862 -7.442706
v 14.677241 -5.999862 -7.442706
v 14.378425 -3.969929 -13.549765
v 14.378425 -3.969929 -13.549765
v 14.378425 -3.969929 -13.549765
v 13.109581 -0.667547 -7.420918
v 13.109581 -0.667547 -7.420918
v 13.109581 -0.667547 -7.420918
v 14.085798 0.500969 -7.434493
v 14.085798 0.500969 -7.434493
v 16.867443 -2.645275 -7.473156
v 16.867443 -2.645275 -7.473156
v 14.677240 0.601255 -7.442714
v 14.677240 0.601255 -7.442714
v 11.854967 -1.299099 -7.403476
v 11.854967 -1.299099 -7.403476
v 17.865961 -2.289556 -13.598248
v 17.865961 -2.289556 -13.598248
v 15.406746 -5.682692 -13.564058
v 15.406746 -5.682692 -13.564058
v 11.917809 -3.131416 -13.515558
v 11.917809 -3.131416 -13.515558
v 17.296661 -0.800036 -13.590336
v 17.296661 -0.800036 -13.590336
v 15.406746 -1.374666 -13.564062
v 15.406746 -1.374666 -13.564062
v 15.406746 -1.374666 -13.564062
v 16.782503 -2.645283 -13.583185
v 16.782503 -2.645283 -13.583185
v 12.990416 -4.954261 -13.530468
v 12.990416 -4.954261 -13.530468
v 12.134092 -2.150851 -13.518566
v 12.134092 -2.150851 -13.518566
v 11.996325 -1.656418 -13.516651
v 11.996325 -1.656418 -13.516651
v 13.001347 0.014683 -7.419413
v 13.001347 0.014683 -7.419413
v 17.296663 -2.512800 -13.590334
v 17.296663 -2.512800 -13.590334
v 17.296663 -2.512800 -13.590334
v 11.915237 -2.262262 -13.515524
v 11.915237 -2.262262 -13.515524
v 12.041403 -2.699311 -13.517277
v 12.041403 -2.699311 -13.517277
v 13.483593 -5.070173 -13.537323
v 13.483593 -5.070173 -13.537323
v 15.891953 -4.232412 -13.570805
v 15.891953 -4.232412 -13.570805
v 14.086973 -5.320735 -7.434505
v 14.086973 -5.320735 -7.434505
v 14.086973 -5.320735 -7.434505
v 14.378425 -5.682692 -13.549763
v 14.378425 -5.682692 -13.549763
v 13.919452 -5.849765 -13.543383
v 13.919452 -5.849765 -13.543383
v 13.919452 -5.849765 -13.543383
v 11.649563 -1.841793 -7.400620
v 11.649563 -1.841793 -7.400620
v 15.783135 -0.023853 -13.569296
v 15.783135 -0.023853 -13.569296
v 15.783135 -0.023853 -13.569296
v 13.839856 -5.445851 -13.542276
v 13.839856 -5.445851 -13.542276
v 17.799797 -0.798949 -7.486119
v 17.799797 -0.798949 -7.486119
v 17.413761 -0.356540 -7.480752
v 17.413761 -0.356540 -7.480752
v 11.546120 -3.450054 -13.510391
v 11.546120 -3.450054 -13.510391
v 11.546120 -3.450054 -13.510391
v 14.002035 -5.320743 -13.544531
v 14.002035 -5.320743 -13.544531
v 14.002035 -5.320743 -13.544531
v 13.513339 -5.029077 -13.537737
v 12.595421 -2.512792 -7.413769
v 12.595421 -2.512792 -7.413769
v 12.595421 -2.512792 -7.413769
v 18.409773 -2.988063 -7.494597
v 18.409773 -2.988063 -7.494597
v 12.595421 -4.604920 -7.413769
v 12.595421 -4.604920 -7.413769
v 17.258509 -0.299607 -13.589806
v 17.258509 -0.299607 -13.589806
v 17.258509 -0.299607 -13.589806
v 14.086974 -4.331871 -7.434505
v 14.086974 -4.331871 -7.434505
v 13.864266 -0.518285 -13.542620
v 13.864266 -0.518285 -13.542620
v 13.538802 -0.800036 -13.538095
v 13.538802 -0.800036 -13.538095
v 15.976892 -1.161979 -7.460778
v 15.976892 -1.161979 -7.460778
v 15.868074 -1.012710 -7.459264
v 15.868074 -1.012710 -7.459264
v 13.949204 -4.826303 -7.432589
v 13.949204 -4.826303 -7.432589
v 14.002035 -1.012716 -13.544533
v 14.002035 -1.012716 -13.544533
v 17.810822 -1.656416 -13.597481
v 17.810822 -1.656416 -13.597481
v 12.510483 -2.512800 -13.523798
v 12.510483 -2.512800 -13.523798
v 12.510483 -2.512800 -13.523798
v 15.985990 0.086360 -13.572115
v 15.985990 0.086360 -13.572115
v 13.109581 -2.645275 -7.420918
v 13.109581 -2.645275 -7.420918
v 12.155251 -0.798950 -7.407650
v 12.155251 -0.798950 -7.407650
v 17.757992 -1.161979 -7.485538
v 17.757992 -1.161979 -7.485538
v 12.510483 -4.604928 -13.523796
v 12.510483 -4.604928 -13.523796
v 17.381601 -0.800029 -7.480305
v 17.381601 -0.800029 -7.480305
v 15.491684 -5.682684 -7.454028
v 15.491684 -5.682684 -7.454028
v 14.378425 0.338096 -13.549768
v 14.378425 0.338096 -13.549768
v 12.134092 -1.161986 -13.518568
v 12.134092 -1.161986 -13.518568
v 12.541286 -0.356542 -7.413018
v 12.541286 -0.356542 -7.413018
v 12.595421 -0.800029 -7.413769
v 12.595421 -0.800029 -7.413769
v 13.915194 -1.161985 -13.543327
v 13.915194 -1.161985 -13.543327
vn 0.4853 0.8743 -0.0067
vn 0.4854 0.8743 -0.0067
vn -0.0000 1.0000 -0.0000
vn 0.8572 0.5148 -0.0119
vn 0.9999 -0.0000 -0.0139
vn 0.8572 -0.5148 -0.0119
vn 0.4853 -0.8743 -0.0067
vn -0.0000 -1.0000 -0.0000
vn -0.4853 -0.8743 0.0067
vn -0.8572 -0.5148 0.0119
vn -0.9999 -0.0000 0.0139
vn -0.8572 0.5148 0.0119
vn -0.4853 0.8743 0.0067
vn -0.8572 0.5149 0.0119
vn -0.4854 -0.8743 0.0067
vn 0.8572 -0.5149 -0.0119
vn 0.2544 -0.9670 -0.0114
vn 0.2496 -0.9683 -0.0034
vn 0.0839 -0.9965 -0.0012
vn 0.0909 -0.9958 -0.0051
vn 0.8382 -0.3844 -0.3868
vn 0.4223 -0.8776 -0.2268
vn 0.5585 -0.8295 -0.0080
vn 0.4093 -0.9124 -0.0057
vn 0.6858 -0.7275 -0.0212
vn 0.8028 -0.5960 -0.0159
vn 0.8085 -0.5884 -0.0112
vn 0.6932 -0.7207 -0.0098
vn 0.9028 -0.4298 -0.0162
vn 0.8998 -0.4361 -0.0125
vn 0.9647 -0.2626 -0.0208
vn 0.9632 -0.2683 -0.0133
vn 0.7347 0.6019 -0.3130
vn 0.9147 -0.3303 -0.2328
vn 0.9958 0.0908 -0.0139
vn 0.9958 -0.0906 -0.0138
vn 0.9639 0.2658 -0.0174
vn 0.9016 0.4322 -0.0150
vn 0.8996 0.4365 -0.0125
vn 0.9632 0.2683 -0.0133
vn 0.8066 0.5909 -0.0128
vn 0.8085 0.5884 -0.0112
vn 0.6913 0.7224 -0.0117
vn 0.6932 0.7206 -0.0097
vn 0.3723 0.9014 -0.2211
vn 0.8440 0.3810 -0.3774
vn 0.4093 0.9124 -0.0057
vn 0.5587 0.8293 -0.0078
vn 0.2512 0.9679 -0.0052
vn 0.0877 0.9961 -0.0033
vn 0.0839 0.9965 -0.0012
vn 0.2496 0.9683 -0.0035
vn -0.0862 0.9963 -0.0001
vn -0.0839 0.9965 0.0012
vn -0.2516 0.9678 0.0009
vn -0.2494 0.9684 0.0037
vn -0.6324 0.7417 -0.2235
vn -0.1904 0.9581 -0.2138
vn -0.5583 0.8296 0.0083
vn -0.4094 0.9123 0.0059
vn -0.6924 0.7215 0.0081
vn -0.8066 0.5910 0.0095
vn -0.8085 0.5884 0.0112
vn -0.6935 0.7204 0.0101
vn -0.9034 0.4286 0.0080
vn -0.8998 0.4361 0.0125
vn -0.9647 0.2632 0.0030
vn -0.9632 0.2686 0.0138
vn -0.9176 -0.3352 -0.2137
vn -0.9704 0.1194 -0.2098
vn -0.9958 -0.0906 0.0138
vn -0.9958 0.0903 0.0143
vn -0.9639 -0.2662 0.0108
vn -0.9014 -0.4328 0.0104
vn -0.8996 -0.4365 0.0125
vn -0.9633 -0.2683 0.0133
vn -0.8043 -0.5941 0.0074
vn -0.8085 -0.5884 0.0112
vn -0.6903 -0.7235 0.0021
vn -0.6935 -0.7204 0.0101
vn -0.0158 -0.9715 -0.2367
vn -0.6321 -0.7440 -0.2164
vn -0.4093 -0.9124 0.0058
vn -0.5584 -0.8296 0.0083
vn -0.2555 -0.9668 -0.0052
vn -0.0908 -0.9959 -0.0025
vn -0.0839 -0.9965 0.0012
vn -0.2496 -0.9684 0.0035
vn 0.0139 -0.0000 0.9999
vn -0.1036 -0.9946 -0.0023
vn 0.1039 -0.9946 -0.0053
vn 0.9080 -0.4187 -0.0163
vn 0.9998 -0.0004 -0.0222
vn -0.7966 -0.6045 0.0073
vn -0.5279 -0.8493 -0.0066
vn 0.9452 0.3259 -0.0210
vn 0.9055 0.4240 -0.0151
vn 0.0946 0.9955 -0.0034
vn -0.0907 0.9959 -0.0000
vn -0.8030 0.5960 0.0095
vn -0.9102 0.4142 0.0081
vn -0.4854 0.8743 0.0067
vn -0.5907 0.8068 0.0069
vn 0.7929 -0.6092 -0.0158
vn 0.4210 -0.9068 -0.0207
vn 0.3337 -0.9426 -0.0127
vn -0.5429 -0.8398 -0.0038
vn -0.9046 -0.4261 0.0105
vn -0.5198 0.8543 0.0039
vn 0.5389 0.8423 -0.0094
vn -0.9815 0.1913 -0.0072
vn 0.4854 -0.8743 -0.0067
vn -0.9978 -0.0649 0.0112
vn 0.8030 0.5958 -0.0128
vn 0.4293 0.9031 -0.0090
vn 0.8014 0.5981 -0.0111
vn 0.7381 0.6746 -0.0103
vn 0.9071 0.4208 -0.0126
vn -0.9453 -0.3260 0.0131
vn -0.9062 -0.4227 0.0126
vn -0.9132 0.4073 0.0127
vn -0.9560 0.2931 0.0133
vn 0.1944 0.9809 -0.0027
vn 0.0977 0.9952 -0.0014
vn -0.0928 0.9957 0.0013
vn -0.1847 0.9828 0.0026
vn -0.7928 -0.6094 0.0110
vn -0.2177 -0.9760 0.0030
vn -0.1095 -0.9940 0.0015
vn 0.1099 -0.9939 -0.0015
vn 0.2184 -0.9759 -0.0030
vn 0.7080 -0.7061 -0.0098
vn 0.7885 -0.6150 -0.0110
vn 0.9107 -0.4130 -0.0127
vn -0.7381 0.6746 0.0103
vn -0.8015 0.5979 0.0111
vn 0.9470 0.3210 -0.0132
vn -0.7185 -0.6955 0.0100
vn 0.9520 -0.3057 -0.0132
vn -0.0139 -0.0000 -0.9999
vn -0.9806 -0.0011 -0.1959
vn -0.8401 -0.5111 -0.1817
vn -0.8310 0.5262 -0.1804
vn -0.9999 -0.0012 0.0139
vn -0.8401 0.5424 0.0116
vn -0.8497 -0.5271 0.0121
vn -0.4876 -0.8503 -0.1979
vn 0.0491 -0.9807 -0.1891
vn -0.8701 -0.4569 -0.1848
vn -0.4955 -0.8686 0.0069
vn -0.8872 -0.4612 0.0126
vn 0.0637 -0.9980 -0.0001
vn 0.4892 -0.8475 -0.2060
vn 0.8669 -0.4563 -0.2006
vn -0.0122 -0.9818 -0.1894
vn 0.5036 -0.8639 -0.0070
vn -0.0173 -0.9998 0.0006
vn 0.8854 -0.4647 -0.0129
vn 0.9756 0.0029 -0.2196
vn 0.8384 0.5074 -0.1993
vn 0.8499 -0.4864 -0.2028
vn 0.9999 0.0032 -0.0139
vn 0.8635 -0.5042 -0.0113
vn 0.8521 0.5233 -0.0118
vn 0.5271 0.8256 -0.2013
vn -0.0116 0.9821 -0.1879
vn 0.8900 0.4148 -0.1893
vn 0.5437 0.8392 -0.0076
vn 0.9085 0.4177 -0.0125
vn -0.0158 0.9999 0.0005
vn -0.4559 0.8676 -0.1985
vn -0.8667 0.4591 -0.1950
vn 0.0801 0.9802 -0.1811
vn -0.4592 0.8883 0.0064
vn 0.0839 0.9965 -0.0021
vn -0.8860 0.4636 0.0126
vn -0.9899 0.0896 -0.1096
vn -0.8670 0.4929 -0.0735
vn -0.6508 0.7592 0.0089
vn -0.9523 -0.2840 -0.1115
vn -0.6741 -0.7212 -0.1595
vn 0.5121 -0.8564 -0.0660
vn -0.6787 -0.7344 0.0099
vn 0.9136 -0.4065 -0.0127
vn -0.2431 0.9640 -0.1075
vn -0.4368 0.8995 0.0067
vn 0.3472 0.9233 -0.1644
vn 0.3432 0.9392 -0.0068
vn -0.1907 0.9817 0.0026
vn -0.6234 0.7713 -0.1285
vn -0.9377 0.3345 -0.0935
vn -0.9865 0.1629 0.0143
vn 0.8148 0.5490 -0.1862
vn 0.9502 0.2934 -0.1051
vn 0.9858 0.1674 -0.0134
vn 0.4024 0.9061 -0.1306
vn -0.3192 0.9419 -0.1043
vn -0.3027 0.9531 0.0049
vn 0.9507 -0.2808 -0.1315
vn 0.5993 -0.7791 -0.1839
vn 0.6924 -0.7214 -0.0082
vn 0.8228 0.5469 -0.1544
vn 0.8253 0.5558 -0.0998
vn 0.6662 0.7457 -0.0092
vn 0.4501 -0.8820 -0.1396
vn -0.1838 -0.9777 -0.1018
vn -0.2937 -0.9559 0.0047
vn 0.8127 -0.5462 -0.2030
vn 0.7629 -0.6382 -0.1030
vn 0.9819 -0.1886 -0.0148
vn -0.6157 -0.7783 -0.1228
vn -0.9444 -0.3146 -0.0955
vn -0.9811 -0.1931 0.0141
vn -0.0849 -0.9895 -0.1173
vn 0.4511 -0.8803 -0.1470
vn 0.3527 -0.9357 -0.0032
vt 0.000000 0.000000
s 1
usemtl iron
f 997/1032/368 1559/1032/369 1557/1032/370 998/1032/370
f 997/1032/368 1001/1032/371 1590/1032/371 1559/1032/369
f 1003/1032/372 1488/1032/372 1590/1032/371 1001/1032/371
f 1005/1032/373 1491/1032/373 1488/1032/372 1003/1032/372
f 1007/1032/374 1519/1032/374 1491/1032/373 1005/1032/373
f 1007/1032/374 1009/1032/375 1669/1032/375 1519/1032/374
f 1009/1032/375 1011/1032/376 1671/1032/376 1669/1032/375
f 1013/1032/377 1725/1032/377 1671/1032/376 1011/1032/376
f 1015/1032/378 1830/1032/378 1725/1032/377 1013/1032/377
f 1015/1032/378 1017/1032/379 1832/1032/379 1830/1032/378
f 1017/1032/379 1019/1032/380 1858/1032/380 1832/1032/379
f 1019/1032/380 998/1032/370 1557/1032/370 1858/1032/380
f 1021/1032/370 1908/1032/370 1630/1032/380 1022/1032/380
f 1025/1032/381 1022/1032/380 1630/1032/380 1515/1032/379
f 1025/1032/381 1515/1032/379 1791/1032/378 1027/1032/378
f 1029/1032/377 1027/1032/378 1791/1032/378 2007/1032/377
f 1029/1032/377 2007/1032/377 2011/1032/382 1031/1032/376
f 1033/1032/375 1031/1032/376 2011/1032/382 1543/1032/375
f 1035/1032/374 1033/1032/375 1543/1032/375 1806/1032/374
f 1035/1032/374 1806/1032/374 1988/1032/373 1037/1032/383
f 1037/1032/383 1988/1032/373 1657/1032/372 1039/1032/372
f 1041/1032/371 1039/1032/372 1657/1032/372 1848/1032/371
f 1043/1032/368 1041/1032/371 1848/1032/371 1523/1032/368
f 1021/1032/370 1043/1032/368 1523/1032/368 1908/1032/370
f 1045/1032/370 1046/1032/368 1974/1032/369 2003/1032/370
f 1046/1032/368 1049/1032/371 1853/1032/371 1974/1032/369
f 1049/1032/371 1051/1032/372 1735/1032/372 1853/1032/371
f 1053/1032/373 1737/1032/373 1735/1032/372 1051/1032/372
f 1053/1032/373 1055/1032/374 2021/1032/374 1737/1032/373
f 1057/1032/375 1903/1032/375 2021/1032/374 1055/1032/374
f 1057/1032/375 1059/1032/376 1493/1032/376 1903/1032/375
f 1059/1032/376 1061/1032/377 1495/1032/377 1493/1032/376
f 1061/1032/377 1063/1032/378 1819/1032/378 1495/1032/377
f 1065/1032/379 1551/1032/379 1819/1032/378 1063/1032/378
f 1065/1032/379 1067/1032/380 1553/1032/380 1551/1032/379
f 1045/1032/370 2003/1032/370 1553/1032/380 1067/1032/380
f 1069/1032/370 1747/1032/370 1529/1032/380 1070/1032/380
f 1070/1032/380 1529/1032/380 1531/1032/379 1073/1032/379
f 1075/1032/378 1073/1032/379 1531/1032/379 1639/1032/378
f 1075/1032/378 1639/1032/378 1600/1032/377 1077/1032/377
f 1077/1032/377 1600/1032/377 1659/1032/376 1079/1032/376
f 1081/1032/375 1079/1032/376 1659/1032/376 1801/1032/375
f 1081/1032/375 1801/1032/375 1723/1032/374 1083/1032/374
f 1085/1032/373 1083/1032/374 1723/1032/374 1834/1032/373
f 1087/1032/372 1085/1032/373 1834/1032/373 1836/1032/372
f 1087/1032/372 1836/1032/372 1865/1032/371 1089/1032/371
f 1089/1032/371 1865/1032/371 1977/1032/368 1091/1032/368
f 1069/1032/370 1091/1032/368 1977/1032/368 1747/1032/370
f 1093/1032/370 1094/1032/368 1882/1032/369 1678/1032/370
f 1097/1032/371 1946/1032/371 1882/1032/369 1094/1032/368
f 1097/1032/371 1099/1032/372 1992/1032/372 1946/1032/371
f 1101/1032/373 1983/1032/373 1992/1032/372 1099/1032/372
f 1101/1032/373 1103/1032/374 1688/1032/374 1983/1032/373
f 1105/1032/375 1868/1032/375 1688/1032/374 1103/1032/374
f 1107/1032/376 1665/1032/382 1868/1032/375 1105/1032/375
f 1109/1032/377 1794/1032/377 1665/1032/382 1107/1032/376
f 1109/1032/377 1111/1032/378 1796/1032/378 1794/1032/377
f 1111/1032/378 1113/1032/379 1648/1032/379 1796/1032/378
f 1115/1032/380 2013/1032/380 1648/1032/379 1113/1032/379
f 1093/1032/370 1678/1032/370 2013/1032/380 1115/1032/380
f 1117/1032/380 1118/1032/370 1894/1032/370 1719/1032/380
f 1117/1032/380 1719/1032/380 1991/1032/379 1121/1032/379
f 1121/1032/379 1991/1032/379 1739/1032/378 1123/1032/378
f 1123/1032/378 1739/1032/378 1545/1032/377 1125/1032/377
f 1125/1032/377 1545/1032/377 1706/1032/382 1127/1032/376
f 1127/1032/376 1706/1032/382 1505/1032/375 1129/1032/375
f 1129/1032/375 1505/1032/375 1508/1032/374 1131/1032/374
f 1131/1032/374 1508/1032/374 1840/1032/373 1133/1032/373
f 1133/1032/373 1840/1032/373 1674/1032/372 1135/1032/372
f 1135/1032/372 1674/1032/372 1569/1032/371 1137/1032/371
f 1137/1032/371 1569/1032/371 1571/1032/368 1139/1032/368
f 1139/1032/368 1571/1032/368 1894/1032/370 1118/1032/370
f 1141/1032/384 1587/1032/385 1680/1032/386 1142/1032/387
f 1145/1032/388 1146/1032/389 1538/1032/390 1589/1032/391
f 1149/1032/392 1150/1032/393 1807/1032/394 1540/1032/395
f 1150/1032/393 1153/1032/396 1809/1032/397 1807/1032/394
f 1153/1032/396 1155/1032/398 1887/1032/399 1809/1032/397
f 1157/1032/400 1158/1032/401 1632/1032/402 1975/1032/403
f 1161/1032/404 1162/1032/405 1793/1032/406 1164/1032/407
f 1162/1032/405 1165/1032/408 1961/1032/409 1793/1032/406
f 1165/1032/408 1167/1032/410 1963/1032/411 1961/1032/409
f 1169/1032/412 1170/1032/413 1896/1032/414 1742/1032/415
f 1173/1032/416 1174/1032/417 1845/1032/418 1707/1032/419
f 1174/1032/417 1177/1032/420 1910/1032/421 1845/1032/418
f 1177/1032/420 1179/1032/422 1180/1032/423 1910/1032/421
f 1181/1032/424 1182/1032/425 1933/1032/426 1843/1032/427
f 1185/1032/428 1186/1032/429 2006/1032/430 1188/1032/431
f 1186/1032/429 1189/1032/432 1913/1032/433 2006/1032/430
f 1189/1032/432 1191/1032/434 1954/1032/435 1913/1032/433
f 1193/1032/436 1194/1032/437 1565/1032/438 1567/1032/439
f 1197/1032/440 1198/1032/441 1690/1032/442 1692/1032/443
f 1198/1032/441 1201/1032/444 1547/1032/445 1690/1032/442
f 1201/1032/444 1203/1032/446 1549/1032/447 1547/1032/445
f 1205/1032/448 1206/1032/449 1767/1032/450 1769/1032/451
f 1209/1032/452 1210/1032/453 1899/1032/454 1884/1032/455
f 1210/1032/453 1142/1032/387 1680/1032/386 1899/1032/454
f 1705/1032/456 1708/1032/456 1846/1032/456 1507/1032/456
f 1506/1032/456 1911/1032/456 1906/1032/456 1509/1032/456
f 1130/1032/456 1175/1032/456 1178/1032/456
f 1546/1032/456 1897/1032/456 1176/1032/456 1128/1032/456
f 2012/1032/456 1964/1032/456 1741/1032/456 1542/1032/456
f 1541/1032/456 1544/1032/456 1740/1032/456 1805/1032/456
f 1036/1032/456 1124/1032/456 1990/1032/456 1989/1032/456
f 1172/1032/456 1171/1032/456 1126/1032/456 1034/1032/456
f 1038/1032/456 1122/1032/456 1720/1032/456 1656/1032/456
f 2008/1032/456 1962/1032/456 1168/1032/456 1032/1032/456
f 1790/1032/456 1792/1032/456 1166/1032/456 1030/1032/456
f 1514/1032/456 1516/1032/456 1163/1032/456 1028/1032/456
f 1629/1032/456 1633/1032/456 1517/1032/456 1026/1032/456
f 1670/1032/456 1672/1032/456 1631/1032/456 1909/1032/456
f 1518/1032/456 1010/1032/456 1024/1032/456 1521/1032/456
f 1673/1032/456 1726/1032/456 1888/1032/456 1976/1032/456
f 1160/1032/456 1159/1032/456 1023/1032/456 1012/1032/456
f 1014/1032/456 1831/1032/456 1810/1032/456 1156/1032/456
f 1016/1032/456 1833/1032/456 1808/1032/456 1154/1032/456
f 1018/1032/456 1859/1032/456 1152/1032/456 1151/1032/456
f 1556/1032/456 1537/1032/456 1539/1032/456 1020/1032/456
f 1649/1032/456 2014/1032/456 1586/1032/456 1588/1032/456
f 1558/1032/456 1560/1032/456 1797/1032/456 1647/1032/456
f 1148/1032/456 1147/1032/456 999/1032/456 1114/1032/456
f 1000/1032/456 1591/1032/456 1795/1032/456 1112/1032/456
f 1002/1032/456 1489/1032/456 1663/1032/456 1110/1032/456
f 1676/1032/456 1679/1032/456 1144/1032/456 1116/1032/456
f 1677/1032/456 1881/1032/456 1883/1032/456 1898/1032/456
f 1096/1032/456 1211/1032/456 1143/1032/456
f 1095/1032/456 1948/1032/456 1768/1032/456 1212/1032/456
f 1978/1032/456 1550/1032/456 1770/1032/456 1748/1032/456
f 1530/1032/456 1749/1032/456 1947/1032/456 1993/1032/456
f 1071/1032/456 1100/1032/456 1982/1032/456 1532/1032/456
f 1074/1032/456 1102/1032/456 1689/1032/456 1640/1032/456
f 1208/1032/456 1207/1032/456 1098/1032/456 1072/1032/456
f 1866/1032/456 1548/1032/456 1204/1032/456 1092/1032/456
f 1837/1032/456 1691/1032/456 1202/1032/456 1090/1032/456
f 1835/1032/456 1200/1032/456 1199/1032/456 1088/1032/456
f 1722/1032/456 1566/1032/456 1693/1032/456 1086/1032/456
f 2004/1032/456 1972/1032/456 1724/1032/456 1802/1032/456
f 1048/1032/456 1082/1032/456 1660/1032/456 1555/1032/456
f 1973/1032/456 1854/1032/456 1955/1032/456 1568/1032/456
f 1050/1032/456 1736/1032/456 1912/1032/456 1192/1032/456
f 1052/1032/456 1738/1032/456 2005/1032/456 1190/1032/456
f 1054/1032/456 2022/1032/456 2020/1032/456 1187/1032/456
f 1056/1032/456 1904/1032/456 1934/1032/456 2019/1032/456
f 1196/1032/456 1195/1032/456 1084/1032/456 1047/1032/456
f 1132/1032/456 1907/1032/456 1844/1032/456 1841/1032/456
f 1905/1032/456 1494/1032/456 1675/1032/456 1842/1032/456
f 1184/1032/456 1183/1032/456 1058/1032/456 1134/1032/456
f 1060/1032/456 1496/1032/456 1570/1032/456 1136/1032/456
f 1062/1032/456 1820/1032/456 1572/1032/456 1138/1032/456
f 1520/1032/456 1522/1032/456 1608/1032/456
f 1492/1032/456 1008/1032/456 1614/1032/456
f 1490/1032/456 1006/1032/456 1613/1032/456
f 1004/1032/456 1610/1032/456 1664/1032/456
f 1867/1032/456 1108/1032/456 1609/1032/456
f 1687/1032/456 1106/1032/456 1604/1032/456
f 1641/1032/456 1104/1032/456 1616/1032/456
f 1076/1032/456 1601/1032/456 1599/1032/456
f 1078/1032/456 1603/1032/456 1658/1032/456
f 1554/1032/456 1080/1032/456 1612/1032/456
f 1552/1032/456 1068/1032/456 1605/1032/456
f 1821/1032/456 1066/1032/456 1617/1032/456
f 1064/1032/456 1615/1032/456 1573/1032/456
f 1140/1032/456 1611/1032/456 1895/1032/456
f 1721/1032/456 1119/1032/456 1606/1032/456
f 1655/1032/456 1120/1032/456 1602/1032/456
f 1040/1032/456 1607/1032/456 1847/1032/456
f 1042/1032/456 1213/1032/456 1044/1032/456
f 1029/1032/377 1031/1032/376 1214/1032/376 1215/1032/377
f 1009/1032/375 1007/1032/374 1216/1032/374 1217/1032/375
f 1142/1032/387 1210/1032/453 1218/1032/457 1219/1032/458
f 1135/1032/372 1137/1032/371 1220/1032/371 1221/1032/372
f 1115/1032/380 1223/1032/380 1222/1032/370 1093/1032/370
f 1035/1032/374 1225/1032/374 1224/1032/375 1033/1032/375
f 1053/1032/373 1051/1032/372 1226/1032/372 1227/1032/373
f 1073/1032/379 1075/1032/378 1228/1032/378 1229/1032/379
f 1155/1032/398 1153/1032/396 1230/1032/459 1231/1032/460
f 1203/1032/446 1201/1032/444 1232/1032/461 1233/1032/462
f 1025/1032/381 1027/1032/378 1234/1032/378 1235/1032/379
f 1162/1032/405 1161/1032/404 1236/1032/463 1237/1032/464
f 1079/1032/376 1239/1032/376 1238/1032/377 1077/1032/377
f 1097/1032/371 1094/1032/368 1240/1032/368 1241/1032/371
f 1118/1032/370 1117/1032/380 1242/1032/380 1243/1032/370
f 1017/1032/379 1015/1032/378 1244/1032/378 1245/1032/379
f 1013/1032/377 1011/1032/376 1246/1032/376 1247/1032/377
f 1113/1032/379 1248/1032/379 1223/1032/380 1115/1032/380
f 1174/1032/417 1250/1032/465 1249/1032/466 1177/1032/420
f 1111/1032/378 1109/1032/377 1251/1032/377 1252/1032/378
f 1046/1032/368 1045/1032/370 1253/1032/370 1254/1032/368
f 1021/1032/370 1022/1032/380 1255/1032/380 1256/1032/370
f 1083/1032/374 1085/1032/373 1257/1032/373 1258/1032/374
f 1022/1032/380 1025/1032/381 1235/1032/379 1255/1032/380
f 1189/1032/432 1186/1032/429 1259/1032/467 1260/1032/468
f 1019/1032/380 1017/1032/379 1245/1032/379 1261/1032/469
f 1061/1032/377 1059/1032/376 1262/1032/376 1263/1032/377
f 1081/1032/375 1083/1032/374 1258/1032/374 1264/1032/375
f 1186/1032/429 1185/1032/428 1265/1032/470 1259/1032/467
f 1091/1032/368 1069/1032/370 1266/1032/370 1267/1032/368
f 1059/1032/376 1057/1032/375 1268/1032/375 1262/1032/376
f 1125/1032/377 1270/1032/377 1269/1032/378 1123/1032/378
f 1153/1032/396 1150/1032/393 1271/1032/471 1230/1032/459
f 1087/1032/372 1089/1032/371 1272/1032/371 1273/1032/372
f 998/1032/370 1019/1032/380 1261/1032/469 1274/1032/370
f 1150/1032/393 1149/1032/392 1275/1032/472 1271/1032/471
f 1123/1032/378 1269/1032/378 1276/1032/379 1121/1032/379
f 1085/1032/373 1087/1032/372 1273/1032/372 1257/1032/373
f 1057/1032/375 1055/1032/374 1277/1032/374 1268/1032/375
f 1055/1032/374 1053/1032/373 1227/1032/373 1277/1032/374
f 1001/1032/371 997/1032/368 1278/1032/368 1279/1032/371
f 1142/1032/387 1219/1032/458 1280/1032/473 1141/1032/384
f 1031/1032/376 1033/1032/375 1224/1032/375 1214/1032/376
f 1210/1032/453 1209/1032/452 1281/1032/474 1218/1032/457
f 1201/1032/444 1198/1032/441 1282/1032/475 1232/1032/461
f 1027/1032/378 1029/1032/377 1215/1032/377 1234/1032/378
f 1011/1032/376 1009/1032/375 1217/1032/375 1246/1032/376
f 1051/1032/372 1049/1032/371 1283/1032/371 1226/1032/372
f 1099/1032/372 1097/1032/371 1241/1032/371 1284/1032/372
f 1137/1032/371 1139/1032/368 1285/1032/368 1220/1032/371
f 1089/1032/371 1091/1032/368 1267/1032/368 1272/1032/371
f 1015/1032/378 1013/1032/377 1247/1032/377 1244/1032/378
f 1118/1032/370 1243/1032/370 1285/1032/368 1139/1032/368
f 1177/1032/420 1249/1032/466 1286/1032/476 1179/1032/422
f 1077/1032/377 1238/1032/377 1228/1032/378 1075/1032/378
f 1173/1032/416 1287/1032/477 1250/1032/465 1174/1032/417
f 1079/1032/376 1081/1032/375 1264/1032/375 1239/1032/376
f 1049/1032/371 1046/1032/368 1254/1032/368 1283/1032/371
f 1107/1032/376 1288/1032/376 1251/1032/377 1109/1032/377
f 1191/1032/434 1189/1032/432 1260/1032/468 1289/1032/478
f 1043/1032/368 1021/1032/370 1256/1032/370 1290/1032/368
f 1113/1032/379 1111/1032/378 1252/1032/378 1248/1032/379
f 1063/1032/378 1292/1032/378 1291/1032/379 1065/1032/379
f 1063/1032/378 1061/1032/377 1263/1032/377 1292/1032/378
f 1039/1032/372 1041/1032/371 1293/1032/371 1294/1032/372
f 1121/1032/379 1276/1032/379 1242/1032/380 1117/1032/380
f 1069/1032/370 1070/1032/380 1295/1032/380 1266/1032/370
f 1073/1032/379 1229/1032/379 1295/1032/380 1070/1032/380
f 1001/1032/371 1279/1032/371 1296/1032/372 1003/1032/372
f 1067/1032/380 1065/1032/379 1291/1032/379 1297/1032/380
f 1041/1032/371 1043/1032/368 1290/1032/368 1293/1032/371
f 1131/1032/374 1299/1032/479 1298/1032/375 1129/1032/375
f 1127/1032/376 1300/1032/376 1270/1032/377 1125/1032/377
f 997/1032/368 998/1032/370 1274/1032/370 1278/1032/368
f 1045/1032/370 1067/1032/380 1297/1032/380 1253/1032/370
f 1094/1032/368 1093/1032/370 1222/1032/370 1240/1032/368
f 1129/1032/375 1298/1032/375 1300/1032/376 1127/1032/376
f 1105/1032/375 1103/1032/374 1301/1032/374 1302/1032/375
f 1003/1032/372 1296/1032/372 1303/1032/373 1005/1032/373
f 1037/1032/383 1304/1032/373 1225/1032/374 1035/1032/374
f 1099/1032/372 1284/1032/372 1305/1032/373 1101/1032/373
f 1005/1032/373 1303/1032/373 1216/1032/374 1007/1032/374
f 1133/1032/373 1306/1032/373 1299/1032/479 1131/1032/374
f 1039/1032/372 1294/1032/372 1304/1032/373 1037/1032/383
f 1103/1032/374 1101/1032/373 1305/1032/373 1301/1032/374
f 1133/1032/373 1135/1032/372 1221/1032/372 1306/1032/373
f 1107/1032/376 1105/1032/375 1302/1032/375 1288/1032/376
f 1198/1032/441 1197/1032/440 1307/1032/480 1282/1032/475
f 1165/1032/408 1162/1032/405 1237/1032/464 1308/1032/481
f 1167/1032/410 1165/1032/408 1308/1032/481 1309/1032/482
f 1309/1032/482 1308/1032/481 1710/1032/483 1311/1032/484
f 1308/1032/481 1237/1032/464 1756/1032/485 1710/1032/483
f 1282/1032/475 1307/1032/480 1967/1032/486 1870/1032/487
f 1288/1032/376 1302/1032/375 1838/1032/375 1625/1032/376
f 1306/1032/373 1221/1032/372 1984/1032/372 1799/1032/373
f 1301/1032/374 1305/1032/373 1849/1032/373 1901/1032/374
f 1294/1032/372 1855/1032/372 1731/1032/373 1304/1032/373
f 1306/1032/373 1799/1032/373 2015/1032/374 1299/1032/479
f 1303/1032/373 1486/1032/373 1483/1032/374 1216/1032/374
f 1284/1032/372 1851/1032/372 1849/1032/373 1305/1032/373
f 1304/1032/373 1731/1032/373 1733/1032/374 1225/1032/374
f 1296/1032/372 1628/1032/372 1486/1032/373 1303/1032/373
f 1302/1032/375 1301/1032/374 1901/1032/374 1838/1032/375
f 1298/1032/375 1715/1032/375 1758/1032/376 1300/1032/376
f 1240/1032/368 1222/1032/370 1479/1032/370 1950/1032/368
f 1253/1032/370 1297/1032/380 1594/1032/380 1804/1032/370
f 1278/1032/368 1274/1032/370 1524/1032/370 1893/1032/368
f 1300/1032/376 1758/1032/376 1956/1032/377 1270/1032/377
f 1299/1032/479 2015/1032/374 1715/1032/375 1298/1032/375
f 1293/1032/371 1290/1032/368 1642/1032/368 1645/1032/371
f 1297/1032/380 1291/1032/379 1694/1032/379 1594/1032/380
f 1279/1032/371 1945/1032/371 1628/1032/372 1296/1032/372
f 1229/1032/379 1681/1032/379 1473/1032/380 1295/1032/380
f 1266/1032/370 1295/1032/380 1473/1032/380 1475/1032/370
f 1276/1032/379 1727/1032/379 1922/1032/380 1242/1032/380
f 1294/1032/372 1293/1032/371 1645/1032/371 1855/1032/372
f 1292/1032/378 1263/1032/377 2023/1032/377 1696/1032/378
f 1292/1032/378 1696/1032/378 1694/1032/379 1291/1032/379
f 1248/1032/379 1252/1032/378 1561/1032/378 1889/1032/379
f 1290/1032/368 1256/1032/370 1925/1032/370 1642/1032/368
f 1289/1032/478 1260/1032/468 1743/1032/488 1873/1032/489
f 1288/1032/376 1625/1032/376 1563/1032/377 1251/1032/377
f 1283/1032/371 1254/1032/368 1998/1032/368 1929/1032/371
f 1239/1032/376 1264/1032/375 1700/1032/375 1597/1032/376
f 1287/1032/477 1762/1032/490 1760/1032/491 1250/1032/465
f 1238/1032/377 1765/1032/377 1683/1032/378 1228/1032/378
f 1249/1032/466 1718/1032/492 1667/1032/493 1286/1032/476
f 1243/1032/370 1817/1032/370 1814/1032/368 1285/1032/368
f 1244/1032/378 1247/1032/377 1788/1032/377 1497/1032/378
f 1272/1032/371 1267/1032/368 2009/1032/368 1878/1032/371
f 1220/1032/371 1285/1032/368 1814/1032/368 1994/1032/371
f 1284/1032/372 1241/1032/371 1968/1032/371 1851/1032/372
f 1226/1032/372 1283/1032/371 1929/1032/371 1931/1032/372
f 1246/1032/376 1217/1032/375 1751/1032/375 1753/1032/376
f 1234/1032/378 1215/1032/377 1712/1032/377 1996/1032/378
f 1232/1032/461 1282/1032/475 1870/1032/487 1880/1032/494
f 1218/1032/457 1281/1032/474 1952/1032/495 1482/1032/496
f 1214/1032/376 1224/1032/375 1575/1032/375 1920/1032/376
f 1219/1032/458 1661/1032/497 1823/1032/498 1280/1032/473
f 1279/1032/371 1278/1032/368 1893/1032/368 1945/1032/371
f 1277/1032/374 1227/1032/373 2018/1032/373 1618/1032/374
f 1268/1032/375 1277/1032/374 1618/1032/374 1620/1032/375
f 1257/1032/373 1273/1032/372 1872/1032/372 1885/1032/373
f 1269/1032/378 1729/1032/378 1727/1032/379 1276/1032/379
f 1271/1032/471 1275/1032/472 1652/1032/499 1501/1032/500
f 1274/1032/370 1261/1032/469 1527/1032/380 1524/1032/370
f 1273/1032/372 1272/1032/371 1878/1032/371 1872/1032/372
f 1230/1032/459 1271/1032/471 1501/1032/500 1503/1032/501
f 1270/1032/377 1956/1032/377 1729/1032/378 1269/1032/378
f 1262/1032/376 1268/1032/375 1620/1032/375 1986/1032/376
f 1267/1032/368 1266/1032/370 1475/1032/370 2009/1032/368
f 1259/1032/467 1265/1032/470 1582/1032/502 1745/1032/503
f 1264/1032/375 1258/1032/374 1702/1032/374 1700/1032/375
f 1263/1032/377 1262/1032/376 1986/1032/376 2023/1032/377
f 1261/1032/469 1245/1032/379 1499/1032/379 1527/1032/380
f 1260/1032/468 1259/1032/467 1745/1032/503 1743/1032/488
f 1255/1032/380 1235/1032/379 1578/1032/379 1937/1032/380
f 1258/1032/374 1257/1032/373 1885/1032/373 1702/1032/374
f 1256/1032/370 1255/1032/380 1937/1032/380 1925/1032/370
f 1254/1032/368 1253/1032/370 1804/1032/370 1998/1032/368
f 1252/1032/378 1251/1032/377 1563/1032/377 1561/1032/378
f 1250/1032/465 1760/1032/491 1718/1032/492 1249/1032/466
f 1248/1032/379 1889/1032/379 1916/1032/380 1223/1032/380
f 1247/1032/377 1246/1032/376 1753/1032/376 1788/1032/377
f 1245/1032/379 1244/1032/378 1497/1032/378 1499/1032/379
f 1243/1032/370 1242/1032/380 1922/1032/380 1817/1032/370
f 1241/1032/371 1240/1032/368 1950/1032/368 1968/1032/371
f 1239/1032/376 1597/1032/376 1765/1032/377 1238/1032/377
f 1237/1032/464 1236/1032/463 1580/1032/504 1756/1032/485
f 1235/1032/379 1234/1032/378 1996/1032/378 1578/1032/379
f 1233/1032/462 1232/1032/461 1880/1032/494 1827/1032/505
f 1231/1032/460 1230/1032/459 1503/1032/501 1635/1032/506
f 1229/1032/379 1228/1032/378 1683/1032/378 1681/1032/379
f 1227/1032/373 1226/1032/372 1931/1032/372 2018/1032/373
f 1225/1032/374 1733/1032/374 1575/1032/375 1224/1032/375
f 1223/1032/380 1916/1032/380 1479/1032/370 1222/1032/370
f 1221/1032/372 1220/1032/371 1994/1032/371 1984/1032/372
f 1219/1032/458 1218/1032/457 1482/1032/496 1661/1032/497
f 1217/1032/375 1216/1032/374 1483/1032/374 1751/1032/375
f 1215/1032/377 1214/1032/376 1920/1032/376 1712/1032/377
f 1363/1032/507 1717/1032/507 1714/1032/507 2016/1032/507
f 1534/1032/507 1666/1032/507 1323/1032/507 1318/1032/507
f 1761/1032/507 1764/1032/507 1759/1032/507 1716/1032/507
f 1364/1032/507 1359/1032/507 1330/1032/507
f 1939/1032/507 1874/1032/507 1930/1032/507 2000/1032/507
f 1353/1032/507 1744/1032/507 1932/1032/507 1356/1032/507
f 1352/1032/507 1746/1032/507 2017/1032/507 1373/1032/507
f 1397/1032/507 1584/1032/507 1619/1032/507 1385/1032/507
f 1583/1032/507 1863/1032/507 1621/1032/507 1386/1032/507
f 1965/1032/507 1918/1032/507 1704/1032/507 1886/1032/507
f 1869/1032/507 1313/1032/507 1389/1032/507 1871/1032/507
f 1879/1032/507 1314/1032/507 1388/1032/507 1877/1032/507
f 1829/1032/507 1378/1032/507 1370/1032/507 2010/1032/507
f 1927/1032/507 1404/1032/507 1369/1032/507 1476/1032/507
f 1481/1032/507 1951/1032/507 1949/1032/507 1478/1032/507
f 1662/1032/507 1480/1032/507 1917/1032/507 1824/1032/507
f 1384/1032/507 1380/1032/507 1331/1032/507
f 1379/1032/507 1960/1032/507 1969/1032/507 1332/1032/507
f 1826/1032/507 1822/1032/507 1402/1032/507 1350/1032/507
f 1650/1032/507 1653/1032/507 1525/1032/507 1528/1032/507
f 1502/1032/507 1391/1032/507 1393/1032/507 1500/1032/507
f 1504/1032/507 1392/1032/507 1399/1032/507 1498/1032/507
f 1405/1032/507 1394/1032/507 1368/1032/507 1789/1032/507
f 1637/1032/507 1634/1032/507 1367/1032/507 1375/1032/507
f 1579/1032/507 1915/1032/507 1936/1032/507 1577/1032/507
f 1757/1032/507 1403/1032/507 1400/1032/507 1997/1032/507
f 1709/1032/507 1312/1032/507 1377/1032/507 1711/1032/507
f 1980/1032/507 1310/1032/507 1376/1032/507 1921/1032/507
f 1511/1032/507 1979/1032/507 1382/1032/507 1574/1032/507
f 1360/1032/507 2002/1032/507 1958/1032/507 1329/1032/507
f 1926/1032/507 1752/1032/507 1484/1032/507 1643/1032/507
f 1701/1032/507 1803/1032/507 1593/1032/507 1596/1032/507
f 1730/1032/507 1734/1032/507 1732/1032/507 1728/1032/507
f 1995/1032/507 2024/1032/507 1987/1032/507 1985/1032/507
f 1944/1032/507 1892/1032/507 1562/1032/507 1564/1032/507
f 1850/1032/507 1852/1032/507 1474/1032/507 1682/1032/507
f 1354/1032/507 1623/1032/507 1626/1032/507 1341/1032/507
f 1900/1032/507 1319/1032/507 1343/1032/507 1684/1032/507
f 1816/1032/507 1698/1032/507 1347/1032/507 1371/1032/507
f 1346/1032/507 1321/1032/507 1856/1032/507 1923/1032/507
f 1598/1032/507 1595/1032/507 1786/1032/507
f 1358/1032/507 1781/1032/507 1766/1032/507
f 1362/1032/507 1784/1032/507 1685/1032/507
f 1902/1032/507 1361/1032/507 1785/1032/507
f 1839/1032/507 1320/1032/507 1772/1032/507
f 1624/1032/507 1315/1032/507 1771/1032/507
f 1316/1032/507 1773/1032/507 1627/1032/507
f 1487/1032/507 1328/1032/507 1778/1032/507
f 1485/1032/507 1325/1032/507 1780/1032/507
f 1644/1032/507 1324/1032/507 1779/1032/507
f 1338/1032/507 1777/1032/507 1646/1032/507
f 1339/1032/507 1783/1032/507 1857/1032/507
f 1924/1032/507 1322/1032/507 1787/1032/507
f 1818/1032/507 1345/1032/507 1775/1032/507
f 1366/1032/507 1776/1032/507 1815/1032/507
f 1365/1032/507 1782/1032/507 1697/1032/507
f 1695/1032/507 1348/1032/507 1774/1032/507
f 1333/1032/507 1340/1032/507 1418/1032/507
f 1419/1032/508 1194/1032/437 1193/1032/436
f 1420/1032/509 1419/1032/508 1193/1032/436
f 1419/1032/508 1421/1032/510 1194/1032/437
f 1421/1032/510 1419/1032/508 1940/1032/511 1919/1032/512
f 1419/1032/508 1420/1032/509 1938/1032/513 1940/1032/511
f 1409/1032/507 1941/1032/507 1713/1032/507 1703/1032/507
f 1422/1032/507 1407/1032/507 1999/1032/507 1423/1032/507
f 1424/1032/514 1206/1032/449 1205/1032/448
f 1425/1032/515 1424/1032/514 1205/1032/448
f 1424/1032/514 1426/1032/516 1206/1032/449
f 1426/1032/516 1424/1032/514 1942/1032/517 1959/1032/518
f 1424/1032/514 1425/1032/515 1928/1032/519 1942/1032/517
f 1411/1032/507 1943/1032/507 1971/1032/507 1970/1032/507
f 1427/1032/507 1410/1032/507 1477/1032/507 1428/1032/507
f 1429/1032/520 1146/1032/389 1145/1032/388
f 1430/1032/521 1429/1032/520 1145/1032/388
f 1429/1032/520 1431/1032/522 1146/1032/389
f 1431/1032/522 1429/1032/520 1861/1032/523 1654/1032/524
f 1429/1032/520 1430/1032/521 1825/1032/525 1861/1032/523
f 1413/1032/507 1860/1032/507 1862/1032/507 1335/1032/507
f 1432/1032/507 1412/1032/507 1890/1032/507 1433/1032/507
f 1434/1032/526 1158/1032/401 1157/1032/400
f 1435/1032/527 1434/1032/526 1157/1032/400
f 1434/1032/526 1436/1032/528 1158/1032/401
f 1436/1032/528 1434/1032/526 1812/1032/529 1914/1032/530
f 1434/1032/526 1435/1032/527 1638/1032/531 1812/1032/529
f 1415/1032/507 1811/1032/507 1813/1032/507 1935/1032/507
f 1437/1032/507 1414/1032/507 1754/1032/507 1438/1032/507
f 1439/1032/532 1170/1032/413 1169/1032/412
f 1440/1032/533 1439/1032/532 1169/1032/412
f 1439/1032/532 1441/1032/534 1170/1032/413
f 1441/1032/534 1439/1032/532 1512/1032/535 2001/1032/536
f 1439/1032/532 1440/1032/533 1510/1032/537 1512/1032/535
f 1417/1032/507 1513/1032/507 1443/1032/507 1337/1032/507
f 1442/1032/507 1416/1032/507 1576/1032/507 1750/1032/507
f 1444/1032/538 1182/1032/425 1181/1032/424
f 1445/1032/539 1444/1032/538 1181/1032/424
f 1444/1032/538 1446/1032/540 1182/1032/425
f 1446/1032/540 1444/1032/538 1535/1032/541 1864/1032/542
f 1444/1032/538 1445/1032/539 1533/1032/543 1535/1032/541
f 1408/1032/507 1536/1032/507 1592/1032/507 1387/1032/507
f 1447/1032/507 1406/1032/507 1798/1032/507 1448/1032/507
f 1334/1032/507 1357/1032/507 1398/1032/507 1355/1032/507
f 1344/1032/507 1342/1032/507 1326/1032/507 1372/1032/507
f 1336/1032/507 1526/1032/507 1891/1032/507 1349/1032/507
f 1374/1032/507 1351/1032/507 1401/1032/507 1755/1032/507
f 1381/1032/507 1327/1032/507 1390/1032/507 1957/1032/507
f 1622/1032/507 1800/1032/507 1317/1032/507 1395/1032/507
f 1449/1032/544 1692/1032/443 1565/1032/438
f 1194/1032/437 1449/1032/544 1565/1032/438
f 1449/1032/544 1197/1032/440 1692/1032/443
f 1197/1032/440 1449/1032/544 1450/1032/545 1307/1032/480
f 1449/1032/544 1194/1032/437 1421/1032/510 1450/1032/545
f 1450/1032/545 1919/1032/512 1966/1032/546
f 1307/1032/480 1450/1032/545 1966/1032/546
f 1450/1032/545 1421/1032/510 1919/1032/512
f 1451/1032/547 1567/1032/439 1954/1032/435
f 1191/1032/434 1451/1032/547 1954/1032/435
f 1451/1032/547 1193/1032/436 1567/1032/439
f 1193/1032/436 1451/1032/547 1699/1032/548 1420/1032/509
f 1451/1032/547 1191/1032/434 1289/1032/478 1452/1032/549
f 1699/1032/548 1875/1032/550 1938/1032/513
f 1420/1032/509 1699/1032/548 1938/1032/513
f 1452/1032/549 1289/1032/478 1876/1032/551
f 1453/1032/552 1188/1032/431 1933/1032/426
f 1182/1032/425 1453/1032/552 1933/1032/426
f 1453/1032/552 1185/1032/428 1188/1032/431
f 1185/1032/428 1453/1032/552 1686/1032/553 1265/1032/470
f 1453/1032/552 1182/1032/425 1446/1032/540 1454/1032/554
f 1454/1032/554 1864/1032/542 1585/1032/555
f 1265/1032/470 1686/1032/553 1396/1032/556
f 1454/1032/554 1446/1032/540 1864/1032/542
f 1455/1032/557 1843/1032/427 1180/1032/423
f 1179/1032/422 1455/1032/557 1180/1032/423
f 1455/1032/557 1181/1032/424 1843/1032/427
f 1179/1032/422 1286/1032/476 1456/1032/558 1455/1032/557
f 1455/1032/557 1456/1032/558 1445/1032/539 1181/1032/424
f 1456/1032/558 1668/1032/559 1533/1032/543
f 1286/1032/476 1668/1032/559 1456/1032/558
f 1456/1032/558 1533/1032/543 1445/1032/539
f 1457/1032/560 1707/1032/419 1896/1032/414
f 1170/1032/413 1457/1032/560 1896/1032/414
f 1457/1032/560 1173/1032/416 1707/1032/419
f 1170/1032/413 1441/1032/534 1458/1032/561 1457/1032/560
f 1457/1032/560 1458/1032/561 1287/1032/477 1173/1032/416
f 1458/1032/561 2001/1032/536 1763/1032/562
f 1441/1032/534 2001/1032/536 1458/1032/561
f 1458/1032/561 1763/1032/562 1287/1032/477
f 1459/1032/563 1742/1032/415 1963/1032/411
f 1167/1032/410 1459/1032/563 1963/1032/411
f 1459/1032/563 1169/1032/412 1742/1032/415
f 1169/1032/412 1459/1032/563 1460/1032/564 1440/1032/533
f 1459/1032/563 1167/1032/410 1309/1032/482 1460/1032/564
f 1460/1032/564 1981/1032/565 1510/1032/537
f 1440/1032/533 1460/1032/564 1510/1032/537
f 1460/1032/564 1309/1032/482 1981/1032/565
f 1461/1032/566 1164/1032/407 1632/1032/402
f 1158/1032/401 1461/1032/566 1632/1032/402
f 1461/1032/566 1161/1032/404 1164/1032/407
f 1161/1032/404 1461/1032/566 1462/1032/567 1236/1032/463
f 1461/1032/566 1158/1032/401 1436/1032/528 1462/1032/567
f 1462/1032/567 1914/1032/530 1581/1032/568
f 1236/1032/463 1462/1032/567 1581/1032/568
f 1462/1032/567 1436/1032/528 1914/1032/530
f 1463/1032/569 1975/1032/403 1887/1032/399
f 1155/1032/398 1463/1032/569 1887/1032/399
f 1463/1032/569 1157/1032/400 1975/1032/403
f 1157/1032/400 1463/1032/569 1464/1032/570 1435/1032/527
f 1463/1032/569 1155/1032/398 1231/1032/460 1464/1032/570
f 1464/1032/570 1636/1032/571 1638/1032/531
f 1435/1032/527 1464/1032/570 1638/1032/531
f 1464/1032/570 1231/1032/460 1636/1032/571
f 1465/1032/572 1540/1032/395 1538/1032/390
f 1146/1032/389 1465/1032/572 1538/1032/390
f 1465/1032/572 1149/1032/392 1540/1032/395
f 1149/1032/392 1465/1032/572 1466/1032/573 1275/1032/472
f 1465/1032/572 1146/1032/389 1431/1032/522 1466/1032/573
f 1466/1032/573 1654/1032/524 1651/1032/574
f 1275/1032/472 1466/1032/573 1651/1032/574
f 1466/1032/573 1431/1032/522 1654/1032/524
f 1467/1032/575 1589/1032/391 1587/1032/385
f 1141/1032/384 1467/1032/575 1587/1032/385
f 1467/1032/575 1145/1032/388 1589/1032/391
f 1141/1032/384 1280/1032/473 1468/1032/576 1467/1032/575
f 1467/1032/575 1468/1032/576 1430/1032/521 1145/1032/388
f 1468/1032/576 1383/1032/577 1825/1032/525
f 1280/1032/473 1383/1032/577 1468/1032/576
f 1468/1032/576 1825/1032/525 1430/1032/521
f 1469/1032/578 1884/1032/455 1767/1032/450
f 1206/1032/449 1469/1032/578 1767/1032/450
f 1469/1032/578 1209/1032/452 1884/1032/455
f 1209/1032/452 1469/1032/578 1470/1032/579 1281/1032/474
f 1469/1032/578 1206/1032/449 1426/1032/516 1470/1032/579
f 1470/1032/579 1959/1032/518 1953/1032/580
f 1281/1032/474 1470/1032/579 1953/1032/580
f 1470/1032/579 1426/1032/516 1959/1032/518
f 1471/1032/581 1769/1032/451 1549/1032/447
f 1203/1032/446 1471/1032/581 1549/1032/447
f 1471/1032/581 1205/1032/448 1769/1032/451
f 1205/1032/448 1471/1032/581 1472/1032/582 1425/1032/515
f 1471/1032/581 1203/1032/446 1233/1032/462 1472/1032/582
f 1472/1032/582 1828/1032/583 1928/1032/519
f 1425/1032/515 1472/1032/582 1928/1032/519
f 1472/1032/582 1233/1032/462 1828/1032/583
o Sphere
v 14.800105 1.012763 -4.609159
v 14.809717 0.321280 -3.917744
v 14.814919 -0.582185 -3.543552
v 14.815588 -1.071137 -3.495399
v 14.814919 -1.560090 -3.543552
v 14.809717 -2.463555 -3.917744
v 14.692036 1.386990 -5.520606
v 14.606730 1.244368 -5.058247
v 14.528112 1.012763 -4.632136
v 14.459203 0.701074 -4.258646
v 14.402651 0.321280 -3.952131
v 14.360629 -0.112024 -3.724369
v 14.334751 -0.582185 -3.584115
v 14.326014 -1.071137 -3.536755
v 14.334751 -1.560090 -3.584115
v 14.360629 -2.030252 -3.724369
v 14.402651 -2.463555 -3.952131
v 14.459203 -2.843349 -4.258646
v 14.528112 -3.155038 -4.632136
v 14.606730 -3.386643 -5.058247
v 14.692036 -3.529265 -5.520606
v 14.599935 1.386990 -5.547153
v 14.426065 1.244368 -5.110321
v 14.265828 1.012763 -4.707734
v 14.125380 0.701074 -4.354864
v 14.010115 0.321280 -4.065271
v 13.924466 -0.112024 -3.850084
v 13.871724 -0.582185 -3.717573
v 13.853915 -1.071137 -3.672829
v 13.871724 -1.560090 -3.717573
v 13.924466 -2.030252 -3.850084
v 14.010115 -2.463555 -4.065271
v 14.125380 -2.843349 -4.354864
v 14.265828 -3.155038 -4.707734
v 14.426065 -3.386643 -5.110321
v 14.599935 -3.529265 -5.547153
v 14.514780 1.386990 -5.591157
v 14.259031 1.244368 -5.196639
v 14.023332 1.012763 -4.833048
v 13.816740 0.701074 -4.514359
v 13.647194 0.321280 -4.252818
v 13.521211 -0.112024 -4.058474
v 13.443629 -0.582185 -3.938798
v 13.417434 -1.071137 -3.898389
v 13.443629 -1.560090 -3.938798
v 13.521211 -2.030252 -4.058474
v 13.647194 -2.463555 -4.252818
v 13.816740 -2.843349 -4.514359
v 14.023332 -3.155038 -4.833048
v 14.259031 -3.386643 -5.196639
v 14.514780 -3.529265 -5.591157
v 14.439848 1.386990 -5.650929
v 14.112047 1.244368 -5.313885
v 13.809943 1.012763 -5.003264
v 13.545148 0.701074 -4.731002
v 13.327835 0.321280 -4.507563
v 13.166357 -0.112024 -4.341532
v 13.066919 -0.582185 -4.239291
v 13.033344 -1.071137 -4.204769
v 13.066919 -1.560090 -4.239291
v 13.166357 -2.030252 -4.341532
v 13.327835 -2.463555 -4.507563
v 13.545148 -2.843349 -4.731002
v 13.809943 -3.155038 -5.003264
v 14.112047 -3.386643 -5.313885
v 14.439848 -3.529265 -5.650929
v 14.378016 1.386990 -5.724170
v 13.990760 1.244368 -5.457553
v 13.633862 1.012763 -5.211838
v 13.321039 0.701074 -4.996467
v 13.064312 0.321280 -4.819717
v 12.873545 -0.112024 -4.688379
v 12.756073 -0.582185 -4.607502
v 12.716406 -1.071137 -4.580194
v 12.756073 -1.560090 -4.607502
v 12.873545 -2.030252 -4.688379
v 13.064312 -2.463555 -4.819717
v 13.321039 -2.843349 -4.996467
v 13.633862 -3.155038 -5.211838
v 13.990760 -3.386643 -5.457553
v 14.378016 -3.529265 -5.724170
v 14.780750 1.435148 -6.001442
v 14.331662 1.386990 -5.808068
v 13.899832 1.244368 -5.622124
v 13.501856 1.012763 -5.450758
v 13.153027 0.701074 -5.300553
v 12.866749 0.321280 -5.177284
v 12.654026 -0.112024 -5.085686
v 12.523031 -0.582185 -5.029281
v 12.478800 -1.071137 -5.010236
v 12.523031 -1.560090 -5.029281
v 12.654026 -2.030252 -5.085686
v 12.866749 -2.463555 -5.177284
v 13.153027 -2.843349 -5.300553
v 13.501856 -3.155038 -5.450758
v 13.899832 -3.386643 -5.622124
v 14.331662 -3.529265 -5.808068
v 14.302566 1.386990 -5.899396
v 13.842757 1.244368 -5.801271
v 13.418996 1.012763 -5.710839
v 13.047565 0.701074 -5.631574
v 12.742741 0.321280 -5.566523
v 12.516235 -0.112024 -5.518186
v 12.376755 -0.582185 -5.488419
v 12.329657 -1.071137 -5.478370
v 12.376755 -1.560090 -5.488419
v 12.516235 -2.030252 -5.518186
v 12.742741 -2.463555 -5.566523
v 13.047565 -2.843349 -5.631574
v 13.418996 -3.155038 -5.710839
v 13.842757 -3.386643 -5.801271
v 14.302566 -3.529265 -5.899396
v 14.291845 1.386990 -5.994646
v 13.821729 1.244368 -5.988110
v 13.388468 1.012763 -5.982088
v 13.008711 0.701074 -5.976808
v 12.697052 0.321280 -5.972476
v 12.465469 -0.112024 -5.969257
v 12.322861 -0.582185 -5.967274
v 12.274708 -1.071137 -5.966605
v 12.322861 -1.560090 -5.967274
v 12.465469 -2.030252 -5.969257
v 12.697052 -2.463555 -5.972476
v 13.008711 -2.843349 -5.976808
v 13.388468 -3.155038 -5.982088
v 13.821729 -3.386643 -5.988110
v 14.291845 -3.529265 -5.994646
v 14.299913 1.386990 -6.090158
v 14.678704 1.386990 -6.479627
v 14.773953 -3.529265 -6.490346
v 14.869465 1.386990 -6.482278
v 14.954770 1.244368 -6.944637
v 14.869465 -3.529265 -6.482278
v 14.961567 1.386990 -6.455732
v 15.135435 1.244368 -6.892564
v 14.961567 -3.529265 -6.455732
v 15.046720 1.386990 -6.411727
v 15.302469 1.244368 -6.806246
v 15.046720 -3.529265 -6.411727
v 15.121652 1.386990 -6.351956
v 15.449453 1.244368 -6.689000
v 15.449453 -3.386643 -6.689000
v 15.121652 -3.529265 -6.351956
v 14.780750 -3.577423 -6.001442
v 15.183483 1.386990 -6.278715
v 15.570741 1.244368 -6.545331
v 15.570741 -3.386643 -6.545331
v 15.183483 -3.529265 -6.278715
v 15.229838 1.386990 -6.194817
v 15.661668 1.244368 -6.380761
v 16.059645 1.012763 -6.552126
v 16.408474 0.701074 -6.702331
v 16.059645 -3.155038 -6.552126
v 15.661668 -3.386643 -6.380761
v 15.229838 -3.529265 -6.194817
v 15.258935 1.386990 -6.103488
v 15.718742 1.244368 -6.201614
v 16.142504 1.012763 -6.292046
v 16.513935 0.701074 -6.371311
v 16.818760 0.321280 -6.436361
v 17.045265 -0.112024 -6.484699
v 17.184746 -0.582185 -6.514464
v 17.184746 -1.560090 -6.514464
v 17.045265 -2.030252 -6.484699
v 16.818760 -2.463555 -6.436361
v 16.513935 -2.843349 -6.371311
v 16.142504 -3.155038 -6.292046
v 15.718742 -3.386643 -6.201614
v 15.258935 -3.529265 -6.103488
v 15.269654 1.386990 -6.008239
v 15.739771 1.244368 -6.014774
v 16.173031 1.012763 -6.020797
v 16.552790 0.701074 -6.026077
v 16.864447 0.321280 -6.030408
v 17.096031 -0.112024 -6.033628
v 17.238640 -0.582185 -6.035610
v 17.286791 -1.071137 -6.036279
v 17.238640 -1.560090 -6.035610
v 17.096031 -2.030252 -6.033628
v 16.864447 -2.463555 -6.030408
v 16.552790 -2.843349 -6.026077
v 16.173031 -3.155038 -6.020797
v 15.739771 -3.386643 -6.014774
v 15.269654 -3.529265 -6.008239
v 15.261586 1.386990 -5.912728
v 15.723945 1.244368 -5.827423
v 16.150055 1.012763 -5.748805
v 16.523546 0.701074 -5.679895
v 16.830061 0.321280 -5.623343
v 17.057823 -0.112024 -5.581321
v 17.198078 -0.582185 -5.555443
v 17.245434 -1.071137 -5.546706
v 17.198078 -1.560090 -5.555443
v 17.057823 -2.030252 -5.581321
v 16.830061 -2.463555 -5.623343
v 16.523546 -2.843349 -5.679895
v 16.150055 -3.155038 -5.748805
v 15.723945 -3.386643 -5.827423
v 15.261586 -3.529265 -5.912728
v 15.235040 1.386990 -5.820626
v 15.671872 1.244368 -5.646758
v 16.074457 1.012763 -5.486520
v 16.427328 0.701074 -5.346071
v 16.716921 0.321280 -5.230807
v 16.932108 -0.112024 -5.145158
v 17.064619 -0.582185 -5.092416
v 17.109362 -1.071137 -5.074607
v 17.064619 -1.560090 -5.092416
v 16.932108 -2.030252 -5.145158
v 16.716921 -2.463555 -5.230807
v 16.427328 -2.843349 -5.346071
v 16.074457 -3.155038 -5.486520
v 15.671872 -3.386643 -5.646758
v 15.235040 -3.529265 -5.820626
v 15.191035 1.386990 -5.735473
v 15.585553 1.244368 -5.479724
v 15.949142 1.012763 -5.244025
v 16.267834 0.701074 -5.037432
v 16.529373 0.321280 -4.867886
v 16.723717 -0.112024 -4.741903
v 16.843393 -0.582185 -4.664322
v 16.883801 -1.071137 -4.638127
v 16.843393 -1.560090 -4.664322
v 16.723717 -2.030252 -4.741903
v 16.529373 -2.463555 -4.867886
v 16.267834 -2.843349 -5.037432
v 15.949142 -3.155038 -5.244025
v 15.585553 -3.386643 -5.479724
v 15.191035 -3.529265 -5.735473
v 15.131264 1.386990 -5.660541
v 15.468307 1.244368 -5.332739
v 15.778928 1.012763 -5.030636
v 16.051189 0.701074 -4.765840
v 16.274628 0.321280 -4.548528
v 16.440659 -0.112024 -4.387050
v 16.542900 -0.582185 -4.287612
v 16.577421 -1.071137 -4.254037
v 16.542900 -1.560090 -4.287612
v 16.440659 -2.030252 -4.387050
v 16.274628 -2.463555 -4.548528
v 16.051189 -2.843349 -4.765840
v 15.778928 -3.155038 -5.030636
v 15.468307 -3.386643 -5.332739
v 15.131264 -3.529265 -5.660541
v 15.058022 1.386990 -5.598710
v 15.324638 1.244368 -5.211453
v 15.570353 1.012763 -4.854556
v 15.785725 0.701074 -4.541731
v 15.962475 0.321280 -4.285004
v 16.093813 -0.112024 -4.094239
v 16.174690 -0.582185 -3.976765
v 16.201998 -1.071137 -3.937100
v 16.174690 -1.560090 -3.976765
v 16.093813 -2.030252 -4.094239
v 15.962475 -2.463555 -4.285004
v 15.785725 -2.843349 -4.541731
v 15.570353 -3.155038 -4.854556
v 15.324638 -3.386643 -5.211453
v 15.058022 -3.529265 -5.598710
v 14.974125 1.386990 -5.552354
v 15.160069 1.244368 -5.120525
v 15.331434 1.012763 -4.722549
v 15.481639 0.701074 -4.373719
v 15.604908 0.321280 -4.087442
v 15.696506 -0.112024 -3.874718
v 15.752912 -0.582185 -3.743724
v 15.771955 -1.071137 -3.699495
v 15.752912 -1.560090 -3.743724
v 15.696506 -2.030252 -3.874718
v 15.604908 -2.463555 -4.087442
v 15.481639 -2.843349 -4.373719
v 15.331434 -3.155038 -4.722549
v 15.160069 -3.386643 -5.120525
v 14.974125 -3.529265 -5.552354
v 14.882796 1.386990 -5.523259
v 14.980922 1.244368 -5.063450
v 15.071353 1.012763 -4.639689
v 15.150619 0.701074 -4.268258
v 15.215669 0.321280 -3.963434
v 15.264008 -0.112024 -3.736928
v 15.293772 -0.582185 -3.597447
v 15.303822 -1.071137 -3.550352
v 15.293772 -1.560090 -3.597447
v 15.264008 -2.030252 -3.736928
v 15.215669 -2.463555 -3.963434
v 15.150619 -2.843349 -4.268258
v 15.071353 -3.155038 -4.639689
v 14.980922 -3.386643 -5.063450
v 14.882796 -3.529265 -5.523259
v 14.787547 1.386990 -5.512538
v 14.794082 1.244368 -5.042422
v 14.805384 0.701074 -4.229402
v 14.812936 -0.112024 -3.686162
v 14.812936 -2.030252 -3.686162
v 14.805384 -2.843349 -4.229402
v 14.800104 -3.155038 -4.609161
v 14.794082 -3.386643 -5.042422
v 14.787547 -3.529265 -5.512538
vn -0.0806 0.2890 0.9539
vn -0.0245 -0.9565 0.2905
vn -0.0838 0.0976 0.9917
vn -0.0083 0.9951 0.0981
vn -0.0083 -0.9951 0.0981
vn -0.0838 -0.0976 0.9917
vn -0.0245 0.9565 0.2905
vn -0.0806 -0.2890 0.9539
vn -0.0398 0.8810 0.4715
vn -0.0743 -0.4696 0.8797
vn -0.0536 0.7715 0.6340
vn -0.0652 -0.6326 0.7718
vn -0.0652 0.6326 0.7718
vn -0.0536 -0.7715 0.6340
vn -0.0743 0.4696 0.8797
vn -0.0398 -0.8810 0.4715
vn -0.2445 0.4696 0.8483
vn -0.1310 -0.8810 0.4547
vn -0.2651 0.2890 0.9199
vn -0.0808 -0.9565 0.2802
vn -0.2756 0.0976 0.9563
vn -0.0273 0.9951 0.0946
vn -0.0273 -0.9951 0.0946
vn -0.2756 -0.0976 0.9563
vn -0.0808 0.9565 0.2802
vn -0.2651 -0.2890 0.9199
vn -0.1310 0.8810 0.4547
vn -0.2445 -0.4696 0.8483
vn -0.1762 0.7715 0.6113
vn -0.2145 -0.6326 0.7442
vn -0.2145 0.6326 0.7442
vn -0.1762 -0.7715 0.6113
vn -0.4395 -0.2890 0.8505
vn -0.2172 0.8810 0.4204
vn -0.4053 -0.4696 0.7843
vn -0.2921 0.7715 0.5652
vn -0.3556 -0.6326 0.6881
vn -0.3556 0.6326 0.6881
vn -0.2921 -0.7715 0.5652
vn -0.4053 0.4696 0.7843
vn -0.2172 -0.8810 0.4204
vn -0.4395 0.2890 0.8505
vn -0.1339 -0.9565 0.2590
vn -0.4569 0.0975 0.8842
vn -0.0452 0.9951 0.0875
vn -0.0452 -0.9951 0.0875
vn -0.4569 -0.0975 0.8842
vn -0.1339 0.9565 0.2590
vn -0.2951 -0.8810 0.3699
vn -0.5970 0.2890 0.7484
vn -0.1818 -0.9566 0.2279
vn -0.6206 0.0975 0.7780
vn -0.0614 0.9951 0.0770
vn -0.0614 -0.9951 0.0770
vn -0.6206 -0.0975 0.7780
vn -0.1818 0.9565 0.2279
vn -0.5970 -0.2890 0.7484
vn -0.2951 0.8810 0.3699
vn -0.5505 -0.4696 0.6902
vn -0.3967 0.7715 0.4974
vn -0.4830 -0.6326 0.6055
vn -0.4830 0.6326 0.6055
vn -0.3967 -0.7715 0.4974
vn -0.5505 0.4696 0.6902
vn -0.3616 0.8810 0.3052
vn -0.6746 -0.4696 0.5695
vn -0.4862 0.7715 0.4104
vn -0.5918 -0.6326 0.4996
vn -0.5918 0.6326 0.4996
vn -0.4862 -0.7715 0.4104
vn -0.6746 0.4696 0.5695
vn -0.3616 -0.8810 0.3052
vn -0.7315 0.2890 0.6175
vn -0.2228 -0.9566 0.1881
vn -0.7605 0.0975 0.6420
vn -0.0753 0.9951 0.0635
vn -0.0753 -0.9951 0.0635
vn -0.7605 -0.0976 0.6420
vn -0.2228 0.9566 0.1881
vn -0.7315 -0.2890 0.6175
vn -0.8379 0.2890 0.4630
vn -0.2552 -0.9565 0.1410
vn -0.8711 0.0976 0.4813
vn -0.0862 0.9951 0.0476
vn -0.0862 -0.9951 0.0476
vn -0.8711 -0.0976 0.4813
vn -0.2552 0.9565 0.1410
vn -0.8379 -0.2890 0.4630
vn -0.4142 0.8810 0.2288
vn -0.7728 -0.4696 0.4270
vn -0.5569 0.7715 0.3077
vn -0.6779 -0.6326 0.3746
vn -0.6779 0.6326 0.3746
vn -0.5569 -0.7715 0.3077
vn -0.7728 0.4696 0.4270
vn -0.4142 -0.8810 0.2288
vn -0.8412 -0.4696 0.2680
vn -0.6062 0.7715 0.1931
vn -0.7380 -0.6326 0.2351
vn -0.7380 0.6326 0.2351
vn -0.6062 -0.7715 0.1931
vn -0.8412 0.4696 0.2680
vn -0.4508 -0.8810 0.1436
vn -0.9122 0.2890 0.2906
vn -0.2778 -0.9565 0.0885
vn -0.9483 0.0976 0.3021
vn -0.0938 0.9951 0.0299
vn -0.0938 -0.9951 0.0299
vn -0.9483 -0.0976 0.3021
vn -0.2778 0.9565 0.0885
vn -0.9122 -0.2890 0.2906
vn -0.4508 0.8810 0.1436
vn -0.2897 -0.9566 0.0326
vn -0.9890 0.0976 0.1113
vn -0.0979 0.9951 0.0110
vn -0.0979 -0.9951 0.0110
vn -0.9890 -0.0976 0.1113
vn -0.2897 0.9565 0.0326
vn -0.9513 -0.2890 0.1071
vn -0.4702 0.8810 0.0529
vn -0.8773 -0.4696 0.0987
vn -0.6322 0.7715 0.0712
vn -0.7697 -0.6326 0.0866
vn -0.7697 0.6326 0.0866
vn -0.6322 -0.7715 0.0712
vn -0.8773 0.4696 0.0987
vn -0.4702 -0.8810 0.0529
vn -0.9513 0.2890 0.1071
vn -0.0981 0.9951 -0.0083
vn 0.0083 -0.9951 -0.0981
vn 0.0273 0.9951 -0.0946
vn 0.0273 -0.9951 -0.0946
vn 0.0808 0.9565 -0.2802
vn 0.0452 0.9951 -0.0875
vn 0.0452 -0.9951 -0.0875
vn 0.1339 0.9565 -0.2590
vn 0.0614 0.9951 -0.0770
vn 0.0614 -0.9951 -0.0770
vn 0.1818 0.9565 -0.2279
vn 0.0753 0.9951 -0.0635
vn 0.0753 -0.9951 -0.0635
vn 0.2228 0.9565 -0.1881
vn 0.2228 -0.9565 -0.1881
vn 0.2552 -0.9565 -0.1410
vn 0.0862 0.9951 -0.0476
vn 0.0862 -0.9951 -0.0476
vn 0.2552 0.9565 -0.1410
vn 0.0938 0.9951 -0.0299
vn 0.0938 -0.9951 -0.0299
vn 0.2778 0.9565 -0.0885
vn 0.4508 0.8810 -0.1436
vn 0.6062 0.7715 -0.1931
vn 0.4508 -0.8810 -0.1436
vn 0.2778 -0.9565 -0.0885
vn 0.7697 0.6326 -0.0866
vn 0.6322 -0.7715 -0.0712
vn 0.8773 0.4696 -0.0987
vn 0.4702 -0.8810 -0.0529
vn 0.9513 0.2890 -0.1071
vn 0.2897 -0.9566 -0.0326
vn 0.0979 0.9951 -0.0110
vn 0.0979 -0.9951 -0.0110
vn 0.2897 0.9565 -0.0326
vn 0.9513 -0.2890 -0.1071
vn 0.4702 0.8810 -0.0529
vn 0.8773 -0.4696 -0.0987
vn 0.6322 0.7715 -0.0712
vn 0.7697 -0.6326 -0.0866
vn 0.9917 -0.0975 0.0838
vn 0.2905 0.9565 0.0245
vn 0.9539 -0.2890 0.0806
vn 0.4715 0.8810 0.0398
vn 0.8797 -0.4696 0.0743
vn 0.6340 0.7715 0.0536
vn 0.7718 -0.6326 0.0652
vn 0.7718 0.6326 0.0652
vn 0.6340 -0.7715 0.0536
vn 0.8797 0.4696 0.0743
vn 0.4715 -0.8810 0.0398
vn 0.9539 0.2890 0.0806
vn 0.2905 -0.9565 0.0245
vn 0.9917 0.0975 0.0838
vn 0.0981 0.9951 0.0083
vn 0.0981 -0.9951 0.0083
vn 0.6113 -0.7715 0.1762
vn 0.8483 0.4696 0.2445
vn 0.4547 -0.8810 0.1310
vn 0.9199 0.2890 0.2651
vn 0.2802 -0.9565 0.0808
vn 0.9563 0.0975 0.2756
vn 0.0946 0.9951 0.0273
vn 0.0946 -0.9951 0.0273
vn 0.9563 -0.0975 0.2756
vn 0.2802 0.9565 0.0808
vn 0.9199 -0.2890 0.2651
vn 0.4547 0.8810 0.1310
vn 0.8483 -0.4696 0.2445
vn 0.6113 0.7715 0.1762
vn 0.7442 -0.6326 0.2145
vn 0.7442 0.6326 0.2145
vn 0.8505 -0.2890 0.4395
vn 0.4204 0.8810 0.2172
vn 0.7843 -0.4696 0.4053
vn 0.5652 0.7715 0.2921
vn 0.6881 -0.6326 0.3556
vn 0.6881 0.6326 0.3556
vn 0.5652 -0.7715 0.2921
vn 0.7843 0.4696 0.4053
vn 0.4204 -0.8810 0.2172
vn 0.8505 0.2890 0.4395
vn 0.2590 -0.9565 0.1339
vn 0.8842 0.0975 0.4569
vn 0.0875 0.9951 0.0452
vn 0.0875 -0.9951 0.0452
vn 0.8842 -0.0975 0.4569
vn 0.2590 0.9565 0.1339
vn 0.3699 -0.8810 0.2951
vn 0.7484 0.2890 0.5970
vn 0.2279 -0.9565 0.1818
vn 0.7780 0.0975 0.6206
vn 0.0770 0.9951 0.0614
vn 0.0770 -0.9951 0.0614
vn 0.7780 -0.0975 0.6206
vn 0.2279 0.9565 0.1818
vn 0.7484 -0.2890 0.5970
vn 0.3699 0.8810 0.2951
vn 0.6902 -0.4696 0.5505
vn 0.4974 0.7715 0.3967
vn 0.6055 -0.6326 0.4830
vn 0.6055 0.6326 0.4830
vn 0.4974 -0.7715 0.3967
vn 0.6902 0.4696 0.5505
vn 0.3052 0.8810 0.3616
vn 0.5695 -0.4696 0.6746
vn 0.4104 0.7715 0.4861
vn 0.4996 -0.6326 0.5918
vn 0.4996 0.6326 0.5918
vn 0.4104 -0.7715 0.4862
vn 0.5695 0.4696 0.6746
vn 0.3052 -0.8810 0.3616
vn 0.6175 0.2890 0.7315
vn 0.1881 -0.9565 0.2228
vn 0.6420 0.0975 0.7605
vn 0.0635 0.9951 0.0753
vn 0.0635 -0.9951 0.0753
vn 0.6420 -0.0975 0.7605
vn 0.1881 0.9566 0.2228
vn 0.6175 -0.2890 0.7315
vn 0.4630 0.2890 0.8379
vn 0.1410 -0.9565 0.2552
vn 0.4813 0.0975 0.8711
vn 0.0476 0.9951 0.0862
vn 0.0476 -0.9951 0.0862
vn 0.4813 -0.0975 0.8711
vn 0.1410 0.9565 0.2552
vn 0.4630 -0.2890 0.8379
vn 0.2288 0.8810 0.4142
vn 0.4270 -0.4696 0.7728
vn 0.3077 0.7715 0.5569
vn 0.3746 -0.6326 0.6779
vn 0.3746 0.6326 0.6779
vn 0.3077 -0.7715 0.5569
vn 0.4270 0.4696 0.7728
vn 0.2288 -0.8810 0.4142
vn 0.2680 -0.4696 0.8412
vn 0.1931 0.7715 0.6062
vn 0.2351 -0.6326 0.7380
vn 0.2351 0.6326 0.7380
vn 0.1931 -0.7715 0.6062
vn 0.2680 0.4696 0.8412
vn 0.1436 -0.8810 0.4508
vn 0.2906 0.2890 0.9122
vn 0.0885 -0.9565 0.2778
vn 0.3021 0.0975 0.9483
vn 0.0299 0.9951 0.0938
vn 0.0299 -0.9951 0.0938
vn 0.3021 -0.0975 0.9483
vn 0.0885 0.9565 0.2778
vn 0.2906 -0.2890 0.9122
vn 0.1436 0.8810 0.4508
vn 0.0326 -0.9565 0.2897
vn 0.1113 0.0975 0.9890
vn 0.0110 0.9951 0.0979
vn 0.0110 -0.9951 0.0979
vn 0.1113 -0.0975 0.9890
vn 0.0326 0.9565 0.2897
vn 0.1071 -0.2890 0.9513
vn 0.0529 0.8810 0.4702
vn 0.0987 -0.4696 0.8773
vn 0.0712 0.7715 0.6322
vn 0.0866 -0.6326 0.7697
vn 0.0866 0.6326 0.7697
vn 0.0712 -0.7715 0.6322
vn 0.0987 0.4696 0.8773
vn 0.0529 -0.8810 0.4702
vn 0.1071 0.2890 0.9513
vt 0.750000 0.562500
vt 0.750000 0.625000
vt 0.718750 0.625000
vt 0.718750 0.562500
vt 0.750000 0.062500
vt 0.750000 0.125000
vt 0.718750 0.125000
vt 0.718750 0.062500
vt 0.750000 0.500000
vt 0.718750 0.500000
vt 0.750000 0.937500
vt 0.734375 1.000000
vt 0.718750 0.937500
vt 0.734375 0.000000
vt 0.750000 0.437500
vt 0.718750 0.437500
vt 0.750000 0.875000
vt 0.718750 0.875000
vt 0.750000 0.375000
vt 0.718750 0.375000
vt 0.750000 0.812500
vt 0.718750 0.812500
vt 0.750000 0.312500
vt 0.718750 0.312500
vt 0.750000 0.750000
vt 0.718750 0.750000
vt 0.750000 0.250000
vt 0.718750 0.250000
vt 0.750000 0.687500
vt 0.718750 0.687500
vt 0.750000 0.187500
vt 0.718750 0.187500
vt 0.687500 0.687500
vt 0.687500 0.625000
vt 0.687500 0.187500
vt 0.687500 0.125000
vt 0.687500 0.562500
vt 0.687500 0.062500
vt 0.687500 0.500000
vt 0.703125 1.000000
vt 0.687500 0.937500
vt 0.703125 0.000000
vt 0.687500 0.437500
vt 0.687500 0.875000
vt 0.687500 0.375000
vt 0.687500 0.812500
vt 0.687500 0.312500
vt 0.687500 0.750000
vt 0.687500 0.250000
vt 0.656250 0.437500
vt 0.656250 0.375000
vt 0.656250 0.875000
vt 0.656250 0.812500
vt 0.656250 0.312500
vt 0.656250 0.750000
vt 0.656250 0.250000
vt 0.656250 0.687500
vt 0.656250 0.187500
vt 0.656250 0.625000
vt 0.656250 0.125000
vt 0.656250 0.562500
vt 0.656250 0.062500
vt 0.656250 0.500000
vt 0.671875 1.000000
vt 0.656250 0.937500
vt 0.671875 0.000000
vt 0.625000 0.187500
vt 0.625000 0.125000
vt 0.625000 0.625000
vt 0.625000 0.562500
vt 0.625000 0.062500
vt 0.625000 0.500000
vt 0.640625 1.000000
vt 0.625000 0.937500
vt 0.640625 0.000000
vt 0.625000 0.437500
vt 0.625000 0.875000
vt 0.625000 0.375000
vt 0.625000 0.812500
vt 0.625000 0.312500
vt 0.625000 0.750000
vt 0.625000 0.250000
vt 0.625000 0.687500
vt 0.593750 0.875000
vt 0.593750 0.812500
vt 0.593750 0.375000
vt 0.593750 0.312500
vt 0.593750 0.750000
vt 0.593750 0.250000
vt 0.593750 0.687500
vt 0.593750 0.187500
vt 0.593750 0.625000
vt 0.593750 0.125000
vt 0.593750 0.562500
vt 0.593750 0.062500
vt 0.593750 0.500000
vt 0.609375 1.000000
vt 0.593750 0.937500
vt 0.609375 0.000000
vt 0.593750 0.437500
vt 0.562500 0.625000
vt 0.562500 0.562500
vt 0.562500 0.125000
vt 0.562500 0.062500
vt 0.562500 0.500000
vt 0.578125 1.000000
vt 0.562500 0.937500
vt 0.578125 0.000000
vt 0.562500 0.437500
vt 0.562500 0.875000
vt 0.562500 0.375000
vt 0.562500 0.812500
vt 0.562500 0.312500
vt 0.562500 0.750000
vt 0.562500 0.250000
vt 0.562500 0.687500
vt 0.562500 0.187500
vt 0.531250 0.375000
vt 0.531250 0.312500
vt 0.531250 0.812500
vt 0.531250 0.750000
vt 0.531250 0.250000
vt 0.531250 0.687500
vt 0.531250 0.187500
vt 0.531250 0.625000
vt 0.531250 0.125000
vt 0.531250 0.562500
vt 0.531250 0.062500
vt 0.531250 0.500000
vt 0.546875 1.000000
vt 0.531250 0.937500
vt 0.546875 0.000000
vt 0.531250 0.437500
vt 0.531250 0.875000
vt 0.500000 0.125000
vt 0.500000 0.062500
vt 0.500000 0.562500
vt 0.500000 0.500000
vt 0.515625 1.000000
vt 0.500000 0.937500
vt 0.515625 0.000000
vt 0.500000 0.437500
vt 0.500000 0.875000
vt 0.500000 0.375000
vt 0.500000 0.812500
vt 0.500000 0.312500
vt 0.500000 0.750000
vt 0.500000 0.250000
vt 0.500000 0.687500
vt 0.500000 0.187500
vt 0.500000 0.625000
vt 0.484375 1.000000
vt 0.468750 0.937500
vt 0.234375 0.000000
vt 0.250000 0.062500
vt 0.218750 0.062500
vt 0.218750 0.937500
vt 0.203125 1.000000
vt 0.187500 0.937500
vt 0.203125 0.000000
vt 0.187500 0.062500
vt 0.218750 0.875000
vt 0.187500 0.875000
vt 0.171875 1.000000
vt 0.156250 0.937500
vt 0.171875 0.000000
vt 0.156250 0.062500
vt 0.156250 0.875000
vt 0.140625 1.000000
vt 0.125000 0.937500
vt 0.140625 0.000000
vt 0.125000 0.062500
vt 0.125000 0.875000
vt 0.109375 1.000000
vt 0.093750 0.937500
vt 0.109375 0.000000
vt 0.093750 0.062500
vt 0.093750 0.875000
vt 0.125000 0.125000
vt 0.093750 0.125000
vt 0.062500 0.125000
vt 0.062500 0.062500
vt 0.078125 1.000000
vt 0.062500 0.937500
vt 0.078125 0.000000
vt 0.062500 0.875000
vt 0.046875 1.000000
vt 0.031250 0.937500
vt 0.046875 0.000000
vt 0.031250 0.062500
vt 0.031250 0.875000
vt 0.062500 0.812500
vt 0.031250 0.812500
vt 0.062500 0.750000
vt 0.031250 0.750000
vt 0.062500 0.187500
vt 0.031250 0.187500
vt 0.031250 0.125000
vt 0.031250 0.687500
vt 0.000000 0.750000
vt 0.000000 0.687500
vt 0.031250 0.250000
vt 0.000000 0.250000
vt 0.000000 0.187500
vt 0.031250 0.625000
vt 0.000000 0.625000
vt 0.000000 0.125000
vt 0.031250 0.562500
vt 0.000000 0.562500
vt 0.000000 0.062500
vt 0.015625 1.000000
vt 0.000000 0.937500
vt 0.015625 0.000000
vt 0.000000 0.875000
vt 0.031250 0.375000
vt 0.031250 0.437500
vt 0.000000 0.437500
vt 0.000000 0.375000
vt 0.000000 0.812500
vt 0.031250 0.312500
vt 0.000000 0.312500
vt 1.000000 0.437500
vt 1.000000 0.500000
vt 0.968750 0.500000
vt 0.968750 0.437500
vt 1.000000 0.875000
vt 1.000000 0.937500
vt 0.968750 0.937500
vt 0.968750 0.875000
vt 1.000000 0.375000
vt 0.968750 0.375000
vt 1.000000 0.812500
vt 0.968750 0.812500
vt 1.000000 0.312500
vt 0.968750 0.312500
vt 1.000000 0.750000
vt 0.968750 0.750000
vt 1.000000 0.250000
vt 0.968750 0.250000
vt 1.000000 0.687500
vt 0.968750 0.687500
vt 1.000000 0.187500
vt 0.968750 0.187500
vt 1.000000 0.625000
vt 0.968750 0.625000
vt 1.000000 0.125000
vt 0.968750 0.125000
vt 1.000000 0.562500
vt 0.968750 0.562500
vt 1.000000 0.062500
vt 0.968750 0.062500
vt 0.984375 1.000000
vt 0.984375 0.000000
vt 0.937500 0.250000
vt 0.937500 0.187500
vt 0.937500 0.687500
vt 0.937500 0.625000
vt 0.937500 0.125000
vt 0.937500 0.562500
vt 0.937500 0.062500
vt 0.937500 0.500000
vt 0.953125 1.000000
vt 0.937500 0.937500
vt 0.953125 0.000000
vt 0.937500 0.437500
vt 0.937500 0.875000
vt 0.937500 0.375000
vt 0.937500 0.812500
vt 0.937500 0.312500
vt 0.937500 0.750000
vt 0.906250 0.437500
vt 0.906250 0.375000
vt 0.906250 0.875000
vt 0.906250 0.812500
vt 0.906250 0.312500
vt 0.906250 0.750000
vt 0.906250 0.250000
vt 0.906250 0.687500
vt 0.906250 0.187500
vt 0.906250 0.625000
vt 0.906250 0.125000
vt 0.906250 0.562500
vt 0.906250 0.062500
vt 0.906250 0.500000
vt 0.921875 1.000000
vt 0.906250 0.937500
vt 0.921875 0.000000
vt 0.875000 0.187500
vt 0.875000 0.125000
vt 0.875000 0.625000
vt 0.875000 0.562500
vt 0.875000 0.062500
vt 0.875000 0.500000
vt 0.890625 1.000000
vt 0.875000 0.937500
vt 0.890625 0.000000
vt 0.875000 0.437500
vt 0.875000 0.875000
vt 0.875000 0.375000
vt 0.875000 0.812500
vt 0.875000 0.312500
vt 0.875000 0.750000
vt 0.875000 0.250000
vt 0.875000 0.687500
vt 0.843750 0.875000
vt 0.843750 0.812500
vt 0.843750 0.375000
vt 0.843750 0.312500
vt 0.843750 0.750000
vt 0.843750 0.250000
vt 0.843750 0.687500
vt 0.843750 0.187500
vt 0.843750 0.625000
vt 0.843750 0.125000
vt 0.843750 0.562500
vt 0.843750 0.062500
vt 0.843750 0.500000
vt 0.859375 1.000000
vt 0.843750 0.937500
vt 0.859375 0.000000
vt 0.843750 0.437500
vt 0.812500 0.625000
vt 0.812500 0.562500
vt 0.812500 0.125000
vt 0.812500 0.062500
vt 0.812500 0.500000
vt 0.828125 1.000000
vt 0.812500 0.937500
vt 0.828125 0.000000
vt 0.812500 0.437500
vt 0.812500 0.875000
vt 0.812500 0.375000
vt 0.812500 0.812500
vt 0.812500 0.312500
vt 0.812500 0.750000
vt 0.812500 0.250000
vt 0.812500 0.687500
vt 0.812500 0.187500
vt 0.781250 0.375000
vt 0.781250 0.312500
vt 0.781250 0.812500
vt 0.781250 0.750000
vt 0.781250 0.250000
vt 0.781250 0.687500
vt 0.781250 0.187500
vt 0.781250 0.625000
vt 0.781250 0.125000
vt 0.781250 0.562500
vt 0.781250 0.062500
vt 0.781250 0.500000
vt 0.796875 1.000000
vt 0.781250 0.937500
vt 0.796875 0.000000
vt 0.781250 0.437500
vt 0.781250 0.875000
vt 0.765625 1.000000
vt 0.765625 0.000000
s 1
usemtl iron
f 2027/1033/584 2317/1034/584 2036/1035/584 2037/1036/584
f 2322/1037/585 2321/1038/585 2044/1039/585 2045/1040/585
f 2028/1041/586 2027/1033/586 2037/1036/586 2038/1042/586
f 2314/1043/587 2106/1044/587 2031/1045/587
f 2168/1046/588 2322/1037/588 2045/1040/588
f 2029/1047/589 2028/1041/589 2038/1042/589 2039/1048/589
f 2315/1049/590 2314/1043/590 2031/1045/590 2032/1050/590
f 2318/1051/591 2029/1047/591 2039/1048/591 2040/1052/591
f 2025/1053/592 2315/1049/592 2032/1050/592 2033/1054/592
f 2030/1055/593 2318/1051/593 2040/1052/593 2041/1056/593
f 2316/1057/594 2025/1053/594 2033/1054/594 2034/1058/594
f 2319/1059/595 2030/1055/595 2041/1056/595 2042/1060/595
f 2026/1061/596 2316/1057/596 2034/1058/596 2035/1062/596
f 2320/1063/597 2319/1059/597 2042/1060/597 2043/1064/597
f 2317/1034/598 2026/1061/598 2035/1062/598 2036/1035/598
f 2321/1038/599 2320/1063/599 2043/1064/599 2044/1039/599
f 2036/1035/600 2035/1062/600 2050/1065/600 2051/1066/600
f 2044/1039/601 2043/1064/601 2058/1067/601 2059/1068/601
f 2037/1036/602 2036/1035/602 2051/1066/602 2052/1069/602
f 2045/1040/603 2044/1039/603 2059/1068/603 2060/1070/603
f 2038/1042/604 2037/1036/604 2052/1069/604 2053/1071/604
f 2031/1045/605 2106/1072/605 2046/1073/605
f 2168/1074/606 2045/1040/606 2060/1070/606
f 2039/1048/607 2038/1042/607 2053/1071/607 2054/1075/607
f 2032/1050/608 2031/1045/608 2046/1073/608 2047/1076/608
f 2040/1052/609 2039/1048/609 2054/1075/609 2055/1077/609
f 2033/1054/610 2032/1050/610 2047/1076/610 2048/1078/610
f 2041/1056/611 2040/1052/611 2055/1077/611 2056/1079/611
f 2034/1058/612 2033/1054/612 2048/1078/612 2049/1080/612
f 2042/1060/613 2041/1056/613 2056/1079/613 2057/1081/613
f 2035/1062/614 2034/1058/614 2049/1080/614 2050/1065/614
f 2043/1064/615 2042/1060/615 2057/1081/615 2058/1067/615
f 2055/1077/616 2054/1075/616 2069/1082/616 2070/1083/616
f 2048/1078/617 2047/1076/617 2062/1084/617 2063/1085/617
f 2056/1079/618 2055/1077/618 2070/1083/618 2071/1086/618
f 2049/1080/619 2048/1078/619 2063/1085/619 2064/1087/619
f 2057/1081/620 2056/1079/620 2071/1086/620 2072/1088/620
f 2050/1065/621 2049/1080/621 2064/1087/621 2065/1089/621
f 2058/1067/622 2057/1081/622 2072/1088/622 2073/1090/622
f 2051/1066/623 2050/1065/623 2065/1089/623 2066/1091/623
f 2059/1068/624 2058/1067/624 2073/1090/624 2074/1092/624
f 2052/1069/625 2051/1066/625 2066/1091/625 2067/1093/625
f 2060/1070/626 2059/1068/626 2074/1092/626 2075/1094/626
f 2053/1071/627 2052/1069/627 2067/1093/627 2068/1095/627
f 2046/1073/628 2106/1096/628 2061/1097/628
f 2168/1098/629 2060/1070/629 2075/1094/629
f 2054/1075/630 2053/1071/630 2068/1095/630 2069/1082/630
f 2047/1076/631 2046/1073/631 2061/1097/631 2062/1084/631
f 2074/1092/632 2073/1090/632 2088/1099/632 2089/1100/632
f 2067/1093/633 2066/1091/633 2081/1101/633 2082/1102/633
f 2075/1094/634 2074/1092/634 2089/1100/634 2090/1103/634
f 2068/1095/635 2067/1093/635 2082/1102/635 2083/1104/635
f 2061/1097/636 2106/1105/636 2076/1106/636
f 2168/1107/637 2075/1094/637 2090/1103/637
f 2069/1082/638 2068/1095/638 2083/1104/638 2084/1108/638
f 2062/1084/639 2061/1097/639 2076/1106/639 2077/1109/639
f 2070/1083/640 2069/1082/640 2084/1108/640 2085/1110/640
f 2063/1085/641 2062/1084/641 2077/1109/641 2078/1111/641
f 2071/1086/642 2070/1083/642 2085/1110/642 2086/1112/642
f 2064/1087/643 2063/1085/643 2078/1111/643 2079/1113/643
f 2072/1088/644 2071/1086/644 2086/1112/644 2087/1114/644
f 2065/1089/645 2064/1087/645 2079/1113/645 2080/1115/645
f 2073/1090/646 2072/1088/646 2087/1114/646 2088/1099/646
f 2066/1091/647 2065/1089/647 2080/1115/647 2081/1101/647
f 2078/1111/648 2077/1109/648 2092/1116/648 2093/1117/648
f 2086/1112/649 2085/1110/649 2100/1118/649 2101/1119/649
f 2079/1113/650 2078/1111/650 2093/1117/650 2094/1120/650
f 2087/1114/651 2086/1112/651 2101/1119/651 2102/1121/651
f 2080/1115/652 2079/1113/652 2094/1120/652 2095/1122/652
f 2088/1099/653 2087/1114/653 2102/1121/653 2103/1123/653
f 2081/1101/654 2080/1115/654 2095/1122/654 2096/1124/654
f 2089/1100/655 2088/1099/655 2103/1123/655 2104/1125/655
f 2082/1102/656 2081/1101/656 2096/1124/656 2097/1126/656
f 2090/1103/657 2089/1100/657 2104/1125/657 2105/1127/657
f 2083/1104/658 2082/1102/658 2097/1126/658 2098/1128/658
f 2076/1106/659 2106/1129/659 2091/1130/659
f 2168/1131/660 2090/1103/660 2105/1127/660
f 2084/1108/661 2083/1104/661 2098/1128/661 2099/1132/661
f 2077/1109/662 2076/1106/662 2091/1130/662 2092/1116/662
f 2085/1110/663 2084/1108/663 2099/1132/663 2100/1118/663
f 2097/1126/664 2096/1124/664 2112/1133/664 2113/1134/664
f 2105/1127/665 2104/1125/665 2120/1135/665 2121/1136/665
f 2098/1128/666 2097/1126/666 2113/1134/666 2114/1137/666
f 2091/1130/667 2106/1138/667 2107/1139/667
f 2168/1140/668 2105/1127/668 2121/1136/668
f 2099/1132/669 2098/1128/669 2114/1137/669 2115/1141/669
f 2092/1116/670 2091/1130/670 2107/1139/670 2108/1142/670
f 2100/1118/671 2099/1132/671 2115/1141/671 2116/1143/671
f 2093/1117/672 2092/1116/672 2108/1142/672 2109/1144/672
f 2101/1119/673 2100/1118/673 2116/1143/673 2117/1145/673
f 2094/1120/674 2093/1117/674 2109/1144/674 2110/1146/674
f 2102/1121/675 2101/1119/675 2117/1145/675 2118/1147/675
f 2095/1122/676 2094/1120/676 2110/1146/676 2111/1148/676
f 2103/1123/677 2102/1121/677 2118/1147/677 2119/1149/677
f 2096/1124/678 2095/1122/678 2111/1148/678 2112/1133/678
f 2104/1125/679 2103/1123/679 2119/1149/679 2120/1135/679
f 2117/1145/680 2116/1143/680 2131/1150/680 2132/1151/680
f 2110/1146/681 2109/1144/681 2124/1152/681 2125/1153/681
f 2118/1147/682 2117/1145/682 2132/1151/682 2133/1154/682
f 2111/1148/683 2110/1146/683 2125/1153/683 2126/1155/683
f 2119/1149/684 2118/1147/684 2133/1154/684 2134/1156/684
f 2112/1133/685 2111/1148/685 2126/1155/685 2127/1157/685
f 2120/1135/686 2119/1149/686 2134/1156/686 2135/1158/686
f 2113/1134/687 2112/1133/687 2127/1157/687 2128/1159/687
f 2121/1136/688 2120/1135/688 2135/1158/688 2136/1160/688
f 2114/1137/689 2113/1134/689 2128/1159/689 2129/1161/689
f 2107/1139/690 2106/1162/690 2122/1163/690
f 2168/1164/691 2121/1136/691 2136/1160/691
f 2115/1141/692 2114/1137/692 2129/1161/692 2130/1165/692
f 2108/1142/693 2107/1139/693 2122/1163/693 2123/1166/693
f 2116/1143/694 2115/1141/694 2130/1165/694 2131/1150/694
f 2109/1144/695 2108/1142/695 2123/1166/695 2124/1152/695
f 2136/1160/696 2135/1158/696 2150/1167/696 2151/1168/696
f 2129/1161/697 2128/1159/697 2143/1169/697 2144/1170/697
f 2122/1163/698 2106/1171/698 2137/1172/698
f 2168/1173/699 2136/1160/699 2151/1168/699
f 2130/1165/700 2129/1161/700 2144/1170/700 2145/1174/700
f 2123/1166/701 2122/1163/701 2137/1172/701 2138/1175/701
f 2131/1150/702 2130/1165/702 2145/1174/702 2146/1176/702
f 2124/1152/703 2123/1166/703 2138/1175/703 2139/1177/703
f 2132/1151/704 2131/1150/704 2146/1176/704 2147/1178/704
f 2125/1153/705 2124/1152/705 2139/1177/705 2140/1179/705
f 2133/1154/706 2132/1151/706 2147/1178/706 2148/1180/706
f 2126/1155/707 2125/1153/707 2140/1179/707 2141/1181/707
f 2134/1156/708 2133/1154/708 2148/1180/708 2149/1182/708
f 2127/1157/709 2126/1155/709 2141/1181/709 2142/1183/709
f 2135/1158/710 2134/1156/710 2149/1182/710 2150/1167/710
f 2128/1159/711 2127/1157/711 2142/1183/711 2143/1169/711
f 2137/1172/712 2106/1184/712 2152/1185/712
f 2168/1186/713 2154/1187/713 2157/1188/713
f 2155/1189/714 2106/1190/714 2158/1191/714
f 2168/1192/715 2157/1188/715 2160/1193/715
f 2156/1194/716 2155/1189/716 2158/1191/716 2159/1195/716
f 2158/1191/717 2106/1196/717 2161/1197/717
f 2168/1198/718 2160/1193/718 2163/1199/718
f 2159/1195/719 2158/1191/719 2161/1197/719 2162/1200/719
f 2161/1197/720 2106/1201/720 2164/1202/720
f 2168/1203/721 2163/1199/721 2167/1204/721
f 2162/1200/722 2161/1197/722 2164/1202/722 2165/1205/722
f 2164/1202/723 2106/1206/723 2169/1207/723
f 2168/1208/724 2167/1204/724 2172/1209/724
f 2165/1205/725 2164/1202/725 2169/1207/725 2170/1210/725
f 2167/1204/726 2166/1211/726 2171/1212/726 2172/1209/726
f 2172/1209/727 2171/1212/727 2178/1213/727 2179/1214/727
f 2169/1207/728 2106/1215/728 2173/1216/728
f 2168/1217/729 2172/1209/729 2179/1214/729
f 2170/1210/730 2169/1207/730 2173/1216/730 2174/1218/730
f 2173/1216/731 2106/1219/731 2180/1220/731
f 2168/1221/732 2179/1214/732 2193/1222/732
f 2174/1218/733 2173/1216/733 2180/1220/733 2181/1223/733
f 2175/1224/734 2174/1218/734 2181/1223/734 2182/1225/734
f 2176/1226/735 2175/1224/735 2182/1225/735 2183/1227/735
f 2178/1213/736 2177/1228/736 2191/1229/736 2192/1230/736
f 2179/1214/737 2178/1213/737 2192/1230/737 2193/1222/737
f 2184/1231/738 2183/1227/738 2197/1232/738 2198/1233/738
f 2191/1229/739 2190/1234/739 2205/1235/739 2206/1236/739
f 2185/1237/740 2184/1231/740 2198/1233/740 2199/1238/740
f 2192/1230/741 2191/1229/741 2206/1236/741 2207/1239/741
f 2186/1240/742 2185/1237/742 2199/1238/742 2200/1241/742
f 2193/1222/743 2192/1230/743 2207/1239/743 2208/1242/743
f 2180/1220/744 2106/1243/744 2194/1244/744
f 2168/1245/745 2193/1222/745 2208/1242/745
f 2181/1223/746 2180/1220/746 2194/1244/746 2195/1246/746
f 2188/1247/747 2187/1248/747 2202/1249/747 2203/1250/747
f 2182/1225/748 2181/1223/748 2195/1246/748 2196/1251/748
f 2189/1252/749 2188/1247/749 2203/1250/749 2204/1253/749
f 2183/1227/750 2182/1225/750 2196/1251/750 2197/1232/750
f 2190/1234/751 2189/1252/751 2204/1253/751 2205/1235/751
f 2202/1254/752 2201/1255/752 2216/1256/752 2217/1257/752
f 2195/1258/753 2194/1259/753 2209/1260/753 2210/1261/753
f 2203/1262/754 2202/1254/754 2217/1257/754 2218/1263/754
f 2196/1264/755 2195/1258/755 2210/1261/755 2211/1265/755
f 2204/1266/756 2203/1262/756 2218/1263/756 2219/1267/756
f 2197/1268/757 2196/1264/757 2211/1265/757 2212/1269/757
f 2205/1270/758 2204/1266/758 2219/1267/758 2220/1271/758
f 2198/1272/759 2197/1268/759 2212/1269/759 2213/1273/759
f 2206/1274/760 2205/1270/760 2220/1271/760 2221/1275/760
f 2199/1276/761 2198/1272/761 2213/1273/761 2214/1277/761
f 2207/1278/762 2206/1274/762 2221/1275/762 2222/1279/762
f 2200/1280/763 2199/1276/763 2214/1277/763 2215/1281/763
f 2208/1282/764 2207/1278/764 2222/1279/764 2223/1283/764
f 2201/1255/765 2200/1280/765 2215/1281/765 2216/1256/765
f 2194/1259/766 2106/1284/766 2209/1260/766
f 2168/1285/767 2208/1282/767 2223/1283/767
f 2221/1275/768 2220/1271/768 2235/1286/768 2236/1287/768
f 2214/1277/769 2213/1273/769 2228/1288/769 2229/1289/769
f 2222/1279/770 2221/1275/770 2236/1287/770 2237/1290/770
f 2215/1281/771 2214/1277/771 2229/1289/771 2230/1291/771
f 2223/1283/772 2222/1279/772 2237/1290/772 2238/1292/772
f 2216/1256/773 2215/1281/773 2230/1291/773 2231/1293/773
f 2209/1260/774 2106/1294/774 2224/1295/774
f 2168/1296/775 2223/1283/775 2238/1292/775
f 2217/1257/776 2216/1256/776 2231/1293/776 2232/1297/776
f 2210/1261/777 2209/1260/777 2224/1295/777 2225/1298/777
f 2218/1263/778 2217/1257/778 2232/1297/778 2233/1299/778
f 2211/1265/779 2210/1261/779 2225/1298/779 2226/1300/779
f 2219/1267/780 2218/1263/780 2233/1299/780 2234/1301/780
f 2212/1269/781 2211/1265/781 2226/1300/781 2227/1302/781
f 2220/1271/782 2219/1267/782 2234/1301/782 2235/1286/782
f 2213/1273/783 2212/1269/783 2227/1302/783 2228/1288/783
f 2233/1299/784 2232/1297/784 2247/1303/784 2248/1304/784
f 2226/1300/785 2225/1298/785 2240/1305/785 2241/1306/785
f 2234/1301/786 2233/1299/786 2248/1304/786 2249/1307/786
f 2227/1302/787 2226/1300/787 2241/1306/787 2242/1308/787
f 2235/1286/788 2234/1301/788 2249/1307/788 2250/1309/788
f 2228/1288/789 2227/1302/789 2242/1308/789 2243/1310/789
f 2236/1287/790 2235/1286/790 2250/1309/790 2251/1311/790
f 2229/1289/791 2228/1288/791 2243/1310/791 2244/1312/791
f 2237/1290/792 2236/1287/792 2251/1311/792 2252/1313/792
f 2230/1291/793 2229/1289/793 2244/1312/793 2245/1314/793
f 2238/1292/794 2237/1290/794 2252/1313/794 2253/1315/794
f 2231/1293/795 2230/1291/795 2245/1314/795 2246/1316/795
f 2224/1295/796 2106/1317/796 2239/1318/796
f 2168/1319/797 2238/1292/797 2253/1315/797
f 2232/1297/798 2231/1293/798 2246/1316/798 2247/1303/798
f 2225/1298/799 2224/1295/799 2239/1318/799 2240/1305/799
f 2252/1313/800 2251/1311/800 2266/1320/800 2267/1321/800
f 2245/1314/801 2244/1312/801 2259/1322/801 2260/1323/801
f 2253/1315/802 2252/1313/802 2267/1321/802 2268/1324/802
f 2246/1316/803 2245/1314/803 2260/1323/803 2261/1325/803
f 2239/1318/804 2106/1326/804 2254/1327/804
f 2168/1328/805 2253/1315/805 2268/1324/805
f 2247/1303/806 2246/1316/806 2261/1325/806 2262/1329/806
f 2240/1305/807 2239/1318/807 2254/1327/807 2255/1330/807
f 2248/1304/808 2247/1303/808 2262/1329/808 2263/1331/808
f 2241/1306/809 2240/1305/809 2255/1330/809 2256/1332/809
f 2249/1307/810 2248/1304/810 2263/1331/810 2264/1333/810
f 2242/1308/811 2241/1306/811 2256/1332/811 2257/1334/811
f 2250/1309/812 2249/1307/812 2264/1333/812 2265/1335/812
f 2243/1310/813 2242/1308/813 2257/1334/813 2258/1336/813
f 2251/1311/814 2250/1309/814 2265/1335/814 2266/1320/814
f 2244/1312/815 2243/1310/815 2258/1336/815 2259/1322/815
f 2256/1332/816 2255/1330/816 2270/1337/816 2271/1338/816
f 2264/1333/817 2263/1331/817 2278/1339/817 2279/1340/817
f 2257/1334/818 2256/1332/818 2271/1338/818 2272/1341/818
f 2265/1335/819 2264/1333/819 2279/1340/819 2280/1342/819
f 2258/1336/820 2257/1334/820 2272/1341/820 2273/1343/820
f 2266/1320/821 2265/1335/821 2280/1342/821 2281/1344/821
f 2259/1322/822 2258/1336/822 2273/1343/822 2274/1345/822
f 2267/1321/823 2266/1320/823 2281/1344/823 2282/1346/823
f 2260/1323/824 2259/1322/824 2274/1345/824 2275/1347/824
f 2268/1324/825 2267/1321/825 2282/1346/825 2283/1348/825
f 2261/1325/826 2260/1323/826 2275/1347/826 2276/1349/826
f 2254/1327/827 2106/1350/827 2269/1351/827
f 2168/1352/828 2268/1324/828 2283/1348/828
f 2262/1329/829 2261/1325/829 2276/1349/829 2277/1353/829
f 2255/1330/830 2254/1327/830 2269/1351/830 2270/1337/830
f 2263/1331/831 2262/1329/831 2277/1353/831 2278/1339/831
f 2275/1347/832 2274/1345/832 2289/1354/832 2290/1355/832
f 2283/1348/833 2282/1346/833 2297/1356/833 2298/1357/833
f 2276/1349/834 2275/1347/834 2290/1355/834 2291/1358/834
f 2269/1351/835 2106/1359/835 2284/1360/835
f 2168/1361/836 2283/1348/836 2298/1357/836
f 2277/1353/837 2276/1349/837 2291/1358/837 2292/1362/837
f 2270/1337/838 2269/1351/838 2284/1360/838 2285/1363/838
f 2278/1339/839 2277/1353/839 2292/1362/839 2293/1364/839
f 2271/1338/840 2270/1337/840 2285/1363/840 2286/1365/840
f 2279/1340/841 2278/1339/841 2293/1364/841 2294/1366/841
f 2272/1341/842 2271/1338/842 2286/1365/842 2287/1367/842
f 2280/1342/843 2279/1340/843 2294/1366/843 2295/1368/843
f 2273/1343/844 2272/1341/844 2287/1367/844 2288/1369/844
f 2281/1344/845 2280/1342/845 2295/1368/845 2296/1370/845
f 2274/1345/846 2273/1343/846 2288/1369/846 2289/1354/846
f 2282/1346/847 2281/1344/847 2296/1370/847 2297/1356/847
f 2294/1366/848 2293/1364/848 2308/1371/848 2309/1372/848
f 2287/1367/849 2286/1365/849 2301/1373/849 2302/1374/849
f 2295/1368/850 2294/1366/850 2309/1372/850 2310/1375/850
f 2288/1369/851 2287/1367/851 2302/1374/851 2303/1376/851
f 2296/1370/852 2295/1368/852 2310/1375/852 2311/1377/852
f 2289/1354/853 2288/1369/853 2303/1376/853 2304/1378/853
f 2297/1356/854 2296/1370/854 2311/1377/854 2312/1379/854
f 2290/1355/855 2289/1354/855 2304/1378/855 2305/1380/855
f 2298/1357/856 2297/1356/856 2312/1379/856 2313/1381/856
f 2291/1358/857 2290/1355/857 2305/1380/857 2306/1382/857
f 2284/1360/858 2106/1383/858 2299/1384/858
f 2168/1385/859 2298/1357/859 2313/1381/859
f 2292/1362/860 2291/1358/860 2306/1382/860 2307/1386/860
f 2285/1363/861 2284/1360/861 2299/1384/861 2300/1387/861
f 2293/1364/862 2292/1362/862 2307/1386/862 2308/1371/862
f 2286/1365/863 2285/1363/863 2300/1387/863 2301/1373/863
f 2313/1381/864 2312/1379/864 2321/1038/864 2322/1037/864
f 2306/1382/865 2305/1380/865 2027/1033/865 2028/1041/865
f 2299/1384/866 2106/1388/866 2314/1043/866
f 2168/1389/867 2313/1381/867 2322/1037/867
f 2307/1386/868 2306/1382/868 2028/1041/868 2029/1047/868
f 2300/1387/869 2299/1384/869 2314/1043/869 2315/1049/869
f 2308/1371/870 2307/1386/870 2029/1047/870 2318/1051/870
f 2301/1373/871 2300/1387/871 2315/1049/871 2025/1053/871
f 2309/1372/872 2308/1371/872 2318/1051/872 2030/1055/872
f 2302/1374/873 2301/1373/873 2025/1053/873 2316/1057/873
f 2310/1375/874 2309/1372/874 2030/1055/874 2319/1059/874
f 2303/1376/875 2302/1374/875 2316/1057/875 2026/1061/875
f 2311/1377/876 2310/1375/876 2319/1059/876 2320/1063/876
f 2304/1378/877 2303/1376/877 2026/1061/877 2317/1034/877
f 2312/1379/878 2311/1377/878 2320/1063/878 2321/1038/878
f 2305/1380/879 2304/1378/879 2317/1034/879 2027/1033/879
l 2106 2153
